fffffc25
fffffd13
fffffe84
ffffffcb
ffffffcb
00000087
0000012b
0000021d
000002a1
000002ab
000002c7
0000028f
0000028f
0000028f
0000028f
000001d3
000000f5
000000a5
00000031
00000133
000001c1
00000205
00000241
00000229
00000181
000000d1
000000dd
0000024d
00000565
00000727
0000081f
000004bd
ffffffb1
fffffc0f
fffffc3b
fffffe13
00000133
00000067
ffffffb9
ffffff61
fffffdbd
fffffcb7
fffffd6f
fffffe5d
ffffff9f
000000dd
00000139
0000026f
000002c1
0000024b
000002c7
0000028f
000001d3
000000f5
ffffffe9
ffffff53
ffffff6b
ffffffcb
ffffffcb
ffffffcb
ffffffcb
ffffffcb
000003a3
0000045c
fffffa18
fffffbb9
fffffe22
ffffff8e
ffffff8e
ffffff68
00000006
0000012a
0000019e
000001ee
00000236
00000224
00000224
00000224
00000224
0000024a
000001be
00000004
ffffffb6
00000096
00000106
0000012c
00000138
00000202
0000022e
00000100
ffffffce
ffffff68
ffffff94
00000012
0000016c
00000328
000001da
ffffff32
fffffe7e
fffffe36
ffffffac
000000c6
00000044
ffffff7a
00000004
fffffe8a
fffffec0
000001f0
000001d4
ffffffce
00000038
0000018e
000001b2
00000188
00000236
00000224
0000024a
000001be
0000002a
ffffff2a
ffffff28
ffffff8e
ffffff8e
ffffff8e
ffffff8e
ffffff8e
ffffffbf
0000032d
000000d6
00000041
0000004f
000001e3
000001e3
00000267
000002cd
00000241
000001df
000001e7
0000017b
0000019f
0000019f
0000019f
0000019f
0000011b
00000071
00000169
00000273
000001f3
000001e9
00000227
000001df
000001a7
000000a9
000000ff
00000253
00000345
00000271
000001ed
ffffffd3
00000107
0000024d
000003a3
0000065f
000006ef
0000071d
0000079d
0000068b
0000074f
00000863
00000679
000003e3
00000265
0000015f
00000253
000002a3
000001a5
000001a1
000001e7
0000017b
0000019f
0000011b
00000071
000000e5
000001c9
000001e3
000001e3
000001e3
000001e3
000001e3
000001e3
fffffe84
0000001a
fffffd61
fffffd87
fffffeaa
00000067
00000067
000000dd
00000125
0000012f
000000db
00000089
00000051
fffffff5
fffffff5
fffffff5
fffffff5
ffffff7f
ffffff05
ffffff7f
00000007
000000a9
000000a1
00000085
000000ab
00000045
ffffff85
ffffff41
fffffff5
0000011d
00000265
0000018b
0000007f
ffffff2b
fffffd69
fffffd13
fffffbad
fffffc05
fffffd2d
fffffcd9
fffffd55
ffffff11
ffffffb5
ffffffe9
ffffffc3
ffffffb7
ffffff2d
fffffff5
000000a1
0000010f
0000008d
00000059
00000051
fffffff5
ffffff7f
ffffff05
ffffff09
ffffff8d
00000037
00000067
00000067
00000067
00000067
00000067
000002b0
000002df
fffffda7
fffffd63
ffffff79
000000b8
000000b8
000000e4
00000148
0000016a
0000014e
00000122
0000010c
000000b6
000000b6
000000b6
000000b6
0000008a
ffffffee
ffffffc6
0000009c
00000108
000000e2
000000e2
0000011e
0000012e
000000ae
ffffffae
00000022
0000016e
0000036e
00000218
0000009c
fffffe7e
fffffbde
fffffa26
fffff8ee
fffffa88
fffffd10
fffffd62
fffffe96
00000064
0000006a
00000028
00000048
fffffff8
ffffff66
00000022
000000f6
00000140
0000011c
000000f2
0000010c
000000b6
0000008a
ffffffee
ffffff9a
00000000
00000088
000000b8
000000b8
000000b8
000000b8
000000b8
00000210
0000023b
fffffe84
ffffff4a
fffffed3
0000011b
0000011b
00000095
000000d3
00000085
000000d3
000000b9
000000d7
000000b9
000000b9
000000b9
000000b9
0000013f
0000013b
000000bb
000000f1
00000071
00000127
00000075
000000b5
00000105
00000167
00000109
0000007b
00000001
00000101
000002c3
00000601
000007a7
000008b5
000007b3
0000045b
000000e7
fffffffd
0000000f
00000091
ffffff89
fffffdfb
fffffdf7
ffffff79
ffffffbd
0000004b
0000007b
0000007d
000000bb
000000e1
0000009b
000000d7
000000b9
0000013f
0000013b
00000141
000000ed
000000fd
0000011b
0000011b
0000011b
0000011b
0000011b
00000178
000001cb
fffff8e2
fffff7b3
fffffc65
0000000c
0000000c
ffffff8e
00000030
000000bc
00000116
00000100
00000194
00000150
00000150
00000150
00000150
000001ce
0000013c
0000000c
0000007c
00000044
000000d0
00000096
0000011a
0000016e
00000196
00000078
00000034
0000006a
00000146
000002c0
00000472
000004f2
00000378
00000048
fffffa9c
fffff8b4
fffffa88
fffffbfe
fffffd76
ffffff3a
fffffcee
fffffcb4
fffffd94
fffffdf8
fffffe10
00000034
00000046
00000110
00000134
00000104
00000194
00000150
000001ce
0000013c
0000008a
ffffffea
00000010
0000000c
0000000c
0000000c
0000000c
0000000c
00000363
0000062d
000000a8
000000b8
000000ce
00000028
00000028
ffffffe8
ffffffcc
ffffffbc
ffffffd8
0000004e
0000004a
00000050
00000050
00000050
00000050
00000090
000000ca
00000096
00000058
ffffffe4
00000010
0000001e
ffffffe0
00000070
000000aa
000000c2
0000002c
ffffff8a
ffffff80
ffffff78
ffffff32
fffffd5c
fffffaa4
fffff7b4
fffff666
fffff724
fffffa62
fffffbe2
fffffd72
ffffff7a
000000aa
fffffff0
ffffff72
000000bc
00000124
0000002c
ffffffc0
00000006
00000034
00000056
0000004a
00000050
00000090
000000ca
000000d6
00000092
00000030
00000028
00000028
00000028
00000028
00000028
00000077
00000014
fffffc0c
fffffc48
fffffd55
fffffe2c
fffffe2c
fffffed8
fffffed0
ffffff08
ffffff2a
fffffece
fffffef0
fffffec2
fffffec2
fffffec2
fffffec2
fffffe16
fffffdc0
fffffe80
fffffe34
fffffebe
fffffec6
fffffec0
ffffff24
fffffe80
fffffe00
fffffe08
fffffec8
ffffffba
00000182
00000276
0000034e
0000022c
00000050
0000009c
000000d2
00000062
0000030e
00000112
fffffeee
ffffff90
ffffffa6
fffffea0
fffffe36
fffffe42
fffffe68
fffffec8
fffffea2
ffffff04
ffffff10
fffffec8
fffffef0
fffffec2
fffffe16
fffffdc0
fffffdd4
fffffdde
fffffe26
fffffe2c
fffffe2c
fffffe2c
fffffe2c
fffffe2c
000004d2
00000460
000000e2
ffffff90
fffffff2
ffffffa9
ffffffa9
ffffff71
ffffff4b
ffffff6b
ffffff73
ffffffbd
ffffffa5
ffffffb5
ffffffb5
ffffffb5
ffffffb5
ffffffed
0000002f
ffffffd1
ffffff87
ffffffab
ffffff8b
ffffff77
ffffff87
ffffffd9
00000009
0000000f
ffffff49
fffffee1
fffffeb7
fffffeb7
fffffdd1
ffffff85
000001d5
000002b5
0000039b
0000041b
000002db
0000026d
000001ab
0000000d
ffffffd1
000000d1
00000053
ffffff6b
ffffff97
ffffff49
ffffff73
ffffffc7
ffffff6f
ffffffd1
ffffffa5
ffffffb5
ffffffed
0000002f
00000009
ffffffc9
ffffffbd
ffffffa9
ffffffa9
ffffffa9
ffffffa9
ffffffa9
fffffd49
fffffce9
0000045c
00000474
000001de
fffffff4
fffffff4
ffffffa8
ffffffda
ffffff9c
ffffffa2
00000034
0000003e
000000b4
000000b4
000000b4
000000b4
00000100
000000f8
000000be
00000114
00000014
ffffffd8
00000036
00000020
00000056
00000084
000000e2
000000c8
00000000
fffffdb0
fffffd38
fffffdae
fffffdd6
fffffd6c
ffffff24
00000058
000000d8
0000007c
000000e4
00000106
000002b6
00000624
0000058c
00000516
0000050c
000002fe
000000c8
000000c2
ffffff98
ffffffc6
000000b2
0000003e
000000b4
00000100
000000f8
0000010a
0000010c
00000072
fffffff4
fffffff4
fffffff4
fffffff4
fffffff4
fffffe6b
fffffd4a
fffffe35
fffffea0
ffffff2b
fffffff4
fffffff4
ffffffe2
ffffffcc
00000036
ffffffbe
0000004e
00000012
0000000a
0000000a
0000000a
0000000a
0000001c
fffffff8
ffffffb8
00000030
fffffff4
ffffff8a
0000006a
ffffffa2
0000009a
fffffffe
ffffffb2
fffffff8
fffffff0
ffffff4c
ffffffa4
0000018a
000005fc
0000076c
0000071c
000005c6
000003f8
00000480
00000420
00000058
ffffff5a
0000001e
ffffff54
fffffdec
fffffe1e
fffffebc
fffffff8
ffffffa2
0000001c
fffffffa
00000032
00000012
0000000a
0000001c
fffffff8
ffffffca
0000000c
ffffffd8
fffffff4
fffffff4
fffffff4
fffffff4
fffffff4
ffffff46
00000137
00000279
000001f4
000000dc
ffffffe6
ffffffe6
fffffffc
00000006
00000068
00000100
000000bc
000000fc
00000122
00000122
00000122
00000122
0000010c
00000106
00000066
ffffffa0
00000084
000000bc
0000004a
000000d2
000000a2
00000130
000000d8
fffffffa
00000030
fffffeee
fffffeca
ffffff90
000001c6
00000330
000003b8
000002b6
00000236
0000012a
0000021a
000001d2
000003aa
00000484
0000037c
0000014e
00000166
000000f6
fffffffa
00000046
0000008a
000000bc
0000008e
000000fc
00000122
0000010c
00000106
00000050
ffffff9a
ffffffb8
ffffffe6
ffffffe6
ffffffe6
ffffffe6
ffffffe6
fffffbc5
fffffbf5
fffffbfd
fffffb25
fffffdca
0000008b
0000008b
00000005
0000000b
000000f7
000000ed
000000e3
00000137
000000bb
000000bb
000000bb
000000bb
00000141
00000155
ffffffc5
ffffffc7
000000b5
0000007b
000000a1
00000093
0000014f
000001d5
0000005d
ffffff6f
ffffff75
00000155
000003e9
00000647
0000084f
000005ad
00000097
fffffd41
fffffd15
fffffdf3
fffffe45
ffffff2f
fffffeb1
fffffd4d
fffffc81
fffffd31
ffffff2d
fffffefd
ffffff6f
ffffffc1
00000135
00000113
00000089
00000137
000000bb
00000141
00000155
0000004b
ffffffdb
00000031
0000008b
0000008b
0000008b
0000008b
0000008b
ffffffe9
0000032d
00000101
fffffd86
fffffd82
ffffffc1
ffffffc1
ffffffbd
000000ef
000000d5
0000017d
0000015d
00000151
00000131
00000131
00000131
00000131
00000135
00000003
ffffff69
0000006d
00000017
00000121
0000008b
00000141
00000161
000000d3
ffffffa3
ffffffc9
00000091
00000137
000000e1
0000014f
0000015f
000002e3
0000034d
000002b5
00000255
00000199
fffffddf
fffffe59
0000007b
000001a9
000000ed
000001a1
00000107
ffffff63
ffffffc9
000000ef
000000f7
00000153
00000121
00000151
00000131
00000135
00000003
ffffff6d
ffffff3b
ffffff85
ffffffc1
ffffffc1
ffffffc1
ffffffc1
ffffffc1
00000039
fffffeaf
00000655
00000538
00000167
000000f1
000000f1
000000f7
0000012b
00000073
00000107
00000165
000000ad
00000113
00000113
00000113
00000113
0000010d
00000105
0000016b
00000169
00000069
0000012f
00000111
000000d9
00000133
000000cb
00000133
0000011f
0000011b
00000109
0000018b
fffffe33
fffffc61
fffffe73
000000b9
00000481
00000613
00000631
0000082d
00000739
000005f3
000005ff
000004af
000003a5
00000223
00000061
0000011f
00000167
0000009b
0000013f
00000137
000000ad
00000113
0000010d
00000105
00000165
00000161
000000c3
000000f1
000000f1
000000f1
000000f1
000000f1
fffffdaa
fffffbcc
00000015
ffffff6e
00000039
ffffff60
ffffff60
fffffef2
ffffff00
ffffff32
fffffec2
ffffff30
fffffefa
ffffff14
ffffff14
ffffff14
ffffff14
ffffff82
ffffffa0
fffffee0
ffffff5e
ffffff72
fffffed2
ffffff20
fffffef0
ffffff72
ffffff7a
ffffff42
fffffeb2
fffffef4
fffffe58
fffffd90
fffffd94
ffffff7a
00000132
000000dc
00000106
000000a8
ffffffb4
00000054
00000200
000001a8
000000da
00000052
ffffff40
ffffff02
ffffff28
fffffeb2
ffffff64
ffffff4e
fffffe96
ffffff5e
fffffefa
ffffff14
ffffff82
ffffffa0
ffffff4e
ffffff7c
ffffff8e
ffffff60
ffffff60
ffffff60
ffffff60
ffffff60
fffffc6f
fffffc70
0000014b
0000029c
000002c7
00000261
00000261
000002c5
000002cd
0000031b
0000031f
00000303
000002f5
0000030b
0000030b
0000030b
0000030b
000002a7
00000265
000002a7
000002a1
00000309
000002b1
000002f7
00000341
000002d9
0000025d
0000025b
000002dd
000002d3
00000261
0000027b
000004e3
00000693
0000064f
0000051b
00000259
fffffffd
fffffe39
fffffdb3
00000061
0000036d
00000447
00000405
00000301
00000269
0000029f
000002dd
00000339
00000319
000002e5
00000325
000002f5
0000030b
000002a7
00000265
00000243
0000025f
00000283
00000261
00000261
00000261
00000261
00000261
00000234
00000257
000000e9
00000048
000000ad
0000014d
0000014d
0000003f
00000043
ffffffdb
fffffffb
00000009
ffffffe7
00000007
00000007
00000007
00000007
00000115
0000014f
00000073
0000014d
00000045
0000003d
ffffffdd
00000033
000000d9
00000127
00000083
0000000d
00000019
ffffff69
fffffe65
ffffff2d
ffffffeb
000000a9
00000009
ffffff81
ffffff73
fffffe89
fffffd9f
fffffcb9
fffffccb
fffffbe5
fffffc79
fffffdd5
ffffff2d
00000021
0000000d
00000097
0000000f
ffffffdd
00000041
ffffffe7
00000007
00000115
0000014f
00000181
00000187
00000185
0000014d
0000014d
0000014d
0000014d
0000014d
0000007a
000000a3
fffffd10
fffffdd0
fffffea5
ffffff11
ffffff11
fffffe99
fffffedf
fffffe8d
fffffe77
fffffe2b
fffffe5d
fffffe43
fffffe43
fffffe43
fffffe43
fffffebb
fffffec1
fffffe59
fffffee5
fffffe95
fffffec5
fffffe5b
fffffe83
fffffe57
fffffed1
fffffe97
fffffe83
fffffe99
fffffeb1
ffffff27
00000135
000001f9
000001dd
00000121
0000003d
ffffffd1
ffffffe5
ffffff03
fffffd95
fffffdeb
fffffdb7
fffffd2b
fffffde9
fffffe93
fffffe85
fffffe83
fffffecf
fffffe67
fffffe5f
fffffe37
fffffe5d
fffffe43
fffffebb
fffffec1
fffffed1
fffffeeb
ffffff1d
ffffff11
ffffff11
ffffff11
ffffff11
ffffff11
00000161
0000029d
fffffbf4
fffffc72
fffffe58
ffffff58
ffffff58
ffffffbc
ffffff84
ffffff7e
ffffff5a
ffffff4c
fffffeac
fffffe80
fffffe80
fffffe80
fffffe80
fffffe1c
fffffe20
fffffed6
fffffee6
ffffff42
ffffff0c
ffffff38
ffffff32
ffffff1c
fffffe34
fffffe36
fffffebe
ffffffea
000001fc
000002e6
00000296
fffffe60
fffffb02
fffff878
fffff54a
fffff558
fffff602
fffff670
fffff924
fffffa78
fffff9c0
fffffa6c
fffffd82
fffffd94
fffffdae
fffffebe
ffffff4a
ffffffaa
ffffff40
ffffff24
fffffeac
fffffe80
fffffe1c
fffffe20
fffffe72
fffffeea
ffffff30
ffffff58
ffffff58
ffffff58
ffffff58
ffffff58
000004b5
000003f0
ffffffe9
fffffff4
00000086
00000068
00000068
000000ba
000000c4
000000d4
00000162
000000e8
000000da
000000de
000000de
000000de
000000de
0000008c
0000006a
000000aa
00000032
00000096
0000010c
000000b2
0000012c
000000ae
00000080
00000066
00000096
000000de
0000010e
0000012a
000002c8
00000296
0000007e
fffffeb2
fffffc8e
fffffb44
fffffc76
fffffd20
fffffd90
fffffff4
00000206
0000009e
fffffff4
000000f8
0000012c
00000096
000000d0
000000f0
0000013c
000000b2
000000da
000000de
0000008c
0000006a
00000058
00000010
00000032
00000068
00000068
00000068
00000068
00000068
0000032b
000002a8
ffffff76
ffffff82
fffffe33
fffffe08
fffffe08
fffffdde
fffffe10
fffffe2a
fffffe14
fffffe70
fffffe70
fffffea0
fffffea0
fffffea0
fffffea0
fffffeca
fffffec6
fffffe42
fffffe58
fffffe58
fffffe28
fffffe56
fffffe34
fffffe6c
fffffea8
fffffeb0
fffffe2c
fffffe88
fffffe82
fffffea8
ffffffe2
ffffffc6
fffffe42
fffffd6c
fffffd72
fffffd14
fffffdf0
ffffff0c
fffffe80
fffffdb6
fffffe62
fffffd80
fffffd7a
fffffe68
fffffe9c
fffffe2c
fffffe7a
fffffe32
fffffe10
fffffe90
fffffe70
fffffea0
fffffeca
fffffec6
fffffe6c
fffffe54
fffffe28
fffffe08
fffffe08
fffffe08
fffffe08
fffffe08
fffffe89
fffffe74
00000282
000002d6
000001c6
0000010a
0000010a
00000138
000000e4
00000070
0000007e
000000c2
00000098
000000c8
000000c8
000000c8
000000c8
0000009a
000000d8
000001b6
00000156
000000ac
000000d8
000000d6
000000a2
000000aa
00000082
00000160
0000018c
000000b4
0000006c
00000058
00000118
000000de
ffffff88
fffffe4e
fffffcd8
fffffb9c
fffffa42
fffffa6c
fffffe5a
000001d4
00000288
000001aa
0000018a
0000013a
0000016e
0000018c
000000c8
00000082
000000b4
000000e6
00000098
000000c8
0000009a
000000d8
00000188
00000194
0000012e
0000010a
0000010a
0000010a
0000010a
0000010a
000001d1
0000016d
fffffbd3
fffffbc5
fffffd80
00000059
00000059
ffffff65
0000003d
00000031
000000b3
0000001f
000000f7
00000079
00000079
00000079
00000079
0000016d
000000f9
ffffff77
00000061
ffffffff
000000bb
ffffffb9
000000bf
000000af
000001ad
0000000d
ffffff85
ffffff5f
00000049
000002f9
00000585
0000062d
000004d1
0000015b
fffffdbd
fffffdf7
ffffffbd
ffffffb9
ffffffa1
fffffe8b
fffffdd1
fffffb6f
fffffc8b
fffffe07
fffffd5b
ffffff85
00000027
00000061
000000b9
0000002b
000000f7
00000079
0000016d
000000f9
0000006b
ffffffed
00000065
00000059
00000059
00000059
00000059
00000059
0000032d
00000527
00000200
00000209
00000121
00000038
00000038
ffffffca
ffffffc0
ffffffa4
ffffffae
ffffffe2
00000024
0000006e
0000006e
0000006e
0000006e
000000dc
000000fe
000000ac
000000e8
00000022
ffffffd0
00000002
00000022
00000038
0000009c
000000b2
000000aa
00000000
fffffe44
fffffe0a
ffffffba
00000044
000000b4
00000170
0000014a
0000024e
00000342
000002f0
0000020a
0000026e
00000196
0000009a
0000005c
ffffffb6
ffffffb8
000000aa
00000074
ffffff9c
ffffffc2
00000056
00000024
0000006e
000000dc
000000fe
0000011a
0000010a
000000ac
00000038
00000038
00000038
00000038
00000038
00000006
00000012
000003a8
000002a2
00000144
ffffffb4
ffffffb4
fffffffc
ffffffda
ffffffa2
ffffff82
ffffff42
ffffff38
ffffff56
ffffff56
ffffff56
ffffff56
ffffff0e
ffffff38
ffffffdc
ffffff8a
ffffff98
ffffffba
ffffffaa
ffffff7a
fffffef2
fffffeee
ffffffb8
0000001a
ffffffce
ffffffa0
ffffffca
fffffef4
fffffd4e
fffffe42
000000d6
000000aa
0000004e
ffffff20
ffffff26
00000108
000000da
00000094
00000136
00000136
00000022
ffffffda
0000001a
ffffffc0
ffffff66
ffffff6c
ffffff3a
ffffff38
ffffff56
ffffff0e
ffffff38
ffffff94
ffffffb4
ffffffac
ffffffb4
ffffffb4
ffffffb4
ffffffb4
ffffffb4
ffffff91
fffffd2d
fffffbe0
fffffcdd
fffffd6b
ffffff13
ffffff13
ffffff49
ffffffa1
ffffff3d
ffffff1d
fffffecf
fffffea3
fffffe59
fffffe59
fffffe59
fffffe59
fffffe23
fffffde5
fffffe37
fffffe9b
fffffed9
ffffff45
fffffedb
fffffec9
fffffe7f
fffffe5d
fffffe43
fffffe81
ffffff23
ffffffe7
00000051
0000000b
000000c1
000000c5
00000121
000001ff
0000013f
00000113
00000163
ffffff0f
fffffccb
fffffb5f
fffffb4f
fffffb1d
fffffb9f
fffffd33
fffffe81
fffffef5
ffffff03
ffffff05
fffffe7b
fffffea3
fffffe59
fffffe23
fffffde5
fffffe01
fffffe5d
fffffebf
ffffff13
ffffff13
ffffff13
ffffff13
ffffff13
ffffff54
000002c1
ffffff59
ffffffd8
ffffff9f
ffffff4e
ffffff4e
ffffffe8
ffffff7c
ffffff98
ffffff7c
ffffff44
ffffff0a
ffffff16
ffffff16
ffffff16
ffffff16
fffffe7c
fffffeb0
ffffffb4
fffffef6
ffffff64
ffffff6c
ffffff8e
ffffff62
fffffee2
fffffe56
ffffff3a
ffffffca
ffffffc8
ffffff88
ffffff3a
fffffd44
fffffd6c
fffffeb8
0000021e
000004d4
00000638
0000069c
00000582
000003ce
00000290
000001ae
0000011c
ffffffe4
fffffef6
ffffff68
ffffffca
ffffff46
ffffff9c
ffffff66
ffffff2a
ffffff0a
ffffff16
fffffe7c
fffffeb0
ffffff1a
ffffff2a
ffffff34
ffffff4e
ffffff4e
ffffff4e
ffffff4e
ffffff4e
0000007f
00000032
fffffcdf
fffffda5
00000024
00000060
00000060
000000d0
000000a6
0000014c
0000011a
000000aa
00000090
00000048
00000048
00000048
00000048
ffffffd8
ffffffbc
ffffffbe
ffffff78
000000d2
00000098
000000b4
000000ae
00000080
00000012
ffffffaa
ffffffe4
000000d2
000002e2
000002ee
000002e2
0000025a
00000252
0000016c
fffffefe
fffffd36
fffffdc2
fffffefc
ffffffd0
ffffff74
ffffffa6
000000de
00000100
0000002c
ffffffd0
ffffffe4
0000002e
00000134
000000ca
0000003e
00000090
00000048
ffffffd8
ffffffbc
ffffff4e
ffffff5c
fffffff4
00000060
00000060
00000060
00000060
00000060
0000023b
0000026a
00000076
0000005c
ffffff92
ffffffe0
ffffffe0
ffffff9e
ffffff9c
ffffff7e
ffffff36
fffffefa
fffffee0
fffffeae
fffffeae
fffffeae
fffffeae
fffffef0
ffffff1c
fffffeee
ffffff1c
ffffff36
ffffff84
ffffff3a
fffffee2
ffffff12
ffffff2e
ffffff28
ffffff02
fffffec6
ffffff62
fffffeba
fffffede
fffffeb4
ffffff5c
ffffff32
00000020
0000017a
0000030e
0000037e
000003fa
000003a0
00000334
000000c8
ffffff8c
fffffff4
ffffffec
ffffff02
fffffef2
ffffff5e
ffffff24
fffffea6
fffffee0
fffffeae
fffffef0
ffffff1c
ffffff30
ffffff48
ffffff8c
ffffffe0
ffffffe0
ffffffe0
ffffffe0
ffffffe0
ffffff5c
ffffff85
ffffffa4
fffffff4
fffffffc
ffffff75
ffffff75
ffffff83
ffffffad
ffffff65
ffffffaf
ffffff67
ffffff85
ffffff6d
ffffff6d
ffffff6d
ffffff6d
ffffff5f
ffffff45
ffffff89
ffffff71
ffffff4d
ffffffd1
ffffff47
ffffffaf
ffffff49
ffffff5f
ffffff75
ffffff83
ffffffd7
0000003f
ffffff57
fffffdd1
ffffff2f
ffffff45
00000045
00000115
ffffffab
fffffec1
ffffff61
fffffd07
fffffb7b
fffffd47
fffffec1
fffffe67
ffffff1f
ffffffc1
ffffff83
ffffff83
ffffff83
ffffffa9
ffffff67
ffffff85
ffffff6d
ffffff5f
ffffff45
ffffff7b
ffffff57
ffffff75
ffffff75
ffffff75
ffffff75
ffffff75
ffffff75
fffffe87
ffffff58
fffffe18
fffffe5d
fffffe6c
ffffff47
ffffff47
ffffff6f
ffffffb7
0000002f
0000005d
ffffffcd
ffffffd1
ffffff7b
ffffff7b
ffffff7b
ffffff7b
ffffff53
ffffff11
fffffed1
fffffeaf
ffffff87
fffffff3
ffffffa5
0000000d
ffffff9f
ffffff51
fffffecf
fffffeeb
ffffff7b
000000f3
00000125
00000165
000003c7
000003fb
000003af
0000040d
00000355
00000169
00000001
fffffe71
fffffdb3
fffffd77
fffffc73
fffffbcf
fffffd07
fffffe2b
fffffeeb
ffffff81
0000006d
00000029
ffffff7d
ffffffd1
ffffff7b
ffffff53
ffffff11
fffffea9
fffffe6d
fffffef7
ffffff47
ffffff47
ffffff47
ffffff47
ffffff47
0000008f
000001cd
ffffff1f
fffffeee
fffffed0
ffffff6a
ffffff6a
ffffff36
ffffff28
ffffff0e
ffffff54
fffffefa
ffffff5a
ffffff70
ffffff70
ffffff70
ffffff70
ffffffa4
fffffff8
ffffffe0
ffffff5e
ffffff32
ffffff8a
ffffff3e
ffffff6c
fffffee8
ffffff9a
fffffffa
ffffffd0
fffffe98
fffffdd2
fffffdbc
fffffe52
ffffff5c
00000084
0000000c
fffffdae
fffffd3a
fffffcba
fffffc94
fffffea6
ffffff26
ffffff6c
000000a8
00000044
ffffff52
ffffffac
ffffffd0
ffffff66
ffffff12
ffffff6e
ffffff12
ffffff5a
ffffff70
ffffffa4
fffffff8
00000014
ffffffb2
ffffff82
ffffff6a
ffffff6a
ffffff6a
ffffff6a
ffffff6a
ffffff60
ffffffe5
00000051
0000021a
ffffffbe
fffffe8c
fffffe8c
fffffecc
fffffeec
fffffe98
fffffe12
fffffe4e
fffffe00
fffffe48
fffffe48
fffffe48
fffffe48
fffffe08
fffffdd4
fffffe86
ffffff3e
fffffe98
fffffe28
fffffed8
fffffe50
fffffe22
fffffd82
fffffe2a
ffffff44
ffffff2e
fffffd8e
fffffd9a
fffffdde
fffffb36
fffff9f0
fffff900
fffffa8c
fffffbb0
fffffbda
fffffcc0
fffffdee
fffffd24
fffffcec
fffffdac
fffffde8
fffffe4c
fffffec2
ffffff44
ffffff48
fffffe18
fffffe0a
fffffe8c
fffffe00
fffffe48
fffffe08
fffffdd4
fffffe46
ffffff0a
fffffeca
fffffe8c
fffffe8c
fffffe8c
fffffe8c
fffffe8c
fffffeaa
0000002e
000003a2
000001f9
00000061
fffffffe
fffffffe
ffffff78
ffffff9a
ffffff62
ffffff86
ffffffd6
0000006a
000000be
000000be
000000be
000000be
00000144
00000162
00000100
00000148
0000001c
ffffffba
00000002
0000004e
0000001c
000000e2
00000110
0000010e
00000022
fffffdd0
fffffd42
fffffc70
fffffbca
fffffb9e
fffffd06
fffffeb2
fffffee2
fffffd68
fffffeb2
ffffffa2
00000016
0000022c
0000026c
00000316
000003d0
00000232
0000010e
000000c2
ffffff62
ffffffd2
0000009e
0000006a
000000be
00000144
00000162
00000186
00000166
000000c6
fffffffe
fffffffe
fffffffe
fffffffe
fffffffe
fffffc20
fffffba9
0000028d
0000015b
ffffff71
ffffff41
ffffff41
fffffe21
fffffd8f
fffffd89
fffffdb5
fffffe5b
fffffe35
fffffeb1
fffffeb1
fffffeb1
fffffeb1
ffffffd1
000000bd
ffffff8f
ffffff23
fffffe21
fffffe2f
fffffe65
fffffda7
ffffff21
fffffffb
00000017
fffffead
fffffd0b
fffffba7
fffffc31
fffffe8f
000001e9
0000026b
0000035f
0000068b
00000813
0000091f
00000893
000008dd
000008f1
000008fb
00000611
0000041b
000003eb
00000329
fffffead
fffffddd
fffffdc5
fffffe15
fffffe4d
fffffe35
fffffeb1
ffffffd1
000000bd
000000af
0000000f
ffffff33
ffffff41
ffffff41
ffffff41
ffffff41
ffffff41
fffffd48
fffffc45
0000014a
ffffffce
ffffff8c
fffffffc
fffffffc
ffffffc6
00000016
ffffff6a
00000000
00000006
0000004a
0000007a
0000007a
0000007a
0000007a
000000b0
00000096
000000b8
000000b2
ffffff98
0000006c
ffffffdc
0000002a
00000006
00000084
000000cc
000000a8
ffffff7a
fffffe96
fffffe5c
fffffe2a
00000174
0000051c
000006d0
000006b2
000004fc
000001a8
000000be
ffffff4c
fffffeb8
fffffee0
fffffffe
0000000e
00000016
00000092
000000a8
0000003a
ffffff76
00000042
00000030
0000004a
0000007a
000000b0
00000096
000000ee
00000098
00000026
fffffffc
fffffffc
fffffffc
fffffffc
fffffffc
fffffbd9
fffffcca
00000070
0000002c
00000003
000000b2
000000b2
000000c4
000000e8
00000142
0000016a
00000146
00000130
00000112
00000112
00000112
00000112
00000100
000000ac
0000005c
0000009c
000000fe
000000ea
00000100
00000142
00000164
00000102
0000003e
0000006a
0000010a
000001b2
00000190
000001c0
00000266
0000034a
00000368
00000374
00000262
0000020c
0000020e
0000025c
000002e4
0000032a
000001f2
0000013e
0000013a
000000bc
0000006a
000000f2
00000150
00000146
0000011e
00000130
00000112
00000100
000000ac
0000004a
00000048
0000008a
000000b2
000000b2
000000b2
000000b2
000000b2
ffffffe9
0000001c
000000ab
00000324
000001e9
00000207
00000207
00000245
000002cb
000002f7
0000039f
000002d3
0000030b
000002c7
000002c7
000002c7
000002c7
00000289
000001bf
000001bd
000001f7
00000259
0000031d
00000249
00000373
000002d9
0000025b
0000017b
000001fd
00000349
000004cf
000004b1
00000345
fffffef5
fffffa83
fffff9c5
fffffe95
000000d9
000001cf
00000095
00000037
000002df
00000277
0000014b
00000449
000003b9
000001eb
000001fd
00000299
00000329
00000335
000002a7
0000030b
000002c7
00000289
000001bf
0000017f
0000012d
000001db
00000207
00000207
00000207
00000207
00000207
00000179
00000263
000001cd
ffffff73
ffffff72
fffffff0
fffffff0
ffffffb6
000000e6
00000146
0000024e
00000298
000002a0
00000290
00000290
00000290
00000290
000002ca
000001be
00000034
000000a6
000000bc
000001ba
0000013a
00000204
000002ae
0000029a
000000f0
ffffffe2
000000e2
00000082
ffffff82
ffffffd2
000002fe
00000372
0000026c
ffffff98
ffffffb4
ffffff9c
ffffff90
0000009e
00000262
000003ca
0000039e
00000300
00000226
00000076
ffffffe2
00000144
000001d8
00000252
0000024e
000002a0
00000290
000002ca
000001be
0000006e
ffffff9a
ffffffa6
fffffff0
fffffff0
fffffff0
fffffff0
fffffff0
fffffce7
fffffcaa
fffffde9
fffffd89
ffffff2b
00000040
00000040
000000e2
000000fe
0000017a
0000016a
0000016a
00000162
00000144
00000144
00000144
00000144
000000a2
00000040
0000009a
00000052
00000104
00000106
00000150
00000144
0000010e
00000070
0000007e
000000e2
000000dc
0000010e
000001a6
00000376
00000622
00000722
0000063a
0000039e
000002a2
0000008c
ffffff5e
ffffff66
ffffff56
0000004a
0000007e
ffffff94
ffffff72
00000052
000000e2
000000d8
00000182
0000015e
00000144
00000162
00000144
000000a2
00000040
fffffff8
fffffff0
0000001a
00000040
00000040
00000040
00000040
00000040
ffffff49
0000001b
000003c2
0000038a
000002c5
000000a0
000000a0
ffffffa4
00000022
ffffff4e
ffffffbc
ffffffce
00000008
00000052
00000052
00000052
00000052
0000014e
0000013c
0000008c
0000016e
ffffffc6
0000004e
ffffff9c
0000002a
0000005e
0000010e
000000d2
0000006c
00000056
ffffff7e
ffffffda
00000062
ffffff20
fffffeb6
fffffee2
fffffe6a
fffffef2
ffffff80
ffffff72
ffffff58
00000018
00000088
000000d4
00000192
00000290
000001a6
0000006c
000000b4
ffffff64
ffffffc0
0000003c
00000008
00000052
0000014e
0000013c
00000188
0000015c
0000010e
000000a0
000000a0
000000a0
000000a0
000000a0
0000011f
00000033
ffffff1d
ffffff75
ffffff71
ffffffa2
ffffffa2
fffffecc
fffffebc
fffffe66
fffffec4
ffffff04
ffffff60
ffffffa0
ffffffa0
ffffffa0
ffffffa0
00000076
000000ea
00000028
ffffffda
fffffee4
ffffff6c
fffffee6
fffffef0
ffffff76
00000088
000000bc
ffffff96
fffffea8
fffffe1c
fffffdae
fffffb66
fffffa1c
fffffa4e
fffffab2
fffff8d0
fffff76a
fffff788
fffff87c
fffff83e
fffff886
fffff91e
fffffb1e
fffffd76
fffffecc
ffffff90
ffffff96
fffffee4
fffffea6
ffffff04
ffffff30
ffffff60
ffffffa0
00000076
000000ea
000000fe
0000004e
ffffffce
ffffffa2
ffffffa2
ffffffa2
ffffffa2
ffffffa2
000002a8
00000236
fffffc07
fffffc2a
ffffff4e
00000029
00000029
0000007b
00000099
000000dd
0000008b
000000b1
000000a5
00000075
00000075
00000075
00000075
00000023
ffffffdb
ffffffff
00000047
000000b1
00000047
000000ab
00000093
00000089
0000001f
ffffffe9
00000041
00000103
00000247
0000034d
00000471
000003dd
00000345
00000135
fffffeb7
fffffce5
fffffbb5
fffffb61
fffffd91
fffffd77
fffffe21
ffffff8f
00000113
000001c7
000000e9
00000041
0000008b
000000cf
00000089
000000b9
000000a5
00000075
00000023
ffffffdb
ffffffad
ffffffff
00000031
00000029
00000029
00000029
00000029
00000029
000001cb
00000300
ffffff84
00000160
0000019c
0000011c
0000011c
000000ee
000000f2
00000108
000000d8
00000126
000000c4
000000c4
000000c4
000000c4
000000c4
000000f2
00000108
0000009e
000000de
000000f4
000000ca
00000116
000000a2
0000013a
00000114
000000cc
00000078
000000b0
0000008c
00000026
ffffffae
0000001e
ffffff84
ffffff16
fffffe3a
fffffec0
ffffff88
000000c0
0000006c
fffffff0
ffffffb6
00000020
ffffffe4
00000012
00000096
00000078
000000e4
0000010c
000000e6
000000f0
000000c4
000000c4
000000f2
00000108
000000cc
000000f4
000000e6
0000011c
0000011c
0000011c
0000011c
0000011c
000000bd
000001a7
fffffdfd
fffffc85
fffffdcb
ffffff0e
ffffff0e
fffffecc
ffffff82
ffffffd8
00000058
00000048
00000060
00000046
00000046
00000046
00000046
00000088
ffffffc8
fffffefe
ffffff54
ffffff00
0000002e
ffffffb2
00000004
00000094
0000001e
ffffff5c
ffffff28
fffffed8
ffffff6e
ffffff02
00000120
00000416
000005b4
0000054e
00000172
0000011a
00000118
ffffff78
fffffef0
00000042
000000a0
00000094
ffffff7e
fffffd98
fffffd8a
ffffff28
ffffff34
00000032
0000004c
fffffff4
00000060
00000046
00000088
ffffffc8
ffffff40
fffffe94
fffffeba
ffffff0e
ffffff0e
ffffff0e
ffffff0e
ffffff0e
fffffe1b
fffffde5
ffffff62
fffffeb5
fffffe6c
fffffeac
fffffeac
fffffe88
fffffe88
fffffe88
fffffe9c
fffffeac
fffffe74
fffffe7a
fffffe7a
fffffe7a
fffffe7a
fffffe9e
fffffea6
fffffe62
fffffe6a
fffffe88
fffffe9c
fffffe6e
fffffe7c
fffffec8
fffffeb8
fffffe82
fffffe1c
fffffe30
fffffe4a
fffffdf0
ffffffd8
0000011c
00000100
00000176
0000015a
000000f0
0000002c
fffffdbe
fffffcf6
fffffdb4
fffffd4c
fffffde4
ffffff2e
ffffffa2
fffffef4
fffffe1c
fffffe76
fffffeae
fffffe7c
fffffe8c
fffffe74
fffffe7a
fffffe9e
fffffea6
fffffe86
fffffe72
fffffe8c
fffffeac
fffffeac
fffffeac
fffffeac
fffffeac
ffffff53
ffffffa4
00000271
0000020a
000001b5
000000cf
000000cf
000000f5
0000009b
000000a9
000000e1
00000081
000000c5
0000008b
0000008b
0000008b
0000008b
00000065
000000b1
000000f7
00000033
000000cb
000000ed
00000063
000000d7
00000069
000000cb
000000e3
0000008d
00000075
000000eb
00000065
fffffedd
fffffdaf
fffffbeb
fffffc7d
fffffdbf
ffffff9d
0000001b
fffffec9
fffffb4f
fffffb33
fffffce5
fffffe57
fffffe81
ffffff17
ffffffd1
0000008d
0000003d
000000e7
000000d5
00000077
000000c5
0000008b
00000065
000000b1
000000d1
0000007f
000000c5
000000cf
000000cf
000000cf
000000cf
000000cf
000001df
00000099
fffffc31
fffffd35
fffffdc8
ffffff22
ffffff22
00000084
000000b6
000000d8
000000e0
0000009c
0000005c
00000040
00000040
00000040
00000040
fffffede
fffffe48
ffffffba
ffffff1e
00000020
00000086
00000092
0000008c
ffffff9e
fffffe96
ffffff50
00000046
0000009e
0000012e
000001e8
0000007c
00000174
ffffff58
fffffde0
ffffffda
ffffff4e
fffffea0
000000d0
0000003a
00000082
000001fe
000000a6
ffffff00
ffffff68
00000068
00000046
0000003c
000000b0
000000b6
00000048
0000005c
00000040
fffffede
fffffe48
fffffe58
fffffe88
fffffece
ffffff22
ffffff22
ffffff22
ffffff22
ffffff22
ffffffe0
00000435
0000004e
00000089
00000042
0000004b
0000004b
000000a9
00000045
00000077
0000009f
00000077
00000077
0000009d
0000009d
0000009d
0000009d
0000003f
0000003f
000000c7
00000069
000000a1
00000045
00000073
000000c1
0000007d
00000021
00000043
000000c3
0000011b
000000a7
00000077
00000089
ffffff83
00000003
fffffff7
00000009
00000183
00000323
0000048d
000004a5
000003f9
000002ff
00000119
000000fd
0000006d
00000091
000000c3
00000083
00000073
00000075
00000099
00000077
0000009d
0000003f
0000003f
00000069
00000069
0000006d
0000004b
0000004b
0000004b
0000004b
0000004b
00000060
0000005e
0000035d
000001f7
00000021
ffffff22
ffffff22
ffffff30
ffffff5e
ffffffac
ffffffa2
ffffffc6
ffffffc4
ffffffa2
ffffffa2
ffffffa2
ffffffa2
ffffff94
ffffff6a
fffffefe
ffffff12
ffffff76
ffffff66
ffffffa6
ffffff6e
ffffffb4
ffffffb4
ffffff3c
ffffff08
fffffee6
ffffff52
fffffe86
fffffdec
fffffeca
ffffffee
00000144
0000018a
00000128
ffffff8c
fffffe90
fffffe02
ffffff08
00000108
000000c8
00000016
fffffffa
ffffffec
ffffff08
ffffff48
ffffffa4
ffffffbe
ffffff92
ffffffc4
ffffffa2
ffffff94
ffffff6a
fffffef0
fffffee8
fffffeee
ffffff22
ffffff22
ffffff22
ffffff22
ffffff22
fffffc5d
fffffb98
ffffffaf
0000011e
000000f9
000000b6
000000b6
000000dc
000000ea
00000116
000000ae
000000ce
00000094
00000050
00000050
00000050
00000050
0000002a
0000000e
ffffffdc
00000048
000000f4
00000074
000000cc
0000006e
000000b6
0000008c
fffffffa
fffffff6
000000fa
00000190
0000015a
ffffff9e
fffffd04
fffffb12
fffffb50
fffffd68
ffffffec
00000212
00000274
0000016e
00000086
fffffee4
fffffe7a
ffffff36
ffffff9c
ffffff76
fffffff6
00000092
000000de
000000a8
0000008e
00000094
00000050
0000002a
0000000e
ffffffb6
0000002c
00000076
000000b6
000000b6
000000b6
000000b6
000000b6
000000f2
0000010f
0000002f
ffffffd5
000000a0
0000016b
0000016b
000000bd
000000a3
00000085
00000057
00000061
0000008b
0000008b
0000008b
0000008b
0000008b
00000139
00000195
00000105
0000014d
000000c7
000000ad
0000009b
0000007f
000000cd
00000153
0000013d
000000e3
0000003b
ffffff7d
fffffffd
00000101
00000255
0000040d
0000056b
000004db
00000329
000001a7
000000b5
0000003b
00000039
fffffe15
fffffdf1
ffffffef
00000103
00000131
000000e3
000000b7
0000008d
0000006d
00000089
0000008b
0000008b
00000139
00000195
000001b3
000001a9
00000193
0000016b
0000016b
0000016b
0000016b
0000016b
00000198
00000186
000005a7
00000504
0000021a
0000004c
0000004c
ffffffd4
ffffff88
ffffff52
fffffee6
ffffff9c
ffffffb0
00000022
00000022
00000022
00000022
0000009a
0000011e
00000102
00000110
fffffffa
ffffff6e
00000018
ffffff68
ffffffdc
0000004e
0000012e
000000fa
ffffff8e
fffffe8e
fffffdd8
fffffd5c
fffffbbc
fffffb58
fffffcbc
fffffdc0
fffffe3e
fffffe22
ffffff6c
0000015e
0000027c
000004e6
000004c6
000004ce
00000426
0000020c
000000fa
0000002c
ffffff34
ffffff3a
0000001e
ffffffb0
00000022
0000009a
0000011e
0000017a
00000194
000000ce
0000004c
0000004c
0000004c
0000004c
0000004c
fffffd93
fffffb1b
fffffc4e
fffffcfc
fffffd65
ffffff28
ffffff28
ffffff9a
fffffffc
ffffff88
ffffffd0
ffffff58
ffffff46
ffffff32
ffffff32
ffffff32
ffffff32
fffffec0
fffffe4e
ffffff1c
ffffff60
ffffff12
ffffffb8
ffffff7a
ffffffa4
fffffef6
fffffe8a
fffffea8
ffffffb0
00000038
ffffffde
fffffffc
000001ea
00000200
00000264
0000029e
00000294
0000013a
0000013a
00000276
00000006
fffffde0
fffffd26
fffffc10
fffffb3c
fffffb8a
fffffd7a
ffffffb0
ffffffc4
ffffff3e
ffffffd6
ffffff2c
ffffff46
ffffff32
fffffec0
fffffe4e
fffffeaa
fffffeee
fffffefc
ffffff28
ffffff28
ffffff28
ffffff28
ffffff28
ffffff60
000002d7
0000037c
000002e6
000002bc
0000012f
0000012f
00000001
00000007
ffffff8b
ffffff2b
fffffeb7
fffffe79
fffffe65
fffffe65
fffffe65
fffffe65
ffffff93
ffffffd5
fffffedf
00000055
ffffff9f
ffffff7d
ffffff1d
ffffff01
ffffff9d
ffffffe5
fffffef9
ffffff03
ffffff69
fffffeff
fffffe61
fffffe55
fffffe0f
ffffffeb
0000005b
ffffff57
ffffffc9
00000087
ffffff37
ffffffeb
ffffffc1
fffffea3
ffffff41
0000002d
0000005b
fffffefd
ffffff03
ffffffbf
ffffff29
fffffed1
fffffe8d
fffffe79
fffffe65
ffffff93
ffffffd5
0000000d
00000097
00000105
0000012f
0000012f
0000012f
0000012f
0000012f
0000004d
fffffcf8
00000247
000001b6
00000171
000000a9
000000a9
0000004f
00000087
0000008f
000000c1
0000010b
000000f3
00000115
00000115
00000115
00000115
0000016f
00000151
000000cb
0000010f
00000087
000000bb
000000cb
000000cd
0000014b
00000139
000000f1
000000a9
000000a9
0000005d
00000061
fffffff9
ffffff61
ffffff19
fffffe57
fffffd89
fffffd67
fffffcdb
fffffdef
ffffff05
ffffff43
00000061
000001a9
000001a5
000001a1
000000e3
000000a9
000000d5
000000c5
000000db
00000117
000000f3
00000115
0000016f
00000151
00000125
000000f1
000000b5
000000a9
000000a9
000000a9
000000a9
000000a9
fffffe57
fffffdd6
fffffdf7
ffffffb1
fffffff9
ffffff0a
ffffff0a
0000003c
00000080
0000013a
000001a4
00000196
000001f6
000001f4
000001f4
000001f4
000001f4
000000c2
ffffffde
000000b6
0000001a
000000c6
000000ce
00000136
000001d4
00000104
00000020
0000003a
0000013a
00000120
000001ae
00000492
00000682
00000662
000004ce
00000472
000004b2
000003ca
0000045e
00000436
00000344
000000c0
ffffff48
00000008
00000040
ffffff70
00000086
0000013a
000000e4
0000015a
000001a2
000001c6
000001f6
000001f4
000000c2
ffffffde
ffffff84
ffffff36
ffffff3a
ffffff0a
ffffff0a
ffffff0a
ffffff0a
ffffff0a
000001ec
0000032b
00000517
000002b4
000000cd
ffffff81
ffffff81
ffffff01
ffffff23
fffffef1
fffffed9
ffffff43
ffffff15
ffffff4d
ffffff4d
ffffff4d
ffffff4d
ffffffcd
ffffffeb
ffffff9b
fffffff9
fffffed3
ffffff27
ffffff85
fffffedb
ffffff83
ffffff75
ffffffb9
ffffffbf
fffffeab
fffffda1
fffffde3
fffffc61
fffffc3f
fffffd73
fffffe27
fffffe5d
fffffe27
fffffc85
fffffcef
00000091
0000024b
000002f7
00000465
00000405
00000303
000001af
ffffffbf
ffffff4f
fffffeed
ffffff35
ffffff45
ffffff15
ffffff4d
ffffffcd
ffffffeb
0000001b
00000017
ffffff83
ffffff81
ffffff81
ffffff81
ffffff81
ffffff81
fffffc8e
fffffa15
ffffff5d
ffffff64
ffffff8c
00000034
00000034
00000160
00000192
00000220
00000270
0000029a
000002ce
000002c2
000002c2
000002c2
000002c2
00000196
000000c4
00000192
0000013a
000001e2
00000190
00000230
00000294
0000020e
00000140
00000110
000001fa
0000024e
000001ec
000001ec
000000b4
000000aa
fffffff4
fffffee4
fffffc72
fffff9cc
fffff9aa
fffffa3a
fffffade
fffffc5e
fffffd6e
ffffffd4
000000fe
0000006c
000000c0
000001fa
000001ea
0000021a
0000028c
000002be
000002ce
000002c2
00000196
000000c4
00000066
00000068
00000058
00000034
00000034
00000034
00000034
00000034
00000063
000000f5
fffffc32
fffffc61
fffffc80
fffffd01
fffffd01
fffffd15
fffffdbf
fffffe1b
fffffe2d
fffffddf
fffffe13
fffffdad
fffffdad
fffffdad
fffffdad
fffffd99
fffffcf1
fffffc43
fffffca7
fffffd8f
fffffdef
fffffd61
fffffde5
fffffdc9
fffffdbb
fffffcc7
fffffc6d
fffffd2f
ffffff05
000000e1
00000231
0000015d
ffffff09
fffffdf3
fffffd91
fffffea3
00000053
fffffddf
fffffd75
fffffd59
fffffbdb
fffffac9
fffffb43
fffffc0b
fffffc65
fffffc6d
fffffd51
fffffe35
fffffdd9
fffffd97
fffffe13
fffffdad
fffffd99
fffffcf1
fffffc2f
fffffbff
fffffcb9
fffffd01
fffffd01
fffffd01
fffffd01
fffffd01
fffffff8
00000091
0000010a
000000b4
000000fe
fffffec5
fffffec5
fffffe9d
fffffedf
fffffea1
fffffe7f
fffffe19
fffffe6b
fffffe09
fffffe09
fffffe09
fffffe09
fffffe31
fffffddd
fffffdc1
fffffeb7
fffffec5
fffffe65
fffffe0b
fffffeb3
fffffe53
fffffe83
fffffd9b
fffffe07
fffffee5
fffffed5
fffffeb5
fffffe77
fffffd5b
fffffc81
fffffcbb
fffffca9
fffffebb
fffffe39
fffffc49
fffffcd7
fffffe89
fffffde7
fffffecb
ffffff41
ffffff03
fffffd9d
fffffe07
fffffeb9
fffffe6b
fffffe4b
fffffe4d
fffffe6b
fffffe09
fffffe31
fffffddd
fffffde9
fffffe63
fffffef9
fffffec5
fffffec5
fffffec5
fffffec5
fffffec5
00000012
fffffee1
fffffef3
fffffda4
fffffe0d
fffffe74
fffffe74
fffffece
fffffe8a
fffffe76
fffffe2e
fffffe40
fffffe2a
fffffe2c
fffffe2c
fffffe2c
fffffe2c
fffffdd2
fffffdfe
fffffe88
fffffe42
fffffeb6
fffffe4a
fffffe58
fffffe46
fffffdfe
fffffdf8
fffffe74
fffffe74
fffffecc
fffffef0
fffffee0
ffffff4e
ffffff6a
0000000a
000002d2
0000022c
ffffff36
fffffd5e
fffffe9e
fffffefa
fffffec4
fffffd02
fffffd9a
fffffe66
fffffda4
fffffcee
fffffe74
fffffe70
fffffe62
fffffe0e
fffffe58
fffffe2a
fffffe2c
fffffdd2
fffffdfe
fffffe2e
fffffe6e
fffffe8c
fffffe74
fffffe74
fffffe74
fffffe74
fffffe74
fffffe92
fffffe8d
fffffc8b
fffffb22
fffffd14
ffffff11
ffffff11
ffffff6d
ffffff41
ffffffdb
ffffff63
ffffff45
ffffff3f
fffffee1
fffffee1
fffffee1
fffffee1
fffffe85
fffffe91
fffffe8d
fffffe3f
ffffff7d
ffffff27
ffffff65
ffffff13
ffffff09
fffffed5
fffffeb1
fffffea1
ffffff03
0000003d
ffffffc7
00000043
000001c7
0000029f
00000217
0000027d
0000013b
00000069
ffffff25
fffffdcd
fffffd23
fffffc9d
fffffc41
fffffd05
fffffcb1
fffffd61
fffffea1
fffffeaf
ffffffd5
ffffff4b
fffffef5
ffffff3f
fffffee1
fffffe85
fffffe91
fffffe31
fffffe4b
fffffec1
ffffff11
ffffff11
ffffff11
ffffff11
ffffff11
fffffe63
fffffe70
00000174
000000bc
0000003d
ffffff11
ffffff11
fffffe2d
fffffdf1
fffffdf1
fffffdf9
fffffe2d
fffffe61
fffffe95
fffffe95
fffffe95
fffffe95
ffffff79
0000002b
ffffff25
fffffecf
fffffe75
fffffe79
fffffe3b
fffffe1f
fffffe9b
ffffffa3
ffffffc7
fffffe81
fffffd8f
fffffdab
fffffe2b
ffffff61
00000113
00000111
ffffffab
fffffe1d
fffffda7
fffffd25
fffffcd9
fffffcb9
fffffe3d
fffffe09
fffffd27
fffffd19
fffffecb
ffffffd5
fffffe81
fffffe41
fffffe37
fffffe0f
fffffe53
fffffe61
fffffe95
ffffff79
0000002b
00000009
ffffff81
ffffff37
ffffff11
ffffff11
ffffff11
ffffff11
ffffff11
fffffdb9
fffffda4
fffffd03
fffffd93
fffffe31
ffffff33
ffffff33
ffffff8f
ffffffb3
0000000b
00000001
fffffff5
ffffffe1
ffffffa9
ffffffa9
ffffffa9
ffffffa9
ffffff4d
fffffeef
ffffff03
ffffff33
ffffffb1
ffffff85
ffffffd3
ffffffdb
ffffffd3
ffffff51
fffffecf
ffffff3f
00000015
00000143
000001a5
00000213
000001ed
00000113
0000018b
000000c1
00000027
00000009
0000004b
ffffffff
ffffffcf
00000009
00000033
00000055
ffffffd7
fffffee5
ffffff3f
ffffff97
00000003
00000001
ffffffcf
ffffffe1
ffffffa9
ffffff4d
fffffeef
fffffea7
fffffed5
ffffff0d
ffffff33
ffffff33
ffffff33
ffffff33
ffffff33
000001bb
000002e2
fffffc28
fffffb95
fffffbc5
fffffd00
fffffd00
fffffc0e
fffffc28
fffffb74
fffffbae
fffffbee
fffffbb4
fffffc0c
fffffc0c
fffffc0c
fffffc0c
fffffcfe
fffffd64
fffffcac
fffffd12
fffffbd8
fffffc4e
fffffbe8
fffffbb2
fffffc60
fffffd06
fffffd12
fffffc40
fffffbfa
fffffb68
fffffb4c
fffffcfe
fffffe6a
00000284
00000224
ffffff38
fffffda8
fffffc7c
fffffc2c
fffffc1a
fffffbd8
fffffcec
fffffd5c
fffffcd2
fffffd62
fffffcea
fffffc40
fffffc64
fffffb80
fffffbca
fffffbf2
fffffbb4
fffffc0c
fffffcfe
fffffd64
fffffd9e
fffffd78
fffffd04
fffffd00
fffffd00
fffffd00
fffffd00
fffffd00
fffffe83
fffffef6
00000063
000000a9
00000236
00000347
00000347
000002cd
000002e9
00000309
00000291
0000026f
00000247
000001e1
000001e1
000001e1
000001e1
0000025b
0000028f
000001c3
00000237
000002c7
000002bb
00000285
00000239
00000299
000002d7
0000023f
000001a5
00000225
0000028d
00000159
000000f3
00000171
0000019d
00000177
00000025
fffffebf
ffffff57
ffffffd3
ffffffa3
fffffee7
ffffff17
ffffffb3
000000cb
00000183
0000017d
000001a5
00000251
00000311
00000273
00000217
00000247
000001e1
0000025b
0000028f
0000023d
0000026b
000002ef
00000347
00000347
00000347
00000347
00000347
00000301
0000026a
000001e5
00000166
0000025e
0000018b
0000018b
00000081
0000004f
00000067
000000b5
000000c3
000000e5
00000147
00000147
00000147
00000147
00000251
000002c9
00000183
00000197
000000e9
000000cd
000000bf
000000e1
00000187
00000245
000001d7
00000107
0000007d
ffffff0f
fffffe0d
fffffcb5
fffffde7
ffffff57
fffffcb3
fffffbf7
fffffb73
fffffb1f
fffffda1
fffffeb9
fffffd8d
fffffe21
fffffeb9
fffffde9
fffffe5f
00000033
00000107
0000010b
0000008d
000000ab
000000ef
000000e5
00000147
00000251
000002c9
0000028d
0000020f
000001b7
0000018b
0000018b
0000018b
0000018b
0000018b
fffffd0a
fffffd75
00000039
00000045
0000000f
000000b5
000000b5
0000005b
00000089
0000008b
000000af
000000b3
000000ef
000000f7
000000f7
000000f7
000000f7
00000151
00000129
000000ad
0000011f
000000bb
00000099
0000008f
000000ed
00000107
0000013b
000000b9
000000b1
00000173
000002a7
000004e3
0000039f
fffffff3
fffffdad
fffffe29
fffffff3
0000013b
00000211
000003e3
0000028f
0000000f
ffffffcf
ffffffcf
000001c5
00000231
0000008b
000000b1
000000eb
00000095
000000ab
000000f1
000000ef
000000f7
00000151
00000129
00000107
000000f7
000000f3
000000b5
000000b5
000000b5
000000b5
000000b5
00000242
000001e8
00000112
00000169
00000162
000000a2
000000a2
00000104
000000ce
000000ac
0000011c
000000e6
0000012e
0000013c
0000013c
0000013c
0000013c
000000da
000000e4
000001aa
000000e8
000000be
00000124
000000de
0000013a
000000b0
000000c0
0000014e
00000198
000000fa
000000c6
0000012c
ffffff80
fffffe44
fffffdc8
fffffd48
fffffe3a
fffffffa
0000007e
00000276
00000174
000000a8
000000ae
00000098
0000006e
00000022
0000013e
00000198
000000c6
000000ca
00000140
00000104
0000012e
0000013c
000000da
000000e4
00000148
000000f2
000000c0
000000a2
000000a2
000000a2
000000a2
000000a2
000000c6
00000116
00000054
00000056
00000081
00000085
00000085
0000007f
00000005
000000c5
00000091
0000002f
00000049
ffffffcf
ffffffcf
ffffffcf
ffffffcf
ffffffd5
00000027
ffffffa9
ffffff2b
00000089
00000037
0000002b
00000023
0000005d
00000081
ffffffc7
ffffff53
ffffffeb
000001d3
00000199
fffffe27
fffffdab
fffffbc7
fffffad9
fffffc13
ffffff43
0000022b
0000035f
000002fd
000003af
0000045b
000001ff
000000a9
00000163
0000001f
ffffff53
ffffff4f
000000e9
00000071
ffffffc1
00000049
ffffffcf
ffffffd5
00000027
ffffffaf
ffffff7d
00000017
00000085
00000085
00000085
00000085
00000085
000000ca
000000b3
fffffee2
fffffef7
fffffd30
fffffc53
fffffc53
fffffc31
fffffbbf
fffffbdb
fffffba1
fffffb69
fffffb5d
fffffb6f
fffffb6f
fffffb6f
fffffb6f
fffffb91
fffffc0f
fffffc03
fffffbb3
fffffc01
fffffbb3
fffffbd3
fffffb87
fffffb7f
fffffbbf
fffffbff
fffffbef
fffffc05
fffffbad
fffffc6f
fffffb9f
fffff8c1
fffff945
fffffa11
fffffa99
fffffb27
fffffb39
fffffbb7
fffffb75
fffffad9
fffffa05
fffffb55
fffffc91
fffffcc1
fffffc8f
fffffbef
fffffbb1
fffffbaf
fffffb87
fffffb4f
fffffb5d
fffffb6f
fffffb91
fffffc0f
fffffc25
fffffc31
fffffc39
fffffc53
fffffc53
fffffc53
fffffc53
fffffc53
fffffef1
fffffd43
fffffd13
ffffff0c
ffffffd9
fffffeb5
fffffeb5
ffffff79
ffffff09
ffffff91
fffffeed
ffffff05
fffffedf
fffffeab
fffffeab
fffffeab
fffffeab
fffffde7
fffffdd3
fffffead
fffffe7b
ffffff53
fffffe8b
ffffff53
fffffedd
fffffec5
fffffded
fffffe35
ffffff0f
ffffffc7
0000018f
000002e7
00000435
0000036b
00000135
ffffffab
fffffc53
fffffa03
fffff913
fffff989
fffffced
ffffff75
00000097
ffffffe1
ffffff63
ffffffb7
ffffffd3
ffffff0f
fffffea3
ffffff5d
fffffee3
fffffef5
fffffedf
fffffeab
fffffde7
fffffdd3
fffffde9
fffffe67
fffffea5
fffffeb5
fffffeb5
fffffeb5
fffffeb5
fffffeb5
00000311
000002f8
00000016
00000451
00000371
000000d6
000000d6
00000066
000000d0
0000005c
ffffffe6
0000003c
00000070
00000086
00000086
00000086
00000086
000000f6
000000da
0000008e
0000019e
000000d4
0000004c
00000076
00000078
0000005e
000000c6
000000d0
000000e4
00000116
ffffffc2
ffffffa8
00000048
000000be
000000c4
fffffff6
ffffffb8
ffffff92
fffffdbc
fffffe3c
fffffe98
fffffd42
ffffff7c
ffffffde
ffffffde
000001ee
00000210
000000e4
00000160
00000020
ffffffea
000000ce
00000070
00000086
000000f6
000000da
000000fe
00000182
00000168
000000d6
000000d6
000000d6
000000d6
000000d6
000000be
00000158
0000004d
00000104
00000125
00000051
00000051
00000073
00000055
00000063
0000002f
00000069
0000006b
0000006b
0000006b
0000006b
0000006b
00000049
00000057
00000087
0000007d
0000006b
0000002f
00000097
00000035
00000057
0000004b
00000079
000000a7
00000043
00000049
000000dd
ffffffe3
fffffed1
fffffdf9
fffffd85
ffffff95
00000209
000003c5
00000477
00000413
00000249
000001b5
ffffffc7
ffffffdb
00000063
00000125
000000a7
0000004b
00000041
00000063
0000006f
0000006b
0000006b
00000049
00000057
00000065
0000008b
00000057
00000051
00000051
00000051
00000051
00000051
0000000d
0000002d
fffffd12
fffffe2b
fffffdf4
fffffee8
fffffee8
fffffec2
ffffff6a
ffffff54
ffffff30
ffffff7c
ffffff5e
ffffff5c
ffffff5c
ffffff5c
ffffff5c
ffffff82
fffffef0
fffffe86
ffffff68
fffffeec
ffffff40
ffffff5c
ffffff16
ffffff8c
ffffff36
fffffeda
fffffef8
ffffff38
fffffefe
fffffeea
fffffe24
00000104
000002a8
00000364
000004de
0000054c
0000051a
00000344
fffffea0
fffffdb4
fffffe6a
fffffd88
fffffe26
fffffef0
ffffff0a
fffffef8
ffffff54
ffffff30
ffffff3a
ffffff62
ffffff5e
ffffff5c
ffffff82
fffffef0
fffffeac
fffffed6
fffffece
fffffee8
fffffee8
fffffee8
fffffee8
fffffee8
fffffedf
000001a2
00000198
00000245
00000198
0000003a
0000003a
00000008
ffffffb6
fffffffc
ffffffca
00000050
00000098
000000ac
000000ac
000000ac
000000ac
000000de
0000014e
000000d2
00000064
00000078
ffffffe6
00000070
fffffff0
00000064
00000120
00000138
00000082
ffffff98
fffffe6e
fffffd5e
fffffd82
fffffd40
fffffec4
ffffff52
ffffff48
ffffffce
ffffffea
ffffff32
fffffea2
fffffe08
ffffff0a
ffffffec
00000004
00000114
0000020a
00000082
fffffff2
fffffff6
0000002a
00000076
00000098
000000ac
000000de
0000014e
00000104
000000d4
00000060
0000003a
0000003a
0000003a
0000003a
0000003a
0000027e
000000a1
fffffeae
fffffd54
fffffe35
ffffff6e
ffffff6e
ffffff3c
ffffff3c
ffffff3a
ffffff76
ffffffa0
00000002
0000001c
0000001c
0000001c
0000001c
0000004e
00000050
0000003a
00000008
ffffff62
ffffff9e
ffffff94
ffffffb8
ffffffd0
0000001a
00000046
0000002c
ffffff4a
fffffdf6
fffffdaa
ffffff46
0000020c
0000060e
00000756
0000061e
000004d2
0000036e
0000020e
0000004c
ffffffa6
fffffed4
ffffff6a
ffffff06
fffffd72
fffffe4c
0000002c
ffffff72
ffffff62
ffffffb6
ffffffe2
00000002
0000001c
0000004e
00000050
0000006c
0000000a
ffffffb0
ffffff6e
ffffff6e
ffffff6e
ffffff6e
ffffff6e
fffffedb
ffffff51
fffffc45
fffffdb4
000000a3
fffffff9
fffffff9
0000008b
000000a9
00000191
0000022d
000002bb
0000032d
00000349
00000349
00000349
00000349
000002b7
0000023d
000001e9
00000135
000001b5
00000145
0000020f
00000271
00000285
0000027b
000001e7
000001b7
000001c3
000001a9
00000141
ffffff3b
ffffff13
ffffff4d
fffffdf5
fffffc77
fffffd5b
fffffcb3
0000007b
000002ed
000004b5
000003f1
000003f9
0000025d
00000053
fffffff9
000001b7
00000195
000001e3
0000028f
000002ff
0000032d
00000349
000002b7
0000023d
00000157
000000bb
0000003d
fffffff9
fffffff9
fffffff9
fffffff9
fffffff9
ffffff75
0000008c
ffffffe5
00000092
00000037
ffffff47
ffffff47
00000013
00000047
00000085
0000005d
00000071
00000045
00000063
00000063
00000063
00000063
ffffff97
ffffff19
ffffffe7
ffffffdb
00000021
00000005
0000008b
0000006d
ffffffef
ffffff05
ffffff8d
0000007f
0000013d
000000d9
ffffff9b
fffffe5d
fffffe6d
fffffecb
000000fb
000003bb
00000417
0000038f
00000353
0000024f
00000125
000000a1
00000093
ffffffc5
ffffffa1
ffffffff
0000007f
00000083
00000061
00000045
00000081
00000045
00000063
ffffff97
ffffff19
ffffff1b
ffffff5d
ffffff57
ffffff47
ffffff47
ffffff47
ffffff47
ffffff47
ffffffbf
ffffffd5
0000033a
000002b0
000001a1
0000009f
0000009f
000000bb
00000045
00000017
ffffffbd
0000000f
ffffffa7
ffffffe1
ffffffe1
ffffffe1
ffffffe1
ffffffc5
0000002b
0000009b
0000007b
0000006d
ffffffe3
00000053
ffffffc3
00000003
ffffffdb
0000006d
00000079
0000006f
fffffe95
fffffc9b
fffffb6f
fffffb43
fffffcb7
fffffd6f
fffffe59
fffffeed
fffffe99
fffffe1b
fffffe69
fffffecb
00000003
00000107
0000013b
00000121
000000eb
00000079
0000004f
ffffffe9
ffffffbf
00000015
ffffffa7
ffffffe1
ffffffc5
0000002b
0000007f
000000e1
000000a5
0000009f
0000009f
0000009f
0000009f
0000009f
fffffdae
fffffc5d
00000029
000000a7
ffffffc7
ffffff0d
ffffff0d
ffffff15
ffffffaf
ffffff7d
ffffff21
ffffff57
ffffff49
ffffff45
ffffff45
ffffff45
ffffff45
ffffff3d
fffffe9f
fffffe9b
ffffffbd
ffffff47
ffffff23
ffffff69
ffffff47
ffffff53
fffffee5
fffffea9
ffffff4b
ffffffdb
ffffffb5
0000001d
00000017
000001a1
00000389
00000551
000005ff
000004db
00000257
ffffff95
fffffd97
fffffebb
fffffe73
ffffff11
00000063
ffffff0d
fffffe7f
ffffff4b
ffffffcb
ffffff29
ffffff11
ffffff7d
ffffff49
ffffff45
ffffff3d
fffffe9f
fffffe93
ffffff1f
ffffff33
ffffff0d
ffffff0d
ffffff0d
ffffff0d
ffffff0d
fffffe6b
ffffff31
ffffff16
ffffff23
fffffece
fffffec3
fffffec3
ffffff11
fffffef5
ffffff01
fffffeed
fffffed3
fffffed7
fffffed7
fffffed7
fffffed7
fffffed7
fffffe89
fffffe93
fffffeef
fffffeab
ffffff0b
fffffee1
fffffeeb
fffffef5
fffffe97
fffffe8b
fffffed5
fffffefd
ffffff4f
ffffff93
ffffff7b
fffffecb
fffffd9b
fffffc9d
fffffcff
ffffff2f
000000eb
000001cd
000001dd
0000011b
00000027
ffffffd3
ffffff6f
ffffff1b
ffffff7d
ffffff4f
fffffefd
fffffef7
fffffef1
fffffed7
fffffedb
fffffed7
fffffed7
fffffe89
fffffe93
fffffea1
fffffeb5
fffffecb
fffffec3
fffffec3
fffffec3
fffffec3
fffffec3
ffffff63
ffffff1f
fffffefd
00000050
0000001a
ffffff23
ffffff23
ffffffff
00000091
00000093
0000009b
00000051
ffffffff
ffffffed
ffffffed
ffffffed
ffffffed
ffffff11
fffffe31
ffffff29
ffffff85
ffffffa9
00000039
0000004f
00000061
ffffffc3
fffffe73
fffffeab
00000007
00000143
00000293
000001ed
0000003f
fffffd6d
fffffcaf
fffffcff
fffffd73
fffffe09
fffffbcb
fffffbc5
fffffd87
fffffc6b
fffffdb3
ffffffad
ffffff73
fffffde3
fffffde9
00000007
00000059
00000065
00000069
00000017
ffffffff
ffffffed
ffffff11
fffffe31
fffffe4d
fffffea5
fffffee9
ffffff23
ffffff23
ffffff23
ffffff23
ffffff23
00000053
00000022
ffffffdd
00000032
ffffff42
ffffff40
ffffff40
ffffff76
ffffff16
ffffff44
ffffff34
ffffff58
ffffff4c
ffffff72
ffffff72
ffffff72
ffffff72
ffffff3c
ffffff86
ffffffcc
ffffff46
ffffff74
ffffff1c
ffffff86
ffffff42
ffffff38
ffffff38
ffffffa4
ffffffb0
ffffff72
ffffff64
ffffffd0
ffffffe8
ffffffae
0000001a
ffffffc6
000001a6
000001b0
00000106
00000120
000001aa
00000252
00000412
0000016a
ffffffb8
00000024
0000009c
ffffffb0
ffffff4c
ffffff3e
ffffff50
ffffff66
ffffff4c
ffffff72
ffffff3c
ffffff86
ffffff96
ffffff90
ffffff4e
ffffff40
ffffff40
ffffff40
ffffff40
ffffff40
ffffff09
ffffff43
ffffffb7
ffffff51
ffffff45
ffffffcc
ffffffcc
fffffee0
fffffeb4
fffffe38
fffffe8c
ffffff1a
ffffff74
ffffffd4
ffffffd4
ffffffd4
ffffffd4
000000c0
00000166
000000b2
00000070
ffffff22
ffffff3c
ffffff08
ffffff06
ffffff8c
000000d0
0000012a
fffffffa
fffffeb8
fffffe04
ffffff9c
0000024a
00000334
0000051a
00000500
00000328
000001cc
00000132
00000266
0000035c
000002fa
00000104
00000112
00000214
000002a6
000001ea
fffffffa
ffffff58
fffffe80
fffffefc
ffffff94
ffffff74
ffffffd4
000000c0
00000166
0000019e
00000116
00000046
ffffffcc
ffffffcc
ffffffcc
ffffffcc
ffffffcc
fffffef1
ffffff60
00000431
0000016a
ffffffe6
ffffffc1
ffffffc1
ffffff7d
ffffff91
ffffffb5
ffffffe1
0000006b
00000047
0000007b
0000007b
0000007b
0000007b
000000bf
000000f7
0000004b
ffffffeb
ffffffc5
fffffffd
00000037
ffffffc1
00000063
000000bb
000000cf
ffffffdf
ffffff1d
fffffea1
fffffdb7
fffffbc9
fffffd4b
00000021
000001d5
0000030f
000002a1
00000157
0000029d
00000489
0000065f
0000066f
00000405
00000175
ffffffa9
ffffff67
ffffffdf
ffffffd5
fffffff1
0000002f
0000004b
00000047
0000007b
000000bf
000000f7
0000008f
00000023
ffffffa1
ffffffc1
ffffffc1
ffffffc1
ffffffc1
ffffffc1
fffffc8a
fffffad7
fffffb65
fffffae8
fffffcfa
fffffef5
fffffef5
ffffffbd
ffffff89
000000ab
0000007b
00000055
00000109
0000009f
0000009f
0000009f
0000009f
ffffffd7
ffffff6d
ffffffb1
ffffff19
0000005d
ffffffc3
00000049
00000097
0000002b
ffffffd7
ffffff7d
0000000f
ffffff9b
fffffef3
fffffd89
fffffc8b
fffffe39
00000005
ffffff4b
ffffff95
00000033
ffffff2b
fffffef5
00000173
0000032d
000002d1
0000028b
000001c9
ffffffcf
ffffff9d
0000000f
ffffff55
000000b7
00000083
00000071
00000109
0000009f
ffffffd7
ffffff6d
fffffee9
fffffeaf
ffffff11
fffffef5
fffffef5
fffffef5
fffffef5
fffffef5
fffffbf3
fffffda4
fffffc37
ffffff18
00000060
ffffff14
ffffff14
ffffff14
fffffec4
fffffe52
fffffe72
fffffe8e
fffffec6
ffffff3a
ffffff3a
ffffff3a
ffffff3a
ffffff3a
ffffffac
00000024
ffffff94
ffffff42
fffffee2
fffffe9e
ffffff18
fffffe6c
ffffff10
0000001c
ffffffc2
0000004a
ffffff68
00000096
000003d8
000002c2
0000003a
fffffd72
fffff9d4
fffff996
fffffa8a
fffffc14
fffffb6c
fffffbda
fffffbde
fffffb6e
fffffc00
fffffe0c
ffffffb6
ffffffc2
ffffff90
fffffe6a
fffffe4a
ffffff34
fffffec6
ffffff3a
ffffff3a
ffffffac
00000024
00000006
ffffffba
ffffff14
ffffff14
ffffff14
ffffff14
ffffff14
00000466
00000554
ffffffa5
000002bf
00000241
000000b4
000000b4
000000b8
00000088
00000044
ffffffa2
ffffffd2
ffffffbc
ffffffb2
ffffffb2
ffffffb2
ffffffb2
ffffffae
fffffff0
0000002a
0000007c
0000009e
fffffff0
00000032
ffffffbe
ffffffbc
fffffff6
00000042
00000048
000000ba
00000086
ffffff62
fffffe3c
fffffcc0
fffffa1a
fffff8d6
fffffb1e
fffffc1e
fffffde4
0000014c
00000080
ffffff66
000000c8
00000026
ffffff34
00000040
000000a0
00000048
0000005e
ffffffe8
ffffff9a
ffffffee
ffffffbc
ffffffb2
ffffffae
fffffff0
00000026
000000be
000000d0
000000b4
000000b4
000000b4
000000b4
000000b4
00000106
0000021f
0000009e
0000005e
0000003d
0000004c
0000004c
000000e4
000000d4
000000c2
00000082
000000f0
00000074
0000007e
0000007e
0000007e
0000007e
ffffffe6
ffffff94
00000082
000000ae
00000074
00000062
000000ec
00000068
000000ba
ffffffa8
0000000c
000000d0
000000f4
00000138
000000ea
000001f0
00000020
ffffffea
ffffff00
fffffed6
0000018c
0000044c
0000033a
000003a2
000002f6
00000244
000000da
00000024
fffffe78
ffffff54
000000d0
00000082
000000a8
000000a2
000000d6
00000074
0000007e
ffffffe6
ffffff94
ffffffea
0000005c
00000032
0000004c
0000004c
0000004c
0000004c
0000004c
0000004a
ffffffbd
00000007
0000001d
00000138
00000109
00000109
00000187
0000014f
00000175
00000191
000001a3
00000201
000001fd
000001fd
000001fd
000001fd
0000017f
00000181
000001fb
00000155
000001c7
00000175
00000187
000001cd
0000015b
00000199
000001e3
000001dd
000001af
000001cd
00000247
000001d1
000000cf
0000004d
ffffffab
ffffff13
fffffefd
0000000b
0000010d
000001c5
000001ff
000001f3
000002cb
00000235
000001a9
000001bb
000001dd
0000016d
0000017d
000001a7
000001df
00000201
000001fd
0000017f
00000181
0000017d
00000157
00000145
00000109
00000109
00000109
00000109
00000109
000000a8
000000be
fffffdab
fffffebe
ffffff3f
0000005a
0000005a
ffffffdc
00000002
ffffffb2
00000008
000000ca
00000102
000001c8
000001c8
000001c8
000001c8
00000246
0000029a
00000232
000001cc
00000076
00000092
000000c8
000000b8
000000ce
00000194
000002a6
000001dc
000000e4
000000b4
0000039e
00000668
000004a2
000002aa
ffffffb8
fffffecc
ffffff10
00000190
00000182
fffffff8
ffffff42
fffffd18
fffffcce
ffffff2e
00000044
000000ea
000001dc
00000168
fffffff4
00000058
0000017a
00000102
000001c8
00000246
0000029a
000002b0
00000220
0000010a
0000005a
0000005a
0000005a
0000005a
0000005a
000003b6
000003fd
fffffeef
ffffff2e
ffffff39
fffffe07
fffffe07
fffffd1b
fffffcd9
fffffbb3
fffffb8d
fffffb5d
fffffb5b
fffffb5f
fffffb5f
fffffb5f
fffffb5f
fffffc4b
fffffd17
fffffd13
fffffd75
fffffc7d
fffffc97
fffffba3
fffffbd7
fffffbbf
fffffcc7
fffffd35
fffffc8d
fffffc0b
fffffba1
fffffcb1
ffffffb3
00000093
00000223
0000021f
00000145
00000273
000002a9
0000012b
ffffff8d
fffffcdd
fffffa7d
fffffa1b
fffffa65
fffffab9
fffffc4d
fffffc8d
fffffca7
fffffbb9
fffffb79
fffffba7
fffffb5b
fffffb5f
fffffc4b
fffffd17
fffffdff
fffffe41
fffffe51
fffffe07
fffffe07
fffffe07
fffffe07
fffffe07
fffffed5
fffffec7
fffffd6a
fffffcf0
fffffd5d
fffffe73
fffffe73
ffffff03
fffffef7
ffffff17
ffffff03
ffffff3d
ffffff25
ffffff0f
ffffff0f
ffffff0f
ffffff0f
fffffe7f
fffffe67
fffffef1
fffffe6d
fffffedb
ffffff03
ffffff27
fffffed5
fffffed1
fffffe87
fffffef7
fffffef3
fffffee1
ffffff8f
ffffffeb
ffffff93
ffffffad
ffffff61
fffffefb
fffffea5
fffffda9
fffffc87
fffffc9f
fffffda1
fffffe35
fffffdfb
fffffd31
fffffd49
fffffec5
ffffff73
fffffef3
fffffe8f
ffffff23
ffffff29
ffffff0f
ffffff25
ffffff0f
fffffe7f
fffffe67
fffffe61
fffffe55
fffffe45
fffffe73
fffffe73
fffffe73
fffffe73
fffffe73
00000023
0000007a
00000746
00000753
000003e6
00000087
00000087
000000d1
000000d7
00000069
000000d7
000000e1
0000010b
00000149
00000149
00000149
00000149
000000ff
000000d9
00000183
00000175
000000f1
000000c1
000000b1
00000157
000000b7
000000c9
0000010d
00000179
00000113
fffffeab
fffffe2d
fffffcd1
fffffbc7
fffffb99
ffffff45
00000473
0000072f
0000073d
0000079d
00000613
000004ff
0000074f
00000767
0000076b
000006ab
00000397
00000179
0000018b
0000006b
000000e1
00000161
0000010b
00000149
000000ff
000000d9
00000139
0000014f
00000107
00000087
00000087
00000087
00000087
00000087
fffffe35
fffffb9b
fffffc05
fffffb56
fffffcd8
ffffffb0
ffffffb0
ffffff9a
fffffff6
ffffff7a
ffffff4e
fffffebe
fffffe3a
fffffde2
fffffde2
fffffde2
fffffde2
fffffdf8
fffffdd6
fffffe02
fffffe8e
fffffeba
ffffffa2
fffffed4
fffffeb0
fffffe9a
fffffe2e
fffffe14
fffffe3a
fffffe92
ffffff42
ffffff3e
fffffe78
fffffeec
00000016
0000009a
ffffff08
fffffd76
fffffd34
fffffca0
fffffc1e
fffffc90
fffffdb0
00000072
0000003c
fffffece
fffffe3e
fffffe3a
fffffee6
ffffff64
ffffff00
fffffe20
fffffe3a
fffffde2
fffffdf8
fffffdd6
fffffe18
fffffe6c
ffffff12
ffffffb0
ffffffb0
ffffffb0
ffffffb0
ffffffb0
000000be
000001e1
fffffff3
00000036
00000061
ffffffdb
ffffffdb
ffffffdb
ffffffc7
ffffff87
ffffffcf
ffffffb3
ffffff99
ffffff9b
ffffff9b
ffffff9b
ffffff9b
ffffff9b
ffffffab
ffffffd7
ffffffbf
ffffff9d
ffffffcf
ffffff8d
ffffffbd
ffffffb7
ffffffc1
ffffffab
ffffffa1
ffffffa3
ffffffbb
ffffff79
ffffffd7
ffffffbd
00000003
ffffff7b
ffffff33
ffffff95
00000115
0000023b
000002d1
00000263
0000012f
00000065
00000047
00000007
ffffffaf
ffffffa1
ffffffb3
ffffff95
ffffffd3
ffffffa1
ffffff99
ffffff9b
ffffff9b
ffffffab
ffffffd7
ffffffcf
ffffffc9
ffffffdb
ffffffdb
ffffffdb
ffffffdb
ffffffdb
0000002a
00000001
000000a6
00000098
00000043
fffffe45
fffffe45
fffffd33
fffffd6f
fffffd77
fffffe03
fffffe2f
fffffe8f
fffffeab
fffffeab
fffffeab
fffffeab
ffffffbd
00000037
fffffe5d
fffffe17
fffffdf5
fffffe4d
fffffdc9
fffffdfd
fffffe8b
00000025
ffffff6f
fffffd7d
fffffced
fffffd37
fffffc6b
fffffbd1
fffffb21
fffffb03
fffff9cd
fffff96f
fffff917
fffff8b9
fffff809
fffff6cd
fffff6f7
fffff92d
fffffa45
fffffc4f
ffffff49
ffffff19
fffffd7d
fffffdf1
fffffdd3
fffffe39
fffffe29
fffffe8f
fffffeab
ffffffbd
00000037
ffffff6f
fffffe91
fffffe3f
fffffe45
fffffe45
fffffe45
fffffe45
fffffe45
fffffe93
fffffd7d
000000cb
000000bf
000000dd
00000175
00000175
00000355
0000043b
000004fd
00000557
0000053b
000004af
0000044d
0000044d
0000044d
0000044d
0000026d
000000a5
000001cb
000001fd
0000036d
000003f1
0000045f
000004b5
0000043d
000001e1
0000011f
000002b7
0000050d
00000667
00000591
000002a7
0000025f
00000023
000000b1
00000351
000004b3
00000625
00000601
00000463
0000051f
000006b3
000005f1
00000431
000002a7
0000016d
000002b7
000003bb
000004ff
0000051b
00000499
000004af
0000044d
0000026d
000000a5
ffffffeb
00000035
000000d3
00000175
00000175
00000175
00000175
00000175
000000ca
000000f3
000003d8
000004e0
00000295
00000049
00000049
000000a3
00000069
00000007
00000005
fffffff7
0000002d
00000041
00000041
00000041
00000041
ffffffe7
ffffffed
000000cb
000000c1
00000061
00000013
00000043
00000047
ffffffd1
ffffffeb
00000055
00000111
00000095
ffffffe1
00000091
ffffff79
fffffd53
fffffb85
fffffcf1
ffffff13
ffffffdf
00000149
000003f9
00000465
000003a9
000003e9
0000039b
00000367
00000245
00000123
00000111
0000007d
ffffffa9
0000002d
00000039
0000002d
00000041
ffffffe7
ffffffed
00000071
000000c7
0000008b
00000049
00000049
00000049
00000049
00000049
000000ec
00000018
00000056
00000059
ffffffc8
ffffff9a
ffffff9a
ffffffa6
ffffffc0
ffffffb0
ffffffc6
ffffff96
ffffffc4
ffffff9e
ffffff9e
ffffff9e
ffffff9e
ffffff92
ffffff82
ffffff7e
ffffff8c
ffffffc0
ffffffb6
ffffff88
ffffffd0
ffffff80
ffffffbe
ffffff7e
ffffff80
ffffff5c
ffffff40
ffffffec
000001fc
000001b6
000002aa
0000024e
ffffffdc
fffffdbe
fffffdd6
fffffca4
fffffdd2
ffffff66
fffffeec
00000050
00000104
ffffffaa
ffffff6c
ffffff80
ffffffbe
ffffffa8
ffffffc4
ffffffa0
ffffffc4
ffffff9e
ffffff92
ffffff82
ffffff72
ffffff7c
ffffffa4
ffffff9a
ffffff9a
ffffff9a
ffffff9a
ffffff9a
000000f1
ffffff9e
fffffaec
fffffba3
fffffe80
0000003d
0000003d
00000067
0000007f
000000ef
00000093
00000083
0000008b
00000027
00000027
00000027
00000027
fffffffd
ffffffb5
ffffff79
ffffffbb
00000083
0000005b
0000006f
00000049
00000089
0000003f
ffffffa7
ffffffad
0000009b
00000263
000002fd
00000363
000002e1
00000255
00000167
000000b9
000001e3
0000034f
000000ab
fffffeaf
fffffc9f
fffffb59
fffffbc1
fffffc2d
fffffd1d
fffffefd
ffffffad
ffffffd9
000000dd
00000077
00000039
0000008b
00000027
fffffffd
ffffffb5
ffffff4f
ffffff73
fffffff3
0000003d
0000003d
0000003d
0000003d
0000003d
000003c9
000004aa
ffffff67
fffffead
fffffea0
fffffeaa
fffffeaa
fffffe94
fffffe82
fffffe9c
fffffea4
ffffff18
ffffff46
ffffff52
ffffff52
ffffff52
ffffff52
ffffff68
ffffff76
ffffff4c
ffffff30
fffffedc
fffffea6
fffffefc
fffffed8
ffffff32
ffffff68
ffffff62
ffffff22
fffffe9a
ffffff28
0000005a
00000360
00000614
000007d0
000006dc
000005cc
000002f4
000000f0
000001ac
00000226
0000014a
ffffff2c
fffffee6
fffffe9a
fffffe94
ffffff30
ffffff22
fffffebc
fffffeba
fffffef8
ffffff4c
ffffff46
ffffff52
ffffff68
ffffff76
ffffff62
ffffff3e
fffffede
fffffeaa
fffffeaa
fffffeaa
fffffeaa
fffffeaa
fffffed2
fffffebb
fffffe25
fffffe38
ffffff44
fffffe42
fffffe42
ffffff02
ffffff04
ffffff64
ffffff5a
ffffff20
ffffff50
ffffff5e
ffffff5e
ffffff5e
ffffff5e
fffffe9e
fffffe22
fffffeda
fffffea4
ffffff4c
fffffef6
ffffff08
ffffff9c
fffffeda
fffffe36
fffffe7e
ffffff3e
ffffffe2
ffffffe2
00000004
0000026c
0000025e
00000256
000002c2
00000236
000000b4
ffffff3a
fffffdba
fffffef2
ffffffba
0000001c
0000017a
0000013a
00000058
ffffffe8
ffffff3e
ffffff3e
ffffff5a
fffffef0
ffffff62
ffffff50
ffffff5e
fffffe9e
fffffe22
fffffe1a
fffffe28
fffffe84
fffffe42
fffffe42
fffffe42
fffffe42
fffffe42
ffffff38
00000002
fffffe40
ffffff18
ffffff2f
ffffff5e
ffffff5e
ffffff56
ffffff80
ffffffa6
ffffff80
ffffff9a
ffffff9e
ffffff7a
ffffff7a
ffffff7a
ffffff7a
ffffff82
ffffff78
ffffff14
ffffff36
ffffffb2
ffffff70
ffffff74
ffffff80
ffffff82
ffffffb2
ffffff60
fffffef8
ffffff50
ffffff46
fffffff8
00000012
0000018e
000002e2
0000035e
000003da
000004bc
0000044a
0000025e
0000005a
0000002c
fffffffa
ffffff48
ffffff20
00000022
ffffffea
fffffef8
ffffff8c
ffffffb6
ffffff72
ffffff9a
ffffff9e
ffffff7a
ffffff82
ffffff78
ffffff1c
ffffff2c
ffffff5e
ffffff5e
ffffff5e
ffffff5e
ffffff5e
ffffff5e
ffffff91
000000c9
00000163
0000002d
ffffff93
0000001b
0000001b
ffffffaf
ffffffd7
ffffffb9
ffffffb1
00000001
ffffffcf
00000009
00000009
00000009
00000009
00000075
00000089
0000001b
0000005d
ffffffb5
ffffffed
0000000b
ffffffb5
00000031
00000033
00000059
00000011
ffffffed
0000008d
0000016f
000001db
000000fb
ffffffe7
0000006b
ffffff3f
fffffe73
fffffebb
fffffe5b
fffffced
fffffe47
fffffdd5
ffffff1b
000000c3
0000011f
00000069
00000011
00000015
ffffffcb
ffffffc9
00000005
ffffffcf
00000009
00000075
00000089
00000087
00000071
0000001f
0000001b
0000001b
0000001b
0000001b
0000001b
0000013a
000000e0
00000467
0000045b
000000f8
00000108
00000108
ffffffe0
0000000a
ffffff1a
ffffff76
ffffffba
ffffffe6
0000003a
0000003a
0000003a
0000003a
00000162
000001b6
000000fe
000001aa
ffffffd4
00000032
ffffffac
ffffffda
00000064
00000164
0000014a
0000009c
0000003e
ffffffbc
ffffffa6
ffffff10
fffffed2
ffffff46
00000078
000001ac
00000030
000000c8
00000086
fffffe98
ffffff50
ffffffea
00000038
0000011e
00000236
0000019e
0000009c
00000084
ffffff26
ffffffb4
0000001e
ffffffe6
0000003a
00000162
000001b6
00000226
000001fe
0000016c
00000108
00000108
00000108
00000108
00000108
00000148
0000008a
00000271
00000143
ffffff43
ffffff04
ffffff04
fffffe9c
fffffec8
fffffeb2
fffffea4
fffffeda
fffffede
fffffec6
fffffec6
fffffec6
fffffec6
ffffff2e
ffffff34
fffffec6
ffffff26
fffffea2
fffffeca
fffffeda
fffffea4
ffffff10
ffffff36
fffffef2
fffffec0
fffffe9e
fffffecc
fffffe7c
fffffda6
fffffce2
fffffe20
fffffe36
00000060
00000216
00000322
000002e2
000002a0
00000352
00000252
00000050
ffffffa2
ffffff5e
ffffff1e
fffffec0
fffffebc
fffffec8
fffffee4
fffffeda
fffffede
fffffec6
ffffff2e
ffffff34
ffffff2e
ffffff2c
ffffff04
ffffff04
ffffff04
ffffff04
ffffff04
ffffff04
fffffe98
fffffd35
fffffd34
fffffcfb
fffffe2b
ffffffde
ffffffde
ffffff9a
ffffff8a
0000002c
0000000a
00000070
00000094
000000a6
000000a6
000000a6
000000a6
000000ea
00000108
00000034
00000018
00000046
ffffffcc
00000068
00000026
000000a6
000000d6
00000086
0000000e
ffffffb4
ffffffbc
ffffffca
000000d2
000003b0
0000054a
000003f8
000001d6
0000006a
0000001c
fffffff6
000000c0
00000160
000001e8
0000016a
00000058
ffffffc4
ffffff9a
0000000e
00000004
00000054
00000034
0000008c
00000094
000000a6
000000ea
00000108
00000078
00000036
fffffffa
ffffffde
ffffffde
ffffffde
ffffffde
ffffffde
fffffffc
0000008a
0000007c
00000047
0000001b
0000009d
0000009d
00000019
00000081
00000031
000000bf
0000015b
00000163
000001cd
000001cd
000001cd
000001cd
00000251
00000227
00000169
000001bd
00000093
000000db
000000e7
000000ff
000001a1
00000209
000001bf
0000011f
000000ad
0000000b
000000d9
0000019d
000001ef
000002a9
000001f5
0000013b
000000a3
000000bb
ffffffed
ffffff9d
0000001b
00000023
00000021
00000051
000000d3
0000015b
0000011f
0000014d
00000059
0000010b
0000019b
00000163
000001cd
00000251
00000227
000001ed
00000193
000000dd
0000009d
0000009d
0000009d
0000009d
0000009d
ffffffd2
0000003b
ffffff81
ffffffea
00000093
00000015
00000015
0000006b
0000000f
000000a5
0000003b
00000063
00000045
0000006d
0000006d
0000006d
0000006d
00000017
00000029
0000005d
00000027
00000099
ffffffdd
000000bd
00000047
00000057
ffffffd7
00000021
000000a5
00000081
00000019
ffffffe9
00000001
ffffffc7
ffffff97
ffffffd9
fffffe5f
fffffd63
fffffc31
fffffb8b
fffffb99
fffffb79
fffffd3d
ffffff81
ffffffe3
ffffff11
ffffffab
000000a5
00000057
00000075
0000002b
0000006f
00000045
0000006d
00000017
00000029
00000007
00000039
00000021
00000015
00000015
00000015
00000015
00000015
00000093
00000049
0000016b
000000f9
ffffffbf
ffffff9d
ffffff9d
ffffff31
ffffff19
ffffff53
ffffff2d
ffffff8f
ffffff7d
ffffffc9
ffffffc9
ffffffc9
ffffffc9
00000035
0000007d
ffffffc1
ffffffc5
ffffff9f
ffffff39
ffffffa5
ffffff4b
ffffffcb
00000017
0000001d
ffffff8f
ffffff37
fffffdc1
fffffcb5
fffffc03
fffffafd
fffffadd
fffffc55
fffffd47
fffffff7
000001f7
000002a9
00000259
0000022d
000002b7
00000119
00000025
0000001d
ffffffa1
ffffff8f
ffffffa7
ffffff57
ffffff33
ffffffad
ffffff7d
ffffffc9
00000035
0000007d
0000002d
0000000d
ffffffbb
ffffff9d
ffffff9d
ffffff9d
ffffff9d
ffffff9d
fffffe41
fffffe1b
00000017
0000005f
00000043
ffffffa5
ffffffa5
fffffec1
fffffef5
fffffe81
fffffebf
fffffe71
ffffff07
fffffed9
fffffed9
fffffed9
fffffed9
ffffffbd
ffffffe1
ffffff27
ffffff91
fffffec5
ffffff4b
fffffe63
fffffeed
fffffefd
00000001
ffffff89
fffffef5
fffffe7b
ffffff3f
00000107
00000303
000004b1
00000749
000008ab
0000079f
00000423
000001cb
000002b5
00000187
ffffff51
fffffd8d
fffffe65
ffffff15
fffffee9
fffffedf
fffffef5
fffffec1
fffffe9d
fffffecf
fffffe9f
ffffff07
fffffed9
ffffffbd
ffffffe1
0000000b
ffffffb5
ffffffd3
ffffffa5
ffffffa5
ffffffa5
ffffffa5
ffffffa5
ffffff56
fffffff1
ffffffca
ffffff6f
ffffffb4
ffffff6b
ffffff6b
fffffee9
fffffec9
fffffebf
fffffefb
ffffff2d
ffffff53
ffffff69
ffffff69
ffffff69
ffffff69
ffffffeb
00000051
ffffffb1
ffffff6d
ffffff4b
ffffff29
fffffee3
ffffff3f
ffffff69
0000001d
fffffffd
ffffff01
fffffee3
fffffecf
fffffe95
000000a9
00000115
000001dd
00000205
ffffff5b
fffffdbf
fffffc47
fffffc27
fffffbf3
fffffcc7
fffffe19
ffffff93
ffffffeb
00000007
ffffffd5
ffffff01
ffffff3b
ffffff27
ffffff09
ffffff71
ffffff53
ffffff69
ffffffeb
00000051
00000033
ffffffd3
ffffffaf
ffffff6b
ffffff6b
ffffff6b
ffffff6b
ffffff6b
ffffff38
fffffecf
00000220
000000e1
ffffffb1
ffffffe3
ffffffe3
000000a9
00000079
000000ff
000000fb
000000df
000000f7
000000bf
000000bf
000000bf
000000bf
fffffff9
ffffffd5
00000087
ffffffa1
0000005f
000000bd
000000f7
0000009d
0000006d
ffffffef
0000005d
000000c3
00000089
0000019f
000001bf
000000a5
fffffe61
fffffad9
fffffc39
ffffff8b
00000083
00000235
000003bf
000004c7
000006e5
000007d1
00000555
0000041d
00000315
000000f7
000000c3
ffffffcd
00000105
0000012b
00000081
000000f7
000000bf
fffffff9
ffffffd5
ffffffc1
ffffff7d
ffffff85
ffffffe3
ffffffe3
ffffffe3
ffffffe3
ffffffe3
ffffff77
fffffe31
000001a1
00000167
00000184
0000013d
0000013d
000001d1
00000157
000001b5
00000163
00000139
00000139
000000f7
000000f7
000000f7
000000f7
00000063
0000009b
00000113
0000005d
0000019b
00000141
0000015f
00000111
000000e7
000000dd
0000010d
00000101
000000db
0000008d
ffffff65
fffffd35
fffffca7
fffffba9
fffffb79
fffffbeb
fffffc05
fffffcab
fffffdd3
fffffe2d
fffffe95
00000019
fffffffd
ffffffcb
ffffff4f
00000017
00000101
000000a3
0000018f
0000014f
000000e7
00000139
000000f7
00000063
0000009b
0000007f
00000095
000000eb
0000013d
0000013d
0000013d
0000013d
0000013d
ffffff6b
0000000a
ffffffb9
ffffff8a
fffffe41
fffffec4
fffffec4
fffffe62
fffffec6
fffffeaa
fffffe94
fffffe94
fffffe6e
fffffe6c
fffffe6c
fffffe6c
fffffe6c
fffffece
fffffe92
fffffdf0
fffffeb6
fffffe8a
fffffe9e
fffffe78
fffffe7c
fffffece
fffffec8
fffffe3a
fffffe10
fffffe8e
fffffe48
fffffd7a
fffffe0e
ffffff40
000001ce
000002d8
00000444
00000558
00000430
0000016a
ffffff0a
fffffe62
ffffffd8
ffffff1a
fffffe74
ffffffb4
ffffff7e
fffffe10
fffffeca
fffffe92
fffffe64
fffffe7c
fffffe6e
fffffe6c
fffffece
fffffe92
fffffe52
fffffe7a
fffffeac
fffffec4
fffffec4
fffffec4
fffffec4
fffffec4
fffffebc
fffffe1e
fffffe47
ffffffd8
ffffffff
ffffff1c
ffffff1c
fffffef6
fffffe9a
fffffe7e
fffffeaa
fffffe70
fffffe86
fffffe86
fffffe86
fffffe86
fffffe86
fffffeac
ffffff20
ffffff32
fffffea6
fffffec8
fffffed8
fffffe72
fffffeb4
fffffe7e
fffffeec
ffffff28
fffffec0
fffffe2a
fffffeb0
ffffffcc
000003c6
000004d6
00000636
0000058c
00000300
0000005a
ffffff38
fffffe38
fffffd20
fffffb24
fffffb44
fffffc22
fffffbf2
fffffc50
fffffd84
fffffec0
fffffe8e
fffffeb0
fffffe9e
fffffe7a
fffffe86
fffffe86
fffffeac
ffffff20
ffffff58
ffffff1a
ffffff26
ffffff1c
ffffff1c
ffffff1c
ffffff1c
ffffff1c
ffffff72
00000005
00000420
000002e5
000000e1
ffffffce
ffffffce
ffffff70
fffffeee
fffffea8
fffffe54
fffffe92
fffffe84
fffffeb4
fffffeb4
fffffeb4
fffffeb4
ffffff12
ffffffc2
ffffffd6
ffffffa0
ffffff32
fffffed2
fffffef6
fffffe88
fffffec2
ffffff38
ffffffe2
ffffff8a
fffffe52
fffffd2a
fffffc56
fffffbde
fffffbf6
fffffc86
fffffcb2
fffffcb0
fffffd66
fffffcf0
fffffd98
ffffff60
ffffffaa
fffffff4
0000001a
00000020
ffffffd4
ffffffdc
ffffff8a
ffffff02
fffffe9e
fffffe72
fffffec6
fffffe84
fffffeb4
ffffff12
ffffffc2
00000034
00000050
00000002
ffffffce
ffffffce
ffffffce
ffffffce
ffffffce
fffffccf
fffffb8f
0000033d
000000d4
ffffffba
ffffffab
ffffffab
ffffff3b
ffffff5f
ffffff5b
fffffecb
fffffebd
fffffecb
fffffebd
fffffebd
fffffebd
fffffebd
ffffff2d
ffffff83
fffffeef
fffffeff
ffffff65
ffffff69
fffffeff
fffffed1
fffffeb3
ffffff3f
ffffffb1
fffffedb
fffffe69
fffffe69
fffffdab
fffffe8d
fffffca5
fffffdd1
ffffffff
0000014b
000001d3
0000021b
ffffff69
00000269
00000235
000001cd
00000235
0000033b
000001f3
000000db
fffffedb
ffffff33
ffffff6b
fffffe7d
fffffec3
fffffecb
fffffebd
ffffff2d
ffffff83
ffffff5f
ffffff55
ffffffb1
ffffffab
ffffffab
ffffffab
ffffffab
ffffffab
fffffea0
fffffac9
fffffe6b
ffffffc8
0000001c
00000107
00000107
000000cd
00000121
000000bb
000000a7
000000ed
0000007b
000000b9
000000b9
000000b9
000000b9
000000f3
000000a9
000000c9
000001b7
000000af
000000b7
000000e5
000000e3
0000011d
0000006d
0000007f
0000010b
00000181
00000035
ffffff2b
fffffebd
fffffca1
fffffccd
fffffd85
ffffffd3
000000db
000000a9
ffffffeb
fffffe99
fffffe33
fffffad9
fffffb8b
fffffe85
ffffff57
fffffffb
0000010b
00000195
000000c1
00000093
00000129
0000007b
000000b9
000000f3
000000a9
00000103
0000016d
00000143
00000107
00000107
00000107
00000107
00000107
000002dd
000003b5
ffffffca
fffffff1
0000004c
ffffffb9
ffffffb9
0000005d
ffffffcb
ffffffa9
ffffff53
ffffff5b
ffffff1f
ffffff2d
ffffff2d
ffffff2d
ffffff2d
fffffe89
fffffebd
00000005
ffffffb3
ffffffd3
ffffff45
ffffffbd
ffffff6d
ffffff15
fffffe8b
ffffff53
00000033
00000099
0000008f
ffffff99
ffffffd3
ffffff39
ffffff17
fffffe33
fffffc73
fffffbab
fffffb93
fffffc4d
fffffd9f
fffffdcf
fffffdd1
fffffedb
fffffedd
fffffddb
fffffee9
00000033
ffffffa3
ffffff6b
ffffff59
ffffff75
ffffff1f
ffffff2d
fffffe89
fffffebd
ffffff61
ffffffe7
ffffffd3
ffffffb9
ffffffb9
ffffffb9
ffffffb9
ffffffb9
ffffff93
ffffffb0
0000000a
ffffffd4
ffffffea
ffffff87
ffffff87
ffffff21
ffffff33
fffffec1
fffffe91
fffffe55
fffffe69
fffffe89
fffffe89
fffffe89
fffffe89
fffffeef
ffffff3f
ffffff23
ffffff4d
fffffefb
ffffff1f
fffffeb3
fffffeb5
fffffe59
fffffee5
ffffff67
ffffff31
fffffef1
fffffe47
fffffe3b
fffffdd7
fffffdb3
ffffff17
ffffffb3
ffffff57
fffffd8f
fffffab5
fffff9c3
fffff973
fffff9cf
fffff9ff
fffffca7
fffffee3
ffffff67
ffffff41
ffffff31
ffffff4b
fffffe9d
fffffe63
fffffe79
fffffe69
fffffe89
fffffeef
ffffff3f
ffffff89
ffffff9d
ffffffab
ffffff87
ffffff87
ffffff87
ffffff87
ffffff87
0000001f
ffffff93
fffffeb1
fffffe59
ffffff81
ffffff87
ffffff87
fffffe71
fffffecf
fffffe43
fffffe29
fffffea5
fffffe55
fffffe87
fffffe87
fffffe87
fffffe87
ffffff9d
ffffffc9
fffffecf
ffffffc1
fffffe4b
fffffec7
fffffeb3
fffffe1f
ffffff31
ffffff7d
ffffff51
fffffeb1
fffffddd
fffffc2b
fffffa95
fffff9c1
fffffb61
ffffff75
ffffff63
ffffff8d
000000a3
00000083
fffffdd3
fffffa7f
fffff9b1
fffffae3
fffffb7f
fffffbed
fffffcb3
fffffd3d
fffffeb1
fffffee3
fffffe4f
fffffe67
fffffe9b
fffffe55
fffffe87
ffffff9d
ffffffc9
ffffffe5
ffffffed
ffffff7d
ffffff87
ffffff87
ffffff87
ffffff87
ffffff87
fffffe0e
ffffff67
ffffff0e
fffffd46
ffffff05
ffffffdf
ffffffdf
00000079
0000003f
0000007d
000000bf
0000006d
00000095
0000008b
0000008b
0000008b
0000008b
fffffff1
ffffffc7
00000099
0000000d
00000077
0000005b
0000004b
000000f5
00000037
ffffffbf
fffffffd
000000a1
000000c3
00000111
0000002d
0000006d
000001c7
00000339
00000437
000003e9
0000033b
000000b3
ffffff49
0000004b
00000271
000001a1
000001ed
000001cb
00000015
ffffffb7
000000a1
0000006b
000000b1
00000097
000000a3
00000095
0000008b
fffffff1
ffffffc7
ffffffff
ffffffe3
00000015
ffffffdf
ffffffdf
ffffffdf
ffffffdf
ffffffdf
fffffe9c
fffffe64
fffffc25
fffffd13
fffffe84
ffffffcb
ffffffcb
ffffffcb
ffffffcb
ffffffcb
ffffffcb
ffffffcb
ffffffcb
ffffffcb
ffffffcb
ffffffcb
ffffffcb
ffffffcb
ffffffcb
ffffffcb
ffffffcb
ffffffcb
ffffffcb
ffffffcb
ffffffcb
ffffffcb
ffffffcb
0000004d
000001a5
0000033d
00000487
0000066b
000006d5
000006d7
000007f1
000005fb
00000193
ffffff0f
0000005b
000001eb
000004df
0000058b
0000025b
00000121
00000075
ffffffc9
ffffff3b
ffffff53
ffffff6b
ffffffcb
ffffffcb
ffffffcb
ffffffcb
ffffffcb
ffffffcb
ffffffcb
ffffffcb
ffffffcb
ffffffcb
ffffffcb
ffffffcb
ffffffcb
ffffffcb
ffffffcb
000003a3
0000045c
fffffa18
fffffbb9
fffffe22
ffffff8e
ffffff8e
ffffff8e
ffffff8e
ffffff8e
ffffff8e
ffffff8e
ffffff8e
ffffff8e
ffffff8e
ffffff8e
ffffff8e
ffffff8e
ffffff8e
ffffff8e
ffffff8e
ffffff8e
ffffff8e
ffffff8e
ffffff8e
ffffff8e
ffffff8e
ffffff7a
fffffec6
ffffffa6
000002b2
0000014c
ffffff8a
ffffff7e
fffffebc
fffffd3c
fffffc48
fffffc3c
fffff896
fffff97e
fffffb18
fffffaba
fffffc1a
fffffdd6
ffffffe6
ffffffae
ffffff28
ffffff2a
ffffff28
ffffff8e
ffffff8e
ffffff8e
ffffff8e
ffffff8e
ffffff8e
ffffff8e
ffffff8e
ffffff8e
ffffff8e
ffffff8e
ffffff8e
ffffff8e
ffffff8e
ffffff8e
ffffffbf
0000032d
000000d6
00000041
0000004f
000001e3
000001e3
000001e3
000001e3
000001e3
000001e3
000001e3
000001e3
000001e3
000001e3
000001e3
000001e3
000001e3
000001e3
000001e3
000001e3
000001e3
000001e3
000001e3
000001e3
000001e3
000001e3
00000223
000001ed
00000279
0000024b
0000026f
000003c3
00000281
00000219
00000117
0000024f
00000327
000001ab
000002f5
00000217
000000fb
fffffc53
fffffaf9
fffffb7f
fffffd57
ffffffab
000001c9
000001e3
000001e3
000001e3
000001e3
000001e3
000001e3
000001e3
000001e3
000001e3
000001e3
000001e3
000001e3
000001e3
000001e3
000001e3
000001e3
fffffe84
0000001a
fffffd61
fffffd87
fffffeaa
00000067
00000067
00000067
00000067
00000067
00000067
00000067
00000067
00000067
00000067
00000067
00000067
00000067
00000067
00000067
00000067
00000067
00000067
00000067
00000067
00000067
00000067
000000ab
00000183
00000133
00000107
00000083
fffffff5
ffffff99
ffffffc1
fffffee5
fffffe4b
ffffff13
ffffffaf
ffffff2b
0000000b
000000cb
fffffe89
fffffe6b
fffffe21
fffffdad
fffffe0b
ffffff8d
00000037
00000067
00000067
00000067
00000067
00000067
00000067
00000067
00000067
00000067
00000067
00000067
00000067
00000067
00000067
00000067
000002b0
000002df
fffffda7
fffffd63
ffffff79
000000b8
000000b8
000000b8
000000b8
000000b8
000000b8
000000b8
000000b8
000000b8
000000b8
000000b8
000000b8
000000b8
000000b8
000000b8
000000b8
000000b8
000000b8
000000b8
000000b8
000000b8
000000b8
000000ac
000001a8
000001f0
0000013e
00000198
00000124
000000de
00000122
000000ba
0000002a
ffffff4e
ffffffe6
ffffff72
0000026a
0000023c
00000068
00000030
ffffff14
fffffe50
fffffef6
00000000
00000088
000000b8
000000b8
000000b8
000000b8
000000b8
000000b8
000000b8
000000b8
000000b8
000000b8
000000b8
000000b8
000000b8
000000b8
000000b8
00000210
0000023b
fffffe84
ffffff4a
fffffed3
0000011b
0000011b
0000011b
0000011b
0000011b
0000011b
0000011b
0000011b
0000011b
0000011b
0000011b
0000011b
0000011b
0000011b
0000011b
0000011b
0000011b
0000011b
0000011b
0000011b
0000011b
0000011b
000000cf
00000109
000001b9
0000029f
00000309
00000425
0000042d
0000038b
00000347
000002bf
000002b5
00000257
00000121
ffffffe5
000000d3
000002cd
00000273
0000033b
0000022f
0000019f
000000ed
000000fd
0000011b
0000011b
0000011b
0000011b
0000011b
0000011b
0000011b
0000011b
0000011b
0000011b
0000011b
0000011b
0000011b
0000011b
0000011b
00000178
000001cb
fffff8e2
fffff7b3
fffffc65
0000000c
0000000c
0000000c
0000000c
0000000c
0000000c
0000000c
0000000c
0000000c
0000000c
0000000c
0000000c
0000000c
0000000c
0000000c
0000000c
0000000c
0000000c
0000000c
0000000c
0000000c
0000000c
ffffff9e
ffffff72
0000006a
00000100
0000012c
00000084
fffffec6
ffffffae
00000040
00000088
ffffff52
fffffcda
fffffae8
fffffb52
ffffffca
ffffffa4
000000ea
00000294
00000152
00000090
ffffffea
00000010
0000000c
0000000c
0000000c
0000000c
0000000c
0000000c
0000000c
0000000c
0000000c
0000000c
0000000c
0000000c
0000000c
0000000c
0000000c
00000363
0000062d
000000a8
000000b8
000000ce
00000028
00000028
00000028
00000028
00000028
00000028
00000028
00000028
00000028
00000028
00000028
00000028
00000028
00000028
00000028
00000028
00000028
00000028
00000028
00000028
00000028
00000028
00000006
ffffff50
fffffe5a
fffffdfa
fffffe02
fffffdde
fffffd9e
fffffef6
fffffed6
fffffe62
fffffd9e
fffffd20
fffffd7a
fffffea4
0000000a
ffffffa2
0000001e
000000c2
000000f6
000000c2
00000092
00000030
00000028
00000028
00000028
00000028
00000028
00000028
00000028
00000028
00000028
00000028
00000028
00000028
00000028
00000028
00000028
00000077
00000014
fffffc0c
fffffc48
fffffd55
fffffe2c
fffffe2c
fffffe2c
fffffe2c
fffffe2c
fffffe2c
fffffe2c
fffffe2c
fffffe2c
fffffe2c
fffffe2c
fffffe2c
fffffe2c
fffffe2c
fffffe2c
fffffe2c
fffffe2c
fffffe2c
fffffe2c
fffffe2c
fffffe2c
fffffe2c
fffffe7a
00000012
00000108
0000000e
000001fa
00000184
00000168
00000324
000002c4
ffffffe2
ffffff0e
0000039e
0000020e
00000100
0000005e
fffffefe
fffffe30
fffffdb6
fffffd5e
fffffd88
fffffdde
fffffe26
fffffe2c
fffffe2c
fffffe2c
fffffe2c
fffffe2c
fffffe2c
fffffe2c
fffffe2c
fffffe2c
fffffe2c
fffffe2c
fffffe2c
fffffe2c
fffffe2c
fffffe2c
000004d2
00000460
000000e2
ffffff90
fffffff2
ffffffa9
ffffffa9
ffffffa9
ffffffa9
ffffffa9
ffffffa9
ffffffa9
ffffffa9
ffffffa9
ffffffa9
ffffffa9
ffffffa9
ffffffa9
ffffffa9
ffffffa9
ffffffa9
ffffffa9
ffffffa9
ffffffa9
ffffffa9
ffffffa9
ffffffa9
ffffff8d
ffffff4d
ffffff2b
ffffffbf
ffffff09
ffffffdb
ffffffed
ffffff6b
ffffff75
00000117
0000019b
ffffffb5
ffffff79
ffffffe9
ffffff49
fffffecf
fffffee5
ffffff8b
ffffffa7
ffffffab
ffffffc9
ffffffbd
ffffffa9
ffffffa9
ffffffa9
ffffffa9
ffffffa9
ffffffa9
ffffffa9
ffffffa9
ffffffa9
ffffffa9
ffffffa9
ffffffa9
ffffffa9
ffffffa9
ffffffa9
fffffd49
fffffce9
0000045c
00000474
000001de
fffffff4
fffffff4
fffffff4
fffffff4
fffffff4
fffffff4
fffffff4
fffffff4
fffffff4
fffffff4
fffffff4
fffffff4
fffffff4
fffffff4
fffffff4
fffffff4
fffffff4
fffffff4
fffffff4
fffffff4
fffffff4
fffffff4
ffffffd2
ffffff2c
fffffed4
fffffe36
fffffd0c
fffffd94
fffffdca
fffffd70
fffffdee
0000005c
0000026e
00000244
000003d2
00000206
000000a4
00000208
000001f8
00000176
00000164
000000f2
0000010c
00000072
fffffff4
fffffff4
fffffff4
fffffff4
fffffff4
fffffff4
fffffff4
fffffff4
fffffff4
fffffff4
fffffff4
fffffff4
fffffff4
fffffff4
fffffff4
fffffe6b
fffffd4a
fffffe35
fffffea0
ffffff2b
fffffff4
fffffff4
fffffff4
fffffff4
fffffff4
fffffff4
fffffff4
fffffff4
fffffff4
fffffff4
fffffff4
fffffff4
fffffff4
fffffff4
fffffff4
fffffff4
fffffff4
fffffff4
fffffff4
fffffff4
fffffff4
fffffff4
ffffffa8
ffffff36
fffffe62
ffffff8c
0000002e
0000002a
0000014c
00000182
000001cc
00000112
ffffffa2
fffffd5a
fffffdfc
ffffff6a
00000054
ffffffac
ffffff52
ffffff80
ffffff84
ffffff66
0000000c
ffffffd8
fffffff4
fffffff4
fffffff4
fffffff4
fffffff4
fffffff4
fffffff4
fffffff4
fffffff4
fffffff4
fffffff4
fffffff4
fffffff4
fffffff4
fffffff4
ffffff46
00000137
00000279
000001f4
000000dc
ffffffe6
ffffffe6
ffffffe6
ffffffe6
ffffffe6
ffffffe6
ffffffe6
ffffffe6
ffffffe6
ffffffe6
ffffffe6
ffffffe6
ffffffe6
ffffffe6
ffffffe6
ffffffe6
ffffffe6
ffffffe6
ffffffe6
ffffffe6
ffffffe6
ffffffe6
00000000
fffffeb2
ffffff82
00000100
0000003e
ffffff46
00000170
0000019c
000002ee
00000400
00000408
00000104
00000170
000000a2
000000e2
00000228
00000310
000002ae
000001de
00000056
ffffff9a
ffffffb8
ffffffe6
ffffffe6
ffffffe6
ffffffe6
ffffffe6
ffffffe6
ffffffe6
ffffffe6
ffffffe6
ffffffe6
ffffffe6
ffffffe6
ffffffe6
ffffffe6
ffffffe6
fffffbc5
fffffbf5
fffffbfd
fffffb25
fffffdca
0000008b
0000008b
0000008b
0000008b
0000008b
0000008b
0000008b
0000008b
0000008b
0000008b
0000008b
0000008b
0000008b
0000008b
0000008b
0000008b
0000008b
0000008b
0000008b
0000008b
0000008b
0000008b
0000001f
ffffff2b
ffffffcb
00000243
00000301
000003e1
000004d1
0000066d
00000667
000005b5
000002c3
ffffff33
ffffff65
00000173
00000559
00000457
00000271
0000029f
000001a9
0000006d
ffffffdb
00000031
0000008b
0000008b
0000008b
0000008b
0000008b
0000008b
0000008b
0000008b
0000008b
0000008b
0000008b
0000008b
0000008b
0000008b
0000008b
ffffffe9
0000032d
00000101
fffffd86
fffffd82
ffffffc1
ffffffc1
ffffffc1
ffffffc1
ffffffc1
ffffffc1
ffffffc1
ffffffc1
ffffffc1
ffffffc1
ffffffc1
ffffffc1
ffffffc1
ffffffc1
ffffffc1
ffffffc1
ffffffc1
ffffffc1
ffffffc1
ffffffc1
ffffffc1
ffffffc1
ffffffbd
ffffffef
000000f5
000001d3
0000017f
00000137
000000b3
000000e3
ffffffd9
00000077
0000014d
00000153
000000c5
000001f7
00000429
0000026d
000000b5
000000cd
ffffff81
ffffff3b
ffffff3b
ffffff85
ffffffc1
ffffffc1
ffffffc1
ffffffc1
ffffffc1
ffffffc1
ffffffc1
ffffffc1
ffffffc1
ffffffc1
ffffffc1
ffffffc1
ffffffc1
ffffffc1
ffffffc1
00000039
fffffeaf
00000655
00000538
00000167
000000f1
000000f1
000000f1
000000f1
000000f1
000000f1
000000f1
000000f1
000000f1
000000f1
000000f1
000000f1
000000f1
000000f1
000000f1
000000f1
000000f1
000000f1
000000f1
000000f1
000000f1
000000f1
00000123
00000099
ffffffb1
ffffff49
ffffffc5
0000023f
000003f7
00000441
000004c7
00000643
00000679
000004a1
0000021b
00000139
0000032b
000003e7
00000327
000001a1
0000012b
000001b5
00000161
000000c3
000000f1
000000f1
000000f1
000000f1
000000f1
000000f1
000000f1
000000f1
000000f1
000000f1
000000f1
000000f1
000000f1
000000f1
000000f1
fffffdaa
fffffbcc
00000015
ffffff6e
00000039
ffffff60
ffffff60
ffffff60
ffffff60
ffffff60
ffffff60
ffffff60
ffffff60
ffffff60
ffffff60
ffffff60
ffffff60
ffffff60
ffffff60
ffffff60
ffffff60
ffffff60
ffffff60
ffffff60
ffffff60
ffffff60
ffffff60
ffffff1e
fffffe82
fffffed2
ffffff16
fffffe74
fffffe5a
fffffef0
fffffed0
ffffff34
00000046
00000076
fffffde4
fffffd2c
fffffea2
fffffea0
fffffe08
fffffe74
ffffff04
ffffff1a
ffffff1c
ffffff7c
ffffff8e
ffffff60
ffffff60
ffffff60
ffffff60
ffffff60
ffffff60
ffffff60
ffffff60
ffffff60
ffffff60
ffffff60
ffffff60
ffffff60
ffffff60
ffffff60
fffffc6f
fffffc70
0000014b
0000029c
000002c7
00000261
00000261
00000261
00000261
00000261
00000261
00000261
00000261
00000261
00000261
00000261
00000261
00000261
00000261
00000261
00000261
00000261
00000261
00000261
00000261
00000261
00000261
0000028b
000002cb
000003e3
000003f5
000002f7
000002a5
000002a9
00000231
00000255
000003ef
00000401
000002bb
000002db
000001e7
00000143
000001af
000001e1
00000261
00000275
00000243
0000025f
00000283
00000261
00000261
00000261
00000261
00000261
00000261
00000261
00000261
00000261
00000261
00000261
00000261
00000261
00000261
00000261
00000234
00000257
000000e9
00000048
000000ad
0000014d
0000014d
0000014d
0000014d
0000014d
0000014d
0000014d
0000014d
0000014d
0000014d
0000014d
0000014d
0000014d
0000014d
0000014d
0000014d
0000014d
0000014d
0000014d
0000014d
0000014d
0000014d
0000007d
ffffffaf
ffffff3f
ffffff81
ffffff5b
ffffff89
fffffe4f
fffffdbf
fffffddb
fffffdef
fffffcd3
fffffc9f
fffffd57
fffffd39
fffffcf9
fffffe33
ffffff2f
000001c1
000001c3
000001e1
00000187
00000185
0000014d
0000014d
0000014d
0000014d
0000014d
0000014d
0000014d
0000014d
0000014d
0000014d
0000014d
0000014d
0000014d
0000014d
0000014d
0000007a
000000a3
fffffd10
fffffdd0
fffffea5
ffffff11
ffffff11
ffffff11
ffffff11
ffffff11
ffffff11
ffffff11
ffffff11
ffffff11
ffffff11
ffffff11
ffffff11
ffffff11
ffffff11
ffffff11
ffffff11
ffffff11
ffffff11
ffffff11
ffffff11
ffffff11
ffffff11
fffffee5
fffffeb1
fffffee5
ffffff2f
ffffff07
ffffff7d
00000065
00000137
00000177
000000fd
ffffffe7
ffffff7d
00000019
000000b1
00000057
00000029
00000025
00000035
ffffffbb
ffffff4d
fffffeeb
ffffff1d
ffffff11
ffffff11
ffffff11
ffffff11
ffffff11
ffffff11
ffffff11
ffffff11
ffffff11
ffffff11
ffffff11
ffffff11
ffffff11
ffffff11
ffffff11
00000161
0000029d
fffffbf4
fffffc72
fffffe58
ffffff58
ffffff58
ffffff58
ffffff58
ffffff58
ffffff58
ffffff58
ffffff58
ffffff58
ffffff58
ffffff58
ffffff58
ffffff58
ffffff58
ffffff58
ffffff58
ffffff58
ffffff58
ffffff58
ffffff58
ffffff58
ffffff58
ffffff88
00000126
00000170
00000040
00000100
0000012e
ffffffe8
fffffd0a
fffffa5c
fffff888
fffff974
fffffd22
fffffc9e
fffffd46
fffffc3c
fffffaf0
fffffb78
fffffba8
fffffc34
fffffdba
fffffeea
ffffff30
ffffff58
ffffff58
ffffff58
ffffff58
ffffff58
ffffff58
ffffff58
ffffff58
ffffff58
ffffff58
ffffff58
ffffff58
ffffff58
ffffff58
ffffff58
000004b5
000003f0
ffffffe9
fffffff4
00000086
00000068
00000068
00000068
00000068
00000068
00000068
00000068
00000068
00000068
00000068
00000068
00000068
00000068
00000068
00000068
00000068
00000068
00000068
00000068
00000068
00000068
00000068
000000a2
00000092
000000ee
000000b0
000000f0
fffffef8
fffffe8e
ffffffd4
00000070
ffffff8e
0000008e
000000f4
00000070
00000058
00000062
00000182
00000104
00000146
00000148
000000da
00000010
00000032
00000068
00000068
00000068
00000068
00000068
00000068
00000068
00000068
00000068
00000068
00000068
00000068
00000068
00000068
00000068
0000032b
000002a8
ffffff76
ffffff82
fffffe33
fffffe08
fffffe08
fffffe08
fffffe08
fffffe08
fffffe08
fffffe08
fffffe08
fffffe08
fffffe08
fffffe08
fffffe08
fffffe08
fffffe08
fffffe08
fffffe08
fffffe08
fffffe08
fffffe08
fffffe08
fffffe08
fffffe08
fffffe0c
fffffdcc
fffffd22
fffffd10
fffffda6
fffffe08
fffffe5a
fffffe0c
fffffda2
fffffc22
fffffbf0
fffffc96
fffffc32
fffffcf4
fffffd96
fffffe00
fffffe54
fffffeda
fffffe74
fffffe20
fffffe54
fffffe28
fffffe08
fffffe08
fffffe08
fffffe08
fffffe08
fffffe08
fffffe08
fffffe08
fffffe08
fffffe08
fffffe08
fffffe08
fffffe08
fffffe08
fffffe08
fffffe89
fffffe74
00000282
000002d6
000001c6
0000010a
0000010a
0000010a
0000010a
0000010a
0000010a
0000010a
0000010a
0000010a
0000010a
0000010a
0000010a
0000010a
0000010a
0000010a
0000010a
0000010a
0000010a
0000010a
0000010a
0000010a
0000010a
00000122
00000104
0000007a
ffffff52
ffffff00
ffffff9c
ffffffce
ffffff96
ffffffea
00000032
00000010
0000013a
00000126
0000004e
000000ea
000001e0
00000126
00000150
0000016a
000001d8
00000194
0000012e
0000010a
0000010a
0000010a
0000010a
0000010a
0000010a
0000010a
0000010a
0000010a
0000010a
0000010a
0000010a
0000010a
0000010a
0000010a
000001d1
0000016d
fffffbd3
fffffbc5
fffffd80
00000059
00000059
00000059
00000059
00000059
00000059
00000059
00000059
00000059
00000059
00000059
00000059
00000059
00000059
00000059
00000059
00000059
00000059
00000059
00000059
00000059
00000059
ffffffc9
ffffff0f
000000a9
00000083
000000e7
0000024d
0000043b
0000063d
00000633
000004d9
000000f5
fffffe19
fffffdb7
fffffea7
000003b7
00000383
00000257
00000309
000001b9
000000cf
ffffffed
00000065
00000059
00000059
00000059
00000059
00000059
00000059
00000059
00000059
00000059
00000059
00000059
00000059
00000059
00000059
00000059
0000032d
00000527
00000200
00000209
00000121
00000038
00000038
00000038
00000038
00000038
00000038
00000038
00000038
00000038
00000038
00000038
00000038
00000038
00000038
00000038
00000038
00000038
00000038
00000038
00000038
00000038
00000038
ffffffe2
ffffff50
ffffff0a
fffffe98
fffffe14
fffffef0
0000001e
00000144
000002c0
00000362
000001ae
000000a0
ffffffc8
ffffff9a
0000006e
0000015e
0000013e
00000192
000001c6
000001a0
0000010a
000000ac
00000038
00000038
00000038
00000038
00000038
00000038
00000038
00000038
00000038
00000038
00000038
00000038
00000038
00000038
00000038
00000006
00000012
000003a8
000002a2
00000144
ffffffb4
ffffffb4
ffffffb4
ffffffb4
ffffffb4
ffffffb4
ffffffb4
ffffffb4
ffffffb4
ffffffb4
ffffffb4
ffffffb4
ffffffb4
ffffffb4
ffffffb4
ffffffb4
ffffffb4
ffffffb4
ffffffb4
ffffffb4
ffffffb4
ffffffb4
00000004
00000044
ffffffd8
fffffe3a
fffffe62
fffffe30
fffffe08
fffffd0c
fffffd04
fffffda0
fffffe76
0000013a
ffffffc6
fffffdce
fffffe9e
ffffff5c
0000001a
ffffffe4
ffffffd0
ffffffa6
ffffffb4
ffffffac
ffffffb4
ffffffb4
ffffffb4
ffffffb4
ffffffb4
ffffffb4
ffffffb4
ffffffb4
ffffffb4
ffffffb4
ffffffb4
ffffffb4
ffffffb4
ffffffb4
ffffffb4
ffffff91
fffffd2d
fffffbe0
fffffcdd
fffffd6b
ffffff13
ffffff13
ffffff13
ffffff13
ffffff13
ffffff13
ffffff13
ffffff13
ffffff13
ffffff13
ffffff13
ffffff13
ffffff13
ffffff13
ffffff13
ffffff13
ffffff13
ffffff13
ffffff13
ffffff13
ffffff13
ffffff13
ffffff63
ffffffd7
00000081
000000f7
0000014f
000000cb
ffffffff
ffffffe5
ffffffd7
fffffe81
fffffd5d
fffffd6f
fffffe1f
fffffe49
fffffc9b
fffffbd5
fffffc39
fffffcdb
fffffd1d
fffffdc1
fffffe5d
fffffebf
ffffff13
ffffff13
ffffff13
ffffff13
ffffff13
ffffff13
ffffff13
ffffff13
ffffff13
ffffff13
ffffff13
ffffff13
ffffff13
ffffff13
ffffff13
ffffff54
000002c1
ffffff59
ffffffd8
ffffff9f
ffffff4e
ffffff4e
ffffff4e
ffffff4e
ffffff4e
ffffff4e
ffffff4e
ffffff4e
ffffff4e
ffffff4e
ffffff4e
ffffff4e
ffffff4e
ffffff4e
ffffff4e
ffffff4e
ffffff4e
ffffff4e
ffffff4e
ffffff4e
ffffff4e
ffffff4e
ffffffb0
000000a0
0000011c
0000024e
000002e6
00000294
0000023e
00000186
000000c0
00000112
00000276
000002e8
000002b8
00000196
ffffffb2
fffffdf8
fffffe1e
fffffd28
fffffdd0
fffffe9e
ffffff2a
ffffff34
ffffff4e
ffffff4e
ffffff4e
ffffff4e
ffffff4e
ffffff4e
ffffff4e
ffffff4e
ffffff4e
ffffff4e
ffffff4e
ffffff4e
ffffff4e
ffffff4e
ffffff4e
0000007f
00000032
fffffcdf
fffffda5
00000024
00000060
00000060
00000060
00000060
00000060
00000060
00000060
00000060
00000060
00000060
00000060
00000060
00000060
00000060
00000060
00000060
00000060
00000060
00000060
00000060
00000060
00000060
0000008a
00000102
000000fe
0000015e
000002bc
00000238
0000023e
0000011e
00000092
0000008a
00000164
00000214
00000096
000000b2
00000010
ffffff0c
ffffffae
ffffffa8
ffffff64
fffffedc
ffffff5c
fffffff4
00000060
00000060
00000060
00000060
00000060
00000060
00000060
00000060
00000060
00000060
00000060
00000060
00000060
00000060
00000060
0000023b
0000026a
00000076
0000005c
ffffff92
ffffffe0
ffffffe0
ffffffe0
ffffffe0
ffffffe0
ffffffe0
ffffffe0
ffffffe0
ffffffe0
ffffffe0
ffffffe0
ffffffe0
ffffffe0
ffffffe0
ffffffe0
ffffffe0
ffffffe0
ffffffe0
ffffffe0
ffffffe0
ffffffe0
ffffffe0
ffffffc8
ffffff4a
ffffff48
ffffff84
ffffffe6
ffffff1c
fffffe96
fffffdf0
fffffe3c
fffffe3c
ffffff44
ffffffac
ffffff4c
ffffff74
ffffff46
ffffff8c
ffffff52
ffffffb6
ffffff74
ffffff64
ffffff48
ffffff8c
ffffffe0
ffffffe0
ffffffe0
ffffffe0
ffffffe0
ffffffe0
ffffffe0
ffffffe0
ffffffe0
ffffffe0
ffffffe0
ffffffe0
ffffffe0
ffffffe0
ffffffe0
ffffff5c
ffffff85
ffffffa4
fffffff4
fffffffc
ffffff75
ffffff75
ffffff75
ffffff75
ffffff75
ffffff75
ffffff75
ffffff75
ffffff75
ffffff75
ffffff75
ffffff75
ffffff75
ffffff75
ffffff75
ffffff75
ffffff75
ffffff75
ffffff75
ffffff75
ffffff75
ffffff75
ffffff93
ffffffff
ffffffa3
0000003b
00000133
0000001b
00000077
00000069
ffffffd9
00000011
fffffff9
0000003f
00000013
000000dd
ffffffcf
fffffefb
ffffff73
ffffff21
fffffed9
ffffff2d
ffffff57
ffffff75
ffffff75
ffffff75
ffffff75
ffffff75
ffffff75
ffffff75
ffffff75
ffffff75
ffffff75
ffffff75
ffffff75
ffffff75
ffffff75
ffffff75
ffffff75
fffffe87
ffffff58
fffffe18
fffffe5d
fffffe6c
ffffff47
ffffff47
ffffff47
ffffff47
ffffff47
ffffff47
ffffff47
ffffff47
ffffff47
ffffff47
ffffff47
ffffff47
ffffff47
ffffff47
ffffff47
ffffff47
ffffff47
ffffff47
ffffff47
ffffff47
ffffff47
ffffff47
ffffff75
ffffff73
ffffffa3
0000002f
00000159
00000167
00000039
ffffffed
ffffff05
fffffd2b
fffffc4f
fffffe21
00000037
0000001b
00000175
0000011b
00000017
00000023
fffffff7
ffffff1d
fffffe6d
fffffef7
ffffff47
ffffff47
ffffff47
ffffff47
ffffff47
ffffff47
ffffff47
ffffff47
ffffff47
ffffff47
ffffff47
ffffff47
ffffff47
ffffff47
ffffff47
0000008f
000001cd
ffffff1f
fffffeee
fffffed0
ffffff6a
ffffff6a
ffffff6a
ffffff6a
ffffff6a
ffffff6a
ffffff6a
ffffff6a
ffffff6a
ffffff6a
ffffff6a
ffffff6a
ffffff6a
ffffff6a
ffffff6a
ffffff6a
ffffff6a
ffffff6a
ffffff6a
ffffff6a
ffffff6a
ffffff6a
ffffff7c
ffffff36
ffffff44
fffffd3a
fffffca2
fffffb3e
fffff918
fffff9fe
fffffbb0
fffffd7a
fffffd20
fffffc02
fffffa98
fffff8fe
fffff9c6
fffffbb0
fffffc3a
fffffe8e
ffffff64
fffffffe
ffffffb2
ffffff82
ffffff6a
ffffff6a
ffffff6a
ffffff6a
ffffff6a
ffffff6a
ffffff6a
ffffff6a
ffffff6a
ffffff6a
ffffff6a
ffffff6a
ffffff6a
ffffff6a
ffffff6a
ffffff60
ffffffe5
00000051
0000021a
ffffffbe
fffffe8c
fffffe8c
fffffe8c
fffffe8c
fffffe8c
fffffe8c
fffffe8c
fffffe8c
fffffe8c
fffffe8c
fffffe8c
fffffe8c
fffffe8c
fffffe8c
fffffe8c
fffffe8c
fffffe8c
fffffe8c
fffffe8c
fffffe8c
fffffe8c
fffffe8c
fffffeb8
ffffff88
0000004c
ffffffb0
fffffce4
fffffd90
fffffd28
fffffb18
fffffa7a
fffffb22
fffffbf4
fffffac0
fffffd7c
fffffd36
fffffb98
fffffcce
fffffda2
fffffd14
fffffd72
fffffe52
ffffff0a
fffffeca
fffffe8c
fffffe8c
fffffe8c
fffffe8c
fffffe8c
fffffe8c
fffffe8c
fffffe8c
fffffe8c
fffffe8c
fffffe8c
fffffe8c
fffffe8c
fffffe8c
fffffe8c
fffffeaa
0000002e
000003a2
000001f9
00000061
fffffffe
fffffffe
fffffffe
fffffffe
fffffffe
fffffffe
fffffffe
fffffffe
fffffffe
fffffffe
fffffffe
fffffffe
fffffffe
fffffffe
fffffffe
fffffffe
fffffffe
fffffffe
fffffffe
fffffffe
fffffffe
fffffffe
ffffffb8
ffffff30
ffffff1e
fffffdc4
fffffd22
fffffd9a
fffffd72
fffffd9e
fffffcde
fffffdda
ffffff2a
0000007a
000002b4
0000031a
000003bc
000002b2
000000a2
0000003e
000000ce
000000e2
00000166
000000c6
fffffffe
fffffffe
fffffffe
fffffffe
fffffffe
fffffffe
fffffffe
fffffffe
fffffffe
fffffffe
fffffffe
fffffffe
fffffffe
fffffffe
fffffffe
fffffc20
fffffba9
0000028d
0000015b
ffffff71
ffffff41
ffffff41
ffffff41
ffffff41
ffffff41
ffffff41
ffffff41
ffffff41
ffffff41
ffffff41
ffffff41
ffffff41
ffffff41
ffffff41
ffffff41
ffffff41
ffffff41
ffffff41
ffffff41
ffffff41
ffffff41
ffffff41
fffffe7b
fffffd05
fffffbe1
fffffbd5
fffffc0d
fffffd01
ffffff0f
0000024d
0000028d
00000235
0000023d
fffffff5
00000081
00000165
000000bf
fffffff9
fffffe81
ffffff1b
ffffff97
ffffffd9
0000000f
ffffff33
ffffff41
ffffff41
ffffff41
ffffff41
ffffff41
ffffff41
ffffff41
ffffff41
ffffff41
ffffff41
ffffff41
ffffff41
ffffff41
ffffff41
ffffff41
fffffd48
fffffc45
0000014a
ffffffce
ffffff8c
fffffffc
fffffffc
fffffffc
fffffffc
fffffffc
fffffffc
fffffffc
fffffffc
fffffffc
fffffffc
fffffffc
fffffffc
fffffffc
fffffffc
fffffffc
fffffffc
fffffffc
fffffffc
fffffffc
fffffffc
fffffffc
fffffffc
fffffffc
ffffff9c
ffffff56
ffffffcc
000000a4
0000018c
00000036
fffffe9a
fffffe40
000000d4
000000ca
ffffff3e
0000000a
ffffff90
0000008c
000001ae
00000250
00000256
00000130
000000e2
00000098
00000026
fffffffc
fffffffc
fffffffc
fffffffc
fffffffc
fffffffc
fffffffc
fffffffc
fffffffc
fffffffc
fffffffc
fffffffc
fffffffc
fffffffc
fffffffc
fffffbd9
fffffcca
00000070
0000002c
00000003
000000b2
000000b2
000000b2
000000b2
000000b2
000000b2
000000b2
000000b2
000000b2
000000b2
000000b2
000000b2
000000b2
000000b2
000000b2
000000b2
000000b2
000000b2
000000b2
000000b2
000000b2
000000b2
00000094
000000b8
000001a0
00000204
0000025e
00000234
0000010a
00000076
00000046
00000094
000000b4
00000196
00000176
0000007c
000000e0
0000010e
0000003a
000000b4
0000004e
00000008
00000048
0000008a
000000b2
000000b2
000000b2
000000b2
000000b2
000000b2
000000b2
000000b2
000000b2
000000b2
000000b2
000000b2
000000b2
000000b2
000000b2
ffffffe9
0000001c
000000ab
00000324
000001e9
00000207
00000207
00000207
00000207
00000207
00000207
00000207
00000207
00000207
00000207
00000207
00000207
00000207
00000207
00000207
00000207
00000207
00000207
00000207
00000207
00000207
00000207
00000201
00000253
00000489
000004f9
0000051f
00000525
00000441
0000029d
00000217
000001e9
000001ef
00000487
000007cb
00000717
000003cf
00000259
00000093
00000067
00000059
00000169
0000012d
000001db
00000207
00000207
00000207
00000207
00000207
00000207
00000207
00000207
00000207
00000207
00000207
00000207
00000207
00000207
00000207
00000179
00000263
000001cd
ffffff73
ffffff72
fffffff0
fffffff0
fffffff0
fffffff0
fffffff0
fffffff0
fffffff0
fffffff0
fffffff0
fffffff0
fffffff0
fffffff0
fffffff0
fffffff0
fffffff0
fffffff0
fffffff0
fffffff0
fffffff0
fffffff0
fffffff0
fffffff0
ffffffda
fffffeac
fffffffa
000001ca
00000186
00000108
00000292
000004b4
000005aa
000007de
0000072a
0000032e
0000036a
0000042e
0000068c
000006b4
000005c0
0000048e
000002b0
00000088
ffffff9a
ffffffa6
fffffff0
fffffff0
fffffff0
fffffff0
fffffff0
fffffff0
fffffff0
fffffff0
fffffff0
fffffff0
fffffff0
fffffff0
fffffff0
fffffff0
fffffff0
fffffce7
fffffcaa
fffffde9
fffffd89
ffffff2b
00000040
00000040
00000040
00000040
00000040
00000040
00000040
00000040
00000040
00000040
00000040
00000040
00000040
00000040
00000040
00000040
00000040
00000040
00000040
00000040
00000040
00000040
0000009c
00000150
000001d0
000002e0
000002d4
000001e2
00000228
00000242
000001bc
000002b4
0000032a
000000d2
fffffffe
00000078
0000009a
0000009e
0000011e
0000007a
ffffffc0
ffffffc8
fffffff0
0000001a
00000040
00000040
00000040
00000040
00000040
00000040
00000040
00000040
00000040
00000040
00000040
00000040
00000040
00000040
00000040
ffffff49
0000001b
000003c2
0000038a
000002c5
000000a0
000000a0
000000a0
000000a0
000000a0
000000a0
000000a0
000000a0
000000a0
000000a0
000000a0
000000a0
000000a0
000000a0
000000a0
000000a0
000000a0
000000a0
000000a0
000000a0
000000a0
000000a0
00000010
ffffff98
ffffff54
fffffe86
ffffff28
ffffff2a
ffffff92
ffffff0c
ffffff06
fffffe16
ffffff2e
00000070
ffffff98
ffffff48
ffffff2c
0000007c
000001c0
0000027a
000001f8
000001e2
0000015c
0000010e
000000a0
000000a0
000000a0
000000a0
000000a0
000000a0
000000a0
000000a0
000000a0
000000a0
000000a0
000000a0
000000a0
000000a0
000000a0
0000011f
00000033
ffffff1d
ffffff75
ffffff71
ffffffa2
ffffffa2
ffffffa2
ffffffa2
ffffffa2
ffffffa2
ffffffa2
ffffffa2
ffffffa2
ffffffa2
ffffffa2
ffffffa2
ffffffa2
ffffffa2
ffffffa2
ffffffa2
ffffffa2
ffffffa2
ffffffa2
ffffffa2
ffffffa2
ffffffa2
ffffff30
ffffff12
fffffe88
fffffd28
fffffd1a
fffffb0c
fffffa16
fffff948
fffffa10
fffff974
fffffa4a
fffffd0e
fffffbb2
fffffb02
fffffb44
fffffd84
ffffffc2
00000280
000002e2
0000022a
0000004e
ffffffce
ffffffa2
ffffffa2
ffffffa2
ffffffa2
ffffffa2
ffffffa2
ffffffa2
ffffffa2
ffffffa2
ffffffa2
ffffffa2
ffffffa2
ffffffa2
ffffffa2
ffffffa2
000002a8
00000236
fffffc07
fffffc2a
ffffff4e
00000029
00000029
00000029
00000029
00000029
00000029
00000029
00000029
00000029
00000029
00000029
00000029
00000029
00000029
00000029
00000029
00000029
00000029
00000029
00000029
00000029
00000029
00000051
00000037
00000101
0000017b
000002df
000002cb
000001bd
00000103
ffffffd9
ffffff8b
00000103
000001df
000001d3
00000139
0000018b
00000109
0000016f
0000015f
0000009f
ffffffeb
ffffffff
00000031
00000029
00000029
00000029
00000029
00000029
00000029
00000029
00000029
00000029
00000029
00000029
00000029
00000029
00000029
00000029
000001cb
00000300
ffffff84
00000160
0000019c
0000011c
0000011c
0000011c
0000011c
0000011c
0000011c
0000011c
0000011c
0000011c
0000011c
0000011c
0000011c
0000011c
0000011c
0000011c
0000011c
0000011c
0000011c
0000011c
0000011c
0000011c
0000011c
00000108
00000102
00000152
00000148
00000052
ffffffe2
0000006a
00000020
000000c4
000000ae
0000000e
fffffed2
fffffeb8
ffffff5e
ffffff4a
00000088
00000190
000001c4
0000012c
000000ec
000000f4
000000e6
0000011c
0000011c
0000011c
0000011c
0000011c
0000011c
0000011c
0000011c
0000011c
0000011c
0000011c
0000011c
0000011c
0000011c
0000011c
000000bd
000001a7
fffffdfd
fffffc85
fffffdcb
ffffff0e
ffffff0e
ffffff0e
ffffff0e
ffffff0e
ffffff0e
ffffff0e
ffffff0e
ffffff0e
ffffff0e
ffffff0e
ffffff0e
ffffff0e
ffffff0e
ffffff0e
ffffff0e
ffffff0e
ffffff0e
ffffff0e
ffffff0e
ffffff0e
ffffff0e
fffffec2
fffffeda
fffffec8
0000002a
0000000e
fffffeb8
fffffdb2
ffffff6e
0000006c
0000018c
000001a2
fffffe08
fffffac6
fffffc44
ffffffa2
ffffff80
fffffeca
fffffec8
fffffdf2
fffffe52
fffffe94
fffffeba
ffffff0e
ffffff0e
ffffff0e
ffffff0e
ffffff0e
ffffff0e
ffffff0e
ffffff0e
ffffff0e
ffffff0e
ffffff0e
ffffff0e
ffffff0e
ffffff0e
ffffff0e
fffffe1b
fffffde5
ffffff62
fffffeb5
fffffe6c
fffffeac
fffffeac
fffffeac
fffffeac
fffffeac
fffffeac
fffffeac
fffffeac
fffffeac
fffffeac
fffffeac
fffffeac
fffffeac
fffffeac
fffffeac
fffffeac
fffffeac
fffffeac
fffffeac
fffffeac
fffffeac
fffffeac
fffffe90
fffffe88
fffffe66
fffffe7c
fffffe0e
fffffe2c
fffffe82
ffffff72
fffffdc2
fffffd06
fffffd34
fffffe4a
fffffe86
fffffe56
fffffeec
fffffdae
fffffd82
fffffdb8
fffffdde
fffffde6
fffffe72
fffffe8c
fffffeac
fffffeac
fffffeac
fffffeac
fffffeac
fffffeac
fffffeac
fffffeac
fffffeac
fffffeac
fffffeac
fffffeac
fffffeac
fffffeac
fffffeac
ffffff53
ffffffa4
00000271
0000020a
000001b5
000000cf
000000cf
000000cf
000000cf
000000cf
000000cf
000000cf
000000cf
000000cf
000000cf
000000cf
000000cf
000000cf
000000cf
000000cf
000000cf
000000cf
000000cf
000000cf
000000cf
000000cf
000000cf
000000e7
0000007b
00000013
000000cf
000001db
00000121
00000049
00000137
fffffff5
fffffefb
0000004b
0000009b
ffffffff
000000ef
0000033f
00000307
00000171
00000045
00000069
000000c1
0000007f
000000c5
000000cf
000000cf
000000cf
000000cf
000000cf
000000cf
000000cf
000000cf
000000cf
000000cf
000000cf
000000cf
000000cf
000000cf
000000cf
000001df
00000099
fffffc31
fffffd35
fffffdc8
ffffff22
ffffff22
ffffff22
ffffff22
ffffff22
ffffff22
ffffff22
ffffff22
ffffff22
ffffff22
ffffff22
ffffff22
ffffff22
ffffff22
ffffff22
ffffff22
ffffff22
ffffff22
ffffff22
ffffff22
ffffff22
ffffff22
00000020
00000128
0000023c
000001ce
000001c0
00000244
000000a6
00000098
ffffff8a
ffffff62
fffffe3c
0000008e
00000360
00000136
000000e2
fffffeee
fffffe3e
fffffd7c
fffffd5c
fffffdb4
fffffe88
fffffece
ffffff22
ffffff22
ffffff22
ffffff22
ffffff22
ffffff22
ffffff22
ffffff22
ffffff22
ffffff22
ffffff22
ffffff22
ffffff22
ffffff22
ffffff22
ffffffe0
00000435
0000004e
00000089
00000042
0000004b
0000004b
0000004b
0000004b
0000004b
0000004b
0000004b
0000004b
0000004b
0000004b
0000004b
0000004b
0000004b
0000004b
0000004b
0000004b
0000004b
0000004b
0000004b
0000004b
0000004b
0000004b
00000045
000000ad
000000b5
0000005d
0000009f
000000ff
000000d1
0000006d
00000117
000000b1
00000075
0000015f
00000175
00000167
00000015
000000e3
000000e5
000000b1
0000006f
00000091
00000069
0000006d
0000004b
0000004b
0000004b
0000004b
0000004b
0000004b
0000004b
0000004b
0000004b
0000004b
0000004b
0000004b
0000004b
0000004b
0000004b
00000060
0000005e
0000035d
000001f7
00000021
ffffff22
ffffff22
ffffff22
ffffff22
ffffff22
ffffff22
ffffff22
ffffff22
ffffff22
ffffff22
ffffff22
ffffff22
ffffff22
ffffff22
ffffff22
ffffff22
ffffff22
ffffff22
ffffff22
ffffff22
ffffff22
ffffff22
ffffff34
ffffff8e
0000008e
000000ca
000000bc
ffffff42
fffffe38
fffffeb0
fffffed4
00000030
00000180
000001de
000001ba
0000011e
000000ec
000000bc
ffffff18
ffffff56
ffffff1a
fffffedc
fffffee8
fffffeee
ffffff22
ffffff22
ffffff22
ffffff22
ffffff22
ffffff22
ffffff22
ffffff22
ffffff22
ffffff22
ffffff22
ffffff22
ffffff22
ffffff22
ffffff22
fffffc5d
fffffb98
ffffffaf
0000011e
000000f9
000000b6
000000b6
000000b6
000000b6
000000b6
000000b6
000000b6
000000b6
000000b6
000000b6
000000b6
000000b6
000000b6
000000b6
000000b6
000000b6
000000b6
000000b6
000000b6
000000b6
000000b6
000000b6
000000ce
00000070
000000a2
000001c6
00000180
00000224
00000250
00000202
0000012e
ffffffe2
ffffff26
ffffff50
00000100
000001fc
000000d2
00000012
ffffff0a
ffffff6c
ffffff96
ffffff90
0000002c
00000076
000000b6
000000b6
000000b6
000000b6
000000b6
000000b6
000000b6
000000b6
000000b6
000000b6
000000b6
000000b6
000000b6
000000b6
000000b6
000000f2
0000010f
0000002f
ffffffd5
000000a0
0000016b
0000016b
0000016b
0000016b
0000016b
0000016b
0000016b
0000016b
0000016b
0000016b
0000016b
0000016b
0000016b
0000016b
0000016b
0000016b
0000016b
0000016b
0000016b
0000016b
0000016b
0000016b
000000ff
000000f5
000000fb
00000127
000000f9
000000e7
0000012d
000000ef
0000007d
ffffffa1
ffffff63
00000041
fffffff7
ffffff13
fffffef3
ffffff3b
00000021
0000017d
00000203
000001e5
000001a9
00000193
0000016b
0000016b
0000016b
0000016b
0000016b
0000016b
0000016b
0000016b
0000016b
0000016b
0000016b
0000016b
0000016b
0000016b
0000016b
00000198
00000186
000005a7
00000504
0000021a
0000004c
0000004c
0000004c
0000004c
0000004c
0000004c
0000004c
0000004c
0000004c
0000004c
0000004c
0000004c
0000004c
0000004c
0000004c
0000004c
0000004c
0000004c
0000004c
0000004c
0000004c
0000004c
0000000c
ffffffba
fffffdf8
fffffcbc
fffffc9a
fffffdf8
fffffe9e
fffffd5c
fffffdba
00000004
0000019c
000001ee
00000098
00000040
000000aa
0000022a
000001e2
00000160
0000012c
00000158
00000194
000000ce
0000004c
0000004c
0000004c
0000004c
0000004c
0000004c
0000004c
0000004c
0000004c
0000004c
0000004c
0000004c
0000004c
0000004c
0000004c
fffffd93
fffffb1b
fffffc4e
fffffcfc
fffffd65
ffffff28
ffffff28
ffffff28
ffffff28
ffffff28
ffffff28
ffffff28
ffffff28
ffffff28
ffffff28
ffffff28
ffffff28
ffffff28
ffffff28
ffffff28
ffffff28
ffffff28
ffffff28
ffffff28
ffffff28
ffffff28
ffffff28
ffffff8a
0000004a
00000080
0000006e
00000110
000000ac
ffffffca
00000056
00000078
ffffff94
fffffd78
fffffe56
fffffe52
fffffe30
fffffd20
fffffca8
fffffc80
fffffdd4
fffffd94
fffffe92
fffffeee
fffffefc
ffffff28
ffffff28
ffffff28
ffffff28
ffffff28
ffffff28
ffffff28
ffffff28
ffffff28
ffffff28
ffffff28
ffffff28
ffffff28
ffffff28
ffffff28
ffffff60
000002d7
0000037c
000002e6
000002bc
0000012f
0000012f
0000012f
0000012f
0000012f
0000012f
0000012f
0000012f
0000012f
0000012f
0000012f
0000012f
0000012f
0000012f
0000012f
0000012f
0000012f
0000012f
0000012f
0000012f
0000012f
0000012f
00000049
fffffff3
ffffffcd
ffffff49
fffffea7
fffffd9b
fffffea9
fffffe9b
ffffff1b
ffffff05
0000013b
ffffff8f
fffffc71
fffffd75
fffffe3f
ffffff95
0000013f
000001e7
00000135
00000095
00000097
00000105
0000012f
0000012f
0000012f
0000012f
0000012f
0000012f
0000012f
0000012f
0000012f
0000012f
0000012f
0000012f
0000012f
0000012f
0000012f
0000004d
fffffcf8
00000247
000001b6
00000171
000000a9
000000a9
000000a9
000000a9
000000a9
000000a9
000000a9
000000a9
000000a9
000000a9
000000a9
000000a9
000000a9
000000a9
000000a9
000000a9
000000a9
000000a9
000000a9
000000a9
000000a9
000000a9
00000069
ffffffed
ffffffeb
00000027
ffffffc3
ffffffad
00000001
0000001d
0000000b
00000103
00000211
00000039
ffffffd5
00000093
00000233
000001e3
000001d3
0000019f
0000014f
00000117
000000f1
000000b5
000000a9
000000a9
000000a9
000000a9
000000a9
000000a9
000000a9
000000a9
000000a9
000000a9
000000a9
000000a9
000000a9
000000a9
000000a9
fffffe57
fffffdd6
fffffdf7
ffffffb1
fffffff9
ffffff0a
ffffff0a
ffffff0a
ffffff0a
ffffff0a
ffffff0a
ffffff0a
ffffff0a
ffffff0a
ffffff0a
ffffff0a
ffffff0a
ffffff0a
ffffff0a
ffffff0a
ffffff0a
ffffff0a
ffffff0a
ffffff0a
ffffff0a
ffffff0a
ffffff0a
ffffff9c
00000148
000001f6
00000226
00000338
00000440
000003c6
00000338
00000284
00000090
000000b0
000001c2
0000011c
ffffff90
fffffe52
fffffe08
ffffff08
fffffeae
fffffec8
fffffefe
ffffff36
ffffff3a
ffffff0a
ffffff0a
ffffff0a
ffffff0a
ffffff0a
ffffff0a
ffffff0a
ffffff0a
ffffff0a
ffffff0a
ffffff0a
ffffff0a
ffffff0a
ffffff0a
ffffff0a
000001ec
0000032b
00000517
000002b4
000000cd
ffffff81
ffffff81
ffffff81
ffffff81
ffffff81
ffffff81
ffffff81
ffffff81
ffffff81
ffffff81
ffffff81
ffffff81
ffffff81
ffffff81
ffffff81
ffffff81
ffffff81
ffffff81
ffffff81
ffffff81
ffffff81
ffffff81
ffffff41
ffffff53
fffffed1
fffffe63
fffffe4d
ffffffdf
fffffded
fffffd1b
fffffcff
ffffff0f
00000335
00000365
000003bf
00000167
00000083
0000013b
0000002b
0000005b
ffffffbb
ffffffc5
00000017
ffffff83
ffffff81
ffffff81
ffffff81
ffffff81
ffffff81
ffffff81
ffffff81
ffffff81
ffffff81
ffffff81
ffffff81
ffffff81
ffffff81
ffffff81
ffffff81
fffffc8e
fffffa15
ffffff5d
ffffff64
ffffff8c
00000034
00000034
00000034
00000034
00000034
00000034
00000034
00000034
00000034
00000034
00000034
00000034
00000034
00000034
00000034
00000034
00000034
00000034
00000034
00000034
00000034
00000034
000000c0
000001b6
00000296
00000168
00000110
00000098
ffffffce
ffffff78
ffffff20
ffffff6c
ffffffd2
0000007a
000000d6
000000ba
0000015e
000000de
00000134
000000a0
00000094
00000040
00000068
00000058
00000034
00000034
00000034
00000034
00000034
00000034
00000034
00000034
00000034
00000034
00000034
00000034
00000034
00000034
00000034
00000063
000000f5
fffffc32
fffffc61
fffffc80
fffffd01
fffffd01
fffffd01
fffffd01
fffffd01
fffffd01
fffffd01
fffffd01
fffffd01
fffffd01
fffffd01
fffffd01
fffffd01
fffffd01
fffffd01
fffffd01
fffffd01
fffffd01
fffffd01
fffffd01
fffffd01
fffffd01
fffffd17
fffffd73
ffffff7b
ffffff85
ffffff0d
ffffff19
ffffff2d
000000e7
00000023
fffffdb5
fffffc41
fffffb77
fffffc6d
fffffd09
fffffe29
fffffc49
fffffbf3
fffffc67
fffffc1f
fffffb61
fffffbff
fffffcb9
fffffd01
fffffd01
fffffd01
fffffd01
fffffd01
fffffd01
fffffd01
fffffd01
fffffd01
fffffd01
fffffd01
fffffd01
fffffd01
fffffd01
fffffd01
fffffff8
00000091
0000010a
000000b4
000000fe
fffffec5
fffffec5
fffffec5
fffffec5
fffffec5
fffffec5
fffffec5
fffffec5
fffffec5
fffffec5
fffffec5
fffffec5
fffffec5
fffffec5
fffffec5
fffffec5
fffffec5
fffffec5
fffffec5
fffffec5
fffffec5
fffffec5
fffffe8b
ffffff59
ffffffb5
ffffff21
fffffda3
fffffd3d
fffffdc5
ffffff13
ffffff7f
00000021
0000011b
0000017b
000002b3
000003f9
000003bd
0000030d
000001d1
fffffffd
ffffff33
fffffecf
fffffe63
fffffef9
fffffec5
fffffec5
fffffec5
fffffec5
fffffec5
fffffec5
fffffec5
fffffec5
fffffec5
fffffec5
fffffec5
fffffec5
fffffec5
fffffec5
fffffec5
00000012
fffffee1
fffffef3
fffffda4
fffffe0d
fffffe74
fffffe74
fffffe74
fffffe74
fffffe74
fffffe74
fffffe74
fffffe74
fffffe74
fffffe74
fffffe74
fffffe74
fffffe74
fffffe74
fffffe74
fffffe74
fffffe74
fffffe74
fffffe74
fffffe74
fffffe74
fffffe74
fffffeb6
fffffe66
fffffe62
fffffe90
ffffff22
fffffea4
fffffe80
fffffd40
fffffc76
fffffd20
fffffeb6
ffffff8c
fffffda4
fffffd18
fffffe44
fffffdb2
fffffdcc
fffffd8a
fffffdbc
fffffe18
fffffe6e
fffffe8c
fffffe74
fffffe74
fffffe74
fffffe74
fffffe74
fffffe74
fffffe74
fffffe74
fffffe74
fffffe74
fffffe74
fffffe74
fffffe74
fffffe74
fffffe74
fffffe92
fffffe8d
fffffc8b
fffffb22
fffffd14
ffffff11
ffffff11
ffffff11
ffffff11
ffffff11
ffffff11
ffffff11
ffffff11
ffffff11
ffffff11
ffffff11
ffffff11
ffffff11
ffffff11
ffffff11
ffffff11
ffffff11
ffffff11
ffffff11
ffffff11
ffffff11
ffffff11
ffffff4d
ffffff71
ffffff81
0000006f
00000107
000000c1
000000f3
00000109
ffffff93
fffffeef
fffffe25
fffffda5
fffffcd3
ffffff03
ffffffc9
fffffdb5
fffffcf9
fffffd23
fffffd59
fffffda5
fffffe4b
fffffec1
ffffff11
ffffff11
ffffff11
ffffff11
ffffff11
ffffff11
ffffff11
ffffff11
ffffff11
ffffff11
ffffff11
ffffff11
ffffff11
ffffff11
ffffff11
fffffe63
fffffe70
00000174
000000bc
0000003d
ffffff11
ffffff11
ffffff11
ffffff11
ffffff11
ffffff11
ffffff11
ffffff11
ffffff11
ffffff11
ffffff11
ffffff11
ffffff11
ffffff11
ffffff11
ffffff11
ffffff11
ffffff11
ffffff11
ffffff11
ffffff11
ffffff11
fffffea3
fffffdd5
fffffe2f
ffffff29
ffffff51
fffffe77
fffffdbf
fffffec3
ffffff11
ffffff0b
fffffeeb
fffffdf5
fffffd6f
fffffd1b
fffffe4d
ffffff09
ffffff27
00000083
00000101
0000006d
ffffff81
ffffff37
ffffff11
ffffff11
ffffff11
ffffff11
ffffff11
ffffff11
ffffff11
ffffff11
ffffff11
ffffff11
ffffff11
ffffff11
ffffff11
ffffff11
ffffff11
fffffdb9
fffffda4
fffffd03
fffffd93
fffffe31
ffffff33
ffffff33
ffffff33
ffffff33
ffffff33
ffffff33
ffffff33
ffffff33
ffffff33
ffffff33
ffffff33
ffffff33
ffffff33
ffffff33
ffffff33
ffffff33
ffffff33
ffffff33
ffffff33
ffffff33
ffffff33
ffffff33
ffffff55
00000021
0000009d
000000f5
00000151
0000014b
00000091
00000141
000000f1
000000d3
00000131
0000027d
0000030f
00000269
00000211
000000b1
ffffffa7
fffffee7
fffffead
fffffe89
fffffed5
ffffff0d
ffffff33
ffffff33
ffffff33
ffffff33
ffffff33
ffffff33
ffffff33
ffffff33
ffffff33
ffffff33
ffffff33
ffffff33
ffffff33
ffffff33
ffffff33
000001bb
000002e2
fffffc28
fffffb95
fffffbc5
fffffd00
fffffd00
fffffd00
fffffd00
fffffd00
fffffd00
fffffd00
fffffd00
fffffd00
fffffd00
fffffd00
fffffd00
fffffd00
fffffd00
fffffd00
fffffd00
fffffd00
fffffd00
fffffd00
fffffd00
fffffd00
fffffd00
fffffc8e
fffffb70
fffffabe
fffffa10
fffffa4c
fffffaf6
fffffba2
fffffd48
ffffff30
ffffff42
fffffe8a
fffffd5e
fffffcd6
fffffdb8
fffffe76
fffffeee
fffffe80
ffffff44
fffffed2
fffffe56
fffffd78
fffffd04
fffffd00
fffffd00
fffffd00
fffffd00
fffffd00
fffffd00
fffffd00
fffffd00
fffffd00
fffffd00
fffffd00
fffffd00
fffffd00
fffffd00
fffffd00
fffffe83
fffffef6
00000063
000000a9
00000236
00000347
00000347
00000347
00000347
00000347
00000347
00000347
00000347
00000347
00000347
00000347
00000347
00000347
00000347
00000347
00000347
00000347
00000347
00000347
00000347
00000347
00000347
0000031d
00000309
00000315
00000369
00000247
00000021
000000a1
000000af
00000091
0000025f
000002c7
000001c7
000001db
00000359
00000413
00000317
000002fd
000003df
000003b9
0000026d
0000026b
000002ef
00000347
00000347
00000347
00000347
00000347
00000347
00000347
00000347
00000347
00000347
00000347
00000347
00000347
00000347
00000347
00000301
0000026a
000001e5
00000166
0000025e
0000018b
0000018b
0000018b
0000018b
0000018b
0000018b
0000018b
0000018b
0000018b
0000018b
0000018b
0000018b
0000018b
0000018b
0000018b
0000018b
0000018b
0000018b
0000018b
0000018b
0000018b
0000018b
000000c7
0000005f
0000009b
000000f1
ffffffa5
fffffeeb
fffffdfb
fffffe31
fffffe13
ffffff71
ffffff2d
fffffbe5
fffffc13
fffffd55
0000004b
00000037
000000ab
00000235
000002ed
00000251
0000020f
000001b7
0000018b
0000018b
0000018b
0000018b
0000018b
0000018b
0000018b
0000018b
0000018b
0000018b
0000018b
0000018b
0000018b
0000018b
0000018b
fffffd0a
fffffd75
00000039
00000045
0000000f
000000b5
000000b5
000000b5
000000b5
000000b5
000000b5
000000b5
000000b5
000000b5
000000b5
000000b5
000000b5
000000b5
000000b5
000000b5
000000b5
000000b5
000000b5
000000b5
000000b5
000000b5
000000b5
00000061
00000037
0000009f
000000a9
00000251
0000042f
00000467
000002f7
00000235
0000008f
0000002f
00000277
000002f3
000002a3
00000393
00000355
0000023f
000001c9
00000171
00000127
000000f7
000000f3
000000b5
000000b5
000000b5
000000b5
000000b5
000000b5
000000b5
000000b5
000000b5
000000b5
000000b5
000000b5
000000b5
000000b5
000000b5
00000242
000001e8
00000112
00000169
00000162
000000a2
000000a2
000000a2
000000a2
000000a2
000000a2
000000a2
000000a2
000000a2
000000a2
000000a2
000000a2
000000a2
000000a2
000000a2
000000a2
000000a2
000000a2
000000a2
000000a2
000000a2
000000a2
000000d8
000000f2
000000aa
0000000e
000000cc
0000016c
0000010e
00000026
000000a8
000000c4
ffffffe6
0000005a
0000018e
000000f2
00000062
0000014c
000001e0
00000152
0000015c
0000018c
000000f2
000000c0
000000a2
000000a2
000000a2
000000a2
000000a2
000000a2
000000a2
000000a2
000000a2
000000a2
000000a2
000000a2
000000a2
000000a2
000000a2
000000c6
00000116
00000054
00000056
00000081
00000085
00000085
00000085
00000085
00000085
00000085
00000085
00000085
00000085
00000085
00000085
00000085
00000085
00000085
00000085
00000085
00000085
00000085
00000085
00000085
00000085
00000085
00000057
000000b3
0000008b
00000189
00000227
000000ad
0000011b
00000183
0000008f
000000e3
0000021f
0000016d
00000091
0000013d
00000279
000000ef
00000049
ffffffed
ffffffa3
ffffff15
ffffff7d
00000017
00000085
00000085
00000085
00000085
00000085
00000085
00000085
00000085
00000085
00000085
00000085
00000085
00000085
00000085
00000085
000000ca
000000b3
fffffee2
fffffef7
fffffd30
fffffc53
fffffc53
fffffc53
fffffc53
fffffc53
fffffc53
fffffc53
fffffc53
fffffc53
fffffc53
fffffc53
fffffc53
fffffc53
fffffc53
fffffc53
fffffc53
fffffc53
fffffc53
fffffc53
fffffc53
fffffc53
fffffc53
fffffc3d
fffffc5f
fffffc1b
fffffc0d
fffffb89
fffffb0d
fffffaad
fffff9e1
fffff9a1
fffff8b9
fffffac5
fffffcb1
fffffc75
fffffb7b
fffffa09
fffffb1f
fffffba7
fffffbd5
fffffc89
fffffca3
fffffc31
fffffc39
fffffc53
fffffc53
fffffc53
fffffc53
fffffc53
fffffc53
fffffc53
fffffc53
fffffc53
fffffc53
fffffc53
fffffc53
fffffc53
fffffc53
fffffc53
fffffef1
fffffd43
fffffd13
ffffff0c
ffffffd9
fffffeb5
fffffeb5
fffffeb5
fffffeb5
fffffeb5
fffffeb5
fffffeb5
fffffeb5
fffffeb5
fffffeb5
fffffeb5
fffffeb5
fffffeb5
fffffeb5
fffffeb5
fffffeb5
fffffeb5
fffffeb5
fffffeb5
fffffeb5
fffffeb5
fffffeb5
fffffef5
000000b9
000000bd
00000123
00000197
00000035
ffffffff
ffffffb7
ffffff59
fffffdaf
fffffe5f
00000107
000000af
fffffefd
fffffd87
fffffd55
fffffdc9
fffffd59
fffffdc9
fffffdc9
fffffe67
fffffea5
fffffeb5
fffffeb5
fffffeb5
fffffeb5
fffffeb5
fffffeb5
fffffeb5
fffffeb5
fffffeb5
fffffeb5
fffffeb5
fffffeb5
fffffeb5
fffffeb5
fffffeb5
00000311
000002f8
00000016
00000451
00000371
000000d6
000000d6
000000d6
000000d6
000000d6
000000d6
000000d6
000000d6
000000d6
000000d6
000000d6
000000d6
000000d6
000000d6
000000d6
000000d6
000000d6
000000d6
000000d6
000000d6
000000d6
000000d6
000000b4
000000de
000000ba
ffffffe2
fffffef8
ffffff1a
ffffffe6
fffffeca
ffffff48
ffffff3a
ffffff76
0000005c
000001f0
0000000c
fffffd68
0000001c
000002ae
000003d6
00000330
0000020e
00000182
00000168
000000d6
000000d6
000000d6
000000d6
000000d6
000000d6
000000d6
000000d6
000000d6
000000d6
000000d6
000000d6
000000d6
000000d6
000000d6
000000be
00000158
0000004d
00000104
00000125
00000051
00000051
00000051
00000051
00000051
00000051
00000051
00000051
00000051
00000051
00000051
00000051
00000051
00000051
00000051
00000051
00000051
00000051
00000051
00000051
00000051
00000051
00000063
00000059
0000001f
00000009
00000117
0000011b
00000105
00000041
ffffffef
ffffff13
fffffddb
fffffea1
00000053
000001cb
00000059
ffffffa5
ffffff31
fffffef3
ffffffcd
00000033
0000008b
00000057
00000051
00000051
00000051
00000051
00000051
00000051
00000051
00000051
00000051
00000051
00000051
00000051
00000051
00000051
00000051
0000000d
0000002d
fffffd12
fffffe2b
fffffdf4
fffffee8
fffffee8
fffffee8
fffffee8
fffffee8
fffffee8
fffffee8
fffffee8
fffffee8
fffffee8
fffffee8
fffffee8
fffffee8
fffffee8
fffffee8
fffffee8
fffffee8
fffffee8
fffffee8
fffffee8
fffffee8
fffffee8
fffffed8
fffffecc
ffffff92
fffffffe
0000001a
ffffff7e
ffffff2c
00000034
00000086
ffffffee
fffffe96
ffffff2a
ffffffc6
ffffffba
ffffff28
ffffff54
fffffebe
ffffff82
ffffff00
fffffeb2
fffffed6
fffffece
fffffee8
fffffee8
fffffee8
fffffee8
fffffee8
fffffee8
fffffee8
fffffee8
fffffee8
fffffee8
fffffee8
fffffee8
fffffee8
fffffee8
fffffee8
fffffedf
000001a2
00000198
00000245
00000198
0000003a
0000003a
0000003a
0000003a
0000003a
0000003a
0000003a
0000003a
0000003a
0000003a
0000003a
0000003a
0000003a
0000003a
0000003a
0000003a
0000003a
0000003a
0000003a
0000003a
0000003a
0000003a
00000026
00000094
ffffff8c
ffffff20
fffffd8e
fffffcbe
fffffc84
fffffdee
fffffe36
fffffef8
00000016
ffffff18
ffffff88
ffffffaa
ffffff3e
00000152
000001ea
000001e8
00000246
0000016a
000000d4
00000060
0000003a
0000003a
0000003a
0000003a
0000003a
0000003a
0000003a
0000003a
0000003a
0000003a
0000003a
0000003a
0000003a
0000003a
0000003a
0000027e
000000a1
fffffeae
fffffd54
fffffe35
ffffff6e
ffffff6e
ffffff6e
ffffff6e
ffffff6e
ffffff6e
ffffff6e
ffffff6e
ffffff6e
ffffff6e
ffffff6e
ffffff6e
ffffff6e
ffffff6e
ffffff6e
ffffff6e
ffffff6e
ffffff6e
ffffff6e
ffffff6e
ffffff6e
ffffff6e
ffffff3e
ffffff36
ffffff40
ffffffa0
00000018
000000ba
000000d0
0000028e
00000356
000003bc
000002ba
0000014e
fffffef2
fffffe72
00000092
0000001a
00000046
000000f0
000000cc
000000ae
0000000a
ffffffb0
ffffff6e
ffffff6e
ffffff6e
ffffff6e
ffffff6e
ffffff6e
ffffff6e
ffffff6e
ffffff6e
ffffff6e
ffffff6e
ffffff6e
ffffff6e
ffffff6e
ffffff6e
fffffedb
ffffff51
fffffc45
fffffdb4
000000a3
fffffff9
fffffff9
fffffff9
fffffff9
fffffff9
fffffff9
fffffff9
fffffff9
fffffff9
fffffff9
fffffff9
fffffff9
fffffff9
fffffff9
fffffff9
fffffff9
fffffff9
fffffff9
fffffff9
fffffff9
fffffff9
fffffff9
0000002f
ffffffab
00000007
00000011
000000a5
00000037
00000139
000001ed
000003df
0000059d
0000039b
000000e1
00000025
00000127
000000ab
000000d9
000002b7
000002c1
00000367
0000024b
000000bb
0000003d
fffffff9
fffffff9
fffffff9
fffffff9
fffffff9
fffffff9
fffffff9
fffffff9
fffffff9
fffffff9
fffffff9
fffffff9
fffffff9
fffffff9
fffffff9
ffffff75
0000008c
ffffffe5
00000092
00000037
ffffff47
ffffff47
ffffff47
ffffff47
ffffff47
ffffff47
ffffff47
ffffff47
ffffff47
ffffff47
ffffff47
ffffff47
ffffff47
ffffff47
ffffff47
ffffff47
ffffff47
ffffff47
ffffff47
ffffff47
ffffff47
ffffff47
ffffffc9
000000cf
000000dd
000000b3
00000041
00000021
ffffffa9
ffffff59
fffffeeb
fffffe75
ffffff0b
ffffffd9
0000009f
000000ed
ffffff3f
fffffdd5
fffffedf
fffffe61
fffffe91
fffffee3
ffffff5d
ffffff57
ffffff47
ffffff47
ffffff47
ffffff47
ffffff47
ffffff47
ffffff47
ffffff47
ffffff47
ffffff47
ffffff47
ffffff47
ffffff47
ffffff47
ffffff47
ffffffbf
ffffffd5
0000033a
000002b0
000001a1
0000009f
0000009f
0000009f
0000009f
0000009f
0000009f
0000009f
0000009f
0000009f
0000009f
0000009f
0000009f
0000009f
0000009f
0000009f
0000009f
0000009f
0000009f
0000009f
0000009f
0000009f
0000009f
000000ab
0000002d
ffffff0b
ffffff13
fffffd8b
fffffc0f
fffffb8b
fffff9e9
fffff937
fffffa57
fffffd7d
fffffbe9
fffffbcb
fffffd6d
fffffd45
fffffd4b
fffffe51
fffffe63
ffffff09
ffffffed
000000e1
000000a5
0000009f
0000009f
0000009f
0000009f
0000009f
0000009f
0000009f
0000009f
0000009f
0000009f
0000009f
0000009f
0000009f
0000009f
0000009f
fffffdae
fffffc5d
00000029
000000a7
ffffffc7
ffffff0d
ffffff0d
ffffff0d
ffffff0d
ffffff0d
ffffff0d
ffffff0d
ffffff0d
ffffff0d
ffffff0d
ffffff0d
ffffff0d
ffffff0d
ffffff0d
ffffff0d
ffffff0d
ffffff0d
ffffff0d
ffffff0d
ffffff0d
ffffff0d
ffffff0d
ffffff11
ffffffdb
00000167
000001e9
0000014f
000001bd
000001c3
ffffffef
ffffff41
ffffffe7
00000119
00000151
00000195
000000cd
0000004b
00000017
ffffff81
ffffff13
fffffe6f
fffffe51
ffffff1f
ffffff33
ffffff0d
ffffff0d
ffffff0d
ffffff0d
ffffff0d
ffffff0d
ffffff0d
ffffff0d
ffffff0d
ffffff0d
ffffff0d
ffffff0d
ffffff0d
ffffff0d
ffffff0d
fffffe6b
ffffff31
ffffff16
ffffff23
fffffece
fffffec3
fffffec3
fffffec3
fffffec3
fffffec3
fffffec3
fffffec3
fffffec3
fffffec3
fffffec3
fffffec3
fffffec3
fffffec3
fffffec3
fffffec3
fffffec3
fffffec3
fffffec3
fffffec3
fffffec3
fffffec3
fffffec3
fffffeff
ffffff47
ffffff3d
ffffff75
ffffffdb
ffffffad
00000009
ffffffc7
ffffff4f
fffffe91
ffffff1d
ffffffb1
ffffff75
ffffffa1
fffffeff
fffffe83
ffffff2d
fffffe8b
fffffe83
fffffe83
fffffeb5
fffffecb
fffffec3
fffffec3
fffffec3
fffffec3
fffffec3
fffffec3
fffffec3
fffffec3
fffffec3
fffffec3
fffffec3
fffffec3
fffffec3
fffffec3
fffffec3
ffffff63
ffffff1f
fffffefd
00000050
0000001a
ffffff23
ffffff23
ffffff23
ffffff23
ffffff23
ffffff23
ffffff23
ffffff23
ffffff23
ffffff23
ffffff23
ffffff23
ffffff23
ffffff23
ffffff23
ffffff23
ffffff23
ffffff23
ffffff23
ffffff23
ffffff23
ffffff23
ffffffb1
00000147
00000197
000000df
000000f3
000000d5
ffffffc3
fffffe97
fffffe47
ffffff09
ffffffa5
00000177
000002c1
00000249
000000fb
000000e5
0000009d
ffffff83
fffffea9
fffffe53
fffffea5
fffffee9
ffffff23
ffffff23
ffffff23
ffffff23
ffffff23
ffffff23
ffffff23
ffffff23
ffffff23
ffffff23
ffffff23
ffffff23
ffffff23
ffffff23
ffffff23
00000053
00000022
ffffffdd
00000032
ffffff42
ffffff40
ffffff40
ffffff40
ffffff40
ffffff40
ffffff40
ffffff40
ffffff40
ffffff40
ffffff40
ffffff40
ffffff40
ffffff40
ffffff40
ffffff40
ffffff40
ffffff40
ffffff40
ffffff40
ffffff40
ffffff40
ffffff40
ffffff60
ffffff92
ffffff58
ffffff3c
ffffff1e
ffffffc0
00000016
00000072
0000009a
000000e2
000000c2
ffffffea
0000001c
ffffff10
fffffe38
fffffe94
fffffefa
ffffff18
ffffffb0
ffffffa8
ffffff90
ffffff4e
ffffff40
ffffff40
ffffff40
ffffff40
ffffff40
ffffff40
ffffff40
ffffff40
ffffff40
ffffff40
ffffff40
ffffff40
ffffff40
ffffff40
ffffff40
ffffff09
ffffff43
ffffffb7
ffffff51
ffffff45
ffffffcc
ffffffcc
ffffffcc
ffffffcc
ffffffcc
ffffffcc
ffffffcc
ffffffcc
ffffffcc
ffffffcc
ffffffcc
ffffffcc
ffffffcc
ffffffcc
ffffffcc
ffffffcc
ffffffcc
ffffffcc
ffffffcc
ffffffcc
ffffffcc
ffffffcc
ffffff5a
fffffe42
fffffe80
ffffffa4
00000050
00000126
00000120
00000078
0000011e
0000027a
00000384
00000240
00000132
ffffff98
ffffffd8
0000015a
000001b2
00000234
0000022c
00000228
00000116
00000046
ffffffcc
ffffffcc
ffffffcc
ffffffcc
ffffffcc
ffffffcc
ffffffcc
ffffffcc
ffffffcc
ffffffcc
ffffffcc
ffffffcc
ffffffcc
ffffffcc
ffffffcc
fffffef1
ffffff60
00000431
0000016a
ffffffe6
ffffffc1
ffffffc1
ffffffc1
ffffffc1
ffffffc1
ffffffc1
ffffffc1
ffffffc1
ffffffc1
ffffffc1
ffffffc1
ffffffc1
ffffffc1
ffffffc1
ffffffc1
ffffffc1
ffffffc1
ffffffc1
ffffffc1
ffffffc1
ffffffc1
ffffffc1
ffffffc9
ffffff2f
fffffec7
fffffeb5
ffffff5d
fffffead
fffffdc9
fffffef5
ffffff4b
000001db
000002db
000000eb
fffffe75
fffffd67
ffffffa3
fffffdf9
fffffe37
ffffffab
0000007f
00000033
00000023
ffffffa1
ffffffc1
ffffffc1
ffffffc1
ffffffc1
ffffffc1
ffffffc1
ffffffc1
ffffffc1
ffffffc1
ffffffc1
ffffffc1
ffffffc1
ffffffc1
ffffffc1
ffffffc1
fffffc8a
fffffad7
fffffb65
fffffae8
fffffcfa
fffffef5
fffffef5
fffffef5
fffffef5
fffffef5
fffffef5
fffffef5
fffffef5
fffffef5
fffffef5
fffffef5
fffffef5
fffffef5
fffffef5
fffffef5
fffffef5
fffffef5
fffffef5
fffffef5
fffffef5
fffffef5
fffffef5
ffffff1f
ffffffb7
00000025
000000d7
fffffed1
fffffe43
ffffff23
fffffe0d
fffffebd
000001ff
000002c7
ffffff73
000001b3
00000443
0000014b
00000069
00000003
ffffff8f
ffffff01
fffffebd
fffffeaf
ffffff11
fffffef5
fffffef5
fffffef5
fffffef5
fffffef5
fffffef5
fffffef5
fffffef5
fffffef5
fffffef5
fffffef5
fffffef5
fffffef5
fffffef5
fffffef5
fffffbf3
fffffda4
fffffc37
ffffff18
00000060
ffffff14
ffffff14
ffffff14
ffffff14
ffffff14
ffffff14
ffffff14
ffffff14
ffffff14
ffffff14
ffffff14
ffffff14
ffffff14
ffffff14
ffffff14
ffffff14
ffffff14
ffffff14
ffffff14
ffffff14
ffffff14
ffffff14
ffffff36
fffffe8c
fffffd04
fffffcca
fffffea8
0000004a
0000026a
00000212
000002c4
fffffe98
fffffb84
fffffea8
fffffe90
ffffff0a
fffffc24
ffffff68
00000154
000001b0
000001a4
000001b8
00000006
ffffffba
ffffff14
ffffff14
ffffff14
ffffff14
ffffff14
ffffff14
ffffff14
ffffff14
ffffff14
ffffff14
ffffff14
ffffff14
ffffff14
ffffff14
ffffff14
00000466
00000554
ffffffa5
000002bf
00000241
000000b4
000000b4
000000b4
000000b4
000000b4
000000b4
000000b4
000000b4
000000b4
000000b4
000000b4
000000b4
000000b4
000000b4
000000b4
000000b4
000000b4
000000b4
000000b4
000000b4
000000b4
000000b4
000000ca
00000052
ffffff36
fffffe66
fffffec6
fffffff8
00000112
000000b2
00000156
ffffffac
fffffe0e
fffffea8
000000bc
000000b4
ffffffc8
0000006c
00000064
00000038
0000009c
00000080
000000be
000000d0
000000b4
000000b4
000000b4
000000b4
000000b4
000000b4
000000b4
000000b4
000000b4
000000b4
000000b4
000000b4
000000b4
000000b4
000000b4
00000106
0000021f
0000009e
0000005e
0000003d
0000004c
0000004c
0000004c
0000004c
0000004c
0000004c
0000004c
0000004c
0000004c
0000004c
0000004c
0000004c
0000004c
0000004c
0000004c
0000004c
0000004c
0000004c
0000004c
0000004c
0000004c
0000004c
00000082
00000006
ffffff34
fffffe4c
ffffffda
000001ee
00000222
0000039e
00000422
00000332
000000da
0000007e
fffffffa
00000114
00000102
ffffff86
fffffe40
fffffd70
fffffdea
ffffff60
0000005c
00000032
0000004c
0000004c
0000004c
0000004c
0000004c
0000004c
0000004c
0000004c
0000004c
0000004c
0000004c
0000004c
0000004c
0000004c
0000004c
0000004a
ffffffbd
00000007
0000001d
00000138
00000109
00000109
00000109
00000109
00000109
00000109
00000109
00000109
00000109
00000109
00000109
00000109
00000109
00000109
00000109
00000109
00000109
00000109
00000109
00000109
00000109
00000109
00000151
00000147
00000183
000001ed
00000267
000002dd
00000293
000002f3
0000032b
00000345
0000033b
00000305
000002cb
00000261
000002d9
000001ff
00000189
000000f3
00000163
00000187
00000157
00000145
00000109
00000109
00000109
00000109
00000109
00000109
00000109
00000109
00000109
00000109
00000109
00000109
00000109
00000109
00000109
000000a8
000000be
fffffdab
fffffebe
ffffff3f
0000005a
0000005a
0000005a
0000005a
0000005a
0000005a
0000005a
0000005a
0000005a
0000005a
0000005a
0000005a
0000005a
0000005a
0000005a
0000005a
0000005a
0000005a
0000005a
0000005a
0000005a
0000005a
00000056
fffffffa
0000001a
0000009c
0000022a
000005e6
0000070a
000006ba
00000640
000003d8
000001b4
00000160
00000142
00000212
000002da
00000304
000003f8
0000043c
000003ba
0000034e
00000220
0000010a
0000005a
0000005a
0000005a
0000005a
0000005a
0000005a
0000005a
0000005a
0000005a
0000005a
0000005a
0000005a
0000005a
0000005a
0000005a
000003b6
000003fd
fffffeef
ffffff2e
ffffff39
fffffe07
fffffe07
fffffe07
fffffe07
fffffe07
fffffe07
fffffe07
fffffe07
fffffe07
fffffe07
fffffe07
fffffe07
fffffe07
fffffe07
fffffe07
fffffe07
fffffe07
fffffe07
fffffe07
fffffe07
fffffe07
fffffe07
fffffda5
fffffc4f
fffffb81
fffffb8d
fffffb2d
fffffc3b
fffffd9b
fffffe53
ffffffeb
ffffff17
fffffdc5
fffffc31
fffffabb
fffffc05
fffffc8d
fffffeff
ffffff83
ffffff8d
fffffed3
fffffec3
fffffe41
fffffe51
fffffe07
fffffe07
fffffe07
fffffe07
fffffe07
fffffe07
fffffe07
fffffe07
fffffe07
fffffe07
fffffe07
fffffe07
fffffe07
fffffe07
fffffe07
fffffed5
fffffec7
fffffd6a
fffffcf0
fffffd5d
fffffe73
fffffe73
fffffe73
fffffe73
fffffe73
fffffe73
fffffe73
fffffe73
fffffe73
fffffe73
fffffe73
fffffe73
fffffe73
fffffe73
fffffe73
fffffe73
fffffe73
fffffe73
fffffe73
fffffe73
fffffe73
fffffe73
fffffedf
ffffff85
ffffff67
ffffff55
ffffff5b
ffffff3b
fffffe81
fffffe73
fffffcd3
fffffc1b
fffffd09
fffffe19
00000095
000001bb
0000013d
ffffff57
fffffe25
fffffdbb
fffffdd7
fffffe0b
fffffe55
fffffe45
fffffe73
fffffe73
fffffe73
fffffe73
fffffe73
fffffe73
fffffe73
fffffe73
fffffe73
fffffe73
fffffe73
fffffe73
fffffe73
fffffe73
fffffe73
00000023
0000007a
00000746
00000753
000003e6
00000087
00000087
00000087
00000087
00000087
00000087
00000087
00000087
00000087
00000087
00000087
00000087
00000087
00000087
00000087
00000087
00000087
00000087
00000087
00000087
00000087
00000087
000000b1
0000004d
fffffffd
ffffff5f
fffffe25
ffffff25
ffffffd5
ffffff4d
ffffffef
000002dd
00000555
000005b1
0000077d
000004c3
00000201
000003af
000003a5
00000265
00000215
000001b5
0000014f
00000107
00000087
00000087
00000087
00000087
00000087
00000087
00000087
00000087
00000087
00000087
00000087
00000087
00000087
00000087
00000087
fffffe35
fffffb9b
fffffc05
fffffb56
fffffcd8
ffffffb0
ffffffb0
ffffffb0
ffffffb0
ffffffb0
ffffffb0
ffffffb0
ffffffb0
ffffffb0
ffffffb0
ffffffb0
ffffffb0
ffffffb0
ffffffb0
ffffffb0
ffffffb0
ffffffb0
ffffffb0
ffffffb0
ffffffb0
ffffffb0
ffffffb0
ffffffd4
0000000c
fffffff8
ffffffa6
fffffefe
ffffff58
fffffe34
fffffefa
ffffff2a
00000074
00000192
00000104
000000f0
ffffffa0
ffffff3e
fffffdf6
fffffce8
fffffcae
fffffc3c
fffffd2a
fffffe6c
ffffff12
ffffffb0
ffffffb0
ffffffb0
ffffffb0
ffffffb0
ffffffb0
ffffffb0
ffffffb0
ffffffb0
ffffffb0
ffffffb0
ffffffb0
ffffffb0
ffffffb0
ffffffb0
000000be
000001e1
fffffff3
00000036
00000061
ffffffdb
ffffffdb
ffffffdb
ffffffdb
ffffffdb
ffffffdb
ffffffdb
ffffffdb
ffffffdb
ffffffdb
ffffffdb
ffffffdb
ffffffdb
ffffffdb
ffffffdb
ffffffdb
ffffffdb
ffffffdb
ffffffdb
ffffffdb
ffffffdb
ffffffdb
ffffffd7
ffffff87
ffffff85
ffffff49
ffffffd7
ffffff79
ffffffa5
fffffff7
00000035
ffffffed
ffffffa5
00000061
ffffffe9
ffffffd9
0000000b
00000059
000000b3
0000008f
00000045
ffffffeb
ffffffcf
ffffffc9
ffffffdb
ffffffdb
ffffffdb
ffffffdb
ffffffdb
ffffffdb
ffffffdb
ffffffdb
ffffffdb
ffffffdb
ffffffdb
ffffffdb
ffffffdb
ffffffdb
ffffffdb
0000002a
00000001
000000a6
00000098
00000043
fffffe45
fffffe45
fffffe45
fffffe45
fffffe45
fffffe45
fffffe45
fffffe45
fffffe45
fffffe45
fffffe45
fffffe45
fffffe45
fffffe45
fffffe45
fffffe45
fffffe45
fffffe45
fffffe45
fffffe45
fffffe45
fffffe45
fffffde9
fffffd41
fffffd23
fffffcff
fffffc25
fffffb85
fffffb5f
fffff9d1
fffff8c9
fffff91f
fffffa4d
fffffb0d
fffffca5
ffffffcd
00000027
000000e9
00000243
000002eb
0000025d
0000005d
fffffe91
fffffe3f
fffffe45
fffffe45
fffffe45
fffffe45
fffffe45
fffffe45
fffffe45
fffffe45
fffffe45
fffffe45
fffffe45
fffffe45
fffffe45
fffffe45
fffffe45
fffffe93
fffffd7d
000000cb
000000bf
000000dd
00000175
00000175
00000175
00000175
00000175
00000175
00000175
00000175
00000175
00000175
00000175
00000175
00000175
00000175
00000175
00000175
00000175
00000175
00000175
00000175
00000175
00000175
00000273
00000403
000004bd
000004bf
0000058d
00000509
00000525
0000069d
00000553
000003d3
00000259
0000031b
0000040d
00000417
000004fb
000001bf
0000011d
ffffff25
fffffe7f
fffffead
00000035
000000d3
00000175
00000175
00000175
00000175
00000175
00000175
00000175
00000175
00000175
00000175
00000175
00000175
00000175
00000175
00000175
000000ca
000000f3
000003d8
000004e0
00000295
00000049
00000049
00000049
00000049
00000049
00000049
00000049
00000049
00000049
00000049
00000049
00000049
00000049
00000049
00000049
00000049
00000049
00000049
00000049
00000049
00000049
00000049
0000006f
0000000b
ffffff33
fffffd25
fffffd29
ffffff31
00000149
000001e5
00000353
00000299
000001b5
000002a3
00000301
00000173
00000063
00000205
000001f7
0000007d
000000df
0000011d
000000c7
0000008b
00000049
00000049
00000049
00000049
00000049
00000049
00000049
00000049
00000049
00000049
00000049
00000049
00000049
00000049
00000049
000000ec
00000018
00000056
00000059
ffffffc8
ffffff9a
ffffff9a
ffffff9a
ffffff9a
ffffff9a
ffffff9a
ffffff9a
ffffff9a
ffffff9a
ffffff9a
ffffff9a
ffffff9a
ffffff9a
ffffff9a
ffffff9a
ffffff9a
ffffff9a
ffffff9a
ffffff9a
ffffff9a
ffffff9a
ffffff9a
ffffffb0
ffffff66
fffffff4
ffffffb2
fffffe24
fffffea0
ffffff3c
000000e4
000002aa
000002ae
00000320
00000110
ffffffca
ffffff0e
00000122
00000370
000002e6
000001a2
000000c0
ffffffea
ffffff7c
ffffffa4
ffffff9a
ffffff9a
ffffff9a
ffffff9a
ffffff9a
ffffff9a
ffffff9a
ffffff9a
ffffff9a
ffffff9a
ffffff9a
ffffff9a
ffffff9a
ffffff9a
ffffff9a
000000f1
ffffff9e
fffffaec
fffffba3
fffffe80
0000003d
0000003d
0000003d
0000003d
0000003d
0000003d
0000003d
0000003d
0000003d
0000003d
0000003d
0000003d
0000003d
0000003d
0000003d
0000003d
0000003d
0000003d
0000003d
0000003d
0000003d
0000003d
00000037
00000079
00000095
00000111
00000229
0000017f
0000022d
000002f3
00000327
00000097
fffffd9b
fffffdd5
fffffe75
0000001d
00000009
ffffff4f
ffffff95
ffffffd7
ffffffbd
ffffff6d
ffffff73
fffffff3
0000003d
0000003d
0000003d
0000003d
0000003d
0000003d
0000003d
0000003d
0000003d
0000003d
0000003d
0000003d
0000003d
0000003d
0000003d
000003c9
000004aa
ffffff67
fffffead
fffffea0
fffffeaa
fffffeaa
fffffeaa
fffffeaa
fffffeaa
fffffeaa
fffffeaa
fffffeaa
fffffeaa
fffffeaa
fffffeaa
fffffeaa
fffffeaa
fffffeaa
fffffeaa
fffffeaa
fffffeaa
fffffeaa
fffffeaa
fffffeaa
fffffeaa
fffffeaa
fffffe90
fffffee0
ffffff88
ffffffb0
0000002e
ffffffa8
00000060
000001ce
000003cc
000003ea
0000038a
000002ee
0000010c
fffffe18
fffffe16
ffffff20
ffffffe4
000001e0
0000022c
000000c8
ffffff3e
fffffede
fffffeaa
fffffeaa
fffffeaa
fffffeaa
fffffeaa
fffffeaa
fffffeaa
fffffeaa
fffffeaa
fffffeaa
fffffeaa
fffffeaa
fffffeaa
fffffeaa
fffffeaa
fffffed2
fffffebb
fffffe25
fffffe38
ffffff44
fffffe42
fffffe42
fffffe42
fffffe42
fffffe42
fffffe42
fffffe42
fffffe42
fffffe42
fffffe42
fffffe42
fffffe42
fffffe42
fffffe42
fffffe42
fffffe42
fffffe42
fffffe42
fffffe42
fffffe42
fffffe42
fffffe42
fffffe88
ffffffec
ffffffe0
ffffffb2
ffffff44
ffffffc8
000000b4
00000170
00000078
ffffff18
00000038
00000246
0000026e
0000031a
00000036
fffffe88
fffffd7a
fffffc72
fffffd0e
fffffddc
fffffe28
fffffe84
fffffe42
fffffe42
fffffe42
fffffe42
fffffe42
fffffe42
fffffe42
fffffe42
fffffe42
fffffe42
fffffe42
fffffe42
fffffe42
fffffe42
fffffe42
ffffff38
00000002
fffffe40
ffffff18
ffffff2f
ffffff5e
ffffff5e
ffffff5e
ffffff5e
ffffff5e
ffffff5e
ffffff5e
ffffff5e
ffffff5e
ffffff5e
ffffff5e
ffffff5e
ffffff5e
ffffff5e
ffffff5e
ffffff5e
ffffff5e
ffffff5e
ffffff5e
ffffff5e
ffffff5e
ffffff5e
ffffff76
ffffff68
ffffffc8
0000011e
00000082
00000034
000000ca
00000116
00000120
00000008
00000048
ffffff8c
00000048
0000007c
ffffffa4
ffffffa6
ffffffc6
ffffff76
ffffffa0
ffffff3c
ffffff2c
ffffff5e
ffffff5e
ffffff5e
ffffff5e
ffffff5e
ffffff5e
ffffff5e
ffffff5e
ffffff5e
ffffff5e
ffffff5e
ffffff5e
ffffff5e
ffffff5e
ffffff5e
ffffff5e
ffffff91
000000c9
00000163
0000002d
ffffff93
0000001b
0000001b
0000001b
0000001b
0000001b
0000001b
0000001b
0000001b
0000001b
0000001b
0000001b
0000001b
0000001b
0000001b
0000001b
0000001b
0000001b
0000001b
0000001b
0000001b
0000001b
0000001b
ffffffeb
fffffff1
00000043
000000e9
000001bd
000001af
0000011f
00000109
00000045
ffffffff
000000b1
0000016b
ffffffe9
ffffff01
0000003b
0000007b
0000001b
0000007d
00000071
00000077
00000071
0000001f
0000001b
0000001b
0000001b
0000001b
0000001b
0000001b
0000001b
0000001b
0000001b
0000001b
0000001b
0000001b
0000001b
0000001b
0000001b
0000013a
000000e0
00000467
0000045b
000000f8
00000108
00000108
00000108
00000108
00000108
00000108
00000108
00000108
00000108
00000108
00000108
00000108
00000108
00000108
00000108
00000108
00000108
00000108
00000108
00000108
00000108
00000108
0000005e
ffffffc4
ffffff18
fffffe80
ffffffce
000000a6
ffffff72
ffffff7e
ffffffb6
fffffebe
ffffff86
000001b8
00000050
fffffca6
fffffd3a
00000010
000001a4
0000030a
00000324
00000260
000001fe
0000016c
00000108
00000108
00000108
00000108
00000108
00000108
00000108
00000108
00000108
00000108
00000108
00000108
00000108
00000108
00000108
00000148
0000008a
00000271
00000143
ffffff43
ffffff04
ffffff04
ffffff04
ffffff04
ffffff04
ffffff04
ffffff04
ffffff04
ffffff04
ffffff04
ffffff04
ffffff04
ffffff04
ffffff04
ffffff04
ffffff04
ffffff04
ffffff04
ffffff04
ffffff04
ffffff04
ffffff04
fffffece
fffffecc
fffffe76
fffffe34
fffffee4
ffffff6e
ffffff5c
ffffff16
ffffffca
ffffff86
ffffff44
ffffffe4
ffffffb8
ffffff8c
00000058
0000025a
0000028e
000001ca
000000aa
ffffff9e
ffffff2c
ffffff04
ffffff04
ffffff04
ffffff04
ffffff04
ffffff04
ffffff04
ffffff04
ffffff04
ffffff04
ffffff04
ffffff04
ffffff04
ffffff04
ffffff04
ffffff04
fffffe98
fffffd35
fffffd34
fffffcfb
fffffe2b
ffffffde
ffffffde
ffffffde
ffffffde
ffffffde
ffffffde
ffffffde
ffffffde
ffffffde
ffffffde
ffffffde
ffffffde
ffffffde
ffffffde
ffffffde
ffffffde
ffffffde
ffffffde
ffffffde
ffffffde
ffffffde
ffffffde
ffffffa8
ffffff5e
ffffff18
ffffffec
0000001a
00000092
0000006e
000002b8
00000406
0000045e
000003c8
0000018a
ffffff14
fffffef8
00000184
000001ec
0000011a
00000216
00000206
0000010e
00000036
fffffffa
ffffffde
ffffffde
ffffffde
ffffffde
ffffffde
ffffffde
ffffffde
ffffffde
ffffffde
ffffffde
ffffffde
ffffffde
ffffffde
ffffffde
ffffffde
fffffffc
0000008a
0000007c
00000047
0000001b
0000009d
0000009d
0000009d
0000009d
0000009d
0000009d
0000009d
0000009d
0000009d
0000009d
0000009d
0000009d
0000009d
0000009d
0000009d
0000009d
0000009d
0000009d
0000009d
0000009d
0000009d
0000009d
00000057
ffffffcd
000000cf
00000031
ffffffc9
0000003d
ffffff3d
ffffff55
ffffff5d
0000006b
0000002b
ffffff2f
ffffff7d
ffffff2b
000000d7
000000d3
00000163
0000027b
00000221
000001bf
00000193
000000dd
0000009d
0000009d
0000009d
0000009d
0000009d
0000009d
0000009d
0000009d
0000009d
0000009d
0000009d
0000009d
0000009d
0000009d
0000009d
ffffffd2
0000003b
ffffff81
ffffffea
00000093
00000015
00000015
00000015
00000015
00000015
00000015
00000015
00000015
00000015
00000015
00000015
00000015
00000015
00000015
00000015
00000015
00000015
00000015
00000015
00000015
00000015
00000015
00000021
000000a3
0000009b
ffffffed
ffffff39
ffffff6d
fffffffb
fffffef3
fffffe53
ffffff33
ffffff6f
fffffebb
fffffe73
fffffe93
fffffecf
fffffea1
fffffead
fffffead
ffffff2d
ffffff91
00000039
00000021
00000015
00000015
00000015
00000015
00000015
00000015
00000015
00000015
00000015
00000015
00000015
00000015
00000015
00000015
00000015
00000093
00000049
0000016b
000000f9
ffffffbf
ffffff9d
ffffff9d
ffffff9d
ffffff9d
ffffff9d
ffffff9d
ffffff9d
ffffff9d
ffffff9d
ffffff9d
ffffff9d
ffffff9d
ffffff9d
ffffff9d
ffffff9d
ffffff9d
ffffff9d
ffffff9d
ffffff9d
ffffff9d
ffffff9d
ffffff9d
ffffff61
fffffe3b
fffffdbd
fffffd61
fffffc9d
fffffd01
fffffd1d
fffffd6f
fffffd9b
fffffe1d
fffffde7
fffffc8d
fffffced
fffffdeb
ffffff1d
ffffffc5
ffffffd3
0000001b
00000033
00000027
0000000d
ffffffbb
ffffff9d
ffffff9d
ffffff9d
ffffff9d
ffffff9d
ffffff9d
ffffff9d
ffffff9d
ffffff9d
ffffff9d
ffffff9d
ffffff9d
ffffff9d
ffffff9d
ffffff9d
fffffe41
fffffe1b
00000017
0000005f
00000043
ffffffa5
ffffffa5
ffffffa5
ffffffa5
ffffffa5
ffffffa5
ffffffa5
ffffffa5
ffffffa5
ffffffa5
ffffffa5
ffffffa5
ffffffa5
ffffffa5
ffffffa5
ffffffa5
ffffffa5
ffffffa5
ffffffa5
ffffffa5
ffffffa5
ffffffa5
ffffff19
ffffff61
fffffffd
000000b5
000000a7
0000008f
ffffffe1
ffffffe9
00000153
0000017b
00000227
0000023f
0000001b
fffffd97
fffffd85
ffffff87
000000c5
00000177
00000177
00000117
ffffffb5
ffffffd3
ffffffa5
ffffffa5
ffffffa5
ffffffa5
ffffffa5
ffffffa5
ffffffa5
ffffffa5
ffffffa5
ffffffa5
ffffffa5
ffffffa5
ffffffa5
ffffffa5
ffffffa5
ffffff56
fffffff1
ffffffca
ffffff6f
ffffffb4
ffffff6b
ffffff6b
ffffff6b
ffffff6b
ffffff6b
ffffff6b
ffffff6b
ffffff6b
ffffff6b
ffffff6b
ffffff6b
ffffff6b
ffffff6b
ffffff6b
ffffff6b
ffffff6b
ffffff6b
ffffff6b
ffffff6b
ffffff6b
ffffff6b
ffffff6b
ffffff2f
fffffedf
fffffea9
ffffff09
fffffdf3
fffffdaf
fffffd3f
fffffe63
fffffeeb
00000035
000000e1
ffffffdb
ffffff57
ffffffcf
ffffff6b
ffffff8d
ffffff89
00000019
0000009d
0000007d
ffffffd3
ffffffaf
ffffff6b
ffffff6b
ffffff6b
ffffff6b
ffffff6b
ffffff6b
ffffff6b
ffffff6b
ffffff6b
ffffff6b
ffffff6b
ffffff6b
ffffff6b
ffffff6b
ffffff6b
ffffff38
fffffecf
00000220
000000e1
ffffffb1
ffffffe3
ffffffe3
ffffffe3
ffffffe3
ffffffe3
ffffffe3
ffffffe3
ffffffe3
ffffffe3
ffffffe3
ffffffe3
ffffffe3
ffffffe3
ffffffe3
ffffffe3
ffffffe3
ffffffe3
ffffffe3
ffffffe3
ffffffe3
ffffffe3
ffffffe3
00000055
000000b5
ffffff39
fffffedf
00000077
000000e9
00000139
00000131
ffffffd1
0000003f
ffffff77
0000008d
000001af
0000010d
000002d1
000000af
fffffebb
fffffd13
fffffcf9
fffffe11
ffffff7d
ffffff85
ffffffe3
ffffffe3
ffffffe3
ffffffe3
ffffffe3
ffffffe3
ffffffe3
ffffffe3
ffffffe3
ffffffe3
ffffffe3
ffffffe3
ffffffe3
ffffffe3
ffffffe3
ffffff77
fffffe31
000001a1
00000167
00000184
0000013d
0000013d
0000013d
0000013d
0000013d
0000013d
0000013d
0000013d
0000013d
0000013d
0000013d
0000013d
0000013d
0000013d
0000013d
0000013d
0000013d
0000013d
0000013d
0000013d
0000013d
0000013d
0000018f
00000129
00000167
000000d7
ffffffbf
fffffe21
fffffebb
fffffe35
fffffdef
ffffff09
fffffe67
fffffe43
fffffebd
ffffff77
0000007b
ffffffe7
ffffffe9
ffffff57
ffffffa7
fffffffb
00000095
000000eb
0000013d
0000013d
0000013d
0000013d
0000013d
0000013d
0000013d
0000013d
0000013d
0000013d
0000013d
0000013d
0000013d
0000013d
0000013d
ffffff6b
0000000a
ffffffb9
ffffff8a
fffffe41
fffffec4
fffffec4
fffffec4
fffffec4
fffffec4
fffffec4
fffffec4
fffffec4
fffffec4
fffffec4
fffffec4
fffffec4
fffffec4
fffffec4
fffffec4
fffffec4
fffffec4
fffffec4
fffffec4
fffffec4
fffffec4
fffffec4
fffffe8a
fffffe72
ffffff5c
00000072
ffffff7e
fffffd48
fffffcde
fffffdac
fffffe02
fffffe64
ffffff9a
ffffff6e
fffffeda
ffffff0c
fffffefa
ffffff18
fffffe2c
ffffff3a
fffffe88
fffffe62
fffffe7a
fffffeac
fffffec4
fffffec4
fffffec4
fffffec4
fffffec4
fffffec4
fffffec4
fffffec4
fffffec4
fffffec4
fffffec4
fffffec4
fffffec4
fffffec4
fffffec4
fffffebc
fffffe1e
fffffe47
ffffffd8
ffffffff
ffffff1c
ffffff1c
ffffff1c
ffffff1c
ffffff1c
ffffff1c
ffffff1c
ffffff1c
ffffff1c
ffffff1c
ffffff1c
ffffff1c
ffffff1c
ffffff1c
ffffff1c
ffffff1c
ffffff1c
ffffff1c
ffffff1c
ffffff1c
ffffff1c
ffffff1c
ffffff0e
fffffee2
fffffeac
fffffefe
ffffff5a
ffffff76
00000010
000000a8
00000206
00000152
000000b8
ffffff1c
fffffc90
fffffd9c
fffffe6e
0000002c
0000009e
00000066
0000002c
0000003a
ffffff1a
ffffff26
ffffff1c
ffffff1c
ffffff1c
ffffff1c
ffffff1c
ffffff1c
ffffff1c
ffffff1c
ffffff1c
ffffff1c
ffffff1c
ffffff1c
ffffff1c
ffffff1c
ffffff1c
ffffff72
00000005
00000420
000002e5
000000e1
ffffffce
ffffffce
ffffffce
ffffffce
ffffffce
ffffffce
ffffffce
ffffffce
ffffffce
ffffffce
ffffffce
ffffffce
ffffffce
ffffffce
ffffffce
ffffffce
ffffffce
ffffffce
ffffffce
ffffffce
ffffffce
ffffffce
ffffff9e
fffffe8e
fffffd86
fffffcc6
fffffbee
fffffca0
fffffdae
fffffdf2
ffffff42
000000fe
00000002
fffffe3a
fffffdc4
fffffd90
fffffebe
000001ce
0000023a
000001ce
00000134
000000d2
00000050
00000002
ffffffce
ffffffce
ffffffce
ffffffce
ffffffce
ffffffce
ffffffce
ffffffce
ffffffce
ffffffce
ffffffce
ffffffce
ffffffce
ffffffce
ffffffce
fffffccf
fffffb8f
0000033d
000000d4
ffffffba
ffffffab
ffffffab
ffffffab
ffffffab
ffffffab
ffffffab
ffffffab
ffffffab
ffffffab
ffffffab
ffffffab
ffffffab
ffffffab
ffffffab
ffffffab
ffffffab
ffffffab
ffffffab
ffffffab
ffffffab
ffffffab
ffffffab
ffffffb5
ffffff7d
ffffff75
ffffff7b
fffffcc5
fffffd07
fffffd1b
fffffe3f
fffffdef
ffffff49
00000257
00000151
ffffff85
fffffff1
000000f3
00000009
fffffeab
fffffdff
fffffe11
fffffecf
ffffff55
ffffffb1
ffffffab
ffffffab
ffffffab
ffffffab
ffffffab
ffffffab
ffffffab
ffffffab
ffffffab
ffffffab
ffffffab
ffffffab
ffffffab
ffffffab
ffffffab
fffffea0
fffffac9
fffffe6b
ffffffc8
0000001c
00000107
00000107
00000107
00000107
00000107
00000107
00000107
00000107
00000107
00000107
00000107
00000107
00000107
00000107
00000107
00000107
00000107
00000107
00000107
00000107
00000107
00000107
000000d7
000001c1
00000247
0000018b
ffffffed
ffffffd7
fffffe1b
fffffc91
fffffbdf
fffffbbd
fffffc3d
fffffe39
0000004b
000000a5
fffffe67
fffffec3
fffffef9
000000a3
00000127
000001dd
0000016d
00000143
00000107
00000107
00000107
00000107
00000107
00000107
00000107
00000107
00000107
00000107
00000107
00000107
00000107
00000107
00000107
000002dd
000003b5
ffffffca
fffffff1
0000004c
ffffffb9
ffffffb9
ffffffb9
ffffffb9
ffffffb9
ffffffb9
ffffffb9
ffffffb9
ffffffb9
ffffffb9
ffffffb9
ffffffb9
ffffffb9
ffffffb9
ffffffb9
ffffffb9
ffffffb9
ffffffb9
ffffffb9
ffffffb9
ffffffb9
ffffffb9
ffffffff
ffffffe7
fffffeab
fffffe0f
fffffe37
ffffff59
000000cd
00000155
00000251
0000024d
000001ab
000001af
0000024d
0000039b
00000371
0000036f
00000277
00000095
00000021
ffffffed
ffffffe7
ffffffd3
ffffffb9
ffffffb9
ffffffb9
ffffffb9
ffffffb9
ffffffb9
ffffffb9
ffffffb9
ffffffb9
ffffffb9
ffffffb9
ffffffb9
ffffffb9
ffffffb9
ffffffb9
ffffff93
ffffffb0
0000000a
ffffffd4
ffffffea
ffffff87
ffffff87
ffffff87
ffffff87
ffffff87
ffffff87
ffffff87
ffffff87
ffffff87
ffffff87
ffffff87
ffffff87
ffffff87
ffffff87
ffffff87
ffffff87
ffffff87
ffffff87
ffffff87
ffffff87
ffffff87
ffffff87
ffffff83
ffffff49
fffffee3
fffffe17
fffffe33
fffffe57
fffffd67
fffffa75
fffffa53
fffffa9d
fffffc1f
fffffd41
fffffe0d
fffffe27
fffffd5b
ffffff11
000000cd
000000d9
000000c3
0000004b
ffffff9d
ffffffab
ffffff87
ffffff87
ffffff87
ffffff87
ffffff87
ffffff87
ffffff87
ffffff87
ffffff87
ffffff87
ffffff87
ffffff87
ffffff87
ffffff87
ffffff87
0000001f
ffffff93
fffffeb1
fffffe59
ffffff81
ffffff87
ffffff87
ffffff87
ffffff87
ffffff87
ffffff87
ffffff87
ffffff87
ffffff87
ffffff87
ffffff87
ffffff87
ffffff87
ffffff87
ffffff87
ffffff87
ffffff87
ffffff87
ffffff87
ffffff87
ffffff87
ffffff87
fffffefb
fffffe2f
fffffdd9
fffffdad
fffffbf1
fffffb63
fffffb33
fffffaeb
fffffb75
fffffd01
fffffc5b
fffff801
fffff885
fffffb57
fffffd4d
fffffdf5
ffffff93
00000041
00000075
00000045
ffffffed
ffffff7d
ffffff87
ffffff87
ffffff87
ffffff87
ffffff87
ffffff87
ffffff87
ffffff87
ffffff87
ffffff87
ffffff87
ffffff87
ffffff87
ffffff87
ffffff87
fffffe0e
ffffff67
ffffff0e
fffffd46
ffffff05
ffffffdf
ffffffdf
ffffffdf
ffffffdf
ffffffdf
ffffffdf
ffffffdf
ffffffdf
ffffffdf
ffffffdf
ffffffdf
ffffffdf
ffffffdf
ffffffdf
ffffffdf
ffffffdf
ffffffdf
ffffffdf
ffffffdf
ffffffdf
ffffffdf
ffffffdf
00000015
0000008d
00000145
00000199
000001fd
000001a7
00000135
000000d3
000000f9
000002b9
000003fb
00000425
0000038f
000002d5
000001eb
00000097
00000077
ffffffe7
fffffff5
00000051
ffffffe3
00000015
ffffffdf
ffffffdf
ffffffdf
ffffffdf
ffffffdf
ffffffdf
ffffffdf
ffffffdf
ffffffdf
ffffffdf
ffffffdf
ffffffdf
ffffffdf
ffffffdf
ffffffdf
fffffe9c
fffffe64
fffffc25
fffffd13
fffffe84
ffffffcb
ffffffcb
ffffffcb
ffffffcb
ffffffcb
ffffffcb
ffffffcb
ffffffcb
ffffffcb
ffffffcb
ffffffcb
ffffffcb
ffffffcb
ffffffcb
ffffffcb
ffffffcb
ffffffcb
0000004d
00000307
0000056f
00000947
0000099b
0000064b
00000269
ffffffb5
0000000b
000000db
00000077
000001f3
000002a9
000003d9
0000027f
fffffd5f
fffff943
fffff8eb
fffffaf1
fffffdb1
ffffff6b
ffffffcb
ffffffcb
ffffffcb
ffffffcb
ffffffcb
ffffffcb
ffffffcb
ffffffcb
ffffffcb
ffffffcb
ffffffcb
ffffffcb
ffffffcb
ffffffcb
ffffffcb
ffffffcb
ffffffcb
ffffffcb
ffffffcb
ffffffcb
ffffffcb
000003a3
0000045c
fffffa18
fffffbb9
fffffe22
ffffff8e
ffffff8e
ffffff8e
ffffff8e
ffffff8e
ffffff8e
ffffff8e
ffffff8e
ffffff8e
ffffff8e
ffffff8e
ffffff8e
ffffff8e
ffffff8e
ffffff8e
ffffff8e
ffffff8e
ffffff7a
fffffe2e
fffffdac
fffffeca
00000140
00000030
fffffdc0
fffffc76
fffffb88
fffffa36
fffffadc
fffffafa
fffffb82
fffffaf0
fffffbe0
fffffb12
fffff8b0
fffff8e0
fffffc3e
ffffff62
ffffff28
ffffff8e
ffffff8e
ffffff8e
ffffff8e
ffffff8e
ffffff8e
ffffff8e
ffffff8e
ffffff8e
ffffff8e
ffffff8e
ffffff8e
ffffff8e
ffffff8e
ffffff8e
ffffff8e
ffffff8e
ffffff8e
ffffff8e
ffffff8e
ffffff8e
ffffffbf
0000032d
000000d6
00000041
0000004f
000001e3
000001e3
000001e3
000001e3
000001e3
000001e3
000001e3
000001e3
000001e3
000001e3
000001e3
000001e3
000001e3
000001e3
000001e3
000001e3
000001e3
00000223
0000032d
00000361
000000af
fffffecf
fffffef3
00000013
0000009b
00000121
00000051
0000019d
00000241
000003a3
000003ed
00000647
000005bd
00000397
000000f3
0000018b
00000183
000001e3
000001e3
000001e3
000001e3
000001e3
000001e3
000001e3
000001e3
000001e3
000001e3
000001e3
000001e3
000001e3
000001e3
000001e3
000001e3
000001e3
000001e3
000001e3
000001e3
000001e3
000001e3
fffffe84
0000001a
fffffd61
fffffd87
fffffeaa
00000067
00000067
00000067
00000067
00000067
00000067
00000067
00000067
00000067
00000067
00000067
00000067
00000067
00000067
00000067
00000067
00000067
000000ab
00000211
00000225
000001b3
00000187
0000000b
fffffe15
fffffddd
fffffd31
fffffc81
fffffbff
fffffd27
fffffda7
fffffdcf
fffffb9f
fffffbb1
fffffd07
fffffced
fffffd2f
fffffed9
00000037
00000067
00000067
00000067
00000067
00000067
00000067
00000067
00000067
00000067
00000067
00000067
00000067
00000067
00000067
00000067
00000067
00000067
00000067
00000067
00000067
00000067
000002b0
000002df
fffffda7
fffffd63
ffffff79
000000b8
000000b8
000000b8
000000b8
000000b8
000000b8
000000b8
000000b8
000000b8
000000b8
000000b8
000000b8
000000b8
000000b8
000000b8
000000b8
000000b8
000000ac
0000022a
000002f6
0000032a
00000160
fffffe9c
fffffe4e
fffffdec
fffffcc6
fffffc18
fffffc84
fffffe64
00000088
00000206
00000046
fffffeba
ffffff2a
fffffe22
fffffd72
fffffffc
00000088
000000b8
000000b8
000000b8
000000b8
000000b8
000000b8
000000b8
000000b8
000000b8
000000b8
000000b8
000000b8
000000b8
000000b8
000000b8
000000b8
000000b8
000000b8
000000b8
000000b8
000000b8
00000210
0000023b
fffffe84
ffffff4a
fffffed3
0000011b
0000011b
0000011b
0000011b
0000011b
0000011b
0000011b
0000011b
0000011b
0000011b
0000011b
0000011b
0000011b
0000011b
0000011b
0000011b
0000011b
000000cf
00000015
00000127
00000329
00000473
00000575
0000067d
00000641
0000042f
000003f5
0000037b
00000173
fffffcc1
fffff99b
fffffab1
fffffbd3
fffffde7
00000039
ffffffe3
00000031
000000fd
0000011b
0000011b
0000011b
0000011b
0000011b
0000011b
0000011b
0000011b
0000011b
0000011b
0000011b
0000011b
0000011b
0000011b
0000011b
0000011b
0000011b
0000011b
0000011b
0000011b
0000011b
00000178
000001cb
fffff8e2
fffff7b3
fffffc65
0000000c
0000000c
0000000c
0000000c
0000000c
0000000c
0000000c
0000000c
0000000c
0000000c
0000000c
0000000c
0000000c
0000000c
0000000c
0000000c
0000000c
ffffff9e
00000098
0000010a
00000378
000005e0
0000084c
00000660
0000068a
0000035a
0000010a
000000c4
00000124
fffffcb4
fffffc3e
fffffa26
fffff946
fffffa64
fffff902
fffff92e
fffffcda
00000010
0000000c
0000000c
0000000c
0000000c
0000000c
0000000c
0000000c
0000000c
0000000c
0000000c
0000000c
0000000c
0000000c
0000000c
0000000c
0000000c
0000000c
0000000c
0000000c
0000000c
0000000c
00000363
0000062d
000000a8
000000b8
000000ce
00000028
00000028
00000028
00000028
00000028
00000028
00000028
00000028
00000028
00000028
00000028
00000028
00000028
00000028
00000028
00000028
00000028
00000006
ffffffc4
fffffea8
fffffe14
fffffe10
fffffd4a
fffffa32
fffffa0c
fffffb50
fffffc56
fffffda4
fffffe80
00000004
000001c4
000002c2
0000038a
00000408
00000394
00000270
000000e8
00000030
00000028
00000028
00000028
00000028
00000028
00000028
00000028
00000028
00000028
00000028
00000028
00000028
00000028
00000028
00000028
00000028
00000028
00000028
00000028
00000028
00000028
00000077
00000014
fffffc0c
fffffc48
fffffd55
fffffe2c
fffffe2c
fffffe2c
fffffe2c
fffffe2c
fffffe2c
fffffe2c
fffffe2c
fffffe2c
fffffe2c
fffffe2c
fffffe2c
fffffe2c
fffffe2c
fffffe2c
fffffe2c
fffffe2c
fffffe7a
00000140
00000266
0000044e
0000065a
00000526
00000404
0000042c
00000518
000003e2
000003f0
0000058e
0000048e
000003c4
00000046
fffffa64
fffffb26
fffffca4
fffffde8
fffffe70
fffffe26
fffffe2c
fffffe2c
fffffe2c
fffffe2c
fffffe2c
fffffe2c
fffffe2c
fffffe2c
fffffe2c
fffffe2c
fffffe2c
fffffe2c
fffffe2c
fffffe2c
fffffe2c
fffffe2c
fffffe2c
fffffe2c
fffffe2c
fffffe2c
fffffe2c
000004d2
00000460
000000e2
ffffff90
fffffff2
ffffffa9
ffffffa9
ffffffa9
ffffffa9
ffffffa9
ffffffa9
ffffffa9
ffffffa9
ffffffa9
ffffffa9
ffffffa9
ffffffa9
ffffffa9
ffffffa9
ffffffa9
ffffffa9
ffffffa9
ffffff8d
fffffe47
fffffe87
fffffe59
fffffddd
fffffe9d
ffffff7d
ffffff6b
fffffe4f
ffffff47
ffffff7f
00000039
0000008b
000000ed
000000eb
00000123
00000011
fffffed1
fffffea5
fffffec5
ffffffbd
ffffffa9
ffffffa9
ffffffa9
ffffffa9
ffffffa9
ffffffa9
ffffffa9
ffffffa9
ffffffa9
ffffffa9
ffffffa9
ffffffa9
ffffffa9
ffffffa9
ffffffa9
ffffffa9
ffffffa9
ffffffa9
ffffffa9
ffffffa9
ffffffa9
fffffd49
fffffce9
0000045c
00000474
000001de
fffffff4
fffffff4
fffffff4
fffffff4
fffffff4
fffffff4
fffffff4
fffffff4
fffffff4
fffffff4
fffffff4
fffffff4
fffffff4
fffffff4
fffffff4
fffffff4
fffffff4
ffffffd2
fffffe2c
fffffd64
fffffcda
fffffc40
fffffcae
fffffb88
fffffc5e
fffffd74
fffffeb6
ffffff04
fffffe4c
ffffff18
00000094
000003dc
0000070a
000007b4
000009f2
000008f8
00000358
00000072
fffffff4
fffffff4
fffffff4
fffffff4
fffffff4
fffffff4
fffffff4
fffffff4
fffffff4
fffffff4
fffffff4
fffffff4
fffffff4
fffffff4
fffffff4
fffffff4
fffffff4
fffffff4
fffffff4
fffffff4
fffffff4
fffffe6b
fffffd4a
fffffe35
fffffea0
ffffff2b
fffffff4
fffffff4
fffffff4
fffffff4
fffffff4
fffffff4
fffffff4
fffffff4
fffffff4
fffffff4
fffffff4
fffffff4
fffffff4
fffffff4
fffffff4
fffffff4
fffffff4
ffffffa8
0000002c
ffffff14
ffffff3a
000003de
000007c6
0000088c
000007e0
00000642
0000066c
00000668
0000060a
0000029e
000000b6
00000064
00000092
fffffbec
fffffa88
fffffc50
fffffefa
ffffffd8
fffffff4
fffffff4
fffffff4
fffffff4
fffffff4
fffffff4
fffffff4
fffffff4
fffffff4
fffffff4
fffffff4
fffffff4
fffffff4
fffffff4
fffffff4
fffffff4
fffffff4
fffffff4
fffffff4
fffffff4
fffffff4
ffffff46
00000137
00000279
000001f4
000000dc
ffffffe6
ffffffe6
ffffffe6
ffffffe6
ffffffe6
ffffffe6
ffffffe6
ffffffe6
ffffffe6
ffffffe6
ffffffe6
ffffffe6
ffffffe6
ffffffe6
ffffffe6
ffffffe6
ffffffe6
00000000
fffffeb6
fffffdd8
fffffd34
fffffee2
000000f8
00000260
00000244
0000031e
000004ce
000004ae
00000342
00000370
00000404
0000058c
000007b0
000005b0
00000462
00000274
ffffffc8
ffffffb8
ffffffe6
ffffffe6
ffffffe6
ffffffe6
ffffffe6
ffffffe6
ffffffe6
ffffffe6
ffffffe6
ffffffe6
ffffffe6
ffffffe6
ffffffe6
ffffffe6
ffffffe6
ffffffe6
ffffffe6
ffffffe6
ffffffe6
ffffffe6
ffffffe6
fffffbc5
fffffbf5
fffffbfd
fffffb25
fffffdca
0000008b
0000008b
0000008b
0000008b
0000008b
0000008b
0000008b
0000008b
0000008b
0000008b
0000008b
0000008b
0000008b
0000008b
0000008b
0000008b
0000008b
0000001f
ffffffb9
0000019f
00000421
000006e5
000007d3
00000685
000005f3
000004f9
000003a3
00000297
000001d1
000001e3
00000227
000001fd
ffffff9b
fffffc23
fffff98d
fffff97f
fffffe4b
00000031
0000008b
0000008b
0000008b
0000008b
0000008b
0000008b
0000008b
0000008b
0000008b
0000008b
0000008b
0000008b
0000008b
0000008b
0000008b
0000008b
0000008b
0000008b
0000008b
0000008b
0000008b
ffffffe9
0000032d
00000101
fffffd86
fffffd82
ffffffc1
ffffffc1
ffffffc1
ffffffc1
ffffffc1
ffffffc1
ffffffc1
ffffffc1
ffffffc1
ffffffc1
ffffffc1
ffffffc1
ffffffc1
ffffffc1
ffffffc1
ffffffc1
ffffffc1
ffffffbd
ffffff8b
0000007f
00000127
000001fb
00000235
0000010f
00000275
00000343
000000d9
000000a9
000001d3
ffffffd9
fffffe4b
ffffffa3
ffffff73
00000229
00000033
fffffed5
fffffe85
ffffff85
ffffffc1
ffffffc1
ffffffc1
ffffffc1
ffffffc1
ffffffc1
ffffffc1
ffffffc1
ffffffc1
ffffffc1
ffffffc1
ffffffc1
ffffffc1
ffffffc1
ffffffc1
ffffffc1
ffffffc1
ffffffc1
ffffffc1
ffffffc1
ffffffc1
00000039
fffffeaf
00000655
00000538
00000167
000000f1
000000f1
000000f1
000000f1
000000f1
000000f1
000000f1
000000f1
000000f1
000000f1
000000f1
000000f1
000000f1
000000f1
000000f1
000000f1
000000f1
00000123
000000cf
000001fb
ffffff05
fffffcf5
fffffb81
fffffc1b
fffffd99
fffffd25
00000005
00000005
fffffff7
000003dd
00000751
00000b0b
00000d49
00000bfb
0000088d
00000469
000000bb
000000c3
000000f1
000000f1
000000f1
000000f1
000000f1
000000f1
000000f1
000000f1
000000f1
000000f1
000000f1
000000f1
000000f1
000000f1
000000f1
000000f1
000000f1
000000f1
000000f1
000000f1
000000f1
fffffdaa
fffffbcc
00000015
ffffff6e
00000039
ffffff60
ffffff60
ffffff60
ffffff60
ffffff60
ffffff60
ffffff60
ffffff60
ffffff60
ffffff60
ffffff60
ffffff60
ffffff60
ffffff60
ffffff60
ffffff60
ffffff60
ffffff1e
fffffe24
fffffde2
fffffdfc
fffffd96
fffffe7a
ffffff36
fffffe7a
fffffe46
ffffff14
ffffff2c
fffffef8
00000176
00000214
00000318
00000392
0000027c
0000003c
fffffeec
ffffff54
ffffff8e
ffffff60
ffffff60
ffffff60
ffffff60
ffffff60
ffffff60
ffffff60
ffffff60
ffffff60
ffffff60
ffffff60
ffffff60
ffffff60
ffffff60
ffffff60
ffffff60
ffffff60
ffffff60
ffffff60
ffffff60
ffffff60
fffffc6f
fffffc70
0000014b
0000029c
000002c7
00000261
00000261
00000261
00000261
00000261
00000261
00000261
00000261
00000261
00000261
00000261
00000261
00000261
00000261
00000261
00000261
00000261
0000028b
000001d9
00000263
0000028b
0000023b
000002a9
00000127
fffffe17
fffffcbd
fffffc0f
fffffc6f
fffffc0b
fffffba9
fffffb65
fffffec5
000002a5
00000515
00000513
0000031b
0000027f
00000283
00000261
00000261
00000261
00000261
00000261
00000261
00000261
00000261
00000261
00000261
00000261
00000261
00000261
00000261
00000261
00000261
00000261
00000261
00000261
00000261
00000261
00000234
00000257
000000e9
00000048
000000ad
0000014d
0000014d
0000014d
0000014d
0000014d
0000014d
0000014d
0000014d
0000014d
0000014d
0000014d
0000014d
0000014d
0000014d
0000014d
0000014d
0000014d
0000007d
ffffff83
ffffff11
fffffea3
fffffe41
fffffeb5
fffffd8b
fffffb85
fffff9ab
fffff863
fffff7bf
fffff849
fffff853
fffff8fb
fffffaed
fffffe07
ffffff6b
fffffef1
fffffdef
0000009f
00000185
0000014d
0000014d
0000014d
0000014d
0000014d
0000014d
0000014d
0000014d
0000014d
0000014d
0000014d
0000014d
0000014d
0000014d
0000014d
0000014d
0000014d
0000014d
0000014d
0000014d
0000014d
0000007a
000000a3
fffffd10
fffffdd0
fffffea5
ffffff11
ffffff11
ffffff11
ffffff11
ffffff11
ffffff11
ffffff11
ffffff11
ffffff11
ffffff11
ffffff11
ffffff11
ffffff11
ffffff11
ffffff11
ffffff11
ffffff11
fffffee5
fffffec5
fffffecf
00000073
00000313
0000045b
000003ad
00000381
0000034d
000001f3
00000171
000000eb
ffffff8d
ffffffad
fffffedb
fffffd19
fffffc43
fffffc85
fffffe13
ffffff69
ffffff1d
ffffff11
ffffff11
ffffff11
ffffff11
ffffff11
ffffff11
ffffff11
ffffff11
ffffff11
ffffff11
ffffff11
ffffff11
ffffff11
ffffff11
ffffff11
ffffff11
ffffff11
ffffff11
ffffff11
ffffff11
ffffff11
00000161
0000029d
fffffbf4
fffffc72
fffffe58
ffffff58
ffffff58
ffffff58
ffffff58
ffffff58
ffffff58
ffffff58
ffffff58
ffffff58
ffffff58
ffffff58
ffffff58
ffffff58
ffffff58
ffffff58
ffffff58
ffffff58
ffffff88
00000130
00000376
000004bc
000002b0
fffffdfa
fffffa92
fffff954
fffff7dc
fffff7b0
fffff7e6
fffff8c0
fffff82a
fffff8f0
fffff680
fffff454
fffff78e
fffffafc
fffffcae
fffffdd0
ffffff30
ffffff58
ffffff58
ffffff58
ffffff58
ffffff58
ffffff58
ffffff58
ffffff58
ffffff58
ffffff58
ffffff58
ffffff58
ffffff58
ffffff58
ffffff58
ffffff58
ffffff58
ffffff58
ffffff58
ffffff58
ffffff58
000004b5
000003f0
ffffffe9
fffffff4
00000086
00000068
00000068
00000068
00000068
00000068
00000068
00000068
00000068
00000068
00000068
00000068
00000068
00000068
00000068
00000068
00000068
00000068
000000a2
00000112
000000a8
00000172
000002e4
000002dc
000000ea
ffffff9a
ffffff4c
fffffd64
fffffd5e
fffffc08
fffffa42
fffffa44
fffffd36
0000011c
00000342
00000340
000002ae
00000128
00000032
00000068
00000068
00000068
00000068
00000068
00000068
00000068
00000068
00000068
00000068
00000068
00000068
00000068
00000068
00000068
00000068
00000068
00000068
00000068
00000068
00000068
0000032b
000002a8
ffffff76
ffffff82
fffffe33
fffffe08
fffffe08
fffffe08
fffffe08
fffffe08
fffffe08
fffffe08
fffffe08
fffffe08
fffffe08
fffffe08
fffffe08
fffffe08
fffffe08
fffffe08
fffffe08
fffffe08
fffffe0c
fffffe58
fffffdf0
fffffe0c
fffffdba
fffffe04
fffffeca
00000056
000001a8
000003c4
0000045e
00000328
0000006e
fffffeaa
fffffd60
fffffd52
fffffd2e
fffffd0e
fffffdb4
fffffe1a
fffffe28
fffffe08
fffffe08
fffffe08
fffffe08
fffffe08
fffffe08
fffffe08
fffffe08
fffffe08
fffffe08
fffffe08
fffffe08
fffffe08
fffffe08
fffffe08
fffffe08
fffffe08
fffffe08
fffffe08
fffffe08
fffffe08
fffffe89
fffffe74
00000282
000002d6
000001c6
0000010a
0000010a
0000010a
0000010a
0000010a
0000010a
0000010a
0000010a
0000010a
0000010a
0000010a
0000010a
0000010a
0000010a
0000010a
0000010a
0000010a
00000122
00000118
000000dc
0000013c
00000146
00000092
fffffe44
fffffc5e
fffffd30
fffffd5a
fffffdd2
fffffd80
fffffdf0
fffffde0
fffffe94
0000018e
000005a0
000006da
0000045e
000001c2
0000012e
0000010a
0000010a
0000010a
0000010a
0000010a
0000010a
0000010a
0000010a
0000010a
0000010a
0000010a
0000010a
0000010a
0000010a
0000010a
0000010a
0000010a
0000010a
0000010a
0000010a
0000010a
000001d1
0000016d
fffffbd3
fffffbc5
fffffd80
00000059
00000059
00000059
00000059
00000059
00000059
00000059
00000059
00000059
00000059
00000059
00000059
00000059
00000059
00000059
00000059
00000059
ffffffc9
ffffff73
0000014d
000003ef
00000821
00000989
0000074f
000005a3
00000331
0000023d
00000139
000001a7
0000004b
000001e7
000000e1
ffffff93
fffffe07
fffffae9
fffff9df
fffffd3b
00000065
00000059
00000059
00000059
00000059
00000059
00000059
00000059
00000059
00000059
00000059
00000059
00000059
00000059
00000059
00000059
00000059
00000059
00000059
00000059
00000059
00000059
0000032d
00000527
00000200
00000209
00000121
00000038
00000038
00000038
00000038
00000038
00000038
00000038
00000038
00000038
00000038
00000038
00000038
00000038
00000038
00000038
00000038
00000038
ffffffe2
fffffef2
fffffdce
fffffdbc
fffffe7a
00000026
00000108
0000009c
000000c2
0000013e
00000036
fffffe3e
fffffea6
fffffffe
00000190
00000250
000001c2
00000122
0000009e
0000006a
000000ac
00000038
00000038
00000038
00000038
00000038
00000038
00000038
00000038
00000038
00000038
00000038
00000038
00000038
00000038
00000038
00000038
00000038
00000038
00000038
00000038
00000038
00000006
00000012
000003a8
000002a2
00000144
ffffffb4
ffffffb4
ffffffb4
ffffffb4
ffffffb4
ffffffb4
ffffffb4
ffffffb4
ffffffb4
ffffffb4
ffffffb4
ffffffb4
ffffffb4
ffffffb4
ffffffb4
ffffffb4
ffffffb4
00000004
00000018
0000007c
ffffff58
fffffdd6
fffffd48
fffffd3e
fffffd8e
fffffe16
ffffff44
00000050
00000020
ffffffdc
ffffffae
000000d2
000001fa
000004c2
000005ee
0000036a
ffffffc6
ffffffac
ffffffb4
ffffffb4
ffffffb4
ffffffb4
ffffffb4
ffffffb4
ffffffb4
ffffffb4
ffffffb4
ffffffb4
ffffffb4
ffffffb4
ffffffb4
ffffffb4
ffffffb4
ffffffb4
ffffffb4
ffffffb4
ffffffb4
ffffffb4
ffffffb4
ffffff91
fffffd2d
fffffbe0
fffffcdd
fffffd6b
ffffff13
ffffff13
ffffff13
ffffff13
ffffff13
ffffff13
ffffff13
ffffff13
ffffff13
ffffff13
ffffff13
ffffff13
ffffff13
ffffff13
ffffff13
ffffff13
ffffff13
ffffff63
fffffff9
000000f5
0000013d
00000231
000002d9
000001c7
0000008f
00000001
00000119
000000b3
00000187
00000149
00000225
ffffffbd
fffffb73
fffff799
fffff62f
fffff93b
fffffccb
fffffebf
ffffff13
ffffff13
ffffff13
ffffff13
ffffff13
ffffff13
ffffff13
ffffff13
ffffff13
ffffff13
ffffff13
ffffff13
ffffff13
ffffff13
ffffff13
ffffff13
ffffff13
ffffff13
ffffff13
ffffff13
ffffff13
ffffff54
000002c1
ffffff59
ffffffd8
ffffff9f
ffffff4e
ffffff4e
ffffff4e
ffffff4e
ffffff4e
ffffff4e
ffffff4e
ffffff4e
ffffff4e
ffffff4e
ffffff4e
ffffff4e
ffffff4e
ffffff4e
ffffff4e
ffffff4e
ffffff4e
ffffffb0
fffffff4
ffffff1a
ffffff30
ffffff6e
00000068
0000006c
00000182
00000150
00000186
00000120
00000108
ffffff32
fffffe74
fffffd8e
fffffd30
fffffcc0
fffffcb0
fffffe4c
ffffffca
ffffff34
ffffff4e
ffffff4e
ffffff4e
ffffff4e
ffffff4e
ffffff4e
ffffff4e
ffffff4e
ffffff4e
ffffff4e
ffffff4e
ffffff4e
ffffff4e
ffffff4e
ffffff4e
ffffff4e
ffffff4e
ffffff4e
ffffff4e
ffffff4e
ffffff4e
0000007f
00000032
fffffcdf
fffffda5
00000024
00000060
00000060
00000060
00000060
00000060
00000060
00000060
00000060
00000060
00000060
00000060
00000060
00000060
00000060
00000060
00000060
00000060
0000008a
0000021a
000002fe
0000038e
0000033a
00000262
0000024c
00000204
00000150
0000017e
0000018c
000001b6
00000172
000000c6
ffffff3a
ffffff0c
fffffff6
ffffff72
fffffeb4
ffffff5e
fffffff4
00000060
00000060
00000060
00000060
00000060
00000060
00000060
00000060
00000060
00000060
00000060
00000060
00000060
00000060
00000060
00000060
00000060
00000060
00000060
00000060
00000060
0000023b
0000026a
00000076
0000005c
ffffff92
ffffffe0
ffffffe0
ffffffe0
ffffffe0
ffffffe0
ffffffe0
ffffffe0
ffffffe0
ffffffe0
ffffffe0
ffffffe0
ffffffe0
ffffffe0
ffffffe0
ffffffe0
ffffffe0
ffffffe0
ffffffc8
ffffffae
ffffff74
ffffffc6
00000088
00000138
0000022c
00000328
0000049c
00000496
0000056e
000005a8
00000676
0000073c
000007b8
00000794
00000840
00000626
00000322
fffffff6
ffffff8c
ffffffe0
ffffffe0
ffffffe0
ffffffe0
ffffffe0
ffffffe0
ffffffe0
ffffffe0
ffffffe0
ffffffe0
ffffffe0
ffffffe0
ffffffe0
ffffffe0
ffffffe0
ffffffe0
ffffffe0
ffffffe0
ffffffe0
ffffffe0
ffffffe0
ffffff5c
ffffff85
ffffffa4
fffffff4
fffffffc
ffffff75
ffffff75
ffffff75
ffffff75
ffffff75
ffffff75
ffffff75
ffffff75
ffffff75
ffffff75
ffffff75
ffffff75
ffffff75
ffffff75
ffffff75
ffffff75
ffffff75
ffffff93
00000051
0000005d
ffffffbf
00000147
00000043
0000001f
00000039
0000003d
00000195
00000137
00000147
000000a9
fffffeef
fffffda5
fffffc9d
fffffaaf
fffff94d
fffffcb5
ffffffc3
ffffff75
ffffff75
ffffff75
ffffff75
ffffff75
ffffff75
ffffff75
ffffff75
ffffff75
ffffff75
ffffff75
ffffff75
ffffff75
ffffff75
ffffff75
ffffff75
ffffff75
ffffff75
ffffff75
ffffff75
ffffff75
ffffff75
fffffe87
ffffff58
fffffe18
fffffe5d
fffffe6c
ffffff47
ffffff47
ffffff47
ffffff47
ffffff47
ffffff47
ffffff47
ffffff47
ffffff47
ffffff47
ffffff47
ffffff47
ffffff47
ffffff47
ffffff47
ffffff47
ffffff47
ffffff75
00000051
000000e1
000001c3
0000035d
0000037d
00000247
00000233
000002b9
00000077
fffffff9
00000221
ffffffdd
fffffec1
fffffd77
fffffd47
fffffe29
fffffe97
fffffe85
fffffda9
fffffef7
ffffff47
ffffff47
ffffff47
ffffff47
ffffff47
ffffff47
ffffff47
ffffff47
ffffff47
ffffff47
ffffff47
ffffff47
ffffff47
ffffff47
ffffff47
ffffff47
ffffff47
ffffff47
ffffff47
ffffff47
ffffff47
0000008f
000001cd
ffffff1f
fffffeee
fffffed0
ffffff6a
ffffff6a
ffffff6a
ffffff6a
ffffff6a
ffffff6a
ffffff6a
ffffff6a
ffffff6a
ffffff6a
ffffff6a
ffffff6a
ffffff6a
ffffff6a
ffffff6a
ffffff6a
ffffff6a
ffffff7c
fffffe4a
fffffe4c
fffffccc
fffffcc2
fffffd78
fffffe72
fffffe8a
ffffffcc
00000188
000001ee
000000b6
ffffffb4
fffffd3e
fffffc14
fffffbe6
ffffff38
fffffeee
fffffdf4
fffffeaa
ffffff82
ffffff6a
ffffff6a
ffffff6a
ffffff6a
ffffff6a
ffffff6a
ffffff6a
ffffff6a
ffffff6a
ffffff6a
ffffff6a
ffffff6a
ffffff6a
ffffff6a
ffffff6a
ffffff6a
ffffff6a
ffffff6a
ffffff6a
ffffff6a
ffffff6a
ffffff60
ffffffe5
00000051
0000021a
ffffffbe
fffffe8c
fffffe8c
fffffe8c
fffffe8c
fffffe8c
fffffe8c
fffffe8c
fffffe8c
fffffe8c
fffffe8c
fffffe8c
fffffe8c
fffffe8c
fffffe8c
fffffe8c
fffffe8c
fffffe8c
fffffeb8
fffffe0c
fffffdfa
fffffd50
fffffb2e
fffffbae
fffffaba
fffff9ec
fffffb9a
fffffcf6
fffffc4a
fffffb44
fffff9d4
fffff8e8
fffffb3a
fffffc64
fffffc68
fffffd82
ffffff78
ffffffc4
fffffeca
fffffe8c
fffffe8c
fffffe8c
fffffe8c
fffffe8c
fffffe8c
fffffe8c
fffffe8c
fffffe8c
fffffe8c
fffffe8c
fffffe8c
fffffe8c
fffffe8c
fffffe8c
fffffe8c
fffffe8c
fffffe8c
fffffe8c
fffffe8c
fffffe8c
fffffeaa
0000002e
000003a2
000001f9
00000061
fffffffe
fffffffe
fffffffe
fffffffe
fffffffe
fffffffe
fffffffe
fffffffe
fffffffe
fffffffe
fffffffe
fffffffe
fffffffe
fffffffe
fffffffe
fffffffe
fffffffe
ffffffb8
fffffea0
fffffe38
fffffd14
fffffba6
fffffc0a
fffffc5c
fffffd14
fffffd64
fffffd96
ffffff20
0000006a
0000003e
0000007c
00000340
000004cc
000004a6
0000051a
00000584
00000298
000000c6
fffffffe
fffffffe
fffffffe
fffffffe
fffffffe
fffffffe
fffffffe
fffffffe
fffffffe
fffffffe
fffffffe
fffffffe
fffffffe
fffffffe
fffffffe
fffffffe
fffffffe
fffffffe
fffffffe
fffffffe
fffffffe
fffffc20
fffffba9
0000028d
0000015b
ffffff71
ffffff41
ffffff41
ffffff41
ffffff41
ffffff41
ffffff41
ffffff41
ffffff41
ffffff41
ffffff41
ffffff41
ffffff41
ffffff41
ffffff41
ffffff41
ffffff41
ffffff41
fffffe7b
fffffc6b
fffffa81
fffffc37
ffffff8f
0000013d
000002e1
00000449
000005b5
000003e9
000003d5
00000377
000002b7
00000395
00000479
0000066d
000007cb
00000747
00000411
00000295
ffffff33
ffffff41
ffffff41
ffffff41
ffffff41
ffffff41
ffffff41
ffffff41
ffffff41
ffffff41
ffffff41
ffffff41
ffffff41
ffffff41
ffffff41
ffffff41
ffffff41
ffffff41
ffffff41
ffffff41
ffffff41
ffffff41
fffffd48
fffffc45
0000014a
ffffffce
ffffff8c
fffffffc
fffffffc
fffffffc
fffffffc
fffffffc
fffffffc
fffffffc
fffffffc
fffffffc
fffffffc
fffffffc
fffffffc
fffffffc
fffffffc
fffffffc
fffffffc
fffffffc
fffffffc
fffffe86
fffffe5c
fffffbe0
fffffd40
fffffe00
ffffff66
00000146
00000314
00000400
000002f4
0000016a
000001c8
00000178
00000132
ffffffd6
fffffe74
fffffe44
ffffff08
00000018
00000026
fffffffc
fffffffc
fffffffc
fffffffc
fffffffc
fffffffc
fffffffc
fffffffc
fffffffc
fffffffc
fffffffc
fffffffc
fffffffc
fffffffc
fffffffc
fffffffc
fffffffc
fffffffc
fffffffc
fffffffc
fffffffc
fffffbd9
fffffcca
00000070
0000002c
00000003
000000b2
000000b2
000000b2
000000b2
000000b2
000000b2
000000b2
000000b2
000000b2
000000b2
000000b2
000000b2
000000b2
000000b2
000000b2
000000b2
000000b2
00000094
000000fe
000001d0
00000212
00000186
00000144
0000013c
0000006a
00000052
00000010
0000017c
0000023e
00000496
0000053e
000004c2
00000506
000004f6
0000047a
00000224
0000004a
0000008a
000000b2
000000b2
000000b2
000000b2
000000b2
000000b2
000000b2
000000b2
000000b2
000000b2
000000b2
000000b2
000000b2
000000b2
000000b2
000000b2
000000b2
000000b2
000000b2
000000b2
000000b2
ffffffe9
0000001c
000000ab
00000324
000001e9
00000207
00000207
00000207
00000207
00000207
00000207
00000207
00000207
00000207
00000207
00000207
00000207
00000207
00000207
00000207
00000207
00000207
00000201
00000389
000005bb
0000065d
00000391
ffffffad
fffffe07
fffffc4b
fffffb71
fffffdf3
fffffdf9
ffffff69
000003b5
000004ed
00000411
0000006f
ffffffe1
000003ef
000003e5
0000013b
000001db
00000207
00000207
00000207
00000207
00000207
00000207
00000207
00000207
00000207
00000207
00000207
00000207
00000207
00000207
00000207
00000207
00000207
00000207
00000207
00000207
00000207
00000179
00000263
000001cd
ffffff73
ffffff72
fffffff0
fffffff0
fffffff0
fffffff0
fffffff0
fffffff0
fffffff0
fffffff0
fffffff0
fffffff0
fffffff0
fffffff0
fffffff0
fffffff0
fffffff0
fffffff0
fffffff0
ffffffda
fffffe9c
fffffe68
fffffe98
000001a8
000001de
00000382
00000204
000000b0
ffffffe2
ffffffea
fffffe36
fffffde2
fffffef6
0000026e
000006d6
0000067c
00000156
fffffec8
ffffff3a
ffffffa6
fffffff0
fffffff0
fffffff0
fffffff0
fffffff0
fffffff0
fffffff0
fffffff0
fffffff0
fffffff0
fffffff0
fffffff0
fffffff0
fffffff0
fffffff0
fffffff0
fffffff0
fffffff0
fffffff0
fffffff0
fffffff0
fffffce7
fffffcaa
fffffde9
fffffd89
ffffff2b
00000040
00000040
00000040
00000040
00000040
00000040
00000040
00000040
00000040
00000040
00000040
00000040
00000040
00000040
00000040
00000040
00000040
0000009c
0000003e
000000fe
000001ee
000003fa
00000454
00000498
00000404
0000024e
0000016a
000001ca
00000102
00000058
ffffff94
ffffffb6
ffffff6e
fffffe40
fffffd28
fffffde0
ffffff62
0000001a
00000040
00000040
00000040
00000040
00000040
00000040
00000040
00000040
00000040
00000040
00000040
00000040
00000040
00000040
00000040
00000040
00000040
00000040
00000040
00000040
00000040
ffffff49
0000001b
000003c2
0000038a
000002c5
000000a0
000000a0
000000a0
000000a0
000000a0
000000a0
000000a0
000000a0
000000a0
000000a0
000000a0
000000a0
000000a0
000000a0
000000a0
000000a0
000000a0
00000010
ffffffae
ffffff50
fffffe4c
fffffdb0
fffffdea
fffffd48
fffffd34
ffffff28
fffffe92
fffffebe
fffffdec
fffffe8c
fffffe58
fffffdf8
00000092
000004b2
00000550
00000556
00000280
0000010e
000000a0
000000a0
000000a0
000000a0
000000a0
000000a0
000000a0
000000a0
000000a0
000000a0
000000a0
000000a0
000000a0
000000a0
000000a0
000000a0
000000a0
000000a0
000000a0
000000a0
000000a0
0000011f
00000033
ffffff1d
ffffff75
ffffff71
ffffffa2
ffffffa2
ffffffa2
ffffffa2
ffffffa2
ffffffa2
ffffffa2
ffffffa2
ffffffa2
ffffffa2
ffffffa2
ffffffa2
ffffffa2
ffffffa2
ffffffa2
ffffffa2
ffffffa2
ffffff30
fffffea4
fffffcc6
fffffbea
fffffc7a
fffffd14
fffffbea
fffffb12
fffff8a8
fffff83c
fffff89a
fffffb54
fffffade
fffff9d6
fffff70e
fffff7ce
fffffc0e
ffffff38
ffffff4c
ffffff7a
ffffffce
ffffffa2
ffffffa2
ffffffa2
ffffffa2
ffffffa2
ffffffa2
ffffffa2
ffffffa2
ffffffa2
ffffffa2
ffffffa2
ffffffa2
ffffffa2
ffffffa2
ffffffa2
ffffffa2
ffffffa2
ffffffa2
ffffffa2
ffffffa2
ffffffa2
000002a8
00000236
fffffc07
fffffc2a
ffffff4e
00000029
00000029
00000029
00000029
00000029
00000029
00000029
00000029
00000029
00000029
00000029
00000029
00000029
00000029
00000029
00000029
00000029
00000051
00000195
000002dd
0000027d
000001bf
000001a5
000000e1
00000175
0000000b
fffffdf9
fffffee5
fffffe19
fffffc13
fffffac5
fffffac9
fffff959
fffffccb
fffffebd
0000000b
000000ef
00000031
00000029
00000029
00000029
00000029
00000029
00000029
00000029
00000029
00000029
00000029
00000029
00000029
00000029
00000029
00000029
00000029
00000029
00000029
00000029
00000029
00000029
000001cb
00000300
ffffff84
00000160
0000019c
0000011c
0000011c
0000011c
0000011c
0000011c
0000011c
0000011c
0000011c
0000011c
0000011c
0000011c
0000011c
0000011c
0000011c
0000011c
0000011c
0000011c
00000108
00000040
ffffffca
00000002
fffffff2
ffffffa0
ffffffd6
fffffebc
fffffeb0
ffffff2c
ffffff56
fffffe16
fffffe5a
fffffebc
ffffff70
ffffff0a
fffffd7c
fffffdea
ffffff48
000000f0
000000e6
0000011c
0000011c
0000011c
0000011c
0000011c
0000011c
0000011c
0000011c
0000011c
0000011c
0000011c
0000011c
0000011c
0000011c
0000011c
0000011c
0000011c
0000011c
0000011c
0000011c
0000011c
000000bd
000001a7
fffffdfd
fffffc85
fffffdcb
ffffff0e
ffffff0e
ffffff0e
ffffff0e
ffffff0e
ffffff0e
ffffff0e
ffffff0e
ffffff0e
ffffff0e
ffffff0e
ffffff0e
ffffff0e
ffffff0e
ffffff0e
ffffff0e
ffffff0e
fffffec2
fffffeaa
fffffdd2
00000004
00000384
0000053e
000005ce
0000056c
00000454
0000050c
00000458
00000306
00000214
0000029a
000002ba
00000250
000000fa
fffffcae
fffffabc
fffffc2a
fffffeba
ffffff0e
ffffff0e
ffffff0e
ffffff0e
ffffff0e
ffffff0e
ffffff0e
ffffff0e
ffffff0e
ffffff0e
ffffff0e
ffffff0e
ffffff0e
ffffff0e
ffffff0e
ffffff0e
ffffff0e
ffffff0e
ffffff0e
ffffff0e
ffffff0e
fffffe1b
fffffde5
ffffff62
fffffeb5
fffffe6c
fffffeac
fffffeac
fffffeac
fffffeac
fffffeac
fffffeac
fffffeac
fffffeac
fffffeac
fffffeac
fffffeac
fffffeac
fffffeac
fffffeac
fffffeac
fffffeac
fffffeac
fffffe90
fffffde2
fffffe88
0000018a
000001f2
000000b0
000000de
0000009e
00000162
0000020e
0000013c
00000180
00000242
000000d6
fffffdce
fffffb3a
fffffc7c
fffffe62
ffffff30
fffffe9e
fffffe8c
fffffeac
fffffeac
fffffeac
fffffeac
fffffeac
fffffeac
fffffeac
fffffeac
fffffeac
fffffeac
fffffeac
fffffeac
fffffeac
fffffeac
fffffeac
fffffeac
fffffeac
fffffeac
fffffeac
fffffeac
fffffeac
ffffff53
ffffffa4
00000271
0000020a
000001b5
000000cf
000000cf
000000cf
000000cf
000000cf
000000cf
000000cf
000000cf
000000cf
000000cf
000000cf
000000cf
000000cf
000000cf
000000cf
000000cf
000000cf
000000e7
00000123
00000003
fffffedf
fffffecf
ffffff2d
ffffff1b
ffffff43
fffffe03
fffffe97
fffffd2d
fffffc9d
fffffc57
fffffce5
fffffc51
fffffc37
fffffbe5
fffffd0d
ffffff47
ffffffab
000000c5
000000cf
000000cf
000000cf
000000cf
000000cf
000000cf
000000cf
000000cf
000000cf
000000cf
000000cf
000000cf
000000cf
000000cf
000000cf
000000cf
000000cf
000000cf
000000cf
000000cf
000000cf
000001df
00000099
fffffc31
fffffd35
fffffdc8
ffffff22
ffffff22
ffffff22
ffffff22
ffffff22
ffffff22
ffffff22
ffffff22
ffffff22
ffffff22
ffffff22
ffffff22
ffffff22
ffffff22
ffffff22
ffffff22
ffffff22
00000020
0000010e
00000330
000002a2
000002e8
00000298
0000005a
ffffff2c
0000017c
000001d0
0000024c
00000450
0000042c
000002a0
000000de
fffffeb0
fffffc92
fffffd90
fffffea4
ffffff06
fffffece
ffffff22
ffffff22
ffffff22
ffffff22
ffffff22
ffffff22
ffffff22
ffffff22
ffffff22
ffffff22
ffffff22
ffffff22
ffffff22
ffffff22
ffffff22
ffffff22
ffffff22
ffffff22
ffffff22
ffffff22
ffffff22
ffffffe0
00000435
0000004e
00000089
00000042
0000004b
0000004b
0000004b
0000004b
0000004b
0000004b
0000004b
0000004b
0000004b
0000004b
0000004b
0000004b
0000004b
0000004b
0000004b
0000004b
0000004b
00000045
000000bf
00000115
ffffffcd
fffffefd
fffffff9
ffffffa5
ffffff45
000000db
00000217
00000309
00000467
0000067f
0000076b
00000799
0000083f
00000607
000005d3
0000028d
000000cf
0000006d
0000004b
0000004b
0000004b
0000004b
0000004b
0000004b
0000004b
0000004b
0000004b
0000004b
0000004b
0000004b
0000004b
0000004b
0000004b
0000004b
0000004b
0000004b
0000004b
0000004b
0000004b
00000060
0000005e
0000035d
000001f7
00000021
ffffff22
ffffff22
ffffff22
ffffff22
ffffff22
ffffff22
ffffff22
ffffff22
ffffff22
ffffff22
ffffff22
ffffff22
ffffff22
ffffff22
ffffff22
ffffff22
ffffff22
ffffff34
fffffe7a
fffffeb0
fffffea0
fffffe16
fffffcc6
fffffc76
fffffc52
fffffcba
fffffd9c
fffffe06
fffffd8e
fffffffa
00000054
00000266
0000033a
000003b2
000003e8
00000100
ffffff6a
fffffeee
ffffff22
ffffff22
ffffff22
ffffff22
ffffff22
ffffff22
ffffff22
ffffff22
ffffff22
ffffff22
ffffff22
ffffff22
ffffff22
ffffff22
ffffff22
ffffff22
ffffff22
ffffff22
ffffff22
ffffff22
ffffff22
fffffc5d
fffffb98
ffffffaf
0000011e
000000f9
000000b6
000000b6
000000b6
000000b6
000000b6
000000b6
000000b6
000000b6
000000b6
000000b6
000000b6
000000b6
000000b6
000000b6
000000b6
000000b6
000000b6
000000ce
000001a0
000001a8
00000224
000000c2
ffffff52
fffffe66
fffffed6
ffffff5a
000000c0
0000004c
0000014c
00000318
00000470
000002e8
ffffff0a
fffffbe0
fffffc50
fffffe5c
ffffffb8
00000076
000000b6
000000b6
000000b6
000000b6
000000b6
000000b6
000000b6
000000b6
000000b6
000000b6
000000b6
000000b6
000000b6
000000b6
000000b6
000000b6
000000b6
000000b6
000000b6
000000b6
000000b6
000000f2
0000010f
0000002f
ffffffd5
000000a0
0000016b
0000016b
0000016b
0000016b
0000016b
0000016b
0000016b
0000016b
0000016b
0000016b
0000016b
0000016b
0000016b
0000016b
0000016b
0000016b
0000016b
000000ff
ffffffd5
ffffffa9
000000bd
000001a1
00000179
0000018d
00000205
000001b5
00000017
fffffe23
fffffe3d
fffffd2b
fffffbbd
fffff9eb
fffff99d
fffffcd9
fffffff5
ffffffb5
000001c7
00000193
0000016b
0000016b
0000016b
0000016b
0000016b
0000016b
0000016b
0000016b
0000016b
0000016b
0000016b
0000016b
0000016b
0000016b
0000016b
0000016b
0000016b
0000016b
0000016b
0000016b
0000016b
00000198
00000186
000005a7
00000504
0000021a
0000004c
0000004c
0000004c
0000004c
0000004c
0000004c
0000004c
0000004c
0000004c
0000004c
0000004c
0000004c
0000004c
0000004c
0000004c
0000004c
0000004c
0000000c
ffffff14
fffffe52
fffffd0c
fffffaaa
fffff998
fffff9a6
ffffface
fffffb30
fffffcfc
fffffd94
fffffdec
00000058
00000240
0000052c
00000892
00000a5c
00000b6c
00000820
000002a8
000000ce
0000004c
0000004c
0000004c
0000004c
0000004c
0000004c
0000004c
0000004c
0000004c
0000004c
0000004c
0000004c
0000004c
0000004c
0000004c
0000004c
0000004c
0000004c
0000004c
0000004c
0000004c
fffffd93
fffffb1b
fffffc4e
fffffcfc
fffffd65
ffffff28
ffffff28
ffffff28
ffffff28
ffffff28
ffffff28
ffffff28
ffffff28
ffffff28
ffffff28
ffffff28
ffffff28
ffffff28
ffffff28
ffffff28
ffffff28
ffffff28
ffffff8a
000000a6
00000116
00000180
000002c2
000003bc
000001f0
00000180
00000160
000001a0
00000192
000001cc
000000ce
0000023a
000000e4
fffffd3e
fffff868
fffff780
fffff99a
fffffd54
fffffefc
ffffff28
ffffff28
ffffff28
ffffff28
ffffff28
ffffff28
ffffff28
ffffff28
ffffff28
ffffff28
ffffff28
ffffff28
ffffff28
ffffff28
ffffff28
ffffff28
ffffff28
ffffff28
ffffff28
ffffff28
ffffff28
ffffff60
000002d7
0000037c
000002e6
000002bc
0000012f
0000012f
0000012f
0000012f
0000012f
0000012f
0000012f
0000012f
0000012f
0000012f
0000012f
0000012f
0000012f
0000012f
0000012f
0000012f
0000012f
00000049
ffffff85
fffffebd
fffffe49
fffffcad
fffffc85
fffffe1d
fffffe9b
fffffe25
ffffff03
ffffff2f
fffffd01
fffffd6d
fffffeab
00000163
000002ed
000004e3
00000349
0000020d
0000012d
00000105
0000012f
0000012f
0000012f
0000012f
0000012f
0000012f
0000012f
0000012f
0000012f
0000012f
0000012f
0000012f
0000012f
0000012f
0000012f
0000012f
0000012f
0000012f
0000012f
0000012f
0000012f
0000004d
fffffcf8
00000247
000001b6
00000171
000000a9
000000a9
000000a9
000000a9
000000a9
000000a9
000000a9
000000a9
000000a9
000000a9
000000a9
000000a9
000000a9
000000a9
000000a9
000000a9
000000a9
00000069
ffffffcd
0000003f
ffffffdd
fffffee9
fffffee1
fffffea9
fffffde5
fffffc91
fffffc5d
fffffc77
fffffc7d
fffffc21
fffffbb5
ffffff45
0000020d
00000365
000002c3
000001b3
000000e7
000000b5
000000a9
000000a9
000000a9
000000a9
000000a9
000000a9
000000a9
000000a9
000000a9
000000a9
000000a9
000000a9
000000a9
000000a9
000000a9
000000a9
000000a9
000000a9
000000a9
000000a9
000000a9
fffffe57
fffffdd6
fffffdf7
ffffffb1
fffffff9
ffffff0a
ffffff0a
ffffff0a
ffffff0a
ffffff0a
ffffff0a
ffffff0a
ffffff0a
ffffff0a
ffffff0a
ffffff0a
ffffff0a
ffffff0a
ffffff0a
ffffff0a
ffffff0a
ffffff0a
ffffff9c
00000098
00000350
00000472
00000470
00000472
000003b2
0000029c
0000036c
00000424
00000326
00000032
ffffff2c
fffffe3c
fffffcdc
fffffb4e
fffffa5e
fffffc72
fffffdd8
fffffef6
ffffff3a
ffffff0a
ffffff0a
ffffff0a
ffffff0a
ffffff0a
ffffff0a
ffffff0a
ffffff0a
ffffff0a
ffffff0a
ffffff0a
ffffff0a
ffffff0a
ffffff0a
ffffff0a
ffffff0a
ffffff0a
ffffff0a
ffffff0a
ffffff0a
ffffff0a
000001ec
0000032b
00000517
000002b4
000000cd
ffffff81
ffffff81
ffffff81
ffffff81
ffffff81
ffffff81
ffffff81
ffffff81
ffffff81
ffffff81
ffffff81
ffffff81
ffffff81
ffffff81
ffffff81
ffffff81
ffffff81
ffffff41
fffffdff
fffffd71
fffffd31
fffffb2d
fffffaf7
fffffb43
fffffbe9
fffffc5d
fffffcc3
fffffd9b
fffffd29
ffffff47
ffffff69
0000026d
000005f1
00000975
00000967
0000057b
0000016f
ffffff83
ffffff81
ffffff81
ffffff81
ffffff81
ffffff81
ffffff81
ffffff81
ffffff81
ffffff81
ffffff81
ffffff81
ffffff81
ffffff81
ffffff81
ffffff81
ffffff81
ffffff81
ffffff81
ffffff81
ffffff81
ffffff81
fffffc8e
fffffa15
ffffff5d
ffffff64
ffffff8c
00000034
00000034
00000034
00000034
00000034
00000034
00000034
00000034
00000034
00000034
00000034
00000034
00000034
00000034
00000034
00000034
00000034
000000c0
0000017a
0000018e
0000003a
ffffff1c
ffffff46
ffffff42
fffffe5a
fffffe1a
0000007a
fffffff8
fffffe82
fffffdb2
fffffc44
fffffb70
fffffc4a
fffffade
fffffb42
fffffd26
ffffffc6
00000058
00000034
00000034
00000034
00000034
00000034
00000034
00000034
00000034
00000034
00000034
00000034
00000034
00000034
00000034
00000034
00000034
00000034
00000034
00000034
00000034
00000034
00000063
000000f5
fffffc32
fffffc61
fffffc80
fffffd01
fffffd01
fffffd01
fffffd01
fffffd01
fffffd01
fffffd01
fffffd01
fffffd01
fffffd01
fffffd01
fffffd01
fffffd01
fffffd01
fffffd01
fffffd01
fffffd01
fffffd17
fffffd31
ffffff81
000002e5
000003dd
000001d1
fffffdf3
fffffcff
fffffb4f
fffffab9
fffffa3d
fffff9e7
fffff9e5
fffffbf7
fffffbe7
fffffa93
fffffa71
fffff957
fffff863
fffffadf
fffffcb9
fffffd01
fffffd01
fffffd01
fffffd01
fffffd01
fffffd01
fffffd01
fffffd01
fffffd01
fffffd01
fffffd01
fffffd01
fffffd01
fffffd01
fffffd01
fffffd01
fffffd01
fffffd01
fffffd01
fffffd01
fffffd01
fffffff8
00000091
0000010a
000000b4
000000fe
fffffec5
fffffec5
fffffec5
fffffec5
fffffec5
fffffec5
fffffec5
fffffec5
fffffec5
fffffec5
fffffec5
fffffec5
fffffec5
fffffec5
fffffec5
fffffec5
fffffec5
fffffe8b
fffffe35
fffffeff
0000003b
000000c7
0000010b
00000195
0000006d
000001e1
00000123
000000a9
ffffffad
00000069
00000115
fffffff7
ffffff91
0000020d
000001eb
00000157
ffffff3f
fffffef9
fffffec5
fffffec5
fffffec5
fffffec5
fffffec5
fffffec5
fffffec5
fffffec5
fffffec5
fffffec5
fffffec5
fffffec5
fffffec5
fffffec5
fffffec5
fffffec5
fffffec5
fffffec5
fffffec5
fffffec5
fffffec5
00000012
fffffee1
fffffef3
fffffda4
fffffe0d
fffffe74
fffffe74
fffffe74
fffffe74
fffffe74
fffffe74
fffffe74
fffffe74
fffffe74
fffffe74
fffffe74
fffffe74
fffffe74
fffffe74
fffffe74
fffffe74
fffffe74
fffffeb6
ffffff58
ffffff76
ffffff38
fffffe8c
fffffe86
ffffff4e
fffffff2
ffffff4c
0000011c
000002ba
000002f6
000002fa
000001dc
000001a6
0000022e
000000c6
ffffff9c
fffffe12
fffffcde
fffffe8c
fffffe74
fffffe74
fffffe74
fffffe74
fffffe74
fffffe74
fffffe74
fffffe74
fffffe74
fffffe74
fffffe74
fffffe74
fffffe74
fffffe74
fffffe74
fffffe74
fffffe74
fffffe74
fffffe74
fffffe74
fffffe74
fffffe92
fffffe8d
fffffc8b
fffffb22
fffffd14
ffffff11
ffffff11
ffffff11
ffffff11
ffffff11
ffffff11
ffffff11
ffffff11
ffffff11
ffffff11
ffffff11
ffffff11
ffffff11
ffffff11
ffffff11
ffffff11
ffffff11
ffffff4d
ffffffb5
ffffffed
00000161
00000129
00000105
000002a5
00000431
00000287
000002b7
0000047f
000005b1
00000429
000002b7
00000091
fffffe41
fffff859
fffff743
fffff8e7
fffffc93
fffffec1
ffffff11
ffffff11
ffffff11
ffffff11
ffffff11
ffffff11
ffffff11
ffffff11
ffffff11
ffffff11
ffffff11
ffffff11
ffffff11
ffffff11
ffffff11
ffffff11
ffffff11
ffffff11
ffffff11
ffffff11
ffffff11
fffffe63
fffffe70
00000174
000000bc
0000003d
ffffff11
ffffff11
ffffff11
ffffff11
ffffff11
ffffff11
ffffff11
ffffff11
ffffff11
ffffff11
ffffff11
ffffff11
ffffff11
ffffff11
ffffff11
ffffff11
ffffff11
fffffea3
fffffd65
fffffd73
fffffe5d
ffffff77
ffffffa3
ffffff8f
fffffe37
ffffffa5
0000005f
0000003f
ffffffc9
00000107
000000af
0000011b
0000010f
00000155
00000207
000000f1
ffffff43
ffffff37
ffffff11
ffffff11
ffffff11
ffffff11
ffffff11
ffffff11
ffffff11
ffffff11
ffffff11
ffffff11
ffffff11
ffffff11
ffffff11
ffffff11
ffffff11
ffffff11
ffffff11
ffffff11
ffffff11
ffffff11
ffffff11
fffffdb9
fffffda4
fffffd03
fffffd93
fffffe31
ffffff33
ffffff33
ffffff33
ffffff33
ffffff33
ffffff33
ffffff33
ffffff33
ffffff33
ffffff33
ffffff33
ffffff33
ffffff33
ffffff33
ffffff33
ffffff33
ffffff33
ffffff55
00000093
00000175
0000028f
00000379
00000357
000002c9
00000327
0000027f
00000125
00000169
000001e1
0000008b
00000057
ffffff7f
ffffff13
ffffff6f
fffffecb
fffffe89
ffffff0d
ffffff0d
ffffff33
ffffff33
ffffff33
ffffff33
ffffff33
ffffff33
ffffff33
ffffff33
ffffff33
ffffff33
ffffff33
ffffff33
ffffff33
ffffff33
ffffff33
ffffff33
ffffff33
ffffff33
ffffff33
ffffff33
ffffff33
000001bb
000002e2
fffffc28
fffffb95
fffffbc5
fffffd00
fffffd00
fffffd00
fffffd00
fffffd00
fffffd00
fffffd00
fffffd00
fffffd00
fffffd00
fffffd00
fffffd00
fffffd00
fffffd00
fffffd00
fffffd00
fffffd00
fffffc8e
fffffc08
fffffa8c
fffffbe0
ffffffcc
00000478
000003da
000004c6
00000236
ffffffba
ffffff7c
ffffff2c
fffffbfa
fffffc62
fffffc8e
fffffd04
fffffd9c
fffffc84
fffffd26
fffffdc8
fffffd04
fffffd00
fffffd00
fffffd00
fffffd00
fffffd00
fffffd00
fffffd00
fffffd00
fffffd00
fffffd00
fffffd00
fffffd00
fffffd00
fffffd00
fffffd00
fffffd00
fffffd00
fffffd00
fffffd00
fffffd00
fffffd00
fffffe83
fffffef6
00000063
000000a9
00000236
00000347
00000347
00000347
00000347
00000347
00000347
00000347
00000347
00000347
00000347
00000347
00000347
00000347
00000347
00000347
00000347
00000347
0000031d
0000027d
0000018b
000001f3
00000263
0000024f
00000309
000003ed
00000187
000000d7
000000df
fffffffb
fffffe65
ffffffd9
000000b7
0000024b
000001df
ffffffd5
fffffe33
0000019b
000002ef
00000347
00000347
00000347
00000347
00000347
00000347
00000347
00000347
00000347
00000347
00000347
00000347
00000347
00000347
00000347
00000347
00000347
00000347
00000347
00000347
00000347
00000301
0000026a
000001e5
00000166
0000025e
0000018b
0000018b
0000018b
0000018b
0000018b
0000018b
0000018b
0000018b
0000018b
0000018b
0000018b
0000018b
0000018b
0000018b
0000018b
0000018b
0000018b
000000c7
fffffea3
fffffe3b
fffffcd1
fffffce3
fffffe01
fffffd31
fffffb17
fffffa9f
fffffdc7
fffffe41
fffffebf
00000053
0000006d
000002c5
0000045b
00000399
0000007f
fffffe89
ffffffdd
000001b7
0000018b
0000018b
0000018b
0000018b
0000018b
0000018b
0000018b
0000018b
0000018b
0000018b
0000018b
0000018b
0000018b
0000018b
0000018b
0000018b
0000018b
0000018b
0000018b
0000018b
0000018b
fffffd0a
fffffd75
00000039
00000045
0000000f
000000b5
000000b5
000000b5
000000b5
000000b5
000000b5
000000b5
000000b5
000000b5
000000b5
000000b5
000000b5
000000b5
000000b5
000000b5
000000b5
000000b5
00000061
00000217
000003b1
0000036d
00000265
ffffffed
fffffe8d
000000c9
00000283
000001c9
0000021b
000003b5
000001b5
00000251
0000036f
00000197
00000149
00000069
fffffff3
0000013d
000000f3
000000b5
000000b5
000000b5
000000b5
000000b5
000000b5
000000b5
000000b5
000000b5
000000b5
000000b5
000000b5
000000b5
000000b5
000000b5
000000b5
000000b5
000000b5
000000b5
000000b5
000000b5
00000242
000001e8
00000112
00000169
00000162
000000a2
000000a2
000000a2
000000a2
000000a2
000000a2
000000a2
000000a2
000000a2
000000a2
000000a2
000000a2
000000a2
000000a2
000000a2
000000a2
000000a2
000000d8
00000136
00000120
00000048
ffffffde
fffffef4
fffffe9a
fffffee4
ffffff9c
00000028
0000003c
00000138
00000228
000002c6
00000262
000001ca
00000068
00000010
00000138
000000ee
000000c0
000000a2
000000a2
000000a2
000000a2
000000a2
000000a2
000000a2
000000a2
000000a2
000000a2
000000a2
000000a2
000000a2
000000a2
000000a2
000000a2
000000a2
000000a2
000000a2
000000a2
000000a2
000000c6
00000116
00000054
00000056
00000081
00000085
00000085
00000085
00000085
00000085
00000085
00000085
00000085
00000085
00000085
00000085
00000085
00000085
00000085
00000085
00000085
00000085
00000057
000000c3
00000141
00000057
000000a3
0000001f
fffffdad
fffffee1
fffffebf
fffffe71
fffffe59
fffffe73
00000083
00000389
00000491
00000471
000003f5
000004b5
00000233
ffffff89
00000017
00000085
00000085
00000085
00000085
00000085
00000085
00000085
00000085
00000085
00000085
00000085
00000085
00000085
00000085
00000085
00000085
00000085
00000085
00000085
00000085
00000085
000000ca
000000b3
fffffee2
fffffef7
fffffd30
fffffc53
fffffc53
fffffc53
fffffc53
fffffc53
fffffc53
fffffc53
fffffc53
fffffc53
fffffc53
fffffc53
fffffc53
fffffc53
fffffc53
fffffc53
fffffc53
fffffc53
fffffc3d
fffffc2d
fffffbbd
fffffb5d
fffff97f
fffff9b9
fffffb13
fffffdf7
ffffff15
00000195
00000379
0000049f
0000029b
00000109
fffffea5
ffffff2b
ffffff55
ffffffa9
fffffe2b
fffffcef
fffffc39
fffffc53
fffffc53
fffffc53
fffffc53
fffffc53
fffffc53
fffffc53
fffffc53
fffffc53
fffffc53
fffffc53
fffffc53
fffffc53
fffffc53
fffffc53
fffffc53
fffffc53
fffffc53
fffffc53
fffffc53
fffffc53
fffffef1
fffffd43
fffffd13
ffffff0c
ffffffd9
fffffeb5
fffffeb5
fffffeb5
fffffeb5
fffffeb5
fffffeb5
fffffeb5
fffffeb5
fffffeb5
fffffeb5
fffffeb5
fffffeb5
fffffeb5
fffffeb5
fffffeb5
fffffeb5
fffffeb5
fffffef5
0000012b
00000289
0000034b
0000039d
000002f3
00000031
ffffffbf
fffffed7
fffffd73
fffffe05
fffffce9
fffffb2b
fffff843
fffff6b5
fffff8af
fffffe03
00000355
000002bd
0000003b
fffffea5
fffffeb5
fffffeb5
fffffeb5
fffffeb5
fffffeb5
fffffeb5
fffffeb5
fffffeb5
fffffeb5
fffffeb5
fffffeb5
fffffeb5
fffffeb5
fffffeb5
fffffeb5
fffffeb5
fffffeb5
fffffeb5
fffffeb5
fffffeb5
fffffeb5
00000311
000002f8
00000016
00000451
00000371
000000d6
000000d6
000000d6
000000d6
000000d6
000000d6
000000d6
000000d6
000000d6
000000d6
000000d6
000000d6
000000d6
000000d6
000000d6
000000d6
000000d6
000000b4
00000044
ffffffea
0000000e
ffffff0a
fffffef6
fffffdd4
fffffd32
fffffd6a
fffffe1e
fffffe06
fffffc80
fffffe0e
fffffd4a
fffffc10
fffffc80
fffffefc
000002a6
00000580
000003b4
00000168
000000d6
000000d6
000000d6
000000d6
000000d6
000000d6
000000d6
000000d6
000000d6
000000d6
000000d6
000000d6
000000d6
000000d6
000000d6
000000d6
000000d6
000000d6
000000d6
000000d6
000000d6
000000be
00000158
0000004d
00000104
00000125
00000051
00000051
00000051
00000051
00000051
00000051
00000051
00000051
00000051
00000051
00000051
00000051
00000051
00000051
00000051
00000051
00000051
00000063
00000083
0000005b
ffffff6d
ffffff05
ffffff0d
ffffff0b
fffffe23
fffffefb
ffffffa7
00000023
ffffffad
00000121
000002f7
0000036f
00000355
00000071
00000019
00000197
00000137
00000057
00000051
00000051
00000051
00000051
00000051
00000051
00000051
00000051
00000051
00000051
00000051
00000051
00000051
00000051
00000051
00000051
00000051
00000051
00000051
00000051
00000051
0000000d
0000002d
fffffd12
fffffe2b
fffffdf4
fffffee8
fffffee8
fffffee8
fffffee8
fffffee8
fffffee8
fffffee8
fffffee8
fffffee8
fffffee8
fffffee8
fffffee8
fffffee8
fffffee8
fffffee8
fffffee8
fffffee8
fffffed8
fffffec8
fffffef4
fffffd9e
ffffffa0
0000035e
00000450
000003c8
0000035e
00000264
00000100
00000110
0000005e
00000040
fffffe5c
fffffbd6
fffff9ea
fffffae2
fffffcc0
ffffff1c
fffffece
fffffee8
fffffee8
fffffee8
fffffee8
fffffee8
fffffee8
fffffee8
fffffee8
fffffee8
fffffee8
fffffee8
fffffee8
fffffee8
fffffee8
fffffee8
fffffee8
fffffee8
fffffee8
fffffee8
fffffee8
fffffee8
fffffedf
000001a2
00000198
00000245
00000198
0000003a
0000003a
0000003a
0000003a
0000003a
0000003a
0000003a
0000003a
0000003a
0000003a
0000003a
0000003a
0000003a
0000003a
0000003a
0000003a
0000003a
00000026
fffffeae
fffffcae
fffffd5e
fffffe54
ffffffa4
fffffd7e
fffffc24
fffffd5e
fffffd8a
fffffd24
fffffe92
ffffff6c
fffffefc
fffffe92
000000a8
00000224
0000022a
0000025c
000001ee
00000060
0000003a
0000003a
0000003a
0000003a
0000003a
0000003a
0000003a
0000003a
0000003a
0000003a
0000003a
0000003a
0000003a
0000003a
0000003a
0000003a
0000003a
0000003a
0000003a
0000003a
0000003a
0000027e
000000a1
fffffeae
fffffd54
fffffe35
ffffff6e
ffffff6e
ffffff6e
ffffff6e
ffffff6e
ffffff6e
ffffff6e
ffffff6e
ffffff6e
ffffff6e
ffffff6e
ffffff6e
ffffff6e
ffffff6e
ffffff6e
ffffff6e
ffffff6e
ffffff3e
fffffe72
fffffcf4
fffffd20
ffffff72
00000336
0000057c
000005a6
00000408
0000035a
000002ce
0000027a
0000001e
fffffe92
fffffd36
fffffcea
fffffc70
fffffba8
fffffc16
fffffe10
ffffffb0
ffffff6e
ffffff6e
ffffff6e
ffffff6e
ffffff6e
ffffff6e
ffffff6e
ffffff6e
ffffff6e
ffffff6e
ffffff6e
ffffff6e
ffffff6e
ffffff6e
ffffff6e
ffffff6e
ffffff6e
ffffff6e
ffffff6e
ffffff6e
ffffff6e
fffffedb
ffffff51
fffffc45
fffffdb4
000000a3
fffffff9
fffffff9
fffffff9
fffffff9
fffffff9
fffffff9
fffffff9
fffffff9
fffffff9
fffffff9
fffffff9
fffffff9
fffffff9
fffffff9
fffffff9
fffffff9
fffffff9
0000002f
00000101
0000007b
ffffffa5
00000057
000001eb
00000335
00000127
ffffff0b
00000131
00000163
00000229
00000355
000002c1
00000185
0000038d
00000245
ffffffd1
ffffffb9
ffffff3f
0000003d
fffffff9
fffffff9
fffffff9
fffffff9
fffffff9
fffffff9
fffffff9
fffffff9
fffffff9
fffffff9
fffffff9
fffffff9
fffffff9
fffffff9
fffffff9
fffffff9
fffffff9
fffffff9
fffffff9
fffffff9
fffffff9
ffffff75
0000008c
ffffffe5
00000092
00000037
ffffff47
ffffff47
ffffff47
ffffff47
ffffff47
ffffff47
ffffff47
ffffff47
ffffff47
ffffff47
ffffff47
ffffff47
ffffff47
ffffff47
ffffff47
ffffff47
ffffff47
ffffffc9
0000010f
000000bb
ffffffa5
ffffffbd
ffffffd3
ffffff95
00000011
0000017d
000001ef
00000181
00000137
000000c9
ffffff63
fffffdc1
fffffc2b
fffffbeb
fffffc99
fffffe5f
fffffff1
ffffff57
ffffff47
ffffff47
ffffff47
ffffff47
ffffff47
ffffff47
ffffff47
ffffff47
ffffff47
ffffff47
ffffff47
ffffff47
ffffff47
ffffff47
ffffff47
ffffff47
ffffff47
ffffff47
ffffff47
ffffff47
ffffff47
ffffffbf
ffffffd5
0000033a
000002b0
000001a1
0000009f
0000009f
0000009f
0000009f
0000009f
0000009f
0000009f
0000009f
0000009f
0000009f
0000009f
0000009f
0000009f
0000009f
0000009f
0000009f
0000009f
000000ab
ffffffe3
fffffd2b
fffffa7f
fffff86d
fffff88d
fffff953
fffffb17
fffffc7f
fffffd8d
fffffd83
fffffb6b
fffffad7
fffffb61
fffffe85
00000113
0000016f
00000119
000000f5
00000155
000000a5
0000009f
0000009f
0000009f
0000009f
0000009f
0000009f
0000009f
0000009f
0000009f
0000009f
0000009f
0000009f
0000009f
0000009f
0000009f
0000009f
0000009f
0000009f
0000009f
0000009f
0000009f
fffffdae
fffffc5d
00000029
000000a7
ffffffc7
ffffff0d
ffffff0d
ffffff0d
ffffff0d
ffffff0d
ffffff0d
ffffff0d
ffffff0d
ffffff0d
ffffff0d
ffffff0d
ffffff0d
ffffff0d
ffffff0d
ffffff0d
ffffff0d
ffffff0d
ffffff11
fffffefd
0000006f
000000b3
000000c9
00000105
00000331
000002fb
000001d3
00000183
0000007f
ffffffbd
ffffffcb
fffffdbb
fffffbc3
fffffad9
fffffc6f
ffffff7b
ffffff55
fffffea7
ffffff33
ffffff0d
ffffff0d
ffffff0d
ffffff0d
ffffff0d
ffffff0d
ffffff0d
ffffff0d
ffffff0d
ffffff0d
ffffff0d
ffffff0d
ffffff0d
ffffff0d
ffffff0d
ffffff0d
ffffff0d
ffffff0d
ffffff0d
ffffff0d
ffffff0d
fffffe6b
ffffff31
ffffff16
ffffff23
fffffece
fffffec3
fffffec3
fffffec3
fffffec3
fffffec3
fffffec3
fffffec3
fffffec3
fffffec3
fffffec3
fffffec3
fffffec3
fffffec3
fffffec3
fffffec3
fffffec3
fffffec3
fffffeff
ffffff9b
ffffffbf
ffffff4b
fffffed9
fffffdf3
fffffe51
00000059
000001b7
00000269
00000309
000003e7
0000039f
00000305
00000057
fffffe91
fffffe35
fffffe3d
ffffff53
ffffff59
fffffecb
fffffec3
fffffec3
fffffec3
fffffec3
fffffec3
fffffec3
fffffec3
fffffec3
fffffec3
fffffec3
fffffec3
fffffec3
fffffec3
fffffec3
fffffec3
fffffec3
fffffec3
fffffec3
fffffec3
fffffec3
fffffec3
ffffff63
ffffff1f
fffffefd
00000050
0000001a
ffffff23
ffffff23
ffffff23
ffffff23
ffffff23
ffffff23
ffffff23
ffffff23
ffffff23
ffffff23
ffffff23
ffffff23
ffffff23
ffffff23
ffffff23
ffffff23
ffffff23
ffffffb1
000001d9
0000032f
00000245
00000015
ffffff6b
fffffee3
ffffff0f
fffffed5
fffffff7
0000006b
00000167
00000125
00000035
fffffd4b
fffffd9d
fffffe67
ffffff87
ffffff47
fffffddd
fffffee9
ffffff23
ffffff23
ffffff23
ffffff23
ffffff23
ffffff23
ffffff23
ffffff23
ffffff23
ffffff23
ffffff23
ffffff23
ffffff23
ffffff23
ffffff23
ffffff23
ffffff23
ffffff23
ffffff23
ffffff23
ffffff23
00000053
00000022
ffffffdd
00000032
ffffff42
ffffff40
ffffff40
ffffff40
ffffff40
ffffff40
ffffff40
ffffff40
ffffff40
ffffff40
ffffff40
ffffff40
ffffff40
ffffff40
ffffff40
ffffff40
ffffff40
ffffff40
ffffff60
ffffff60
ffffff90
ffffff7e
ffffff12
ffffff94
ffffff36
ffffff64
000000e0
000000a6
000000e2
000000e4
00000136
00000124
000001f0
000000e4
0000014a
000002f2
00000316
00000082
ffffff4e
ffffff40
ffffff40
ffffff40
ffffff40
ffffff40
ffffff40
ffffff40
ffffff40
ffffff40
ffffff40
ffffff40
ffffff40
ffffff40
ffffff40
ffffff40
ffffff40
ffffff40
ffffff40
ffffff40
ffffff40
ffffff40
ffffff09
ffffff43
ffffffb7
ffffff51
ffffff45
ffffffcc
ffffffcc
ffffffcc
ffffffcc
ffffffcc
ffffffcc
ffffffcc
ffffffcc
ffffffcc
ffffffcc
ffffffcc
ffffffcc
ffffffcc
ffffffcc
ffffffcc
ffffffcc
ffffffcc
ffffff5a
fffffdd2
fffffdcc
fffffdee
fffffef0
00000114
00000208
000002fe
00000306
00000334
0000034a
00000320
00000234
00000274
00000378
000003ca
000002ee
0000033c
0000025a
00000216
00000046
ffffffcc
ffffffcc
ffffffcc
ffffffcc
ffffffcc
ffffffcc
ffffffcc
ffffffcc
ffffffcc
ffffffcc
ffffffcc
ffffffcc
ffffffcc
ffffffcc
ffffffcc
ffffffcc
ffffffcc
ffffffcc
ffffffcc
ffffffcc
ffffffcc
fffffef1
ffffff60
00000431
0000016a
ffffffe6
ffffffc1
ffffffc1
ffffffc1
ffffffc1
ffffffc1
ffffffc1
ffffffc1
ffffffc1
ffffffc1
ffffffc1
ffffffc1
ffffffc1
ffffffc1
ffffffc1
ffffffc1
ffffffc1
ffffffc1
ffffffc9
fffffe5b
fffffd7b
fffffc2b
fffffba5
fffffb09
fffffbbb
fffffa61
fffffb03
fffffbfb
fffffbcd
fffffbb3
ffffffad
0000012f
000004a9
000008e7
00000a45
00000861
000000f7
fffffe37
ffffffa1
ffffffc1
ffffffc1
ffffffc1
ffffffc1
ffffffc1
ffffffc1
ffffffc1
ffffffc1
ffffffc1
ffffffc1
ffffffc1
ffffffc1
ffffffc1
ffffffc1
ffffffc1
ffffffc1
ffffffc1
ffffffc1
ffffffc1
ffffffc1
ffffffc1
fffffc8a
fffffad7
fffffb65
fffffae8
fffffcfa
fffffef5
fffffef5
fffffef5
fffffef5
fffffef5
fffffef5
fffffef5
fffffef5
fffffef5
fffffef5
fffffef5
fffffef5
fffffef5
fffffef5
fffffef5
fffffef5
fffffef5
ffffff1f
ffffff19
fffffd8b
fffffe93
ffffff33
ffffffe7
000001d9
00000233
00000087
ffffffed
000000f5
00000061
00000113
0000032b
00000337
00000447
ffffff55
fffffd0d
fffffd01
fffffe79
ffffff11
fffffef5
fffffef5
fffffef5
fffffef5
fffffef5
fffffef5
fffffef5
fffffef5
fffffef5
fffffef5
fffffef5
fffffef5
fffffef5
fffffef5
fffffef5
fffffef5
fffffef5
fffffef5
fffffef5
fffffef5
fffffef5
fffffbf3
fffffda4
fffffc37
ffffff18
00000060
ffffff14
ffffff14
ffffff14
ffffff14
ffffff14
ffffff14
ffffff14
ffffff14
ffffff14
ffffff14
ffffff14
ffffff14
ffffff14
ffffff14
ffffff14
ffffff14
ffffff14
ffffff36
000000c2
00000034
000001a0
00000296
000003ae
000001bc
ffffffa0
0000000c
fffffd3a
fffffcec
fffffde8
fffffb1c
fffffaec
fffff826
fffff7cc
fffff854
fffffcdc
00000172
000000d0
ffffffba
ffffff14
ffffff14
ffffff14
ffffff14
ffffff14
ffffff14
ffffff14
ffffff14
ffffff14
ffffff14
ffffff14
ffffff14
ffffff14
ffffff14
ffffff14
ffffff14
ffffff14
ffffff14
ffffff14
ffffff14
ffffff14
00000466
00000554
ffffffa5
000002bf
00000241
000000b4
000000b4
000000b4
000000b4
000000b4
000000b4
000000b4
000000b4
000000b4
000000b4
000000b4
000000b4
000000b4
000000b4
000000b4
000000b4
000000b4
000000ca
00000142
000000c2
ffffff3a
fffffde2
fffffc3a
fffffbfc
fffffbaa
fffffccc
ffffff5a
fffffeb0
ffffff46
0000014e
00000296
000001e4
000000c8
fffffe94
00000018
00000236
00000194
000000d0
000000b4
000000b4
000000b4
000000b4
000000b4
000000b4
000000b4
000000b4
000000b4
000000b4
000000b4
000000b4
000000b4
000000b4
000000b4
000000b4
000000b4
000000b4
000000b4
000000b4
000000b4
00000106
0000021f
0000009e
0000005e
0000003d
0000004c
0000004c
0000004c
0000004c
0000004c
0000004c
0000004c
0000004c
0000004c
0000004c
0000004c
0000004c
0000004c
0000004c
0000004c
0000004c
0000004c
00000082
000001d6
000001c6
0000025c
00000290
00000144
0000020e
0000016a
ffffff92
fffffeee
fffffeae
fffffe12
00000050
000002e4
000003e0
000004e0
0000038c
0000001a
fffffea6
ffffff4c
00000032
0000004c
0000004c
0000004c
0000004c
0000004c
0000004c
0000004c
0000004c
0000004c
0000004c
0000004c
0000004c
0000004c
0000004c
0000004c
0000004c
0000004c
0000004c
0000004c
0000004c
0000004c
0000004a
ffffffbd
00000007
0000001d
00000138
00000109
00000109
00000109
00000109
00000109
00000109
00000109
00000109
00000109
00000109
00000109
00000109
00000109
00000109
00000109
00000109
00000109
00000151
0000018b
0000022d
000001b1
00000147
000001db
00000295
000001af
000000d1
000000e1
000000e9
000000c9
0000013b
0000024f
00000415
00000317
00000237
000001a9
00000121
00000153
00000145
00000109
00000109
00000109
00000109
00000109
00000109
00000109
00000109
00000109
00000109
00000109
00000109
00000109
00000109
00000109
00000109
00000109
00000109
00000109
00000109
00000109
000000a8
000000be
fffffdab
fffffebe
ffffff3f
0000005a
0000005a
0000005a
0000005a
0000005a
0000005a
0000005a
0000005a
0000005a
0000005a
0000005a
0000005a
0000005a
0000005a
0000005a
0000005a
0000005a
00000056
00000082
00000210
00000334
000004f2
0000065a
000004be
000004ba
0000038c
00000338
00000222
000001ae
000000fe
0000026e
0000013c
fffffec4
fffffde4
fffffd24
fffffee8
000000c8
0000010a
0000005a
0000005a
0000005a
0000005a
0000005a
0000005a
0000005a
0000005a
0000005a
0000005a
0000005a
0000005a
0000005a
0000005a
0000005a
0000005a
0000005a
0000005a
0000005a
0000005a
0000005a
000003b6
000003fd
fffffeef
ffffff2e
ffffff39
fffffe07
fffffe07
fffffe07
fffffe07
fffffe07
fffffe07
fffffe07
fffffe07
fffffe07
fffffe07
fffffe07
fffffe07
fffffe07
fffffe07
fffffe07
fffffe07
fffffe07
fffffda5
fffffc7d
fffffc9f
fffffe21
0000002b
00000299
000003fb
00000405
000004a3
0000035f
000002bd
00000199
000000f9
000002b1
000002cb
000000bb
00000073
ffffff09
fffffe7f
fffffd8d
fffffe51
fffffe07
fffffe07
fffffe07
fffffe07
fffffe07
fffffe07
fffffe07
fffffe07
fffffe07
fffffe07
fffffe07
fffffe07
fffffe07
fffffe07
fffffe07
fffffe07
fffffe07
fffffe07
fffffe07
fffffe07
fffffe07
fffffed5
fffffec7
fffffd6a
fffffcf0
fffffd5d
fffffe73
fffffe73
fffffe73
fffffe73
fffffe73
fffffe73
fffffe73
fffffe73
fffffe73
fffffe73
fffffe73
fffffe73
fffffe73
fffffe73
fffffe73
fffffe73
fffffe73
fffffedf
ffffff57
ffffff57
0000008f
000000a5
ffffffe7
ffffff23
ffffff87
ffffff8b
fffffec9
fffffefb
ffffff03
fffffe51
fffffe77
fffffd35
fffffe1b
fffffe29
fffffdb3
fffffe09
fffffe9d
fffffe45
fffffe73
fffffe73
fffffe73
fffffe73
fffffe73
fffffe73
fffffe73
fffffe73
fffffe73
fffffe73
fffffe73
fffffe73
fffffe73
fffffe73
fffffe73
fffffe73
fffffe73
fffffe73
fffffe73
fffffe73
fffffe73
00000023
0000007a
00000746
00000753
000003e6
00000087
00000087
00000087
00000087
00000087
00000087
00000087
00000087
00000087
00000087
00000087
00000087
00000087
00000087
00000087
00000087
00000087
000000b1
ffffff4b
fffffee7
fffffc8d
fffffa29
fffffa81
fffffa9f
fffffc91
fffffe41
0000006b
000000cb
ffffff6b
000000db
000003b3
000008bb
00000c65
00000c61
00000bd5
00000b3b
00000477
00000107
00000087
00000087
00000087
00000087
00000087
00000087
00000087
00000087
00000087
00000087
00000087
00000087
00000087
00000087
00000087
00000087
00000087
00000087
00000087
00000087
00000087
fffffe35
fffffb9b
fffffc05
fffffb56
fffffcd8
ffffffb0
ffffffb0
ffffffb0
ffffffb0
ffffffb0
ffffffb0
ffffffb0
ffffffb0
ffffffb0
ffffffb0
ffffffb0
ffffffb0
ffffffb0
ffffffb0
ffffffb0
ffffffb0
ffffffb0
ffffffd4
ffffff7a
ffffff42
fffffe9c
ffffffc4
00000068
0000009c
00000086
fffffe26
fffffc44
fffffafe
fffffbb6
fffff8ec
fffff824
fffff7c0
fffff916
fffff9aa
fffffa58
fffffaae
fffffdb2
ffffff12
ffffffb0
ffffffb0
ffffffb0
ffffffb0
ffffffb0
ffffffb0
ffffffb0
ffffffb0
ffffffb0
ffffffb0
ffffffb0
ffffffb0
ffffffb0
ffffffb0
ffffffb0
ffffffb0
ffffffb0
ffffffb0
ffffffb0
ffffffb0
ffffffb0
000000be
000001e1
fffffff3
00000036
00000061
ffffffdb
ffffffdb
ffffffdb
ffffffdb
ffffffdb
ffffffdb
ffffffdb
ffffffdb
ffffffdb
ffffffdb
ffffffdb
ffffffdb
ffffffdb
ffffffdb
ffffffdb
ffffffdb
ffffffdb
ffffffd7
ffffffdb
ffffffc5
fffffebf
fffffe85
ffffff1b
fffffe75
ffffff37
ffffff9b
00000093
0000019b
00000231
0000031b
00000401
00000465
0000056b
000004c5
00000407
0000019f
ffffffeb
ffffffc9
ffffffdb
ffffffdb
ffffffdb
ffffffdb
ffffffdb
ffffffdb
ffffffdb
ffffffdb
ffffffdb
ffffffdb
ffffffdb
ffffffdb
ffffffdb
ffffffdb
ffffffdb
ffffffdb
ffffffdb
ffffffdb
ffffffdb
ffffffdb
ffffffdb
0000002a
00000001
000000a6
00000098
00000043
fffffe45
fffffe45
fffffe45
fffffe45
fffffe45
fffffe45
fffffe45
fffffe45
fffffe45
fffffe45
fffffe45
fffffe45
fffffe45
fffffe45
fffffe45
fffffe45
fffffe45
fffffde9
fffffbbb
fffffb71
fffffcb5
fffffd1d
fffffd19
fffffc6f
fffffc55
fffffbe1
fffffc67
fffffd07
fffffdd7
fffffe95
fffffcc9
fffffa5d
fffffbab
ffffff55
000000eb
000000d5
fffffecd
fffffe3f
fffffe45
fffffe45
fffffe45
fffffe45
fffffe45
fffffe45
fffffe45
fffffe45
fffffe45
fffffe45
fffffe45
fffffe45
fffffe45
fffffe45
fffffe45
fffffe45
fffffe45
fffffe45
fffffe45
fffffe45
fffffe45
fffffe93
fffffd7d
000000cb
000000bf
000000dd
00000175
00000175
00000175
00000175
00000175
00000175
00000175
00000175
00000175
00000175
00000175
00000175
00000175
00000175
00000175
00000175
00000175
00000273
00000509
00000617
000005c9
00000521
000001eb
0000014d
000001fd
00000181
0000026b
000002c3
00000319
00000363
00000377
000002f5
000000b7
fffffd83
fffffca9
fffffebb
00000015
000000d3
00000175
00000175
00000175
00000175
00000175
00000175
00000175
00000175
00000175
00000175
00000175
00000175
00000175
00000175
00000175
00000175
00000175
00000175
00000175
00000175
00000175
000000ca
000000f3
000003d8
000004e0
00000295
00000049
00000049
00000049
00000049
00000049
00000049
00000049
00000049
00000049
00000049
00000049
00000049
00000049
00000049
00000049
00000049
00000049
0000006f
000000f7
0000012d
ffffffab
fffffda3
fffffd3b
fffffdcf
fffffe1b
fffffeb9
000000c5
000000dd
000000cf
00000173
0000022b
00000477
0000060f
0000057f
00000655
000005b1
0000025f
0000008b
00000049
00000049
00000049
00000049
00000049
00000049
00000049
00000049
00000049
00000049
00000049
00000049
00000049
00000049
00000049
00000049
00000049
00000049
00000049
00000049
00000049
000000ec
00000018
00000056
00000059
ffffffc8
ffffff9a
ffffff9a
ffffff9a
ffffff9a
ffffff9a
ffffff9a
ffffff9a
ffffff9a
ffffff9a
ffffff9a
ffffff9a
ffffff9a
ffffff9a
ffffff9a
ffffff9a
ffffff9a
ffffff9a
ffffffb0
ffffff20
ffffff52
0000011c
000000a8
0000012c
0000023a
00000144
00000070
ffffffd0
fffffeee
fffffd9a
fffffc7e
fffffc80
fffffd02
fffffd82
ffffffce
000000c8
ffffffa4
ffffffe6
ffffffa4
ffffff9a
ffffff9a
ffffff9a
ffffff9a
ffffff9a
ffffff9a
ffffff9a
ffffff9a
ffffff9a
ffffff9a
ffffff9a
ffffff9a
ffffff9a
ffffff9a
ffffff9a
ffffff9a
ffffff9a
ffffff9a
ffffff9a
ffffff9a
ffffff9a
000000f1
ffffff9e
fffffaec
fffffba3
fffffe80
0000003d
0000003d
0000003d
0000003d
0000003d
0000003d
0000003d
0000003d
0000003d
0000003d
0000003d
0000003d
0000003d
0000003d
0000003d
0000003d
0000003d
00000037
00000229
00000291
0000032b
0000044b
00000657
000005d3
0000051f
00000725
0000057f
0000054f
000005b9
0000021d
000001d9
fffffdf7
fffff793
fffff483
fffff571
fffffa07
fffffee5
fffffff3
0000003d
0000003d
0000003d
0000003d
0000003d
0000003d
0000003d
0000003d
0000003d
0000003d
0000003d
0000003d
0000003d
0000003d
0000003d
0000003d
0000003d
0000003d
0000003d
0000003d
0000003d
000003c9
000004aa
ffffff67
fffffead
fffffea0
fffffeaa
fffffeaa
fffffeaa
fffffeaa
fffffeaa
fffffeaa
fffffeaa
fffffeaa
fffffeaa
fffffeaa
fffffeaa
fffffeaa
fffffeaa
fffffeaa
fffffeaa
fffffeaa
fffffeaa
fffffe90
fffffe7a
ffffffae
00000104
000002ae
00000448
00000412
00000486
00000486
000004ca
000005a8
00000514
00000222
000000ac
0000021c
000002e2
0000020c
000001c8
00000000
ffffff4e
fffffede
fffffeaa
fffffeaa
fffffeaa
fffffeaa
fffffeaa
fffffeaa
fffffeaa
fffffeaa
fffffeaa
fffffeaa
fffffeaa
fffffeaa
fffffeaa
fffffeaa
fffffeaa
fffffeaa
fffffeaa
fffffeaa
fffffeaa
fffffeaa
fffffeaa
fffffed2
fffffebb
fffffe25
fffffe38
ffffff44
fffffe42
fffffe42
fffffe42
fffffe42
fffffe42
fffffe42
fffffe42
fffffe42
fffffe42
fffffe42
fffffe42
fffffe42
fffffe42
fffffe42
fffffe42
fffffe42
fffffe42
fffffe88
ffffff92
00000070
00000316
00000294
000002d8
000002ca
000001fe
000002f0
00000284
000001bc
00000048
fffffece
fffffb4c
fffff8a0
fffff6d6
fffff89e
fffffc8a
0000007a
ffffffe8
fffffe84
fffffe42
fffffe42
fffffe42
fffffe42
fffffe42
fffffe42
fffffe42
fffffe42
fffffe42
fffffe42
fffffe42
fffffe42
fffffe42
fffffe42
fffffe42
fffffe42
fffffe42
fffffe42
fffffe42
fffffe42
fffffe42
ffffff38
00000002
fffffe40
ffffff18
ffffff2f
ffffff5e
ffffff5e
ffffff5e
ffffff5e
ffffff5e
ffffff5e
ffffff5e
ffffff5e
ffffff5e
ffffff5e
ffffff5e
ffffff5e
ffffff5e
ffffff5e
ffffff5e
ffffff5e
ffffff5e
ffffff76
ffffff04
fffffeec
ffffff38
0000003e
00000238
00000288
00000418
00000470
000002ee
00000224
000000a2
ffffff16
ffffffde
fffffee0
fffffda6
fffffd7c
fffffe6e
ffffffcc
fffffff8
ffffff5e
ffffff5e
ffffff5e
ffffff5e
ffffff5e
ffffff5e
ffffff5e
ffffff5e
ffffff5e
ffffff5e
ffffff5e
ffffff5e
ffffff5e
ffffff5e
ffffff5e
ffffff5e
ffffff5e
ffffff5e
ffffff5e
ffffff5e
ffffff5e
ffffff5e
ffffff91
000000c9
00000163
0000002d
ffffff93
0000001b
0000001b
0000001b
0000001b
0000001b
0000001b
0000001b
0000001b
0000001b
0000001b
0000001b
0000001b
0000001b
0000001b
0000001b
0000001b
0000001b
ffffffeb
0000000d
000000a3
0000005d
00000011
fffffe93
fffffe15
fffffd39
fffffd57
fffffb81
fffffacb
fffffb5f
fffffaa3
fffffb99
fffffca3
fffffc25
fffffdcb
fffffe65
fffffef3
0000007b
0000001f
0000001b
0000001b
0000001b
0000001b
0000001b
0000001b
0000001b
0000001b
0000001b
0000001b
0000001b
0000001b
0000001b
0000001b
0000001b
0000001b
0000001b
0000001b
0000001b
0000001b
0000001b
0000013a
000000e0
00000467
0000045b
000000f8
00000108
00000108
00000108
00000108
00000108
00000108
00000108
00000108
00000108
00000108
00000108
00000108
00000108
00000108
00000108
00000108
00000108
0000005e
0000003c
ffffff94
fffffe5e
fffffdec
ffffff10
fffffdd2
ffffff64
000000d6
00000052
ffffffa4
000000b8
fffffffc
fffffec2
fffffd64
fffffea0
0000024e
000004b2
00000408
00000216
0000016c
00000108
00000108
00000108
00000108
00000108
00000108
00000108
00000108
00000108
00000108
00000108
00000108
00000108
00000108
00000108
00000108
00000108
00000108
00000108
00000108
00000108
00000148
0000008a
00000271
00000143
ffffff43
ffffff04
ffffff04
ffffff04
ffffff04
ffffff04
ffffff04
ffffff04
ffffff04
ffffff04
ffffff04
ffffff04
ffffff04
ffffff04
ffffff04
ffffff04
ffffff04
ffffff04
fffffece
fffffefc
fffffe3a
fffffe22
fffffe2a
ffffff24
fffffff8
00000044
00000122
00000044
000000c8
000002c0
00000458
00000582
0000062e
0000075e
00000944
00000820
00000350
ffffff96
ffffff04
ffffff04
ffffff04
ffffff04
ffffff04
ffffff04
ffffff04
ffffff04
ffffff04
ffffff04
ffffff04
ffffff04
ffffff04
ffffff04
ffffff04
ffffff04
ffffff04
ffffff04
ffffff04
ffffff04
ffffff04
ffffff04
fffffe98
fffffd35
fffffd34
fffffcfb
fffffe2b
ffffffde
ffffffde
ffffffde
ffffffde
ffffffde
ffffffde
ffffffde
ffffffde
ffffffde
ffffffde
ffffffde
ffffffde
ffffffde
ffffffde
ffffffde
ffffffde
ffffffde
ffffffa8
ffffff52
ffffff72
00000054
00000234
000005c6
000005a6
000003fa
000000d4
fffffef0
fffffdd4
fffffd8a
fffffec0
ffffffde
00000066
00000060
00000212
0000004e
fffffee0
ffffff06
fffffffa
ffffffde
ffffffde
ffffffde
ffffffde
ffffffde
ffffffde
ffffffde
ffffffde
ffffffde
ffffffde
ffffffde
ffffffde
ffffffde
ffffffde
ffffffde
ffffffde
ffffffde
ffffffde
ffffffde
ffffffde
ffffffde
fffffffc
0000008a
0000007c
00000047
0000001b
0000009d
0000009d
0000009d
0000009d
0000009d
0000009d
0000009d
0000009d
0000009d
0000009d
0000009d
0000009d
0000009d
0000009d
0000009d
0000009d
0000009d
00000057
ffffff63
ffffffed
ffffffe5
000000a3
000002f3
0000034b
000002a5
000002e9
000003e7
00000469
000004e9
00000585
0000042b
0000025d
00000151
0000014d
000001f1
00000157
0000008d
000000dd
0000009d
0000009d
0000009d
0000009d
0000009d
0000009d
0000009d
0000009d
0000009d
0000009d
0000009d
0000009d
0000009d
0000009d
0000009d
0000009d
0000009d
0000009d
0000009d
0000009d
0000009d
ffffffd2
0000003b
ffffff81
ffffffea
00000093
00000015
00000015
00000015
00000015
00000015
00000015
00000015
00000015
00000015
00000015
00000015
00000015
00000015
00000015
00000015
00000015
00000015
00000021
0000005b
0000006b
00000141
000000c1
00000009
ffffffaf
ffffff99
fffffedb
fffffea7
fffffd8b
fffffbd1
fffffa77
fffff8d5
fffff76d
fffff781
fffff903
fffffb51
fffffdaf
ffffffa1
00000021
00000015
00000015
00000015
00000015
00000015
00000015
00000015
00000015
00000015
00000015
00000015
00000015
00000015
00000015
00000015
00000015
00000015
00000015
00000015
00000015
00000015
00000093
00000049
0000016b
000000f9
ffffffbf
ffffff9d
ffffff9d
ffffff9d
ffffff9d
ffffff9d
ffffff9d
ffffff9d
ffffff9d
ffffff9d
ffffff9d
ffffff9d
ffffff9d
ffffff9d
ffffff9d
ffffff9d
ffffff9d
ffffff9d
ffffff61
fffffe55
fffffd2d
fffffb87
fffff9a1
fffffb6f
fffffdbb
00000085
0000036b
000004df
00000547
0000049d
000003fb
000003f9
000004c9
00000481
000003d1
0000038f
000001dd
ffffffc9
ffffffbb
ffffff9d
ffffff9d
ffffff9d
ffffff9d
ffffff9d
ffffff9d
ffffff9d
ffffff9d
ffffff9d
ffffff9d
ffffff9d
ffffff9d
ffffff9d
ffffff9d
ffffff9d
ffffff9d
ffffff9d
ffffff9d
ffffff9d
ffffff9d
ffffff9d
fffffe41
fffffe1b
00000017
0000005f
00000043
ffffffa5
ffffffa5
ffffffa5
ffffffa5
ffffffa5
ffffffa5
ffffffa5
ffffffa5
ffffffa5
ffffffa5
ffffffa5
ffffffa5
ffffffa5
ffffffa5
ffffffa5
ffffffa5
ffffffa5
ffffff19
fffffeb3
ffffffa1
0000005f
00000147
000002a3
000005d3
0000066f
000005eb
000004cd
0000048d
00000347
0000013f
fffffd59
fffffc0f
fffffa0d
fffffd79
0000007f
0000016b
ffffff9f
ffffffd3
ffffffa5
ffffffa5
ffffffa5
ffffffa5
ffffffa5
ffffffa5
ffffffa5
ffffffa5
ffffffa5
ffffffa5
ffffffa5
ffffffa5
ffffffa5
ffffffa5
ffffffa5
ffffffa5
ffffffa5
ffffffa5
ffffffa5
ffffffa5
ffffffa5
ffffff56
fffffff1
ffffffca
ffffff6f
ffffffb4
ffffff6b
ffffff6b
ffffff6b
ffffff6b
ffffff6b
ffffff6b
ffffff6b
ffffff6b
ffffff6b
ffffff6b
ffffff6b
ffffff6b
ffffff6b
ffffff6b
ffffff6b
ffffff6b
ffffff6b
ffffff2f
fffffe55
fffffdb5
ffffffed
fffffffb
00000187
000002ef
000002bb
0000018f
0000012d
00000133
ffffff6d
fffffdbd
fffffd13
fffffd17
fffffdeb
ffffff0f
ffffff1d
ffffff87
fffffff5
ffffffaf
ffffff6b
ffffff6b
ffffff6b
ffffff6b
ffffff6b
ffffff6b
ffffff6b
ffffff6b
ffffff6b
ffffff6b
ffffff6b
ffffff6b
ffffff6b
ffffff6b
ffffff6b
ffffff6b
ffffff6b
ffffff6b
ffffff6b
ffffff6b
ffffff6b
ffffff38
fffffecf
00000220
000000e1
ffffffb1
ffffffe3
ffffffe3
ffffffe3
ffffffe3
ffffffe3
ffffffe3
ffffffe3
ffffffe3
ffffffe3
ffffffe3
ffffffe3
ffffffe3
ffffffe3
ffffffe3
ffffffe3
ffffffe3
ffffffe3
00000055
000001b9
00000169
000000f3
00000047
fffffcc1
fffffbe7
fffffe19
ffffff05
000001f1
00000283
000002c1
00000423
00000537
00000705
0000074b
00000493
000003c7
00000263
ffffff37
ffffff85
ffffffe3
ffffffe3
ffffffe3
ffffffe3
ffffffe3
ffffffe3
ffffffe3
ffffffe3
ffffffe3
ffffffe3
ffffffe3
ffffffe3
ffffffe3
ffffffe3
ffffffe3
ffffffe3
ffffffe3
ffffffe3
ffffffe3
ffffffe3
ffffffe3
ffffff77
fffffe31
000001a1
00000167
00000184
0000013d
0000013d
0000013d
0000013d
0000013d
0000013d
0000013d
0000013d
0000013d
0000013d
0000013d
0000013d
0000013d
0000013d
0000013d
0000013d
0000013d
0000018f
00000133
000000a5
ffffff67
fffffed9
fffffd27
fffffebb
ffffff2d
ffffff0b
0000002d
00000099
0000005b
000000c7
ffffff75
ffffffd7
000000ad
ffffffad
0000001b
ffffffdf
ffffff55
000000eb
0000013d
0000013d
0000013d
0000013d
0000013d
0000013d
0000013d
0000013d
0000013d
0000013d
0000013d
0000013d
0000013d
0000013d
0000013d
0000013d
0000013d
0000013d
0000013d
0000013d
0000013d
ffffff6b
0000000a
ffffffb9
ffffff8a
fffffe41
fffffec4
fffffec4
fffffec4
fffffec4
fffffec4
fffffec4
fffffec4
fffffec4
fffffec4
fffffec4
fffffec4
fffffec4
fffffec4
fffffec4
fffffec4
fffffec4
fffffec4
fffffe8a
fffffd98
fffffe08
fffffe96
ffffff74
0000006c
ffffff04
ffffff46
0000006a
ffffffe6
fffffece
ffffff66
00000040
0000007a
00000014
fffffea0
fffffe98
ffffff42
ffffff72
ffffff42
fffffeac
fffffec4
fffffec4
fffffec4
fffffec4
fffffec4
fffffec4
fffffec4
fffffec4
fffffec4
fffffec4
fffffec4
fffffec4
fffffec4
fffffec4
fffffec4
fffffec4
fffffec4
fffffec4
fffffec4
fffffec4
fffffec4
fffffebc
fffffe1e
fffffe47
ffffffd8
ffffffff
ffffff1c
ffffff1c
ffffff1c
ffffff1c
ffffff1c
ffffff1c
ffffff1c
ffffff1c
ffffff1c
ffffff1c
ffffff1c
ffffff1c
ffffff1c
ffffff1c
ffffff1c
ffffff1c
ffffff1c
ffffff0e
fffffed8
ffffff2c
00000198
000002e4
000004fc
00000578
00000466
000002f2
000003a6
0000032e
ffffffc2
fffffeb8
ffffff0a
fffffea2
fffffc2a
fffffc72
fffffc58
fffffd50
fffffe18
ffffff26
ffffff1c
ffffff1c
ffffff1c
ffffff1c
ffffff1c
ffffff1c
ffffff1c
ffffff1c
ffffff1c
ffffff1c
ffffff1c
ffffff1c
ffffff1c
ffffff1c
ffffff1c
ffffff1c
ffffff1c
ffffff1c
ffffff1c
ffffff1c
ffffff1c
ffffff72
00000005
00000420
000002e5
000000e1
ffffffce
ffffffce
ffffffce
ffffffce
ffffffce
ffffffce
ffffffce
ffffffce
ffffffce
ffffffce
ffffffce
ffffffce
ffffffce
ffffffce
ffffffce
ffffffce
ffffffce
ffffff9e
fffffe1a
fffffd5c
fffffc48
fffffa98
fffff9ba
fffffb86
fffffb9e
fffffbf4
fffffce6
fffffd12
fffffdf8
00000040
000001c0
0000039e
00000580
000004ea
000003f2
0000021a
00000070
00000002
ffffffce
ffffffce
ffffffce
ffffffce
ffffffce
ffffffce
ffffffce
ffffffce
ffffffce
ffffffce
ffffffce
ffffffce
ffffffce
ffffffce
ffffffce
ffffffce
ffffffce
ffffffce
ffffffce
ffffffce
ffffffce
fffffccf
fffffb8f
0000033d
000000d4
ffffffba
ffffffab
ffffffab
ffffffab
ffffffab
ffffffab
ffffffab
ffffffab
ffffffab
ffffffab
ffffffab
ffffffab
ffffffab
ffffffab
ffffffab
ffffffab
ffffffab
ffffffab
ffffffb5
fffffddd
fffffdc7
fffffec5
fffffcab
fffffb65
fffffc73
fffffee7
ffffffa1
ffffff85
ffffffa3
00000007
0000017b
00000143
000002ed
0000027d
0000050b
00000489
00000263
000000a9
ffffffb1
ffffffab
ffffffab
ffffffab
ffffffab
ffffffab
ffffffab
ffffffab
ffffffab
ffffffab
ffffffab
ffffffab
ffffffab
ffffffab
ffffffab
ffffffab
ffffffab
ffffffab
ffffffab
ffffffab
ffffffab
ffffffab
fffffea0
fffffac9
fffffe6b
ffffffc8
0000001c
00000107
00000107
00000107
00000107
00000107
00000107
00000107
00000107
00000107
00000107
00000107
00000107
00000107
00000107
00000107
00000107
00000107
000000d7
000000b7
00000081
0000005b
fffffee1
fffffedf
fffffef1
ffffffff
ffffff37
ffffff89
ffffff07
00000057
00000057
ffffffc5
fffffd03
fffffb2b
fffffb7d
fffffcd3
fffffdbf
0000013f
00000143
00000107
00000107
00000107
00000107
00000107
00000107
00000107
00000107
00000107
00000107
00000107
00000107
00000107
00000107
00000107
00000107
00000107
00000107
00000107
00000107
00000107
000002dd
000003b5
ffffffca
fffffff1
0000004c
ffffffb9
ffffffb9
ffffffb9
ffffffb9
ffffffb9
ffffffb9
ffffffb9
ffffffb9
ffffffb9
ffffffb9
ffffffb9
ffffffb9
ffffffb9
ffffffb9
ffffffb9
ffffffb9
ffffffb9
ffffffff
0000019b
0000010f
000000dd
00000105
00000261
000002e5
000001e9
000000dd
ffffff55
ffffff21
ffffff79
0000010d
0000024d
00000251
000003a7
000004bf
00000263
0000004b
fffffff5
ffffffd3
ffffffb9
ffffffb9
ffffffb9
ffffffb9
ffffffb9
ffffffb9
ffffffb9
ffffffb9
ffffffb9
ffffffb9
ffffffb9
ffffffb9
ffffffb9
ffffffb9
ffffffb9
ffffffb9
ffffffb9
ffffffb9
ffffffb9
ffffffb9
ffffffb9
ffffff93
ffffffb0
0000000a
ffffffd4
ffffffea
ffffff87
ffffff87
ffffff87
ffffff87
ffffff87
ffffff87
ffffff87
ffffff87
ffffff87
ffffff87
ffffff87
ffffff87
ffffff87
ffffff87
ffffff87
ffffff87
ffffff87
ffffff83
ffffff11
fffffe59
fffffe39
fffffd85
fffffc5f
fffffd1f
fffffe55
fffffdd1
fffffd17
fffffbaf
fffffb9f
fffff9db
fffff7d3
fffff5cb
fffff60d
fffff8d7
fffffc11
fffffef5
fffffff5
ffffffab
ffffff87
ffffff87
ffffff87
ffffff87
ffffff87
ffffff87
ffffff87
ffffff87
ffffff87
ffffff87
ffffff87
ffffff87
ffffff87
ffffff87
ffffff87
ffffff87
ffffff87
ffffff87
ffffff87
ffffff87
ffffff87
0000001f
ffffff93
fffffeb1
fffffe59
ffffff81
ffffff87
ffffff87
ffffff87
ffffff87
ffffff87
ffffff87
ffffff87
ffffff87
ffffff87
ffffff87
ffffff87
ffffff87
ffffff87
ffffff87
ffffff87
ffffff87
ffffff87
fffffefb
fffffccd
fffffaab
fffff897
fffff9c5
fffffd1f
ffffff9b
fffffff3
fffffe1d
fffffd8f
fffffdb5
fffffd15
fffffc9b
fffffbe1
fffffa19
fffff941
fffff89d
fffff893
fffffb91
fffffe43
ffffff7d
ffffff87
ffffff87
ffffff87
ffffff87
ffffff87
ffffff87
ffffff87
ffffff87
ffffff87
ffffff87
ffffff87
ffffff87
ffffff87
ffffff87
ffffff87
ffffff87
ffffff87
ffffff87
ffffff87
ffffff87
ffffff87
fffffe0e
ffffff67
ffffff0e
fffffd46
ffffff05
ffffffdf
ffffffdf
ffffffdf
ffffffdf
ffffffdf
ffffffdf
ffffffdf
ffffffdf
ffffffdf
ffffffdf
ffffffdf
ffffffdf
ffffffdf
ffffffdf
ffffffdf
ffffffdf
ffffffdf
00000015
000000af
000000f5
00000119
00000165
0000017f
000001a5
000001cb
000000e7
ffffffdf
0000005d
0000013b
00000157
00000263
00000141
00000209
0000021d
00000193
0000007d
ffffffcf
00000015
ffffffdf
ffffffdf
ffffffdf
ffffffdf
ffffffdf
ffffffdf
ffffffdf
ffffffdf
ffffffdf
ffffffdf
ffffffdf
ffffffdf
ffffffdf
ffffffdf
ffffffdf
ffffffdf
ffffffdf
ffffffdf
ffffffdf
ffffffdf
ffffffdf
fffffe9c
fffffe64
fffffc25
fffffd13
fffffe84
ffffffcb
ffffffcb
000002fb
0000043f
0000048d
00000461
0000028f
000001a1
000001a1
000001a1
000001a1
000001a1
000001a1
000001a1
000001a1
000001a1
000001a1
000001a1
000001a1
000001a1
000001a1
0000027b
000003ff
0000058b
00000707
00000635
0000035d
fffffe63
fffffce7
fffffec9
000000a9
00000263
000002d9
00000349
000001c7
0000006b
ffffff27
fffffd01
fffffe49
000000bd
00000191
0000029d
000002fb
000001f7
00000207
000001e1
00000199
000001a1
000001a1
000001a1
000001a1
000001a1
fffffe71
fffffd2d
fffffcdf
fffffd0b
fffffedd
ffffffcb
ffffffcb
000003a3
0000045c
fffffa18
fffffbb9
fffffe22
ffffff8e
ffffff8e
0000003c
0000038e
0000054a
000003a2
00000332
00000366
00000366
00000366
00000366
00000366
00000366
00000366
00000366
00000366
00000366
00000366
00000366
00000366
00000366
000002a8
00000124
fffffe90
fffffdca
fffffde2
0000009e
00000250
00000140
fffffd1e
fffffc3e
fffffcac
fffffcac
fffffbaa
fffffb62
fffffafc
fffffae4
fffffde2
ffffffaa
0000035e
000003fe
000003f4
0000032c
0000042a
00000330
000002ee
0000035e
00000366
00000366
00000366
00000366
00000366
000002b8
ffffff66
fffffdaa
ffffff52
ffffffc2
ffffff8e
ffffff8e
ffffffbf
0000032d
000000d6
00000041
0000004f
000001e3
000001e3
0000007b
000001bb
00000375
0000042f
000005dd
000005b5
000005b5
000005b5
000005b5
000005b5
000005b5
000005b5
000005b5
000005b5
000005b5
000005b5
000005b5
000005b5
000005b5
00000613
0000067d
0000067d
000004ef
00000133
fffffe47
fffffe4d
0000007b
0000026f
00000277
00000295
000002c1
0000047b
0000074f
000005c7
00000329
00000085
00000037
000001d3
0000034b
0000049d
0000051b
000005fd
00000625
000005d3
0000064d
000005b5
000005b5
000005b5
000005b5
000005b5
0000071d
000005dd
00000423
00000369
000001bb
000001e3
000001e3
fffffe84
0000001a
fffffd61
fffffd87
fffffeaa
00000067
00000067
00000061
000000a9
000000e3
000000cd
00000087
00000037
00000037
00000037
00000037
00000037
00000037
00000037
00000037
00000037
00000037
00000037
00000037
00000037
00000037
00000081
0000016b
00000203
00000287
00000165
00000085
fffffe89
fffffd7d
fffffc37
fffffceb
fffffcb5
fffffce5
fffffc2f
fffffbff
fffffc69
fffffc9d
fffffc4f
fffffcd7
ffffff2b
ffffffa5
00000065
0000003d
0000001d
00000015
0000007d
00000007
00000037
00000037
00000037
00000037
00000037
0000003d
fffffff5
ffffffbb
ffffffd1
00000017
00000067
00000067
000002b0
000002df
fffffda7
fffffd63
ffffff79
000000b8
000000b8
0000017a
000001de
00000278
00000224
000000f6
000000e6
000000e6
000000e6
000000e6
000000e6
000000e6
000000e6
000000e6
000000e6
000000e6
000000e6
000000e6
000000e6
000000e6
00000126
00000282
00000374
000003b4
000001b2
ffffff1a
fffffe08
fffffd96
fffffd86
fffffdbe
fffffbe6
fffffbaa
fffffe7a
ffffff84
ffffff7e
ffffff74
fffffef4
ffffffdc
0000012c
00000194
000002ac
0000029e
0000025c
000001d4
000001ae
00000130
000000e6
000000e6
000000e6
000000e6
000000e6
00000024
ffffffc0
ffffff26
ffffff7a
000000a8
000000b8
000000b8
00000210
0000023b
fffffe84
ffffff4a
fffffed3
0000011b
0000011b
00000183
0000015d
000000f5
000000e5
000000df
0000001d
0000001d
0000001d
0000001d
0000001d
0000001d
0000001d
0000001d
0000001d
0000001d
0000001d
0000001d
0000001d
0000001d
ffffffdb
ffffff71
fffffe65
ffffff2d
000001b9
00000463
000007d5
000008c3
000006c7
000004bf
0000025b
00000213
fffffeeb
fffffe97
fffffd6d
fffffdb7
fffffee7
ffffff99
00000149
00000123
000000d3
00000061
0000008b
ffffffd9
00000047
ffffff8b
0000001d
0000001d
0000001d
0000001d
0000001d
ffffffb5
ffffffdb
00000043
00000053
00000059
0000011b
0000011b
00000178
000001cb
fffff8e2
fffff7b3
fffffc65
0000000c
0000000c
fffffee2
0000010e
0000027a
00000392
00000072
fffffee0
fffffee0
fffffee0
fffffee0
fffffee0
fffffee0
fffffee0
fffffee0
fffffee0
fffffee0
fffffee0
fffffee0
fffffee0
fffffee0
ffffff14
ffffff4a
ffffff54
00000172
000005d0
000009b6
00000a8a
0000082c
0000023c
fffffe16
fffffc40
fffffc94
fffffa44
fffff818
fffff736
fffff91e
fffffa54
fffffd1a
0000002a
ffffff70
00000024
ffffff32
ffffff48
fffffec8
ffffff38
fffffe44
fffffee0
fffffee0
fffffee0
fffffee0
fffffee0
0000000a
fffffdde
fffffc72
fffffb5a
fffffe7a
0000000c
0000000c
00000363
0000062d
000000a8
000000b8
000000ce
00000028
00000028
ffffff96
ffffff4e
fffffeb8
fffffe32
fffffe82
fffffeb2
fffffeb2
fffffeb2
fffffeb2
fffffeb2
fffffeb2
fffffeb2
fffffeb2
fffffeb2
fffffeb2
fffffeb2
fffffeb2
fffffeb2
fffffeb2
fffffe9a
fffffe9c
fffffe7e
fffffec6
ffffffea
fffffec2
fffffda4
fffffce6
fffffc74
fffffe10
ffffff4e
ffffff68
ffffff30
ffffff68
ffffffe0
00000010
00000030
0000011e
ffffff5c
fffffff2
0000002c
0000004c
0000000a
ffffffd4
fffffed8
ffffff28
fffffeb2
fffffeb2
fffffeb2
fffffeb2
fffffeb2
ffffff44
ffffff8c
00000022
000000a8
00000058
00000028
00000028
00000077
00000014
fffffc0c
fffffc48
fffffd55
fffffe2c
fffffe2c
000000ee
0000012e
000000b0
ffffffec
ffffff94
00000058
00000058
00000058
00000058
00000058
00000058
00000058
00000058
00000058
00000058
00000058
00000058
00000058
00000058
00000112
00000298
00000480
00000424
00000640
00000656
0000053a
00000482
0000037c
0000042a
0000033c
00000390
0000051e
000002c2
fffffdb8
fffffe50
fffffd8c
00000022
0000008a
000000c6
00000024
0000015e
0000002c
0000001c
00000040
0000008c
00000058
00000058
00000058
00000058
00000058
fffffd96
fffffd56
fffffdd4
fffffe98
fffffef0
fffffe2c
fffffe2c
000004d2
00000460
000000e2
ffffff90
fffffff2
ffffffa9
ffffffa9
fffffe39
fffffdf5
ffffff17
0000007b
00000045
ffffffad
ffffffad
ffffffad
ffffffad
ffffffad
ffffffad
ffffffad
ffffffad
ffffffad
ffffffad
ffffffad
ffffffad
ffffffad
ffffffad
ffffff37
fffffe9b
ffffff13
ffffff29
fffffe73
fffffc05
fffffca1
fffffd1f
fffffef5
000000f1
00000219
000001b1
0000018f
000001f7
000002c1
0000006f
fffffe19
fffffdcb
fffffef3
ffffff21
ffffffdd
fffffeed
ffffffb7
ffffffcf
ffffff8d
ffffffb3
ffffffad
ffffffad
ffffffad
ffffffad
ffffffad
0000011d
00000161
0000003f
fffffedb
ffffff11
ffffffa9
ffffffa9
fffffd49
fffffce9
0000045c
00000474
000001de
fffffff4
fffffff4
fffffd76
fffffcfa
fffffbf2
fffffc8a
ffffff22
000000f2
000000f2
000000f2
000000f2
000000f2
000000f2
000000f2
000000f2
000000f2
000000f2
000000f2
000000f2
000000f2
000000f2
0000005a
ffffff64
ffffff30
ffffff98
0000005e
ffffffbc
fffffe42
fffffe18
fffffd5a
fffffefe
ffffffb8
ffffffce
ffffff32
000000f6
000003ec
00000590
00000616
000004c0
00000098
00000024
ffffffaa
000000f6
0000018c
000001be
0000010a
0000027c
000000f2
000000f2
000000f2
000000f2
000000f2
00000370
000003ec
000004f4
0000045c
000001c4
fffffff4
fffffff4
fffffe6b
fffffd4a
fffffe35
fffffea0
ffffff2b
fffffff4
fffffff4
fffffe78
00000132
000001de
00000114
000000a8
ffffffe6
ffffffe6
ffffffe6
ffffffe6
ffffffe6
ffffffe6
ffffffe6
ffffffe6
ffffffe6
ffffffe6
ffffffe6
ffffffe6
ffffffe6
ffffffe6
fffffffa
fffffff4
ffffffd4
ffffffde
000002da
00000598
000004da
000003e0
00000346
000005d0
00000782
000007ba
0000040e
000003bc
00000088
fffffd78
fffffcc6
fffffe86
0000015c
00000174
00000062
ffffff7e
ffffff9a
fffffe5e
ffffff22
fffffedc
ffffffe6
ffffffe6
ffffffe6
ffffffe6
ffffffe6
00000162
fffffea8
fffffdfc
fffffec6
ffffff32
fffffff4
fffffff4
ffffff46
00000137
00000279
000001f4
000000dc
ffffffe6
ffffffe6
ffffff4e
000000fc
0000026e
00000242
00000202
0000023c
0000023c
0000023c
0000023c
0000023c
0000023c
0000023c
0000023c
0000023c
0000023c
0000023c
0000023c
0000023c
0000023c
0000022a
000000e0
ffffff96
ffffff24
fffffed4
00000048
00000256
000002fe
0000051a
000003a4
00000314
0000028a
0000027e
00000430
000004dc
0000051e
0000053c
00000542
00000362
00000312
0000027e
00000256
000002e4
00000270
00000244
000002b0
0000023c
0000023c
0000023c
0000023c
0000023c
000002d4
00000126
ffffffb4
ffffffe0
00000020
ffffffe6
ffffffe6
fffffbc5
fffffbf5
fffffbfd
fffffb25
fffffdca
0000008b
0000008b
00000041
000001af
00000255
000002b5
0000014f
00000019
00000019
00000019
00000019
00000019
00000019
00000019
00000019
00000019
00000019
00000019
00000019
00000019
00000019
ffffffe7
0000003f
000000c7
000002f7
000005d3
000008c1
0000073d
000004e1
000001f1
000000af
00000183
000000ed
000000a1
fffffeef
fffffd2f
fffffd8b
fffffc15
fffffbfd
000000d7
000000e7
000001af
000000b3
00000037
ffffff83
00000043
fffffec9
00000019
00000019
00000019
00000019
00000019
00000063
fffffef5
fffffe4f
fffffdef
ffffff55
0000008b
0000008b
ffffffe9
0000032d
00000101
fffffd86
fffffd82
ffffffc1
ffffffc1
ffffff41
ffffff0d
ffffff4f
0000002d
000000bb
ffffffef
ffffffef
ffffffef
ffffffef
ffffffef
ffffffef
ffffffef
ffffffef
ffffffef
ffffffef
ffffffef
ffffffef
ffffffef
ffffffef
ffffff91
ffffff5d
fffffed1
ffffffe5
0000023d
00000211
000000ff
00000105
00000199
00000239
000001b9
00000039
00000021
ffffff85
0000010f
00000153
fffffedf
fffffee7
ffffff17
fffffeeb
ffffff15
fffffffb
ffffff33
ffffff87
00000057
ffffffff
ffffffef
ffffffef
ffffffef
ffffffef
ffffffef
0000006f
000000a3
00000061
ffffff83
fffffef5
ffffffc1
ffffffc1
00000039
fffffeaf
00000655
00000538
00000167
000000f1
000000f1
ffffffb9
fffffe5d
fffffe6b
fffffffd
00000201
0000010f
0000010f
0000010f
0000010f
0000010f
0000010f
0000010f
0000010f
0000010f
0000010f
0000010f
0000010f
0000010f
0000010f
000000ef
0000010b
0000012b
000000d3
fffffe83
fffffbf9
fffffa6f
fffffaa3
fffffbef
fffffdd1
000000a9
00000261
00000311
000006a9
00000961
00000abb
000008b3
00000121
ffffffc3
fffffef5
ffffffdf
00000101
0000012b
000001ad
000001bf
00000207
0000010f
0000010f
0000010f
0000010f
0000010f
00000247
000003a3
00000395
00000203
ffffffff
000000f1
000000f1
fffffdaa
fffffbcc
00000015
ffffff6e
00000039
ffffff60
ffffff60
fffffe96
fffffe6c
00000014
0000005a
ffffff7a
ffffffb0
ffffffb0
ffffffb0
ffffffb0
ffffffb0
ffffffb0
ffffffb0
ffffffb0
ffffffb0
ffffffb0
ffffffb0
ffffffb0
ffffffb0
ffffffb0
ffffff6c
fffffed0
fffffe4c
fffffe5a
fffffd90
fffffd0e
fffffe8a
ffffff0c
ffffff6a
0000005e
000000ea
00000060
0000017e
00000332
000003e2
00000328
00000136
00000072
ffffff76
00000036
00000006
0000003a
ffffffdc
0000007e
ffffffc4
ffffffac
ffffffb0
ffffffb0
ffffffb0
ffffffb0
ffffffb0
0000007a
000000a4
fffffefc
fffffeb6
ffffff96
ffffff60
ffffff60
fffffc6f
fffffc70
0000014b
0000029c
000002c7
00000261
00000261
000002f1
000003dd
00000487
00000459
00000467
00000495
00000495
00000495
00000495
00000495
00000495
00000495
00000495
00000495
00000495
00000495
00000495
00000495
00000495
000003f5
0000036d
000001f5
00000219
0000019d
00000085
ffffff3d
fffffdf1
fffffbad
fffffa45
fffffa99
fffffc21
fffffc59
fffffbad
ffffff49
0000032d
00000489
000003d1
000002f5
000002c5
000003d7
0000048f
0000049f
00000585
00000549
0000055f
00000495
00000495
00000495
00000495
00000495
00000405
00000319
0000026f
0000029d
0000028f
00000261
00000261
00000234
00000257
000000e9
00000048
000000ad
0000014d
0000014d
ffffffe1
00000011
ffffffe3
ffffffe3
fffffe67
fffffdc1
fffffdc1
fffffdc1
fffffdc1
fffffdc1
fffffdc1
fffffdc1
fffffdc1
fffffdc1
fffffdc1
fffffdc1
fffffdc1
fffffdc1
fffffdc1
fffffd81
fffffd51
fffffc9b
fffffbfd
fffffb57
fffffba7
fffffb71
fffffab7
fffff8af
fffff7f7
fffff6c5
fffff6fd
fffff837
fffff93f
fffff983
fffffa59
fffffb61
fffffcbb
fffffdf1
fffffd8f
fffffcf7
fffffca3
fffffcbd
fffffc87
fffffd43
fffffce9
fffffdc1
fffffdc1
fffffdc1
fffffdc1
fffffdc1
ffffff2d
fffffefd
ffffff2b
ffffff2b
000000a7
0000014d
0000014d
0000007a
000000a3
fffffd10
fffffdd0
fffffea5
ffffff11
ffffff11
ffffff77
ffffffe9
0000003b
ffffffd3
ffffff7b
ffffffc7
ffffffc7
ffffffc7
ffffffc7
ffffffc7
ffffffc7
ffffffc7
ffffffc7
ffffffc7
ffffffc7
ffffffc7
ffffffc7
ffffffc7
ffffffc7
ffffffdd
00000011
0000002b
00000117
00000377
000005c5
0000059b
00000443
00000117
ffffff7b
fffffed9
ffffff51
ffffffbd
fffffebf
fffffd41
fffffd05
fffffe07
ffffffb9
000000e5
00000021
ffffff93
ffffff9d
ffffff6d
ffffff11
ffffff59
ffffffa7
ffffffc7
ffffffc7
ffffffc7
ffffffc7
ffffffc7
ffffff61
fffffeef
fffffe9d
ffffff05
ffffff5d
ffffff11
ffffff11
00000161
0000029d
fffffbf4
fffffc72
fffffe58
ffffff58
ffffff58
000000ea
fffffe8a
fffffcda
fffffd38
fffffd00
fffffbcc
fffffbcc
fffffbcc
fffffbcc
fffffbcc
fffffbcc
fffffbcc
fffffbcc
fffffbcc
fffffbcc
fffffbcc
fffffbcc
fffffbcc
fffffbcc
fffffc38
fffffd38
ffffff0c
ffffffee
00000020
fffffd98
fffffc6a
fffffb98
fffff934
fffff9a0
fffffac2
fffffa4e
fffff874
fffff594
fffff3b2
fffff48c
fffff6c4
fffff9f6
fffffa8c
fffffb40
fffffcd6
fffffcfc
fffffd4c
fffffd36
fffffd40
fffffca6
fffffbcc
fffffbcc
fffffbcc
fffffbcc
fffffbcc
fffffa3a
fffffc9a
fffffe4a
fffffdec
fffffe24
ffffff58
ffffff58
000004b5
000003f0
ffffffe9
fffffff4
00000086
00000068
00000068
0000009a
00000170
000000ee
0000002c
00000052
00000086
00000086
00000086
00000086
00000086
00000086
00000086
00000086
00000086
00000086
00000086
00000086
00000086
00000086
0000007c
000000d8
0000001e
00000034
000002ac
00000590
0000030c
0000015c
fffffe18
fffffc5e
fffffb92
fffffc0a
fffffb4e
fffff9a0
fffffc6e
ffffff10
00000264
0000032e
00000104
0000001e
fffffffe
000000ba
0000009c
000000ac
00000090
00000160
00000086
00000086
00000086
00000086
00000086
00000054
ffffff7e
00000000
000000c2
0000009c
00000068
00000068
0000032b
000002a8
ffffff76
ffffff82
fffffe33
fffffe08
fffffe08
fffffe5e
fffffddc
fffffd96
fffffd14
fffffd2c
fffffd4e
fffffd4e
fffffd4e
fffffd4e
fffffd4e
fffffd4e
fffffd4e
fffffd4e
fffffd4e
fffffd4e
fffffd4e
fffffd4e
fffffd4e
fffffd4e
fffffd8a
fffffdb2
fffffda0
fffffd1a
fffffcb2
fffffdf0
ffffff6e
00000064
00000290
0000042c
000004e4
00000458
00000218
0000001e
fffffef4
fffffe16
fffffe0c
fffffce8
fffffe18
ffffff2a
ffffffb2
00000010
ffffffd0
ffffff6e
fffffe6c
fffffdf8
fffffd4e
fffffd4e
fffffd4e
fffffd4e
fffffd4e
fffffcf8
fffffd7a
fffffdc0
fffffe42
fffffe2a
fffffe08
fffffe08
fffffe89
fffffe74
00000282
000002d6
000001c6
0000010a
0000010a
0000004e
ffffff30
fffffd52
fffffdc6
fffffefa
ffffff02
ffffff02
ffffff02
ffffff02
ffffff02
ffffff02
ffffff02
ffffff02
ffffff02
ffffff02
ffffff02
ffffff02
ffffff02
ffffff02
fffffed8
ffffff24
ffffff48
0000009a
00000174
00000114
ffffff46
fffffeca
fffffd04
fffffba2
fffffd40
fffffe52
fffffdd0
fffffc12
fffffe8e
00000224
000002f0
00000098
fffffd24
fffffcb0
fffffe6a
ffffff9a
ffffff82
000000b2
0000009e
00000044
ffffff02
ffffff02
ffffff02
ffffff02
ffffff02
ffffffbe
000000dc
000002ba
00000246
00000112
0000010a
0000010a
000001d1
0000016d
fffffbd3
fffffbc5
fffffd80
00000059
00000059
000000a1
00000249
00000233
000002eb
000000b1
ffffff7b
ffffff7b
ffffff7b
ffffff7b
ffffff7b
ffffff7b
ffffff7b
ffffff7b
ffffff7b
ffffff7b
ffffff7b
ffffff7b
ffffff7b
ffffff7b
ffffff17
ffffff2d
0000003f
000002c3
000007a5
00000a4b
000006b9
00000265
ffffff1d
fffffe1b
fffffee5
ffffffdd
fffffe2d
fffffcfb
fffffb73
fffffd5b
fffffbf1
fffffcb7
0000003d
00000013
ffffffe5
ffffffb9
ffffff0f
fffffe51
ffffff9f
fffffe5b
ffffff7b
ffffff7b
ffffff7b
ffffff7b
ffffff7b
ffffff33
fffffd8b
fffffda1
fffffce9
ffffff23
00000059
00000059
0000032d
00000527
00000200
00000209
00000121
00000038
00000038
00000048
000000c8
000000d4
00000092
000000ca
000000a2
000000a2
000000a2
000000a2
000000a2
000000a2
000000a2
000000a2
000000a2
000000a2
000000a2
000000a2
000000a2
000000a2
00000046
ffffffa0
fffffeda
fffffeac
fffffec2
00000066
00000146
00000108
fffffe36
fffffcd6
fffffee6
ffffff2a
ffffff3e
ffffff2a
000000f2
000001fe
000001a2
000001a4
000001ac
0000015e
00000174
00000142
000000c8
00000030
000000ce
0000001a
000000a2
000000a2
000000a2
000000a2
000000a2
00000092
00000012
00000006
00000048
00000010
00000038
00000038
00000006
00000012
000003a8
000002a2
00000144
ffffffb4
ffffffb4
ffffff06
fffffd1a
fffffc20
fffffc9e
fffffd26
fffffd2c
fffffd2c
fffffd2c
fffffd2c
fffffd2c
fffffd2c
fffffd2c
fffffd2c
fffffd2c
fffffd2c
fffffd2c
fffffd2c
fffffd2c
fffffd2c
fffffd42
fffffd68
fffffddc
fffffe34
fffffe54
fffffcae
fffffc64
fffffd9e
ffffff5a
0000017e
000003a6
00000378
0000012a
00000108
000002b6
00000370
00000316
00000068
fffffce8
fffffc9e
fffffcea
fffffd6e
fffffd72
fffffe76
fffffdc4
fffffe20
fffffd2c
fffffd2c
fffffd2c
fffffd2c
fffffd2c
fffffdda
ffffffc6
000000c0
00000042
ffffffba
ffffffb4
ffffffb4
ffffff91
fffffd2d
fffffbe0
fffffcdd
fffffd6b
ffffff13
ffffff13
ffffffc7
000001c1
000002ab
0000015f
ffffffeb
fffffe81
fffffe81
fffffe81
fffffe81
fffffe81
fffffe81
fffffe81
fffffe81
fffffe81
fffffe81
fffffe81
fffffe81
fffffe81
fffffe81
fffffec9
ffffff25
00000041
0000001b
fffffeb9
fffffe07
ffffff9b
00000055
000000e5
00000093
0000014d
000000d3
0000006f
000000fd
ffffff8b
fffffc0d
fffffa4b
fffffaed
fffffde7
fffffe47
fffffebf
fffffe31
fffffe81
fffffe3d
fffffe63
fffffe03
fffffe81
fffffe81
fffffe81
fffffe81
fffffe81
fffffdcd
fffffbd3
fffffae9
fffffc35
fffffda9
ffffff13
ffffff13
ffffff54
000002c1
ffffff59
ffffffd8
ffffff9f
ffffff4e
ffffff4e
0000001c
00000186
000002b6
00000302
00000360
00000428
00000428
00000428
00000428
00000428
00000428
00000428
00000428
00000428
00000428
00000428
00000428
00000428
00000428
00000472
00000404
00000326
00000142
000000e2
ffffff34
ffffff48
ffffffaa
00000046
0000005e
000000ba
0000012a
00000020
ffffff20
0000000e
00000038
0000011c
000002fa
00000444
0000046e
000003ca
000003c4
00000338
0000035c
000003a4
000003c2
00000428
00000428
00000428
00000428
00000428
0000035a
000001f0
000000c0
00000074
00000016
ffffff4e
ffffff4e
0000007f
00000032
fffffcdf
fffffda5
00000024
00000060
00000060
00000020
ffffff5a
000000be
00000164
000000e2
00000098
00000098
00000098
00000098
00000098
00000098
00000098
00000098
00000098
00000098
00000098
00000098
00000098
00000098
000000f6
00000204
0000026e
000002d2
0000031a
0000033a
00000414
00000428
0000016c
00000098
ffffff50
0000002e
0000006c
ffffff08
fffffe70
fffffdd2
fffffdf4
ffffff3e
000000ae
000001a2
00000146
00000148
0000016e
00000140
000000be
000000b8
00000098
00000098
00000098
00000098
00000098
000000d8
0000019e
0000003a
ffffff94
00000016
00000060
00000060
0000023b
0000026a
00000076
0000005c
ffffff92
ffffffe0
ffffffe0
ffffff1c
fffffeae
fffffedc
ffffff34
ffffffcc
ffffff7a
ffffff7a
ffffff7a
ffffff7a
ffffff7a
ffffff7a
ffffff7a
ffffff7a
ffffff7a
ffffff7a
ffffff7a
ffffff7a
ffffff7a
ffffff7a
ffffff78
ffffffa4
ffffff74
000000b0
000001e8
00000378
0000040a
00000410
00000422
00000308
000002b0
0000037e
000004d4
000005f4
000004d6
000005b6
00000538
00000402
000000fe
0000011c
00000136
00000248
00000184
000001c4
0000005e
000000b6
ffffff7a
ffffff7a
ffffff7a
ffffff7a
ffffff7a
0000003e
000000ac
0000007e
00000026
ffffff8e
ffffffe0
ffffffe0
ffffff5c
ffffff85
ffffffa4
fffffff4
fffffffc
ffffff75
ffffff75
fffffe0d
ffffffe9
ffffffdd
fffffe9b
fffffe23
fffffec9
fffffec9
fffffec9
fffffec9
fffffec9
fffffec9
fffffec9
fffffec9
fffffec9
fffffec9
fffffec9
fffffec9
fffffec9
fffffec9
ffffff2d
ffffff87
0000000f
ffffff41
ffffff23
fffffe35
fffffef7
00000001
0000018b
00000327
00000337
00000283
000000ef
00000123
0000003b
fffffd3d
fffffb1d
fffffc1f
fffffedd
ffffff13
fffffeb3
fffffe9f
ffffff19
fffffec3
fffffe97
fffffebf
fffffec9
fffffec9
fffffec9
fffffec9
fffffec9
00000031
fffffe55
fffffe61
ffffffa3
0000001b
ffffff75
ffffff75
fffffe87
ffffff58
fffffe18
fffffe5d
fffffe6c
ffffff47
ffffff47
fffffe89
ffffff07
fffffe5b
fffffdbd
fffffccd
fffffbbb
fffffbbb
fffffbbb
fffffbbb
fffffbbb
fffffbbb
fffffbbb
fffffbbb
fffffbbb
fffffbbb
fffffbbb
fffffbbb
fffffbbb
fffffbbb
fffffbbb
fffffca5
fffffd1d
fffffdf9
fffffee7
00000079
000001c9
000001a7
00000193
00000085
000000fd
0000009d
ffffff19
ffffff27
fffffd6b
fffffc8d
fffffd5f
fffffbf3
fffffa01
fffff95d
fffff92d
fffff9d7
fffffa5f
fffffaf1
fffffb63
fffffbdd
fffffbbb
fffffbbb
fffffbbb
fffffbbb
fffffbbb
fffffc79
fffffbfb
fffffca7
fffffd45
fffffe35
ffffff47
ffffff47
0000008f
000001cd
ffffff1f
fffffeee
fffffed0
ffffff6a
ffffff6a
ffffff1a
ffffff34
ffffff9c
00000056
0000007a
00000006
00000006
00000006
00000006
00000006
00000006
00000006
00000006
00000006
00000006
00000006
00000006
00000006
00000006
ffffff7e
fffffed2
fffffeb6
fffffe6a
fffffee6
fffffe3e
ffffffac
00000156
0000050c
000005bc
0000025a
000000ce
00000152
000000e0
ffffffa6
ffffff9c
ffffff52
ffffff30
00000176
00000266
000002c6
00000310
00000254
0000018a
00000172
00000016
00000006
00000006
00000006
00000006
00000006
00000056
0000003c
ffffffd4
ffffff1a
fffffef6
ffffff6a
ffffff6a
ffffff60
ffffffe5
00000051
0000021a
ffffffbe
fffffe8c
fffffe8c
00000014
00000094
ffffff9a
fffffda6
fffffe66
ffffff06
ffffff06
ffffff06
ffffff06
ffffff06
ffffff06
ffffff06
ffffff06
ffffff06
ffffff06
ffffff06
ffffff06
ffffff06
ffffff06
fffffed8
fffffdf4
fffffcfc
fffffc82
fffffb56
fffffd62
fffffddc
fffffc98
fffffcee
fffffeea
0000007a
ffffff98
fffffc98
fffffbd6
fffffdec
00000050
000000ea
00000022
00000030
ffffffb0
ffffff26
ffffff0c
ffffff6e
ffffff76
ffffff02
ffffff6c
ffffff06
ffffff06
ffffff06
ffffff06
ffffff06
fffffd7e
fffffcfe
fffffdf8
ffffffec
ffffff2c
fffffe8c
fffffe8c
fffffeaa
0000002e
000003a2
000001f9
00000061
fffffffe
fffffffe
fffffdcc
fffffc06
fffff9c8
fffff9d4
fffffbe2
fffffde4
fffffde4
fffffde4
fffffde4
fffffde4
fffffde4
fffffde4
fffffde4
fffffde4
fffffde4
fffffde4
fffffde4
fffffde4
fffffde4
fffffd84
fffffcfa
fffffdc4
fffffef6
fffffe1a
fffffad8
fffffa82
fffffaea
ffffffd2
0000014e
0000017c
00000158
000001ee
0000055e
0000054e
00000348
0000004a
fffffce2
fffffad6
fffffbf8
fffffcd4
fffffde6
fffffebc
fffffecc
fffffe78
fffffef2
fffffde4
fffffde4
fffffde4
fffffde4
fffffde4
00000016
000001dc
0000041a
0000040e
00000200
fffffffe
fffffffe
fffffc20
fffffba9
0000028d
0000015b
ffffff71
ffffff41
ffffff41
ffffff59
ffffff6d
00000007
00000143
00000413
000005f7
000005f7
000005f7
000005f7
000005f7
000005f7
000005f7
000005f7
000005f7
000005f7
000005f7
000005f7
000005f7
000005f7
0000057f
00000485
000003cf
000004d3
0000055f
000004e9
000005c5
00000435
0000047b
0000031d
00000191
0000012b
000001a1
00000355
000004bb
00000737
00000735
0000065b
000004b1
00000519
000004bd
000004ad
000004f9
00000549
000004f9
000005f7
000005f7
000005f7
000005f7
000005f7
000005f7
000005df
000005cb
00000531
000003f5
00000125
ffffff41
ffffff41
fffffd48
fffffc45
0000014a
ffffffce
ffffff8c
fffffffc
fffffffc
fffffdde
fffffe86
00000056
00000096
000000f6
000000f0
000000f0
000000f0
000000f0
000000f0
000000f0
000000f0
000000f0
000000f0
000000f0
000000f0
000000f0
000000f0
000000f0
00000066
ffffffd2
ffffff32
fffffe24
fffffbc0
fffffc48
ffffff62
0000028a
000004aa
000005f0
00000574
00000478
00000438
000004a2
0000038c
0000000c
ffffff60
ffffffe2
000001c4
00000122
00000022
ffffff62
00000022
ffffffd0
00000090
00000006
000000f0
000000f0
000000f0
000000f0
000000f0
0000030e
00000266
00000096
00000056
fffffff6
fffffffc
fffffffc
fffffbd9
fffffcca
00000070
0000002c
00000003
000000b2
000000b2
00000000
0000007e
00000112
00000114
0000012c
000000fe
000000fe
000000fe
000000fe
000000fe
000000fe
000000fe
000000fe
000000fe
000000fe
000000fe
000000fe
000000fe
000000fe
000000e6
00000134
00000100
0000013c
0000005e
000000ce
00000110
0000018c
000001fc
00000194
00000188
00000282
0000051a
0000057e
0000046e
0000048a
000003b4
000002a0
00000078
00000010
00000048
0000008a
0000008e
00000142
000000c2
0000017c
000000fe
000000fe
000000fe
000000fe
000000fe
000001b0
00000132
0000009e
0000009c
00000084
000000b2
000000b2
ffffffe9
0000001c
000000ab
00000324
000001e9
00000207
00000207
0000021f
00000111
0000003d
000000cb
00000217
00000143
00000143
00000143
00000143
00000143
00000143
00000143
00000143
00000143
00000143
00000143
00000143
00000143
00000143
000001af
0000029f
000003c5
000005b7
000004a5
0000009f
fffffc47
fffffacd
fffffcdd
fffffd8f
fffffd79
fffffed1
000001f5
0000032f
000001df
000002ab
00000359
00000179
ffffff39
fffffe67
00000037
00000069
00000089
ffffffc9
000001cb
00000159
00000143
00000143
00000143
00000143
00000143
0000012b
00000239
0000030d
0000027f
00000133
00000207
00000207
00000179
00000263
000001cd
ffffff73
ffffff72
fffffff0
fffffff0
fffffec8
fffffff0
000001d4
00000298
00000276
00000220
00000220
00000220
00000220
00000220
00000220
00000220
00000220
00000220
00000220
00000220
00000220
00000220
00000220
000001e2
000000a4
ffffff6e
ffffffba
000001cc
00000348
0000044c
00000208
00000132
ffffffa6
fffffeb6
fffffd58
fffffe40
ffffff38
000000f6
00000310
00000282
00000290
00000354
00000238
00000244
00000158
000001dc
0000010c
000001d0
0000016e
00000220
00000220
00000220
00000220
00000220
00000348
00000220
0000003c
ffffff78
ffffff9a
fffffff0
fffffff0
fffffce7
fffffcaa
fffffde9
fffffd89
ffffff2b
00000040
00000040
000000ea
000001bc
000002b6
0000029a
000001ae
00000166
00000166
00000166
00000166
00000166
00000166
00000166
00000166
00000166
00000166
00000166
00000166
00000166
00000166
00000124
00000072
ffffff8e
00000006
00000112
00000256
00000406
00000438
000002fa
000000e0
fffffed2
fffffe6a
fffffe06
ffffff1e
ffffff0a
fffffee2
ffffff66
ffffffdc
00000056
0000006c
00000036
0000005a
000000e8
0000013c
00000118
00000188
00000166
00000166
00000166
00000166
00000166
000000bc
ffffffea
fffffef0
ffffff0c
fffffff8
00000040
00000040
ffffff49
0000001b
000003c2
0000038a
000002c5
000000a0
000000a0
00000040
0000001c
fffffe48
fffffe10
ffffff1e
00000012
00000012
00000012
00000012
00000012
00000012
00000012
00000012
00000012
00000012
00000012
00000012
00000012
00000012
00000020
fffffff4
ffffff4e
fffffe1c
fffffdcc
ffffff80
ffffff4e
fffffd7a
fffffd24
fffffd70
ffffff48
ffffff22
ffffff02
fffffdbe
fffffef8
0000016a
000003e4
00000396
00000178
0000003c
ffffffe0
ffffffbc
00000034
0000000a
fffffff4
00000084
00000012
00000012
00000012
00000012
00000012
00000072
00000096
0000026a
000002a2
00000194
000000a0
000000a0
0000011f
00000033
ffffff1d
ffffff75
ffffff71
ffffffa2
ffffffa2
ffffff86
fffffeb0
fffffd7e
fffffda0
fffffcbe
fffffbde
fffffbde
fffffbde
fffffbde
fffffbde
fffffbde
fffffbde
fffffbde
fffffbde
fffffbde
fffffbde
fffffbde
fffffbde
fffffbde
fffffc06
fffffb9e
fffffb3a
fffff938
fffff9dc
fffffafc
fffffc28
fffffc54
fffffb40
fffffb86
fffffbe0
fffffb9a
fffffad0
fffff932
fffff868
fffffad8
fffffbc2
fffffc74
fffffd14
fffffd48
fffffc70
fffffd0a
fffffc7c
fffffc66
fffffc72
fffffbda
fffffbde
fffffbde
fffffbde
fffffbde
fffffbde
fffffbfa
fffffcd0
fffffe02
fffffde0
fffffec2
ffffffa2
ffffffa2
000002a8
00000236
fffffc07
fffffc2a
ffffff4e
00000029
00000029
00000007
ffffff79
ffffffeb
0000006d
0000011b
00000199
00000199
00000199
00000199
00000199
00000199
00000199
00000199
00000199
00000199
00000199
00000199
00000199
00000199
000001e7
000002c5
000002d1
00000345
00000375
00000417
00000521
0000052d
00000197
fffffe41
fffffbfd
fffffb9f
fffffc3f
fffffad7
fffff93b
fffffa23
fffffd9b
00000047
000000eb
0000005d
ffffffff
00000021
0000005d
00000147
00000103
000001e3
00000199
00000199
00000199
00000199
00000199
000001bb
00000249
000001d7
00000155
000000a7
00000029
00000029
000001cb
00000300
ffffff84
00000160
0000019c
0000011c
0000011c
000001e2
00000348
000003a0
00000308
0000020a
00000200
00000200
00000200
00000200
00000200
00000200
00000200
00000200
00000200
00000200
00000200
00000200
00000200
00000200
000001e6
00000148
0000006e
ffffffb0
fffffee4
ffffff2a
0000002a
ffffff4e
fffffd82
fffffd12
fffffdcc
fffffe34
fffffd84
fffffdfa
fffffebc
fffffe78
00000044
0000023c
00000340
00000314
00000200
000001cc
00000206
000001e6
0000015e
000001b8
00000200
00000200
00000200
00000200
00000200
0000013a
ffffffd4
ffffff7c
00000014
00000112
0000011c
0000011c
000000bd
000001a7
fffffdfd
fffffc85
fffffdcb
ffffff0e
ffffff0e
fffffe2c
ffffff54
0000011c
000001d6
ffffffc0
fffffeb0
fffffeb0
fffffeb0
fffffeb0
fffffeb0
fffffeb0
fffffeb0
fffffeb0
fffffeb0
fffffeb0
fffffeb0
fffffeb0
fffffeb0
fffffeb0
fffffe4a
fffffdcc
fffffcb0
fffffe22
0000018a
0000034c
0000041c
00000280
0000019c
0000017c
000000ba
00000188
000000c2
0000013c
ffffff9a
fffffe3e
ffffff72
fffffdcc
fffffee2
fffffec6
0000002c
ffffffac
ffffffec
ffffff04
ffffff96
fffffea4
fffffeb0
fffffeb0
fffffeb0
fffffeb0
fffffeb0
ffffff92
fffffe6a
fffffca2
fffffbe8
fffffdfe
ffffff0e
ffffff0e
fffffe1b
fffffde5
ffffff62
fffffeb5
fffffe6c
fffffeac
fffffeac
ffffff42
fffffd68
fffffc60
fffffc74
fffffce4
fffffd10
fffffd10
fffffd10
fffffd10
fffffd10
fffffd10
fffffd10
fffffd10
fffffd10
fffffd10
fffffd10
fffffd10
fffffd10
fffffd10
fffffcd2
fffffc74
fffffca2
fffffe8a
000000da
0000008e
ffffffea
0000000c
000002a4
00000264
0000018c
00000162
0000027e
0000007a
fffffd90
fffffce6
fffffb4e
fffffc5e
fffffc62
fffffc5e
fffffd26
fffffd62
fffffd26
fffffd08
fffffd08
fffffd90
fffffd10
fffffd10
fffffd10
fffffd10
fffffd10
fffffc7a
fffffe54
ffffff5c
ffffff48
fffffed8
fffffeac
fffffeac
ffffff53
ffffffa4
00000271
0000020a
000001b5
000000cf
000000cf
00000007
ffffff61
fffffdd7
fffffdf9
fffffcf9
fffffc93
fffffc93
fffffc93
fffffc93
fffffc93
fffffc93
fffffc93
fffffc93
fffffc93
fffffc93
fffffc93
fffffc93
fffffc93
fffffc93
fffffcbd
fffffcf9
fffffc69
fffffb59
fffffca7
fffffde1
fffffc87
fffffacd
fffffa79
fffffbc5
fffffde3
fffffdbf
fffffc15
fffffadf
fffffa1f
fffffb21
fffffc77
fffffd53
fffffd5f
fffffb9f
fffffc49
fffffb01
fffffbfd
fffffa8f
fffffbcd
fffffbdd
fffffc93
fffffc93
fffffc93
fffffc93
fffffc93
fffffd5b
fffffe01
ffffff8b
ffffff69
00000069
000000cf
000000cf
000001df
00000099
fffffc31
fffffd35
fffffdc8
ffffff22
ffffff22
00000004
00000108
00000098
0000004a
00000016
00000052
00000052
00000052
00000052
00000052
00000052
00000052
00000052
00000052
00000052
00000052
00000052
00000052
00000052
00000050
000000b6
000002f4
000002d4
0000022a
000001dc
000000ea
00000126
000002b4
000001bc
00000166
0000016a
000003dc
00000418
00000072
ffffff0a
fffffe62
fffffe6a
ffffff48
ffffffc2
00000034
00000128
000001dc
0000018e
00000108
00000174
00000052
00000052
00000052
00000052
00000052
ffffff70
fffffe6c
fffffedc
ffffff2a
ffffff5e
ffffff22
ffffff22
ffffffe0
00000435
0000004e
00000089
00000042
0000004b
0000004b
00000071
000000c7
0000009d
000000ef
000000dd
00000127
00000127
00000127
00000127
00000127
00000127
00000127
00000127
00000127
00000127
00000127
00000127
00000127
00000127
0000015b
00000157
0000020b
00000159
000000a1
000000f9
ffffff83
ffffff39
0000013f
000002e7
00000343
000003df
0000050d
00000619
00000707
0000052f
000003f5
00000357
00000191
000000cf
0000019b
000000d3
00000187
00000115
00000155
0000014f
00000127
00000127
00000127
00000127
00000127
00000101
000000ab
000000d5
00000083
00000095
0000004b
0000004b
00000060
0000005e
0000035d
000001f7
00000021
ffffff22
ffffff22
fffffef2
fffffeb6
fffffe90
fffffe78
fffffe5e
fffffedc
fffffedc
fffffedc
fffffedc
fffffedc
fffffedc
fffffedc
fffffedc
fffffedc
fffffedc
fffffedc
fffffedc
fffffedc
fffffedc
fffffe7e
fffffdfc
fffffd1c
fffffcf0
fffffbf0
fffffa9e
fffffae6
fffffbac
fffffdfa
00000006
00000104
00000026
00000196
00000338
000003b8
0000039e
0000024a
ffffffba
fffffd34
fffffd56
fffffe42
fffffe9c
ffffff54
ffffffa2
ffffff0e
ffffffe0
fffffedc
fffffedc
fffffedc
fffffedc
fffffedc
ffffff0c
ffffff48
ffffff6e
ffffff86
ffffffa0
ffffff22
ffffff22
fffffc5d
fffffb98
ffffffaf
0000011e
000000f9
000000b6
000000b6
0000009c
00000114
0000013a
0000008c
00000020
ffffffb8
ffffffb8
ffffffb8
ffffffb8
ffffffb8
ffffffb8
ffffffb8
ffffffb8
ffffffb8
ffffffb8
ffffffb8
ffffffb8
ffffffb8
ffffffb8
00000012
00000098
00000112
00000128
0000015a
fffffece
fffffd34
fffffae6
fffffb3e
fffffece
0000025e
00000284
000000dc
000000f2
ffffffda
ffffff5e
fffffeba
fffffeae
00000000
0000005a
0000006e
ffffffec
ffffff98
ffffff5e
ffffff7a
ffffff2a
ffffffb8
ffffffb8
ffffffb8
ffffffb8
ffffffb8
ffffffd2
ffffff5a
ffffff34
ffffffe2
0000004e
000000b6
000000b6
000000f2
0000010f
0000002f
ffffffd5
000000a0
0000016b
0000016b
000001e7
000001c1
00000159
0000015f
00000161
0000015d
0000015d
0000015d
0000015d
0000015d
0000015d
0000015d
0000015d
0000015d
0000015d
0000015d
0000015d
0000015d
0000015d
00000123
0000004b
00000005
ffffff83
00000031
0000008d
00000143
000001e7
0000009f
ffffff2f
fffffd61
fffffc81
fffffbfd
fffffccf
fffffbeb
fffffca5
fffffdef
ffffff9d
00000189
0000016b
0000017d
000000f5
000000d3
00000045
0000016d
00000047
0000015d
0000015d
0000015d
0000015d
0000015d
000000e1
00000107
0000016f
00000169
00000167
0000016b
0000016b
00000198
00000186
000005a7
00000504
0000021a
0000004c
0000004c
fffffe1e
fffffc26
fffffb60
fffffcf2
ffffff5a
00000086
00000086
00000086
00000086
00000086
00000086
00000086
00000086
00000086
00000086
00000086
00000086
00000086
00000086
00000020
00000022
00000060
0000007c
ffffff42
fffffc18
fffffa4c
fffffa6e
fffffc7a
fffffe64
ffffff7c
00000014
0000009c
00000286
000004a4
00000646
000006e0
0000045a
0000004a
ffffff66
ffffff8a
0000003a
000000b4
00000170
000000ce
000001f2
00000086
00000086
00000086
00000086
00000086
000002b4
000004ac
00000572
000003e0
00000178
0000004c
0000004c
fffffd93
fffffb1b
fffffc4e
fffffcfc
fffffd65
ffffff28
ffffff28
ffffff60
000001e6
0000025e
000000d0
ffffff62
fffffe3c
fffffe3c
fffffe3c
fffffe3c
fffffe3c
fffffe3c
fffffe3c
fffffe3c
fffffe3c
fffffe3c
fffffe3c
fffffe3c
fffffe3c
fffffe3c
fffffea0
fffffeda
00000028
0000006a
fffffeee
fffffe5a
00000040
00000146
00000202
0000016e
00000276
00000208
00000112
0000025c
000000c6
fffffcca
fffffa4c
fffffa54
fffffd90
fffffe22
fffffea0
fffffdd2
fffffed2
fffffdcc
fffffe46
fffffd98
fffffe3c
fffffe3c
fffffe3c
fffffe3c
fffffe3c
fffffe04
fffffb7e
fffffb06
fffffc94
fffffe02
ffffff28
ffffff28
ffffff60
000002d7
0000037c
000002e6
000002bc
0000012f
0000012f
000001bf
000000af
00000081
00000077
00000029
00000041
00000041
00000041
00000041
00000041
00000041
00000041
00000041
00000041
00000041
00000041
00000041
00000041
00000041
00000033
ffffff7d
fffffd93
fffffda1
fffffe3d
fffffe47
fffffd77
fffffe1f
fffffdc5
fffffe85
ffffff1f
ffffff69
ffffff2b
fffffe6f
00000151
00000361
000003c1
000003bd
0000020b
000000e1
00000083
00000025
ffffff95
0000001f
0000000b
00000003
00000041
00000041
00000041
00000041
00000041
ffffffb1
000000c1
000000ef
000000f9
00000147
0000012f
0000012f
0000004d
fffffcf8
00000247
000001b6
00000171
000000a9
000000a9
ffffff63
fffffe6b
fffffe71
fffffea7
fffffefd
ffffff07
ffffff07
ffffff07
ffffff07
ffffff07
ffffff07
ffffff07
ffffff07
ffffff07
ffffff07
ffffff07
ffffff07
ffffff07
ffffff07
fffffef5
fffffe87
fffffe19
fffffef7
ffffff57
fffffdd1
fffffcf7
fffffc55
fffffc39
fffffcb5
fffffd75
fffffcd1
fffffb1d
fffffd0d
ffffff99
000000b7
00000039
fffffec9
fffffe2b
fffffe1d
fffffea7
fffffe8d
ffffff4b
ffffff83
ffffff1b
ffffffa3
ffffff07
ffffff07
ffffff07
ffffff07
ffffff07
0000004d
00000145
0000013f
00000109
000000b3
000000a9
000000a9
fffffe57
fffffdd6
fffffdf7
ffffffb1
fffffff9
ffffff0a
ffffff0a
000000e2
0000014e
00000044
00000002
ffffff4c
ffffffa0
ffffffa0
ffffffa0
ffffffa0
ffffffa0
ffffffa0
ffffffa0
ffffffa0
ffffffa0
ffffffa0
ffffffa0
ffffffa0
ffffffa0
ffffffa0
ffffff3c
ffffff2a
00000028
0000007e
000001ea
00000506
00000588
00000436
00000070
000000ae
000001ce
0000020e
0000008c
fffffd32
fffffce4
fffffdd4
ffffff58
fffffe68
ffffff28
fffffe80
fffffec6
fffffe8a
fffffe30
fffffeb0
fffffee0
ffffff26
ffffffa0
ffffffa0
ffffffa0
ffffffa0
ffffffa0
fffffdc8
fffffd5c
fffffe66
fffffea8
ffffff5e
ffffff0a
ffffff0a
000001ec
0000032b
00000517
000002b4
000000cd
ffffff81
ffffff81
fffffda9
fffffba9
fffffb65
fffffd3f
ffffffc5
00000065
00000065
00000065
00000065
00000065
00000065
00000065
00000065
00000065
00000065
00000065
00000065
00000065
00000065
00000001
ffffff21
fffffec7
ffffff2f
fffffe2f
fffffcd9
fffffe43
fffffeed
fffffe3f
fffffead
fffffeed
fffffec1
ffffff0b
00000151
00000519
000005c1
0000060f
00000397
ffffffe1
ffffff3b
00000021
00000045
00000101
000001a5
000000f5
0000015f
00000065
00000065
00000065
00000065
00000065
0000023d
0000043d
00000481
000002a7
00000021
ffffff81
ffffff81
fffffc8e
fffffa15
ffffff5d
ffffff64
ffffff8c
00000034
00000034
00000028
00000012
ffffffdc
ffffff56
ffffff24
fffffeda
fffffeda
fffffeda
fffffeda
fffffeda
fffffeda
fffffeda
fffffeda
fffffeda
fffffeda
fffffeda
fffffeda
fffffeda
fffffeda
fffffe9e
fffffe6c
fffffe78
fffffe22
fffffe84
fffffeb4
fffffea2
fffffe9c
fffffe4e
ffffff8e
0000005c
000000ee
fffffeaa
fffffc18
fffffc9a
fffffbc2
fffff9d2
fffffbda
fffffec6
ffffff00
ffffff74
ffffff50
fffffeb6
fffffea6
fffffede
fffffe54
fffffeda
fffffeda
fffffeda
fffffeda
fffffeda
fffffee6
fffffefc
ffffff32
ffffffb8
ffffffea
00000034
00000034
00000063
000000f5
fffffc32
fffffc61
fffffc80
fffffd01
fffffd01
ffffffa1
000000ed
0000015b
00000123
fffffff3
ffffff01
ffffff01
ffffff01
ffffff01
ffffff01
ffffff01
ffffff01
ffffff01
ffffff01
ffffff01
ffffff01
ffffff01
ffffff01
ffffff01
fffffee1
ffffff0f
0000003f
00000235
000002e1
ffffff19
fffffb41
fffffa8b
fffff9b5
fffff993
fffff9e3
fffffa53
fffffbe3
fffffb2f
fffffaf9
fffffc37
fffffcf9
fffffc91
fffffd0b
fffffd4b
fffffdbf
fffffdcd
fffffd39
fffffdd1
fffffe63
fffffe8b
ffffff01
ffffff01
ffffff01
ffffff01
ffffff01
fffffc61
fffffb15
fffffaa7
fffffadf
fffffc0f
fffffd01
fffffd01
fffffff8
00000091
0000010a
000000b4
000000fe
fffffec5
fffffec5
ffffff2b
fffffe09
fffffc73
fffffc65
fffffbfb
fffffc67
fffffc67
fffffc67
fffffc67
fffffc67
fffffc67
fffffc67
fffffc67
fffffc67
fffffc67
fffffc67
fffffc67
fffffc67
fffffc67
fffffc81
fffffc59
fffffd6d
ffffff75
000001d5
0000032d
00000017
ffffff2f
ffffff57
fffffffd
00000231
000002b1
000001f1
fffffee5
000001df
000002e1
00000267
0000000b
fffffd01
fffffb51
fffffc6b
fffffc33
fffffc05
fffffbdb
fffffcc7
fffffc61
fffffc67
fffffc67
fffffc67
fffffc67
fffffc67
fffffc01
fffffd23
fffffeb9
fffffec7
ffffff31
fffffec5
fffffec5
00000012
fffffee1
fffffef3
fffffda4
fffffe0d
fffffe74
fffffe74
fffffdea
fffffcdc
fffffc3a
fffffdea
fffffd58
fffffc78
fffffc78
fffffc78
fffffc78
fffffc78
fffffc78
fffffc78
fffffc78
fffffc78
fffffc78
fffffc78
fffffc78
fffffc78
fffffc78
fffffcbc
fffffd1a
fffffd04
fffffd68
fffffdba
fffffdb4
fffffeda
0000018c
00000288
0000023c
000001f4
0000030e
00000250
00000238
000001e4
00000206
ffffff44
fffffb92
fffffad4
fffffb30
fffffc3a
fffffbec
fffffca6
fffffc9a
fffffd5c
fffffc56
fffffc78
fffffc78
fffffc78
fffffc78
fffffc78
fffffd02
fffffe10
fffffeb2
fffffd02
fffffd94
fffffe74
fffffe74
fffffe92
fffffe8d
fffffc8b
fffffb22
fffffd14
ffffff11
ffffff11
ffffff6b
ffffffd7
00000101
000001bd
0000009b
ffffff5b
ffffff5b
ffffff5b
ffffff5b
ffffff5b
ffffff5b
ffffff5b
ffffff5b
ffffff5b
ffffff5b
ffffff5b
ffffff5b
ffffff5b
ffffff5b
ffffff8f
ffffffe7
00000017
0000008f
0000007f
fffffe91
fffffe61
00000159
0000051b
0000051d
000003c9
000003d9
00000545
0000043d
0000018f
fffffe51
fffff9db
fffffb55
fffffe4b
ffffff3d
ffffff7d
ffffff9f
ffffff03
ffffff43
ffffff71
fffffee3
ffffff5b
ffffff5b
ffffff5b
ffffff5b
ffffff5b
ffffff01
fffffe95
fffffd6b
fffffcaf
fffffdd1
ffffff11
ffffff11
fffffe63
fffffe70
00000174
000000bc
0000003d
ffffff11
ffffff11
fffffefd
fffffecf
fffffe97
fffffe57
fffffdd3
fffffd93
fffffd93
fffffd93
fffffd93
fffffd93
fffffd93
fffffd93
fffffd93
fffffd93
fffffd93
fffffd93
fffffd93
fffffd93
fffffd93
fffffd57
fffffcff
fffffc21
fffffcff
fffffe49
ffffff3b
fffffff5
00000089
00000185
00000103
000001dd
00000197
000001f9
000001cd
000001f5
00000225
000001f7
0000013b
fffffea9
fffffd7d
fffffe2f
fffffd75
fffffe0b
fffffd99
fffffd85
fffffdad
fffffd93
fffffd93
fffffd93
fffffd93
fffffd93
fffffda7
fffffdd5
fffffe0d
fffffe4d
fffffed1
ffffff11
ffffff11
fffffdb9
fffffda4
fffffd03
fffffd93
fffffe31
ffffff33
ffffff33
ffffff15
ffffff6d
ffffff9d
00000007
0000002d
00000057
00000057
00000057
00000057
00000057
00000057
00000057
00000057
00000057
00000057
00000057
00000057
00000057
00000057
0000009b
0000015f
0000023b
00000323
000003bd
000003eb
00000483
00000447
000001b1
fffffffd
ffffffcf
0000014d
00000149
0000006b
ffffff3d
ffffff29
fffffec9
fffffdfd
ffffff07
fffffeff
00000037
0000001f
00000053
00000089
0000006f
00000091
00000057
00000057
00000057
00000057
00000057
00000075
0000001d
ffffffed
ffffff83
ffffff5d
ffffff33
ffffff33
000001bb
000002e2
fffffc28
fffffb95
fffffbc5
fffffd00
fffffd00
fffffc46
fffffc5c
fffffd5c
fffffd4a
fffffe18
fffffe12
fffffe12
fffffe12
fffffe12
fffffe12
fffffe12
fffffe12
fffffe12
fffffe12
fffffe12
fffffe12
fffffe12
fffffe12
fffffe12
fffffe28
fffffe78
fffffe80
ffffff78
0000022a
0000048a
00000582
0000062a
000002bc
000000c0
ffffffaa
fffffe8c
fffffbe2
fffffd76
fffffdba
fffffc84
fffffc1e
fffffe2a
ffffff7a
fffffefc
fffffde2
fffffd84
fffffd74
fffffd5e
fffffd50
fffffd8c
fffffe12
fffffe12
fffffe12
fffffe12
fffffe12
fffffecc
fffffeb6
fffffdb6
fffffdc8
fffffcfa
fffffd00
fffffd00
fffffe83
fffffef6
00000063
000000a9
00000236
00000347
00000347
00000215
0000023b
00000363
000003a5
000002cb
000001ad
000001ad
000001ad
000001ad
000001ad
000001ad
000001ad
000001ad
000001ad
000001ad
000001ad
000001ad
000001ad
000001ad
000001d1
0000016f
00000197
00000217
000002cf
000002f1
00000231
00000203
fffffed5
fffffda7
fffffd67
fffffedf
ffffffd7
ffffffcf
000000b7
00000013
ffffffaf
ffffff77
00000381
00000497
000003bd
00000361
000002a7
000001e5
000001c1
000000bf
000001ad
000001ad
000001ad
000001ad
000001ad
000002df
000002b9
00000191
0000014f
00000229
00000347
00000347
00000301
0000026a
000001e5
00000166
0000025e
0000018b
0000018b
ffffff71
00000015
00000143
00000065
fffffe95
fffffd79
fffffd79
fffffd79
fffffd79
fffffd79
fffffd79
fffffd79
fffffd79
fffffd79
fffffd79
fffffd79
fffffd79
fffffd79
fffffd79
fffffd31
fffffbdb
fffffaad
fffffa81
fffff857
fffff825
fffff94f
fffffa93
fffffd15
fffffee1
fffffea9
fffffee3
ffffffa3
0000017b
0000037d
00000281
00000139
fffffcd9
fffffcb7
fffffe17
fffffd81
fffffd81
fffffe57
fffffdcd
fffffdc9
fffffd61
fffffd79
fffffd79
fffffd79
fffffd79
fffffd79
ffffff93
fffffeef
fffffdc1
fffffe9f
0000006f
0000018b
0000018b
fffffd0a
fffffd75
00000039
00000045
0000000f
000000b5
000000b5
0000007b
0000006b
0000008b
00000179
0000022d
00000263
00000263
00000263
00000263
00000263
00000263
00000263
00000263
00000263
00000263
00000263
00000263
00000263
00000263
000002f1
00000495
00000669
00000601
000004ef
00000245
ffffff55
00000077
000000db
0000007f
fffffff1
00000113
00000183
00000427
00000365
00000371
000002ab
00000077
00000257
000002e5
00000397
000002fb
000002fd
000002b5
000002d3
000001f9
00000263
00000263
00000263
00000263
00000263
0000029d
000002ad
0000028d
0000019f
000000eb
000000b5
000000b5
00000242
000001e8
00000112
00000169
00000162
000000a2
000000a2
00000084
00000130
000000d4
000000a6
00000070
0000005a
0000005a
0000005a
0000005a
0000005a
0000005a
0000005a
0000005a
0000005a
0000005a
0000005a
0000005a
0000005a
0000005a
00000062
000000b0
0000014c
000000ae
ffffff50
fffffeca
fffffd36
fffffcb2
fffffd80
ffffffe6
00000106
000000a8
00000064
00000152
00000194
000000b6
000000f4
00000102
000001c8
00000102
000000dc
0000006a
0000010c
0000001e
00000056
0000003c
0000005a
0000005a
0000005a
0000005a
0000005a
00000078
ffffffcc
00000028
00000056
0000008c
000000a2
000000a2
000000c6
00000116
00000054
00000056
00000081
00000085
00000085
ffffffed
0000003d
000000dd
00000161
00000197
00000133
00000133
00000133
00000133
00000133
00000133
00000133
00000133
00000133
00000133
00000133
00000133
00000133
00000133
000001a7
000001e7
000001fd
000001ed
00000327
000002d3
000001bb
ffffffa5
fffffbff
fffffc81
fffffef9
ffffff6b
ffffff63
000000cf
000001f9
00000365
0000044f
00000321
000000b5
00000021
000000e5
0000011d
0000013f
0000013d
00000141
000001b7
00000133
00000133
00000133
00000133
00000133
000001cb
0000017b
000000db
00000057
00000021
00000085
00000085
000000ca
000000b3
fffffee2
fffffef7
fffffd30
fffffc53
fffffc53
fffffd2f
fffffb9f
fffffabd
fffffa67
fffffb4b
fffffb3b
fffffb3b
fffffb3b
fffffb3b
fffffb3b
fffffb3b
fffffb3b
fffffb3b
fffffb3b
fffffb3b
fffffb3b
fffffb3b
fffffb3b
fffffb3b
fffffb9b
fffffb4b
fffffb1b
fffff9db
fffffacf
fffffbe1
fffffe75
000000b5
0000006d
00000155
000001ed
000003ef
00000281
0000017b
0000009d
ffffff67
fffffd95
fffffc9b
fffffce9
fffffd25
fffffd03
fffffcf5
fffffc6b
fffffbbf
fffffb8d
fffffb29
fffffb3b
fffffb3b
fffffb3b
fffffb3b
fffffb3b
fffffa5f
fffffbef
fffffcd1
fffffd27
fffffc43
fffffc53
fffffc53
fffffef1
fffffd43
fffffd13
ffffff0c
ffffffd9
fffffeb5
fffffeb5
00000139
00000121
ffffffc5
fffffef5
ffffff15
0000003f
0000003f
0000003f
0000003f
0000003f
0000003f
0000003f
0000003f
0000003f
0000003f
0000003f
0000003f
0000003f
0000003f
000000df
000001c5
000001f9
000001dd
00000413
00000495
000003cd
0000012f
fffffd79
fffffe21
ffffff81
00000007
fffffd6b
fffff96b
fffff7cf
fffffa89
0000012f
00000263
fffffeeb
ffffff71
ffffff33
00000069
000000a1
00000189
00000085
000001cd
0000003f
0000003f
0000003f
0000003f
0000003f
fffffdbb
fffffdd3
ffffff2f
ffffffff
ffffffdf
fffffeb5
fffffeb5
00000311
000002f8
00000016
00000451
00000371
000000d6
000000d6
0000008c
000000dc
00000080
fffffe08
fffffdf4
ffffffe8
ffffffe8
ffffffe8
ffffffe8
ffffffe8
ffffffe8
ffffffe8
ffffffe8
ffffffe8
ffffffe8
ffffffe8
ffffffe8
ffffffe8
ffffffe8
ffffffec
ffffff8e
ffffff68
fffffee6
fffffdf0
ffffff26
000000e6
ffffff68
fffffdd4
fffffc50
fffffddc
fffffe80
fffffe3e
fffffd1c
fffffc70
fffffcf2
000000ce
00000374
00000122
00000128
fffffed6
ffffffe8
ffffffc8
000000b2
ffffff36
000000d2
ffffffe8
ffffffe8
ffffffe8
ffffffe8
ffffffe8
00000032
ffffffe2
0000003e
000002b6
000002ca
000000d6
000000d6
000000be
00000158
0000004d
00000104
00000125
00000051
00000051
000000b1
00000135
000000d7
00000071
000000f1
00000133
00000133
00000133
00000133
00000133
00000133
00000133
00000133
00000133
00000133
00000133
00000133
00000133
00000133
0000011b
00000171
000001c7
000000eb
fffffff7
ffffffd1
fffffdf5
fffffc4f
fffffc9d
fffffebd
000000d3
0000010b
000000e9
000001f3
000002b3
00000203
000000c7
00000205
000000db
000000df
0000011b
0000015d
00000113
000001dd
000000b7
000001bd
00000133
00000133
00000133
00000133
00000133
000000d3
0000004f
000000ad
00000113
00000093
00000051
00000051
0000000d
0000002d
fffffd12
fffffe2b
fffffdf4
fffffee8
fffffee8
fffffee8
00000138
00000146
0000002a
0000001a
00000054
00000054
00000054
00000054
00000054
00000054
00000054
00000054
00000054
00000054
00000054
00000054
00000054
00000054
0000004e
0000002c
00000042
fffffe5a
fffffff6
0000028a
00000356
00000352
00000400
00000284
000000dc
000000d0
00000176
00000152
fffffd60
fffffc9e
fffffd4a
ffffffa2
000001bc
000000b2
ffffffe8
ffffffe0
fffffee6
fffffe46
ffffff68
ffffff7e
00000054
00000054
00000054
00000054
00000054
00000054
fffffe04
fffffdf6
ffffff12
ffffff22
fffffee8
fffffee8
fffffedf
000001a2
00000198
00000245
00000198
0000003a
0000003a
000000fc
00000096
ffffffbc
fffffe26
fffffe74
ffffff56
ffffff56
ffffff56
ffffff56
ffffff56
ffffff56
ffffff56
ffffff56
ffffff56
ffffff56
ffffff56
ffffff56
ffffff56
ffffff56
ffffff1a
fffffdbc
fffffcba
fffffbc0
fffffcfa
fffffee2
fffffea0
fffffcf2
fffffbc0
fffffd8e
ffffff24
ffffff4e
ffffff02
fffffd2a
00000162
000002a2
000001ac
000000d6
00000012
00000006
00000072
00000024
00000094
ffffffda
ffffff9a
ffffff74
ffffff56
ffffff56
ffffff56
ffffff56
ffffff56
fffffe94
fffffefa
ffffffd4
0000016a
0000011c
0000003a
0000003a
0000027e
000000a1
fffffeae
fffffd54
fffffe35
ffffff6e
ffffff6e
ffffff9e
0000011e
00000216
0000037e
000002fc
000001ee
000001ee
000001ee
000001ee
000001ee
000001ee
000001ee
000001ee
000001ee
000001ee
000001ee
000001ee
000001ee
000001ee
000001c8
000000ae
ffffff4a
fffffe24
fffffeb0
00000050
00000278
000004bc
0000053a
0000033c
0000004c
0000002e
0000001e
ffffffc2
fffffe44
fffffe4c
fffffe84
ffffffee
000001c6
0000016a
000000c8
00000012
fffffff6
fffffff0
000000e8
00000092
000001ee
000001ee
000001ee
000001ee
000001ee
000001be
0000003e
ffffff46
fffffdde
fffffe60
ffffff6e
ffffff6e
fffffedb
ffffff51
fffffc45
fffffdb4
000000a3
fffffff9
fffffff9
ffffff45
0000003d
000003ad
00000543
000003c5
0000029d
0000029d
0000029d
0000029d
0000029d
0000029d
0000029d
0000029d
0000029d
0000029d
0000029d
0000029d
0000029d
0000029d
0000026f
000002ed
00000333
000002cd
000001eb
000001d5
000001dd
0000014f
ffffff3b
ffffffc3
ffffffa9
00000115
00000173
000001cd
00000243
000001b7
0000011b
0000029d
0000032b
0000038d
00000445
0000031d
00000459
0000033b
00000327
00000299
0000029d
0000029d
0000029d
0000029d
0000029d
00000351
00000259
fffffee9
fffffd53
fffffed1
fffffff9
fffffff9
ffffff75
0000008c
ffffffe5
00000092
00000037
ffffff47
ffffff47
ffffffcd
00000031
0000006d
ffffffcf
fffffff9
000000a1
000000a1
000000a1
000000a1
000000a1
000000a1
000000a1
000000a1
000000a1
000000a1
000000a1
000000a1
000000a1
000000a1
00000111
0000010b
000000e9
ffffffeb
fffffee5
fffffe63
fffffe6b
ffffff63
000000d5
00000261
000003cf
00000311
0000014f
00000045
00000005
ffffffc7
ffffff53
ffffff1b
0000003f
00000079
0000005f
ffffffe1
00000037
00000061
0000005f
00000071
000000a1
000000a1
000000a1
000000a1
000000a1
0000001b
ffffffb7
ffffff7b
00000019
ffffffef
ffffff47
ffffff47
ffffffbf
ffffffd5
0000033a
000002b0
000001a1
0000009f
0000009f
ffffff47
fffffe6b
fffffe73
fffffe7d
ffffff27
ffffffb3
ffffffb3
ffffffb3
ffffffb3
ffffffb3
ffffffb3
ffffffb3
ffffffb3
ffffffb3
ffffffb3
ffffffb3
ffffffb3
ffffffb3
ffffffb3
ffffffc3
fffffe97
fffffca9
fffffb53
fffff977
fffff8dd
fffffa3b
fffffc45
fffffe09
fffffe87
ffffff0f
fffffe95
fffffcd7
fffffd43
fffffec5
ffffff47
ffffff0b
ffffff29
ffffff4f
ffffff9d
ffffff97
ffffff4f
ffffffc3
ffffffb1
ffffffad
ffffffb1
ffffffb3
ffffffb3
ffffffb3
ffffffb3
ffffffb3
0000010b
000001e7
000001df
000001d5
0000012b
0000009f
0000009f
fffffdae
fffffc5d
00000029
000000a7
ffffffc7
ffffff0d
ffffff0d
ffffff63
ffffffd3
ffffff49
ffffff8b
00000007
ffffffb9
ffffffb9
ffffffb9
ffffffb9
ffffffb9
ffffffb9
ffffffb9
ffffffb9
ffffffb9
ffffffb9
ffffffb9
ffffffb9
ffffffb9
ffffffb9
ffffffc5
ffffff7b
ffffff01
ffffff55
fffffff5
00000083
0000010d
0000005f
0000004f
00000211
000002d5
00000291
000001cb
fffffff9
fffffdfb
fffffe61
00000063
000000d9
ffffffd9
fffffe65
fffffde7
fffffdd1
fffffea9
fffffe3b
ffffff7f
ffffffbb
ffffffb9
ffffffb9
ffffffb9
ffffffb9
ffffffb9
ffffff63
fffffef3
ffffff7d
ffffff3b
fffffebf
ffffff0d
ffffff0d
fffffe6b
ffffff31
ffffff16
ffffff23
fffffece
fffffec3
fffffec3
ffffff5f
ffffff55
ffffff6f
ffffff27
ffffffa5
00000021
00000021
00000021
00000021
00000021
00000021
00000021
00000021
00000021
00000021
00000021
00000021
00000021
00000021
00000067
0000009b
000000bd
000000a1
00000005
ffffff8f
ffffffcd
00000121
000002ed
0000032f
000001cb
000001f5
000001fd
00000267
00000145
00000097
ffffffdd
ffffffdb
00000053
00000055
0000003f
00000003
00000035
00000039
00000039
00000017
00000021
00000021
00000021
00000021
00000021
ffffff85
ffffff8f
ffffff75
ffffffbd
ffffff3f
fffffec3
fffffec3
ffffff63
ffffff1f
fffffefd
00000050
0000001a
ffffff23
ffffff23
fffffe87
fffffec7
ffffff67
ffffff5f
ffffff07
fffffe25
fffffe25
fffffe25
fffffe25
fffffe25
fffffe25
fffffe25
fffffe25
fffffe25
fffffe25
fffffe25
fffffe25
fffffe25
fffffe25
fffffec1
00000005
000001c1
000001a3
ffffff15
fffffc57
fffffb95
fffffc97
fffffeaf
00000191
000002f1
00000357
00000261
0000008f
000000eb
00000071
000000db
fffffe97
fffffd5d
fffffd7f
fffffee1
fffffddf
fffffedd
fffffe97
fffffedf
fffffe83
fffffe25
fffffe25
fffffe25
fffffe25
fffffe25
fffffec1
fffffe81
fffffde1
fffffde9
fffffe41
ffffff23
ffffff23
00000053
00000022
ffffffdd
00000032
ffffff42
ffffff40
ffffff40
0000002a
0000003a
000000d2
0000005a
000000ae
0000014e
0000014e
0000014e
0000014e
0000014e
0000014e
0000014e
0000014e
0000014e
0000014e
0000014e
0000014e
0000014e
0000014e
0000015e
0000015a
0000014a
000000c4
ffffffda
ffffffac
0000001c
00000106
000001fc
000000c8
ffffff78
ffffff5a
00000062
0000021e
0000022a
00000202
000003e4
00000404
00000120
00000120
000000fa
00000236
000001e8
00000288
00000190
000002ca
0000014e
0000014e
0000014e
0000014e
0000014e
00000064
00000054
ffffffbc
00000034
ffffffe0
ffffff40
ffffff40
ffffff09
ffffff43
ffffffb7
ffffff51
ffffff45
ffffffcc
ffffffcc
ffffff60
ffffff5c
ffffffba
000000ea
00000272
0000032e
0000032e
0000032e
0000032e
0000032e
0000032e
0000032e
0000032e
0000032e
0000032e
0000032e
0000032e
0000032e
0000032e
00000308
0000027a
00000138
0000013a
00000136
00000480
0000058a
000004dc
0000021a
000001ba
00000198
000001d0
000000e0
0000013c
000001dc
00000176
0000028e
0000032c
0000040a
00000360
0000029a
0000023e
00000204
00000250
000002bc
00000228
0000032e
0000032e
0000032e
0000032e
0000032e
0000039a
0000039e
00000340
00000210
00000088
ffffffcc
ffffffcc
fffffef1
ffffff60
00000431
0000016a
ffffffe6
ffffffc1
ffffffc1
fffffee7
fffffde7
00000067
0000037d
000002b1
000001b9
000001b9
000001b9
000001b9
000001b9
000001b9
000001b9
000001b9
000001b9
000001b9
000001b9
000001b9
000001b9
000001b9
0000014d
000000bd
00000009
fffffead
fffffae7
fffff917
fffff895
fffffac1
fffffb51
fffffcad
fffffbcf
fffffc1f
ffffff75
00000359
0000078b
00000817
0000084b
000001d5
ffffff03
ffffff95
00000101
0000014d
000001f7
000002e7
00000255
0000026d
000001b9
000001b9
000001b9
000001b9
000001b9
00000293
00000393
00000113
fffffdfd
fffffec9
ffffffc1
ffffffc1
fffffc8a
fffffad7
fffffb65
fffffae8
fffffcfa
fffffef5
fffffef5
fffffd95
fffffea1
000000b5
00000267
000001ed
000001d1
000001d1
000001d1
000001d1
000001d1
000001d1
000001d1
000001d1
000001d1
000001d1
000001d1
000001d1
000001d1
000001d1
00000179
000000b9
00000157
000002cb
00000195
0000007d
0000014d
0000044f
000004f9
00000275
ffffff27
ffffff23
000001bf
0000049b
0000047d
000000b1
fffffdb9
fffffeb5
000001c1
000002c9
000002d7
0000025f
000002a7
00000277
00000241
000001ad
000001d1
000001d1
000001d1
000001d1
000001d1
00000331
00000225
00000011
fffffe5f
fffffed9
fffffef5
fffffef5
fffffbf3
fffffda4
fffffc37
ffffff18
00000060
ffffff14
ffffff14
fffffffe
0000013a
fffffed2
fffffd76
fffffc7c
fffffd92
fffffd92
fffffd92
fffffd92
fffffd92
fffffd92
fffffd92
fffffd92
fffffd92
fffffd92
fffffd92
fffffd92
fffffd92
fffffd92
fffffe6e
ffffff7e
000000ce
ffffff28
000000ce
000003c2
0000045e
000001d4
ffffff0e
fffffd88
fffffd96
fffffce0
fffff89a
fffff698
fffff39a
fffff460
fffff9ba
000000de
000000c0
0000001a
fffffed4
fffffe36
fffffe40
fffffd52
fffffd32
fffffd50
fffffd92
fffffd92
fffffd92
fffffd92
fffffd92
fffffca8
fffffb6c
fffffdd4
ffffff30
0000002a
ffffff14
ffffff14
00000466
00000554
ffffffa5
000002bf
00000241
000000b4
000000b4
00000104
000000ec
00000024
ffffff04
ffffff44
00000024
00000024
00000024
00000024
00000024
00000024
00000024
00000024
00000024
00000024
00000024
00000024
00000024
00000024
00000092
0000012a
00000164
00000064
fffffe38
fffffd0a
fffffcf8
fffffbe6
fffffc88
fffffc6c
fffffe50
00000058
00000072
0000009a
ffffff66
ffffffe6
ffffff88
00000112
00000148
00000224
0000019a
0000018e
0000018a
0000012c
ffffffca
000000ac
00000024
00000024
00000024
00000024
00000024
ffffffd4
ffffffec
000000b4
000001d4
00000194
000000b4
000000b4
00000106
0000021f
0000009e
0000005e
0000003d
0000004c
0000004c
ffffff74
ffffff2c
ffffff0e
fffffe5a
fffffedc
fffffdd8
fffffdd8
fffffdd8
fffffdd8
fffffdd8
fffffdd8
fffffdd8
fffffdd8
fffffdd8
fffffdd8
fffffdd8
fffffdd8
fffffdd8
fffffdd8
fffffde8
fffffef2
00000032
0000014c
0000010c
00000048
00000040
fffffe44
fffffd06
fffffb86
fffffab8
fffffbfe
fffffd98
ffffff2e
ffffffe0
fffffe88
fffffd02
fffffc88
fffffce2
fffffcea
fffffd52
fffffd9e
fffffd14
fffffd68
fffffd68
fffffd84
fffffdd8
fffffdd8
fffffdd8
fffffdd8
fffffdd8
fffffeb0
fffffef8
ffffff16
ffffffca
ffffff48
0000004c
0000004c
0000004a
ffffffbd
00000007
0000001d
00000138
00000109
00000109
00000177
00000115
00000145
000001d7
000001ed
0000020f
0000020f
0000020f
0000020f
0000020f
0000020f
0000020f
0000020f
0000020f
0000020f
0000020f
0000020f
0000020f
0000020f
0000021b
00000235
00000245
00000289
00000259
000002eb
0000031d
00000263
0000002f
fffffe17
fffffee9
00000039
00000161
0000014d
00000171
000000c5
00000137
0000017f
0000022f
000001fb
00000207
00000207
00000229
000001af
0000021f
000001e1
0000020f
0000020f
0000020f
0000020f
0000020f
000001a1
00000203
000001d3
00000141
0000012b
00000109
00000109
000000a8
000000be
fffffdab
fffffebe
ffffff3f
0000005a
0000005a
00000194
00000136
000000ea
000001bc
0000024c
000001c8
000001c8
000001c8
000001c8
000001c8
000001c8
000001c8
000001c8
000001c8
000001c8
000001c8
000001c8
000001c8
000001c8
000001be
00000278
000003f2
0000054c
0000077e
00000780
0000051c
000002dc
ffffff02
fffffe56
fffffeb6
00000072
fffffeec
fffffd66
fffffdee
ffffff02
ffffff0c
00000126
00000390
0000022e
00000218
000000ca
000000ac
ffffffee
00000188
0000004c
000001c8
000001c8
000001c8
000001c8
000001c8
0000008e
000000ec
00000138
00000066
ffffffd6
0000005a
0000005a
000003b6
000003fd
fffffeef
ffffff2e
ffffff39
fffffe07
fffffe07
fffffef7
fffffdd5
fffffd2b
fffffc4b
fffffb23
fffffa85
fffffa85
fffffa85
fffffa85
fffffa85
fffffa85
fffffa85
fffffa85
fffffa85
fffffa85
fffffa85
fffffa85
fffffa85
fffffa85
fffffa73
fffffa8b
fffffaf9
fffffcdb
ffffff7f
0000019d
00000461
0000051b
0000045f
000003d9
00000453
0000031d
0000018b
00000135
00000055
00000027
0000002d
fffffe5b
fffffc61
fffffb7f
fffffaa5
fffffac9
fffffa61
fffffa59
fffffa69
fffffa5d
fffffa85
fffffa85
fffffa85
fffffa85
fffffa85
fffff995
fffffab7
fffffb61
fffffc41
fffffd69
fffffe07
fffffe07
fffffed5
fffffec7
fffffd6a
fffffcf0
fffffd5d
fffffe73
fffffe73
fffffe49
fffffd11
fffffc5f
fffffc19
fffffc1f
fffffc7b
fffffc7b
fffffc7b
fffffc7b
fffffc7b
fffffc7b
fffffc7b
fffffc7b
fffffc7b
fffffc7b
fffffc7b
fffffc7b
fffffc7b
fffffc7b
fffffca9
fffffceb
fffffe09
ffffff27
fffffeeb
ffffffdd
0000006d
00000123
00000031
ffffff71
fffffedf
00000001
000001a7
000000f5
ffffffcb
fffffd95
fffffb93
fffffb0f
fffffb7f
fffffc11
fffffd11
fffffd31
fffffd53
fffffd6b
fffffd0b
fffffd1b
fffffc7b
fffffc7b
fffffc7b
fffffc7b
fffffc7b
fffffca5
fffffddd
fffffe8f
fffffed5
fffffecf
fffffe73
fffffe73
00000023
0000007a
00000746
00000753
000003e6
00000087
00000087
ffffff03
fffffd85
fffffbbb
fffffd55
0000008b
000002c7
000002c7
000002c7
000002c7
000002c7
000002c7
000002c7
000002c7
000002c7
000002c7
000002c7
000002c7
000002c7
000002c7
0000022f
00000121
000000a5
0000000d
000000a3
fffffedf
fffffccf
fffffb97
fffffd17
ffffff05
00000023
00000157
00000249
00000489
00000883
00000a8d
00000a81
0000076f
00000389
00000225
0000019b
00000249
000002a5
00000299
00000271
000003c5
000002c7
000002c7
000002c7
000002c7
000002c7
0000044b
000005c9
00000793
000005f9
000002c3
00000087
00000087
fffffe35
fffffb9b
fffffc05
fffffb56
fffffcd8
ffffffb0
ffffffb0
fffffea6
fffffe88
ffffffc2
00000126
000000fa
00000006
00000006
00000006
00000006
00000006
00000006
00000006
00000006
00000006
00000006
00000006
00000006
00000006
00000006
ffffffec
ffffffe0
000000e4
0000011a
000000bc
00000126
0000034c
0000036a
ffffffea
fffffc18
fffff8c2
fffff870
fffff6f0
fffff776
fffff6f4
fffff64e
fffff748
fffffa24
fffffde4
fffffcec
fffffc9a
fffffbea
fffffcbc
fffffd0a
fffffea8
fffffec0
00000006
00000006
00000006
00000006
00000006
00000110
0000012e
fffffff4
fffffe90
fffffebc
ffffffb0
ffffffb0
000000be
000001e1
fffffff3
00000036
00000061
ffffffdb
ffffffdb
ffffffeb
00000005
0000001d
0000007d
000000d1
000000c5
000000c5
000000c5
000000c5
000000c5
000000c5
000000c5
000000c5
000000c5
000000c5
000000c5
000000c5
000000c5
000000c5
000000b1
000000f1
00000107
000000a7
0000006f
0000005b
0000004f
0000009d
ffffff53
0000007b
00000197
00000285
00000319
000003ad
000003f3
0000038f
00000395
000002d5
000000f1
000000c9
0000009d
0000005d
00000067
000000b5
000000a1
000000b3
000000c5
000000c5
000000c5
000000c5
000000c5
000000b5
0000009b
00000083
00000023
ffffffcf
ffffffdb
ffffffdb
0000002a
00000001
000000a6
00000098
00000043
fffffe45
fffffe45
fffffccb
fffffa65
fffff9c7
fffff9ef
fffff97f
fffff977
fffff977
fffff977
fffff977
fffff977
fffff977
fffff977
fffff977
fffff977
fffff977
fffff977
fffff977
fffff977
fffff977
fffff929
fffff8a7
fffff8cf
fffff93d
fffffb7d
fffffc17
fffffc3d
fffffc21
fffffcd9
000000a3
00000075
ffffffb7
fffffea5
fffffc7d
fffffead
ffffffad
ffffffff
fffffdff
fffffc2f
fffffb81
fffffb71
fffffba1
fffffb7d
fffffb9d
fffffa0b
fffffaa5
fffff977
fffff977
fffff977
fffff977
fffff977
fffffaf1
fffffd57
fffffdf5
fffffdcd
fffffe3d
fffffe45
fffffe45
fffffe93
fffffd7d
000000cb
000000bf
000000dd
00000175
00000175
000002c5
00000513
00000619
00000657
000006e3
00000663
00000663
00000663
00000663
00000663
00000663
00000663
00000663
00000663
00000663
00000663
00000663
00000663
00000663
000006d3
00000767
000007e9
000006ff
0000053f
00000139
fffffe65
fffffe9f
00000253
000004a1
00000383
00000257
0000021f
00000409
00000411
0000038f
00000299
00000309
000004b1
000005f3
000006c7
0000075d
000007a3
00000783
000006bf
00000729
00000663
00000663
00000663
00000663
00000663
00000513
000002c5
000001bf
00000181
000000f5
00000175
00000175
000000ca
000000f3
000003d8
000004e0
00000295
00000049
00000049
000000bf
00000003
fffffd9b
fffffd73
fffffeeb
0000001f
0000001f
0000001f
0000001f
0000001f
0000001f
0000001f
0000001f
0000001f
0000001f
0000001f
0000001f
0000001f
0000001f
00000003
00000093
0000017f
00000123
000000b7
00000091
fffffe13
fffffb61
fffffb75
fffffd77
00000037
00000169
000000bb
0000006f
0000029d
00000439
0000042f
00000215
0000005f
fffffff9
ffffffdb
00000083
0000004b
0000007f
0000002b
000000c3
0000001f
0000001f
0000001f
0000001f
0000001f
ffffffa9
00000065
000002cd
000002f5
0000017d
00000049
00000049
000000ec
00000018
00000056
00000059
ffffffc8
ffffff9a
ffffff9a
000001ca
0000009a
0000004c
00000042
00000000
00000054
00000054
00000054
00000054
00000054
00000054
00000054
00000054
00000054
00000054
00000054
00000054
00000054
00000054
fffffffc
ffffff96
fffffee4
00000040
0000022c
00000342
00000378
00000180
ffffff64
fffffd64
fffffc46
fffffc0c
fffffbf6
fffffab4
fffffd26
ffffffd0
00000168
00000222
0000013c
00000058
0000005c
ffffffe6
ffffffce
ffffffc2
00000056
ffffffe8
00000054
00000054
00000054
00000054
00000054
fffffe24
ffffff54
ffffffa2
ffffffac
ffffffee
ffffff9a
ffffff9a
000000f1
ffffff9e
fffffaec
fffffba3
fffffe80
0000003d
0000003d
0000019d
000002bb
0000028f
000000df
fffffe97
fffffdf3
fffffdf3
fffffdf3
fffffdf3
fffffdf3
fffffdf3
fffffdf3
fffffdf3
fffffdf3
fffffdf3
fffffdf3
fffffdf3
fffffdf3
fffffdf3
fffffe85
ffffff63
00000009
0000006d
0000023b
0000052d
000005e9
000005ff
000005f7
00000597
000003cb
0000030b
0000020d
000000d7
fffffcdb
fffffa23
fffff7ed
fffffc5f
fffffed3
ffffff4d
fffffea1
fffffdc7
fffffcc9
fffffc57
fffffd05
fffffc51
fffffdf3
fffffdf3
fffffdf3
fffffdf3
fffffdf3
fffffc93
fffffb75
fffffba1
fffffd51
ffffff99
0000003d
0000003d
000003c9
000004aa
ffffff67
fffffead
fffffea0
fffffeaa
fffffeaa
ffffff6a
ffffff5e
ffffffa0
ffffffba
ffffff60
fffffef4
fffffef4
fffffef4
fffffef4
fffffef4
fffffef4
fffffef4
fffffef4
fffffef4
fffffef4
fffffef4
fffffef4
fffffef4
fffffef4
fffffece
fffffea8
fffffde0
ffffffa8
00000172
00000346
000003ec
0000076e
0000064a
00000412
0000010a
000001b0
00000268
000001a2
00000122
0000012a
000001c4
ffffff72
fffffe34
fffffe64
fffffec8
fffffe7a
ffffff00
fffffeb4
ffffff52
fffffea6
fffffef4
fffffef4
fffffef4
fffffef4
fffffef4
fffffe34
fffffe40
fffffdfe
fffffde4
fffffe3e
fffffeaa
fffffeaa
fffffed2
fffffebb
fffffe25
fffffe38
ffffff44
fffffe42
fffffe42
fffffef6
fffffecc
fffffe38
fffffdbe
fffffe92
00000020
00000020
00000020
00000020
00000020
00000020
00000020
00000020
00000020
00000020
00000020
00000020
00000020
00000020
0000004a
0000007a
000001a0
0000031e
000003ac
00000386
0000020a
00000284
0000041a
0000049a
00000384
00000114
ffffff1c
fffffc7a
fffffc76
fffffa78
fffffb88
fffffd6e
fffffc82
fffffca2
fffffea8
fffffe68
ffffff18
ffffffc2
ffffffae
0000006a
00000020
00000020
00000020
00000020
00000020
ffffff6c
ffffff96
0000002a
000000a4
ffffffd0
fffffe42
fffffe42
ffffff38
00000002
fffffe40
ffffff18
ffffff2f
ffffff5e
ffffff5e
0000005e
000001a2
00000154
000000a2
000000e0
0000016a
0000016a
0000016a
0000016a
0000016a
0000016a
0000016a
0000016a
0000016a
0000016a
0000016a
0000016a
0000016a
0000016a
0000014e
000000d0
00000052
ffffffb4
00000076
000002b2
00000304
000003e8
0000045e
0000023c
000000bc
000000be
000000a4
00000114
ffffff64
ffffff3a
00000150
00000294
00000232
000001f2
00000138
000001b4
00000128
000000ee
00000156
00000164
0000016a
0000016a
0000016a
0000016a
0000016a
0000006a
ffffff26
ffffff74
00000026
ffffffe8
ffffff5e
ffffff5e
ffffff91
000000c9
00000163
0000002d
ffffff93
0000001b
0000001b
000000d5
00000159
0000010d
000001bb
0000028d
000002b9
000002b9
000002b9
000002b9
000002b9
000002b9
000002b9
000002b9
000002b9
000002b9
000002b9
000002b9
000002b9
000002b9
000002cd
0000031b
00000253
00000139
00000085
0000006d
fffffdfb
fffffcb5
fffffbbf
fffffbdf
fffffd57
fffffcb3
fffffbdf
fffffaf3
fffffb49
fffffd75
fffffed5
ffffffb5
000001bf
00000041
000000c7
000000b7
000000a7
00000103
00000239
0000021f
000002b9
000002b9
000002b9
000002b9
000002b9
000001ff
0000017b
000001c7
00000119
00000047
0000001b
0000001b
0000013a
000000e0
00000467
0000045b
000000f8
00000108
00000108
0000002a
00000036
ffffff92
fffffebc
0000002a
0000003e
0000003e
0000003e
0000003e
0000003e
0000003e
0000003e
0000003e
0000003e
0000003e
0000003e
0000003e
0000003e
0000003e
00000076
000000c8
0000001c
fffffde8
fffffde8
fffffeac
ffffff50
ffffff66
ffffff38
fffffec6
ffffffcc
ffffff06
fffffda8
fffffcdc
fffffda4
ffffffc4
00000268
00000302
00000248
000000e8
0000008c
00000068
00000070
00000022
00000076
00000054
0000003e
0000003e
0000003e
0000003e
0000003e
0000011c
00000110
000001b4
0000028a
0000011c
00000108
00000108
00000148
0000008a
00000271
00000143
ffffff43
ffffff04
ffffff04
fffffef6
fffffefe
ffffff06
ffffff3a
ffffffb6
ffffffbc
ffffffbc
ffffffbc
ffffffbc
ffffffbc
ffffffbc
ffffffbc
ffffffbc
ffffffbc
ffffffbc
ffffffbc
ffffffbc
ffffffbc
ffffffbc
ffffffd0
ffffffe4
ffffffc8
ffffff20
ffffff9c
ffffff8e
ffffff36
00000022
00000192
000001aa
00000150
000001c4
0000032c
0000064a
000007d8
0000091e
00000916
0000064e
00000226
000000ae
00000082
000000c4
000000fe
00000084
000000a8
0000006e
ffffffbc
ffffffbc
ffffffbc
ffffffbc
ffffffbc
ffffffca
ffffffc2
ffffffba
ffffff86
ffffff0a
ffffff04
ffffff04
fffffe98
fffffd35
fffffd34
fffffcfb
fffffe2b
ffffffde
ffffffde
0000001a
ffffffe4
00000182
00000262
00000202
0000013e
0000013e
0000013e
0000013e
0000013e
0000013e
0000013e
0000013e
0000013e
0000013e
0000013e
0000013e
0000013e
0000013e
000000fc
0000008e
00000010
00000114
00000424
000005b8
0000053c
0000030c
fffffed2
fffffb50
fffff9ee
fffffab2
fffffbd2
fffffc40
fffffd32
ffffff42
000000ac
0000017c
00000162
000000c8
00000152
00000142
000000f4
00000128
0000013c
00000128
0000013e
0000013e
0000013e
0000013e
0000013e
00000102
00000138
ffffff9a
fffffeba
ffffff1a
ffffffde
ffffffde
fffffffc
0000008a
0000007c
00000047
0000001b
0000009d
0000009d
fffffff1
ffffff91
ffffff61
ffffff51
ffffff13
fffffea7
fffffea7
fffffea7
fffffea7
fffffea7
fffffea7
fffffea7
fffffea7
fffffea7
fffffea7
fffffea7
fffffea7
fffffea7
fffffea7
fffffe45
fffffdf1
fffffda7
fffffe6d
ffffffd3
00000091
00000121
000000f5
00000181
00000193
0000015d
00000283
00000361
00000407
00000451
00000347
000000c5
ffffff7b
fffffe0d
fffffe79
fffffe89
fffffebd
fffffecf
fffffecf
fffffedf
fffffeeb
fffffea7
fffffea7
fffffea7
fffffea7
fffffea7
ffffff53
ffffffb3
ffffffe3
fffffff3
00000031
0000009d
0000009d
ffffffd2
0000003b
ffffff81
ffffffea
00000093
00000015
00000015
ffffffa9
fffffe8d
fffffe57
fffffdb1
fffffd0d
fffffd2f
fffffd2f
fffffd2f
fffffd2f
fffffd2f
fffffd2f
fffffd2f
fffffd2f
fffffd2f
fffffd2f
fffffd2f
fffffd2f
fffffd2f
fffffd2f
fffffd0f
fffffcd1
fffffcbd
fffffd99
fffffe85
fffffde7
fffffdad
fffffddd
fffffe71
fffffe57
fffffcc5
fffffbdf
fffffa39
fffff863
fffff8bb
fffff87f
fffff987
fffffb6b
fffffcef
fffffd8f
fffffdad
fffffd5b
fffffd55
fffffd73
fffffcf7
fffffd3d
fffffd2f
fffffd2f
fffffd2f
fffffd2f
fffffd2f
fffffd9b
fffffeb7
fffffeed
ffffff93
00000037
00000015
00000015
00000093
00000049
0000016b
000000f9
ffffffbf
ffffff9d
ffffff9d
fffffe85
fffffdeb
fffffe15
fffffe4d
fffffe17
fffffe8d
fffffe8d
fffffe8d
fffffe8d
fffffe8d
fffffe8d
fffffe8d
fffffe8d
fffffe8d
fffffe8d
fffffe8d
fffffe8d
fffffe8d
fffffe8d
fffffe4d
fffffd95
fffffcf1
fffffc77
fffffc4b
fffffcff
ffffff55
00000177
000003b9
00000315
000002d9
000002e5
0000035b
000003ad
00000363
00000271
00000127
00000217
00000117
00000143
00000193
00000165
000000bf
00000021
fffffeb9
ffffff45
fffffe8d
fffffe8d
fffffe8d
fffffe8d
fffffe8d
ffffffa5
0000003f
00000015
ffffffdd
00000013
ffffff9d
ffffff9d
fffffe41
fffffe1b
00000017
0000005f
00000043
ffffffa5
ffffffa5
000000bd
00000091
0000000b
00000039
ffffffe1
ffffff43
ffffff43
ffffff43
ffffff43
ffffff43
ffffff43
ffffff43
ffffff43
ffffff43
ffffff43
ffffff43
ffffff43
ffffff43
ffffff43
ffffff55
fffffef5
fffffe47
fffffd91
fffffe7b
0000013d
00000457
00000541
0000056b
0000054f
00000657
00000535
0000034f
0000007f
fffffecd
ffffffd3
000001ed
000000d7
ffffffc1
ffffff7b
ffffff0f
ffffff41
ffffff9f
ffffff63
ffffff55
fffffef7
ffffff43
ffffff43
ffffff43
ffffff43
ffffff43
fffffe2b
fffffe57
fffffedd
fffffeaf
ffffff07
ffffffa5
ffffffa5
ffffff56
fffffff1
ffffffca
ffffff6f
ffffffb4
ffffff6b
ffffff6b
ffffff19
fffffe35
fffffe79
fffffec7
fffffe3f
fffffea7
fffffea7
fffffea7
fffffea7
fffffea7
fffffea7
fffffea7
fffffea7
fffffea7
fffffea7
fffffea7
fffffea7
fffffea7
fffffea7
fffffe95
fffffe39
fffffddd
fffffef9
ffffff79
00000189
000002bb
000002bb
00000247
00000081
00000015
fffffffb
fffffec1
fffffe0f
fffffdd5
fffffe11
fffffe67
fffffe0f
fffffe9d
fffffe63
fffffeed
fffffeb9
ffffff49
fffffea7
fffffee3
fffffebf
fffffea7
fffffea7
fffffea7
fffffea7
fffffea7
fffffef9
ffffffdd
ffffff99
ffffff4b
ffffffd3
ffffff6b
ffffff6b
ffffff38
fffffecf
00000220
000000e1
ffffffb1
ffffffe3
ffffffe3
00000109
00000155
000000a5
000002d7
00000551
000004d3
000004d3
000004d3
000004d3
000004d3
000004d3
000004d3
000004d3
000004d3
000004d3
000004d3
000004d3
000004d3
000004d3
0000053b
000005fd
000006eb
000006c1
0000041d
ffffff9f
fffffd11
fffffc97
ffffff55
000002bf
000004e1
000004f5
00000433
000005d1
00000803
000007a3
00000701
00000347
0000021d
000002d9
000003a9
000004d3
00000633
00000533
00000629
000005f9
000004d3
000004d3
000004d3
000004d3
000004d3
000003ad
00000361
00000411
000001df
ffffff65
ffffffe3
ffffffe3
ffffff77
fffffe31
000001a1
00000167
00000184
0000013d
0000013d
ffffff9d
ffffffe9
fffffe43
fffffe29
fffffd5f
fffffc6b
fffffc6b
fffffc6b
fffffc6b
fffffc6b
fffffc6b
fffffc6b
fffffc6b
fffffc6b
fffffc6b
fffffc6b
fffffc6b
fffffc6b
fffffc6b
fffffc61
fffffbd1
fffffc19
fffffc2d
fffffc61
fffffbef
fffffccd
fffffe89
fffffef9
ffffff15
ffffff57
ffffff69
ffffffdf
00000059
00000029
fffffff1
ffffff21
fffffcb5
fffffc73
fffffdf9
fffffde7
ffffff63
fffffe9d
fffffeab
fffffd77
fffffdbf
fffffc6b
fffffc6b
fffffc6b
fffffc6b
fffffc6b
fffffe0b
fffffdbf
ffffff65
ffffff7f
00000049
0000013d
0000013d
ffffff6b
0000000a
ffffffb9
ffffff8a
fffffe41
fffffec4
fffffec4
ffffff04
ffffff72
00000012
ffffff06
fffffef8
ffffff2a
ffffff2a
ffffff2a
ffffff2a
ffffff2a
ffffff2a
ffffff2a
ffffff2a
ffffff2a
ffffff2a
ffffff2a
ffffff2a
ffffff2a
ffffff2a
ffffff16
fffffe58
fffffd4c
fffffdb6
ffffff1e
fffffff2
000000b8
ffffff40
fffffe72
000000b8
00000150
000000e8
ffffffa8
00000188
0000021e
000001aa
00000066
00000012
fffffe8c
fffffdc2
fffffca8
fffffc6c
fffffd08
fffffd24
fffffddc
fffffed6
ffffff2a
ffffff2a
ffffff2a
ffffff2a
ffffff2a
fffffeea
fffffe7c
fffffddc
fffffee8
fffffef6
fffffec4
fffffec4
fffffebc
fffffe1e
fffffe47
ffffffd8
ffffffff
ffffff1c
ffffff1c
ffffff86
fffffeca
ffffff18
fffffe3e
fffffcda
fffffbe8
fffffbe8
fffffbe8
fffffbe8
fffffbe8
fffffbe8
fffffbe8
fffffbe8
fffffbe8
fffffbe8
fffffbe8
fffffbe8
fffffbe8
fffffbe8
fffffb9c
fffffbb6
fffffbb4
fffffdbe
ffffff62
0000029a
000003ac
00000392
00000378
0000020c
000002ba
00000278
000000d8
fffffdd6
fffffd5a
fffffcf0
fffffe88
fffffce6
fffffc98
fffffbb8
fffffb2e
fffffb44
fffffb94
fffffb06
fffffbc6
fffffba8
fffffbe8
fffffbe8
fffffbe8
fffffbe8
fffffbe8
fffffb7e
fffffc3a
fffffbec
fffffcc6
fffffe2a
ffffff1c
ffffff1c
ffffff72
00000005
00000420
000002e5
000000e1
ffffffce
ffffffce
ffffff2e
fffffe88
fffffdee
fffffe2e
fffffeac
fffffeb0
fffffeb0
fffffeb0
fffffeb0
fffffeb0
fffffeb0
fffffeb0
fffffeb0
fffffeb0
fffffeb0
fffffeb0
fffffeb0
fffffeb0
fffffeb0
fffffe2e
fffffd9e
fffffd4a
fffffd52
fffffbea
fffffa2a
fffffa84
fffffa9c
fffffcb6
fffffd98
ffffff2c
fffffece
0000005c
000000d6
000002be
00000314
00000274
00000166
0000001c
ffffff90
ffffff0c
ffffff78
ffffff1e
ffffff68
ffffff0a
fffffeee
fffffeb0
fffffeb0
fffffeb0
fffffeb0
fffffeb0
ffffff50
fffffff6
00000090
00000050
ffffffd2
ffffffce
ffffffce
fffffccf
fffffb8f
0000033d
000000d4
ffffffba
ffffffab
ffffffab
000000d7
fffffd63
fffffdad
fffffeeb
ffffff7d
00000095
00000095
00000095
00000095
00000095
00000095
00000095
00000095
00000095
00000095
00000095
00000095
00000095
00000095
00000045
ffffff1f
fffffe43
0000003f
00000111
fffffdc1
fffffd3b
fffffcc5
ffffff1d
0000016d
0000024d
000001ff
0000030b
000003a9
00000521
0000060f
000002bb
0000005f
fffffd55
fffffe5b
ffffffff
000000b1
0000002d
00000155
00000109
00000151
00000095
00000095
00000095
00000095
00000095
ffffff69
000002dd
00000293
00000155
000000c3
ffffffab
ffffffab
fffffea0
fffffac9
fffffe6b
ffffffc8
0000001c
00000107
00000107
000000b7
000000ef
fffffff5
fffffefb
fffffee5
fffffe6b
fffffe6b
fffffe6b
fffffe6b
fffffe6b
fffffe6b
fffffe6b
fffffe6b
fffffe6b
fffffe6b
fffffe6b
fffffe6b
fffffe6b
fffffe6b
fffffe61
fffffdd7
fffffe69
fffffe33
fffffe13
fffffe27
fffffea3
0000001b
fffffee5
00000079
ffffff01
ffffff85
000000a9
0000004f
fffffedf
fffffcc9
fffffd2b
fffffd13
ffffff81
fffffed7
00000001
ffffff3f
fffffebd
fffffd7f
ffffff23
fffffd2d
fffffe6b
fffffe6b
fffffe6b
fffffe6b
fffffe6b
fffffebb
fffffe83
ffffff7d
00000077
0000008d
00000107
00000107
000002dd
000003b5
ffffffca
fffffff1
0000004c
ffffffb9
ffffffb9
fffffeab
fffffdbb
fffffceb
fffffbf7
fffffb81
fffffbb3
fffffbb3
fffffbb3
fffffbb3
fffffbb3
fffffbb3
fffffbb3
fffffbb3
fffffbb3
fffffbb3
fffffbb3
fffffbb3
fffffbb3
fffffbb3
fffffc4b
fffffd83
fffffed9
00000059
000000b5
00000183
000001b5
00000037
fffffe6b
fffffc5d
fffffbfb
fffffca5
fffffedb
ffffffd9
fffffed7
fffffedb
fffffe83
fffffd67
fffffc43
fffffc0d
fffffc03
fffffb8f
fffffb49
fffffb85
fffffb8b
fffffb43
fffffbb3
fffffbb3
fffffbb3
fffffbb3
fffffbb3
fffffcc1
fffffdb1
fffffe81
ffffff75
ffffffeb
ffffffb9
ffffffb9
ffffff93
ffffffb0
0000000a
ffffffd4
ffffffea
ffffff87
ffffff87
ffffff11
fffffe29
fffffe59
fffffef7
ffffff43
ffffff41
ffffff41
ffffff41
ffffff41
ffffff41
ffffff41
ffffff41
ffffff41
ffffff41
ffffff41
ffffff41
ffffff41
ffffff41
ffffff41
ffffff49
ffffff19
ffffff53
fffffee3
fffffdd9
fffffcfb
fffffd77
fffffeff
fffffe91
fffffe6f
fffffded
fffffc55
fffff9bf
fffff9d9
fffff9a1
fffffaf3
fffffde9
ffffff3f
000000d3
ffffff5f
fffffe85
fffffe0f
fffffea1
fffffe79
ffffff1d
fffffedb
ffffff41
ffffff41
ffffff41
ffffff41
ffffff41
ffffffb7
0000009f
0000006f
ffffffd1
ffffff85
ffffff87
ffffff87
0000001f
ffffff93
fffffeb1
fffffe59
ffffff81
ffffff87
ffffff87
ffffff21
0000002f
000001cd
00000139
ffffffd5
fffffeff
fffffeff
fffffeff
fffffeff
fffffeff
fffffeff
fffffeff
fffffeff
fffffeff
fffffeff
fffffeff
fffffeff
fffffeff
fffffeff
fffffe83
fffffd0b
fffffb99
fffffa31
fffffa17
fffffb8d
fffffc7b
fffffe75
fffffe91
ffffffeb
00000103
ffffff6f
fffffea7
fffffd8b
fffffcb5
fffffac5
fffffb31
ffffffaf
000001ed
00000065
fffffe8b
fffffd91
fffffd09
fffffc97
fffffd23
fffffdd5
fffffeff
fffffeff
fffffeff
fffffeff
fffffeff
ffffff65
fffffe57
fffffcb9
fffffd4d
fffffeb1
ffffff87
ffffff87
fffffe0e
ffffff67
ffffff0e
fffffd46
ffffff05
ffffffdf
ffffffdf
ffffff33
ffffff4b
ffffffa7
000001bb
0000016d
00000123
00000123
00000123
00000123
00000123
00000123
00000123
00000123
00000123
00000123
00000123
00000123
00000123
00000123
00000117
00000179
00000165
0000024f
000001eb
00000111
ffffffd7
00000109
00000263
0000025d
ffffffb1
fffffeeb
000000b9
000001f3
000000c1
ffffffbd
ffffff83
0000007b
00000001
ffffffd5
000000b9
00000089
00000089
000000ed
0000018d
00000111
00000123
00000123
00000123
00000123
00000123
000001cf
000001b7
0000015b
ffffff47
ffffff95
ffffffdf
ffffffdf
fffffe9c
fffffe64
fffffc25
fffffd13
fffffe84
ffffffcb
ffffffcb
ffffffcb
ffffffcb
ffffffcb
ffffffcb
ffffffcb
ffffffcb
ffffffcb
ffffffcb
ffffffcb
ffffffcb
ffffffcb
ffffffcb
ffffffcb
ffffffcb
ffffffcb
ffffffcb
ffffffcb
ffffffcb
ffffffcb
ffffffcb
ffffffcb
ffffffcb
ffffffcb
ffffffcb
ffffffcb
ffffffcb
ffffffcb
00000087
00000165
00000317
00000533
00000601
0000067d
000003a9
00000217
0000018d
00000213
00000169
000001a7
000001f3
000001af
00000183
ffffff33
fffffdef
fffffdb9
ffffffdf
ffffff8b
00000173
00000393
000002a3
fffffe47
fffffb6f
fffffc1d
fffffd6f
ffffff47
ffffffcb
ffffffcb
000003a3
0000045c
fffffa18
fffffbb9
fffffe22
ffffff8e
ffffff8e
ffffff8e
ffffff8e
ffffff8e
ffffff8e
ffffff8e
ffffff8e
ffffff8e
ffffff8e
ffffff8e
ffffff8e
ffffff8e
ffffff8e
ffffff8e
ffffff8e
ffffff8e
ffffff8e
ffffff8e
ffffff8e
ffffff8e
ffffff8e
ffffff8e
ffffff8e
ffffff8e
ffffff8e
ffffff8e
ffffff8e
ffffff8e
ffffff68
fffffff4
000001c6
000001cc
00000234
00000290
00000128
00000006
fffffcfa
fffffbd4
fffffe44
ffffff1e
fffffb66
fffffb42
fffffc0a
fffffc2c
fffffdfc
ffffff8c
00000092
ffffff9c
ffffff74
00000176
000005f2
000002de
fffffbd6
fffffb4e
fffffe9c
ffffff9e
ffffff8e
ffffff8e
ffffffbf
0000032d
000000d6
00000041
0000004f
000001e3
000001e3
000001e3
000001e3
000001e3
000001e3
000001e3
000001e3
000001e3
000001e3
000001e3
000001e3
000001e3
000001e3
000001e3
000001e3
000001e3
000001e3
000001e3
000001e3
000001e3
000001e3
000001e3
000001e3
000001e3
000001e3
000001e3
000001e3
000001e3
00000267
00000311
00000259
000000b7
000000f7
00000205
00000305
000002d9
00000261
0000045b
000004bf
0000044b
000002f3
000005d7
000005dd
0000033f
fffffdd7
fffffcb9
fffffea3
00000065
ffffffbf
fffffe63
0000019f
00000713
000008c3
0000072f
000004b1
000001c3
000001e3
000001e3
fffffe84
0000001a
fffffd61
fffffd87
fffffeaa
00000067
00000067
00000067
00000067
00000067
00000067
00000067
00000067
00000067
00000067
00000067
00000067
00000067
00000067
00000067
00000067
00000067
00000067
00000067
00000067
00000067
00000067
00000067
00000067
00000067
00000067
00000067
00000067
00000067
000000dd
00000157
00000167
000000dd
fffffeeb
ffffffc5
ffffffbf
ffffff93
ffffff33
ffffff79
ffffff55
ffffff47
ffffff01
ffffff3d
0000010d
000000cf
fffffed1
fffffdd9
fffffdbb
fffffe67
ffffff69
ffffff91
ffffff9f
00000099
000001a9
00000129
00000075
00000049
00000067
00000067
000002b0
000002df
fffffda7
fffffd63
ffffff79
000000b8
000000b8
000000b8
000000b8
000000b8
000000b8
000000b8
000000b8
000000b8
000000b8
000000b8
000000b8
000000b8
000000b8
000000b8
000000b8
000000b8
000000b8
000000b8
000000b8
000000b8
000000b8
000000b8
000000b8
000000b8
000000b8
000000b8
000000b8
000000b8
000000e4
00000180
000001f6
000001d2
ffffffdc
00000056
000000e2
ffffff52
fffffeb4
fffffeb2
ffffffa6
fffffeae
ffffff9e
ffffff7e
00000166
000000c2
fffffece
fffffee4
fffffebc
ffffff84
00000118
00000202
0000024a
00000210
0000019e
000000de
00000042
000000da
000000b8
000000b8
00000210
0000023b
fffffe84
ffffff4a
fffffed3
0000011b
0000011b
0000011b
0000011b
0000011b
0000011b
0000011b
0000011b
0000011b
0000011b
0000011b
0000011b
0000011b
0000011b
0000011b
0000011b
0000011b
0000011b
0000011b
0000011b
0000011b
0000011b
0000011b
0000011b
0000011b
0000011b
0000011b
0000011b
0000011b
00000095
00000099
0000005d
000001f9
00000307
000002f5
00000327
0000028f
00000139
ffffff33
ffffff97
0000002d
ffffff75
fffffe23
fffffec7
00000025
0000020d
000001e5
00000191
0000016f
00000153
0000025b
00000323
00000229
0000017b
ffffffbb
ffffff9b
00000005
0000011b
0000011b
00000178
000001cb
fffff8e2
fffff7b3
fffffc65
0000000c
0000000c
0000000c
0000000c
0000000c
0000000c
0000000c
0000000c
0000000c
0000000c
0000000c
0000000c
0000000c
0000000c
0000000c
0000000c
0000000c
0000000c
0000000c
0000000c
0000000c
0000000c
0000000c
0000000c
0000000c
0000000c
0000000c
0000000c
0000000c
ffffff8e
00000020
00000120
00000256
0000039e
000003b2
000001f8
000001ce
ffffff92
fffffe70
fffffdd0
fffffe20
ffffff1c
ffffff6c
fffffdc0
fffffe36
fffffd16
fffffe5e
000000e4
00000058
ffffffbe
000001a6
0000041c
000004e8
00000128
fffffbba
fffff9d0
fffffdce
0000000c
0000000c
00000363
0000062d
000000a8
000000b8
000000ce
00000028
00000028
00000028
00000028
00000028
00000028
00000028
00000028
00000028
00000028
00000028
00000028
00000028
00000028
00000028
00000028
00000028
00000028
00000028
00000028
00000028
00000028
00000028
00000028
00000028
00000028
00000028
00000028
00000028
ffffffe8
ffffffae
ffffffea
fffffed2
fffffd2a
fffffb28
fffff90e
fffff766
fffff5f6
fffff794
fffff940
fffffb7a
fffffcc2
fffffdf4
ffffff40
00000056
0000001e
00000024
000000d6
000000d0
0000009a
0000011a
0000012a
ffffff80
fffffeb8
00000026
00000190
000000bc
00000028
00000028
00000077
00000014
fffffc0c
fffffc48
fffffd55
fffffe2c
fffffe2c
fffffe2c
fffffe2c
fffffe2c
fffffe2c
fffffe2c
fffffe2c
fffffe2c
fffffe2c
fffffe2c
fffffe2c
fffffe2c
fffffe2c
fffffe2c
fffffe2c
fffffe2c
fffffe2c
fffffe2c
fffffe2c
fffffe2c
fffffe2c
fffffe2c
fffffe2c
fffffe2c
fffffe2c
fffffe2c
fffffe2c
fffffe2c
fffffed8
ffffff2e
00000054
00000216
000003f6
0000049c
00000344
00000398
0000041c
00000330
000000ba
00000044
00000428
000001b4
fffffeac
ffffff0a
ffffff72
fffffe1c
fffffdf6
fffffdbc
ffffff3e
000002c0
00000160
fffffc00
fffffc4e
fffffe98
ffffff58
ffffff08
fffffe2c
fffffe2c
000004d2
00000460
000000e2
ffffff90
fffffff2
ffffffa9
ffffffa9
ffffffa9
ffffffa9
ffffffa9
ffffffa9
ffffffa9
ffffffa9
ffffffa9
ffffffa9
ffffffa9
ffffffa9
ffffffa9
ffffffa9
ffffffa9
ffffffa9
ffffffa9
ffffffa9
ffffffa9
ffffffa9
ffffffa9
ffffffa9
ffffffa9
ffffffa9
ffffffa9
ffffffa9
ffffffa9
ffffffa9
ffffffa9
ffffff71
ffffff2f
ffffff0f
fffffe9b
fffffe03
fffffdd5
0000004b
0000008f
ffffff05
ffffff53
000000e7
00000055
fffffdeb
ffffff03
000000e9
00000085
fffffed5
fffffea1
ffffff6b
ffffffdd
ffffff0d
fffffd53
fffffef9
000002b9
0000021f
ffffffa3
fffffe5f
fffffeed
ffffffa9
ffffffa9
fffffd49
fffffce9
0000045c
00000474
000001de
fffffff4
fffffff4
fffffff4
fffffff4
fffffff4
fffffff4
fffffff4
fffffff4
fffffff4
fffffff4
fffffff4
fffffff4
fffffff4
fffffff4
fffffff4
fffffff4
fffffff4
fffffff4
fffffff4
fffffff4
fffffff4
fffffff4
fffffff4
fffffff4
fffffff4
fffffff4
fffffff4
fffffff4
fffffff4
ffffffa8
ffffffb0
fffffeb4
fffffe5e
fffffe4a
fffffda2
fffffe42
fffffde4
ffffffc8
ffffff66
0000007a
000000f6
00000016
000002a4
00000430
0000056e
000005a4
000003fa
000001ae
000000e0
ffffff48
fffffd44
fffffc06
fffffdb6
00000028
0000066e
000005ee
00000198
fffffff4
fffffff4
fffffe6b
fffffd4a
fffffe35
fffffea0
ffffff2b
fffffff4
fffffff4
fffffff4
fffffff4
fffffff4
fffffff4
fffffff4
fffffff4
fffffff4
fffffff4
fffffff4
fffffff4
fffffff4
fffffff4
fffffff4
fffffff4
fffffff4
fffffff4
fffffff4
fffffff4
fffffff4
fffffff4
fffffff4
fffffff4
fffffff4
fffffff4
fffffff4
fffffff4
fffffff4
ffffffe2
00000006
000000a0
fffffe9e
00000154
00000350
000004c8
0000046c
000002c4
0000018a
000000dc
00000096
ffffff16
fffffef6
ffffff60
fffffe4c
fffffe0a
fffffec0
ffffff4e
ffffffc0
ffffff1c
00000160
000004c8
0000043c
fffffe5a
fffffbfc
fffffd3c
ffffff1c
fffffff4
fffffff4
ffffff46
00000137
00000279
000001f4
000000dc
ffffffe6
ffffffe6
ffffffe6
ffffffe6
ffffffe6
ffffffe6
ffffffe6
ffffffe6
ffffffe6
ffffffe6
ffffffe6
ffffffe6
ffffffe6
ffffffe6
ffffffe6
ffffffe6
ffffffe6
ffffffe6
ffffffe6
ffffffe6
ffffffe6
ffffffe6
ffffffe6
ffffffe6
ffffffe6
ffffffe6
ffffffe6
ffffffe6
ffffffe6
fffffffc
00000002
00000016
ffffff0a
ffffff42
00000008
000000f2
00000150
ffffffa6
ffffff3a
000000a8
00000208
0000001e
00000142
00000218
000001ba
0000035e
000003c2
0000011c
0000002c
fffffec8
ffffff5a
00000190
0000024a
ffffff5e
ffffff10
00000068
00000092
ffffffe6
ffffffe6
fffffbc5
fffffbf5
fffffbfd
fffffb25
fffffdca
0000008b
0000008b
0000008b
0000008b
0000008b
0000008b
0000008b
0000008b
0000008b
0000008b
0000008b
0000008b
0000008b
0000008b
0000008b
0000008b
0000008b
0000008b
0000008b
0000008b
0000008b
0000008b
0000008b
0000008b
0000008b
0000008b
0000008b
0000008b
0000008b
00000005
fffffff1
000000e7
000000bd
0000023d
00000305
000002cd
0000015b
fffffe95
ffffffd7
0000013b
00000107
ffffff23
000000e1
00000271
00000371
000000cd
ffffff2f
00000159
00000069
0000006b
00000311
0000046f
00000239
ffffff39
fffffb95
fffffb9f
ffffff21
0000008b
0000008b
ffffffe9
0000032d
00000101
fffffd86
fffffd82
ffffffc1
ffffffc1
ffffffc1
ffffffc1
ffffffc1
ffffffc1
ffffffc1
ffffffc1
ffffffc1
ffffffc1
ffffffc1
ffffffc1
ffffffc1
ffffffc1
ffffffc1
ffffffc1
ffffffc1
ffffffc1
ffffffc1
ffffffc1
ffffffc1
ffffffc1
ffffffc1
ffffffc1
ffffffc1
ffffffc1
ffffffc1
ffffffc1
ffffffc1
ffffffbd
000000ef
0000013f
0000005d
0000013f
000001c7
000002eb
00000251
00000111
000000d1
000001e3
000000b3
fffffe4b
ffffff37
000002bd
0000045b
0000025d
ffffffed
ffffff47
ffffff3f
ffffff4b
fffffeef
fffffc4f
fffffc8d
000000e7
00000179
00000043
ffffff23
ffffffc1
ffffffc1
00000039
fffffeaf
00000655
00000538
00000167
000000f1
000000f1
000000f1
000000f1
000000f1
000000f1
000000f1
000000f1
000000f1
000000f1
000000f1
000000f1
000000f1
000000f1
000000f1
000000f1
000000f1
000000f1
000000f1
000000f1
000000f1
000000f1
000000f1
000000f1
000000f1
000000f1
000000f1
000000f1
000000f1
000000f7
000000ff
000000fb
00000007
fffffce9
fffffaf7
fffffaaf
fffffe1d
fffffeb1
000000bf
0000034f
000004ef
00000485
000004ad
0000047d
00000523
00000485
00000215
000000a5
00000161
0000006f
fffffc6d
fffffb9f
ffffff73
00000527
000006eb
00000333
ffffffdb
000000f1
000000f1
fffffdaa
fffffbcc
00000015
ffffff6e
00000039
ffffff60
ffffff60
ffffff60
ffffff60
ffffff60
ffffff60
ffffff60
ffffff60
ffffff60
ffffff60
ffffff60
ffffff60
ffffff60
ffffff60
ffffff60
ffffff60
ffffff60
ffffff60
ffffff60
ffffff60
ffffff60
ffffff60
ffffff60
ffffff60
ffffff60
ffffff60
ffffff60
ffffff60
ffffff60
fffffef2
fffffed4
fffffeba
fffffe70
fffffeba
00000026
00000150
00000018
fffffe70
fffffdf6
fffffeb0
fffffea2
fffffd90
fffffec4
00000038
ffffffe6
fffffe58
fffffe7e
ffffff3a
ffffff38
ffffff0e
fffffe58
fffffef6
00000284
0000023e
ffffff8e
fffffe92
ffffff54
ffffff60
ffffff60
fffffc6f
fffffc70
0000014b
0000029c
000002c7
00000261
00000261
00000261
00000261
00000261
00000261
00000261
00000261
00000261
00000261
00000261
00000261
00000261
00000261
00000261
00000261
00000261
00000261
00000261
00000261
00000261
00000261
00000261
00000261
00000261
00000261
00000261
00000261
00000261
000002c5
00000307
00000253
000002a3
0000033f
00000311
0000031d
00000125
ffffffd3
fffffee1
ffffffc3
ffffff5b
fffffec1
00000143
0000027f
00000287
00000269
00000265
00000299
00000249
00000239
00000205
00000151
000001dd
00000273
000002eb
000002d9
0000024d
00000261
00000261
00000234
00000257
000000e9
00000048
000000ad
0000014d
0000014d
0000014d
0000014d
0000014d
0000014d
0000014d
0000014d
0000014d
0000014d
0000014d
0000014d
0000014d
0000014d
0000014d
0000014d
0000014d
0000014d
0000014d
0000014d
0000014d
0000014d
0000014d
0000014d
0000014d
0000014d
0000014d
0000014d
0000014d
0000003f
00000005
ffffff61
fffffe8d
fffffe41
ffffff49
00000099
fffffff1
fffffe3d
ffffff01
ffffffa7
fffffea7
fffffd39
fffffc91
fffffcc9
fffffceb
fffffd8f
ffffff53
0000018f
000001a7
0000012b
0000017f
0000020b
00000295
000000f7
fffffe29
fffffdb5
00000037
0000014d
0000014d
0000007a
000000a3
fffffd10
fffffdd0
fffffea5
ffffff11
ffffff11
ffffff11
ffffff11
ffffff11
ffffff11
ffffff11
ffffff11
ffffff11
ffffff11
ffffff11
ffffff11
ffffff11
ffffff11
ffffff11
ffffff11
ffffff11
ffffff11
ffffff11
ffffff11
ffffff11
ffffff11
ffffff11
ffffff11
ffffff11
ffffff11
ffffff11
ffffff11
ffffff11
fffffe99
fffffe93
fffffe63
fffffe45
ffffffff
00000215
0000024f
0000035b
000003f5
00000405
000002f7
000001e5
00000107
00000029
ffffffa5
ffffff97
ffffff8f
ffffffdb
ffffff89
ffffff2d
ffffffb3
00000183
000001fb
ffffff3d
fffffdad
fffffdcf
fffffe89
ffffff1b
ffffff11
ffffff11
00000161
0000029d
fffffbf4
fffffc72
fffffe58
ffffff58
ffffff58
ffffff58
ffffff58
ffffff58
ffffff58
ffffff58
ffffff58
ffffff58
ffffff58
ffffff58
ffffff58
ffffff58
ffffff58
ffffff58
ffffff58
ffffff58
ffffff58
ffffff58
ffffff58
ffffff58
ffffff58
ffffff58
ffffff58
ffffff58
ffffff58
ffffff58
ffffff58
ffffff58
ffffffbc
ffffffb8
000000ac
000002d4
00000264
ffffff58
fffffd16
fffffb0c
fffff99e
fffff87c
fffff794
fffff6c2
fffff968
fffffa0c
fffffb08
fffffb08
fffff9ca
fffffae4
fffffc3e
fffffe4e
00000002
fffffec2
fffffc96
fffffbe2
00000044
000000ea
fffffe96
fffffde0
ffffff58
ffffff58
000004b5
000003f0
ffffffe9
fffffff4
00000086
00000068
00000068
00000068
00000068
00000068
00000068
00000068
00000068
00000068
00000068
00000068
00000068
00000068
00000068
00000068
00000068
00000068
00000068
00000068
00000068
00000068
00000068
00000068
00000068
00000068
00000068
00000068
00000068
00000068
000000ba
000000dc
00000102
00000122
0000012a
0000019c
0000008e
ffffff74
0000002a
ffffff86
fffffeb2
ffffffdc
00000110
ffffff94
00000004
000000bc
000001be
0000019a
00000166
000000a6
ffffffce
000000f6
0000002e
fffffdde
fffffe54
00000142
00000244
000000da
00000068
00000068
0000032b
000002a8
ffffff76
ffffff82
fffffe33
fffffe08
fffffe08
fffffe08
fffffe08
fffffe08
fffffe08
fffffe08
fffffe08
fffffe08
fffffe08
fffffe08
fffffe08
fffffe08
fffffe08
fffffe08
fffffe08
fffffe08
fffffe08
fffffe08
fffffe08
fffffe08
fffffe08
fffffe08
fffffe08
fffffe08
fffffe08
fffffe08
fffffe08
fffffe08
fffffdde
fffffde2
fffffeba
fffffe4e
fffffd9c
fffffca8
fffffb6a
fffffb5c
fffffbd6
fffffb84
fffffbd8
fffffd4e
fffffd92
fffffc38
fffffba6
fffffd1e
fffffe0c
fffffe5c
fffffe58
fffffe4e
fffffebc
fffffed0
ffffff2a
fffffe58
fffffdbc
fffffe12
fffffe7c
fffffe10
fffffe08
fffffe08
fffffe89
fffffe74
00000282
000002d6
000001c6
0000010a
0000010a
0000010a
0000010a
0000010a
0000010a
0000010a
0000010a
0000010a
0000010a
0000010a
0000010a
0000010a
0000010a
0000010a
0000010a
0000010a
0000010a
0000010a
0000010a
0000010a
0000010a
0000010a
0000010a
0000010a
0000010a
0000010a
0000010a
0000010a
00000138
000000fa
00000032
000000d6
0000016e
000000be
00000032
fffffeda
ffffff36
ffffff24
fffffe58
fffffdec
ffffff82
000000f2
000001c8
000001ac
00000236
000000ea
00000120
000001b6
000000d8
fffffea0
fffffb8c
fffffdb2
000002bc
0000058a
000003aa
00000120
0000010a
0000010a
000001d1
0000016d
fffffbd3
fffffbc5
fffffd80
00000059
00000059
00000059
00000059
00000059
00000059
00000059
00000059
00000059
00000059
00000059
00000059
00000059
00000059
00000059
00000059
00000059
00000059
00000059
00000059
00000059
00000059
00000059
00000059
00000059
00000059
00000059
00000059
00000059
ffffff65
ffffffd9
00000115
0000019d
00000371
00000245
0000020d
0000013d
ffffff25
00000023
00000061
0000005f
fffffff7
0000006b
fffffe89
fffffffd
ffffff8f
ffffff41
000000f9
00000073
000000ff
00000521
000004b3
000000dd
fffffe51
fffffbd1
fffffb5f
fffffeb5
00000059
00000059
0000032d
00000527
00000200
00000209
00000121
00000038
00000038
00000038
00000038
00000038
00000038
00000038
00000038
00000038
00000038
00000038
00000038
00000038
00000038
00000038
00000038
00000038
00000038
00000038
00000038
00000038
00000038
00000038
00000038
00000038
00000038
00000038
00000038
00000038
ffffffca
ffffffa8
fffffeee
fffffec4
fffffe84
ffffff94
ffffffdc
00000036
ffffffde
ffffff68
0000000e
00000020
00000000
ffffff70
ffffff76
ffffff9e
00000120
00000208
00000152
0000015e
000001fa
000002d6
00000286
0000012c
ffffffea
fffffed8
fffffeec
ffffff92
00000038
00000038
00000006
00000012
000003a8
000002a2
00000144
ffffffb4
ffffffb4
ffffffb4
ffffffb4
ffffffb4
ffffffb4
ffffffb4
ffffffb4
ffffffb4
ffffffb4
ffffffb4
ffffffb4
ffffffb4
ffffffb4
ffffffb4
ffffffb4
ffffffb4
ffffffb4
ffffffb4
ffffffb4
ffffffb4
ffffffb4
ffffffb4
ffffffb4
ffffffb4
ffffffb4
ffffffb4
ffffffb4
ffffffb4
fffffffc
ffffffd2
fffffff0
0000002a
ffffffb0
fffffd48
fffffbca
fffffd26
fffffe92
fffffe40
fffffe00
fffffe92
000000aa
0000005c
ffffff6c
ffffffe2
00000072
ffffffd2
ffffff1a
ffffff86
fffffee4
fffffc62
fffff9e8
fffffd4a
000001f2
000003dc
000001f6
fffffff2
ffffffb4
ffffffb4
ffffff91
fffffd2d
fffffbe0
fffffcdd
fffffd6b
ffffff13
ffffff13
ffffff13
ffffff13
ffffff13
ffffff13
ffffff13
ffffff13
ffffff13
ffffff13
ffffff13
ffffff13
ffffff13
ffffff13
ffffff13
ffffff13
ffffff13
ffffff13
ffffff13
ffffff13
ffffff13
ffffff13
ffffff13
ffffff13
ffffff13
ffffff13
ffffff13
ffffff13
ffffff13
ffffff49
ffffff87
00000043
00000083
000000bd
000001b3
000001ed
000001eb
00000109
0000003f
ffffff1b
fffffe0b
fffffe53
fffffddf
fffffb69
fffff993
fffff9c7
fffffc3f
fffffd5b
fffffde1
fffffe63
ffffff45
000002e3
0000030d
fffffead
fffffa8b
fffffb21
fffffd4d
ffffff13
ffffff13
ffffff54
000002c1
ffffff59
ffffffd8
ffffff9f
ffffff4e
ffffff4e
ffffff4e
ffffff4e
ffffff4e
ffffff4e
ffffff4e
ffffff4e
ffffff4e
ffffff4e
ffffff4e
ffffff4e
ffffff4e
ffffff4e
ffffff4e
ffffff4e
ffffff4e
ffffff4e
ffffff4e
ffffff4e
ffffff4e
ffffff4e
ffffff4e
ffffff4e
ffffff4e
ffffff4e
ffffff4e
ffffff4e
ffffff4e
ffffffe8
ffffffb4
fffffed2
ffffffbc
0000003a
0000019c
000002c4
00000586
000007dc
00000612
000004fc
000005b6
000004de
0000033c
00000052
ffffff10
fffffeec
fffffeec
fffffe68
fffffefa
ffffff80
ffffff80
00000040
0000016e
0000009a
000000be
0000007e
00000014
ffffff4e
ffffff4e
0000007f
00000032
fffffcdf
fffffda5
00000024
00000060
00000060
00000060
00000060
00000060
00000060
00000060
00000060
00000060
00000060
00000060
00000060
00000060
00000060
00000060
00000060
00000060
00000060
00000060
00000060
00000060
00000060
00000060
00000060
00000060
00000060
00000060
00000060
00000060
000000d0
000000ec
0000021e
0000022e
00000108
00000004
00000068
000000ea
0000005c
fffffefc
fffffece
ffffff4a
ffffffe4
ffffffc8
00000160
00000142
ffffffca
ffffff6c
ffffff24
ffffff3c
fffffec4
fffffe78
ffffff80
00000216
00000356
000000f8
ffffffe6
0000004c
00000060
00000060
0000023b
0000026a
00000076
0000005c
ffffff92
ffffffe0
ffffffe0
ffffffe0
ffffffe0
ffffffe0
ffffffe0
ffffffe0
ffffffe0
ffffffe0
ffffffe0
ffffffe0
ffffffe0
ffffffe0
ffffffe0
ffffffe0
ffffffe0
ffffffe0
ffffffe0
ffffffe0
ffffffe0
ffffffe0
ffffffe0
ffffffe0
ffffffe0
ffffffe0
ffffffe0
ffffffe0
ffffffe0
ffffffe0
ffffff9e
ffffff72
ffffffa0
fffffee6
00000022
00000104
000002dc
000004c4
00000664
0000076c
00000746
0000058a
0000047c
000002b6
000001d8
0000006e
00000078
ffffff62
ffffff4a
ffffff30
ffffff1a
000000b4
00000318
00000484
000005fa
00000636
00000436
000000ac
ffffffe0
ffffffe0
ffffff5c
ffffff85
ffffffa4
fffffff4
fffffffc
ffffff75
ffffff75
ffffff75
ffffff75
ffffff75
ffffff75
ffffff75
ffffff75
ffffff75
ffffff75
ffffff75
ffffff75
ffffff75
ffffff75
ffffff75
ffffff75
ffffff75
ffffff75
ffffff75
ffffff75
ffffff75
ffffff75
ffffff75
ffffff75
ffffff75
ffffff75
ffffff75
ffffff75
ffffff75
ffffff83
ffffff9d
ffffffbf
00000003
00000051
00000155
0000011d
00000153
00000111
fffffe87
fffffdb7
fffffdb5
fffffe2f
fffffc99
fffffdb3
fffffe71
fffffebb
ffffffdb
ffffff21
ffffff6b
fffffdbd
fffffd6f
fffffed3
000000a9
fffffc85
fffffb53
fffffd1b
ffffff1d
ffffff75
ffffff75
fffffe87
ffffff58
fffffe18
fffffe5d
fffffe6c
ffffff47
ffffff47
ffffff47
ffffff47
ffffff47
ffffff47
ffffff47
ffffff47
ffffff47
ffffff47
ffffff47
ffffff47
ffffff47
ffffff47
ffffff47
ffffff47
ffffff47
ffffff47
ffffff47
ffffff47
ffffff47
ffffff47
ffffff47
ffffff47
ffffff47
ffffff47
ffffff47
ffffff47
ffffff47
ffffff6f
ffffffb1
00000087
00000005
00000045
00000149
000002b1
000002d7
0000045d
000006a3
00000589
00000311
0000022d
00000129
fffffe41
fffffce5
fffffda9
fffffe4b
ffffff99
fffffef9
fffffda1
fffffd7f
fffffdab
fffffe51
fffffe89
ffffffbd
0000002f
ffffff45
ffffff47
ffffff47
0000008f
000001cd
ffffff1f
fffffeee
fffffed0
ffffff6a
ffffff6a
ffffff6a
ffffff6a
ffffff6a
ffffff6a
ffffff6a
ffffff6a
ffffff6a
ffffff6a
ffffff6a
ffffff6a
ffffff6a
ffffff6a
ffffff6a
ffffff6a
ffffff6a
ffffff6a
ffffff6a
ffffff6a
ffffff6a
ffffff6a
ffffff6a
ffffff6a
ffffff6a
ffffff6a
ffffff6a
ffffff6a
ffffff6a
ffffff36
fffffee2
ffffff0e
ffffff5a
ffffff18
fffffde6
fffffc08
fffff9c6
fffff872
fffff700
fffff740
fffff738
fffff95c
fffffb58
fffffb20
fffffc22
fffffd84
fffffe2c
ffffff78
ffffffe0
ffffff5c
00000186
000001cc
0000014e
0000011a
fffffe06
fffffcd6
fffffe3e
ffffff6a
ffffff6a
ffffff60
ffffffe5
00000051
0000021a
ffffffbe
fffffe8c
fffffe8c
fffffe8c
fffffe8c
fffffe8c
fffffe8c
fffffe8c
fffffe8c
fffffe8c
fffffe8c
fffffe8c
fffffe8c
fffffe8c
fffffe8c
fffffe8c
fffffe8c
fffffe8c
fffffe8c
fffffe8c
fffffe8c
fffffe8c
fffffe8c
fffffe8c
fffffe8c
fffffe8c
fffffe8c
fffffe8c
fffffe8c
fffffe8c
fffffecc
ffffff00
fffffd92
fffffe4c
fffffecc
fffffe24
fffffbce
fffffb98
fffffb14
fffffc5a
fffffcc2
fffffc86
fffffbb6
fffffd7a
fffffcae
fffffafe
fffffd76
fffffe46
fffffdd0
fffffe38
00000014
00000032
ffffff9c
fffffd36
fffffcb2
fffffe32
ffffffe8
ffffff0a
fffffe8c
fffffe8c
fffffeaa
0000002e
000003a2
000001f9
00000061
fffffffe
fffffffe
fffffffe
fffffffe
fffffffe
fffffffe
fffffffe
fffffffe
fffffffe
fffffffe
fffffffe
fffffffe
fffffffe
fffffffe
fffffffe
fffffffe
fffffffe
fffffffe
fffffffe
fffffffe
fffffffe
fffffffe
fffffffe
fffffffe
fffffffe
fffffffe
fffffffe
fffffffe
fffffffe
ffffff78
ffffff5a
ffffff10
ffffff0a
fffffe42
fffffd10
fffffd04
fffffcf4
ffffff68
ffffff02
ffffff24
ffffffe0
ffffff04
ffffffaa
000000fa
000003ca
000002f8
0000027a
00000160
000000f4
ffffff4e
fffffaa6
fffff822
fffffaa2
fffffee8
00000412
0000044a
000001c4
fffffffe
fffffffe
fffffc20
fffffba9
0000028d
0000015b
ffffff71
ffffff41
ffffff41
ffffff41
ffffff41
ffffff41
ffffff41
ffffff41
ffffff41
ffffff41
ffffff41
ffffff41
ffffff41
ffffff41
ffffff41
ffffff41
ffffff41
ffffff41
ffffff41
ffffff41
ffffff41
ffffff41
ffffff41
ffffff41
ffffff41
ffffff41
ffffff41
ffffff41
ffffff41
ffffff41
fffffe21
fffffd35
fffffca3
fffffccf
ffffffa5
0000012d
00000413
00000533
0000067f
000006df
0000084b
0000095b
0000059b
00000553
000004d7
0000059f
00000367
000000e5
000000cf
00000029
0000019d
00000295
00000291
00000093
000000af
000004f5
000004d7
0000017f
ffffff41
ffffff41
fffffd48
fffffc45
0000014a
ffffffce
ffffff8c
fffffffc
fffffffc
fffffffc
fffffffc
fffffffc
fffffffc
fffffffc
fffffffc
fffffffc
fffffffc
fffffffc
fffffffc
fffffffc
fffffffc
fffffffc
fffffffc
fffffffc
fffffffc
fffffffc
fffffffc
fffffffc
fffffffc
fffffffc
fffffffc
fffffffc
fffffffc
fffffffc
fffffffc
fffffffc
ffffffc6
ffffffe0
fffffede
fffffd82
fffffd1c
ffffff6a
00000220
0000047e
00000406
0000043a
000004e8
0000034a
000000fa
0000011c
000000c8
00000156
000000ea
000000e6
000000b8
000000dc
fffffeb2
fffffcd2
00000016
000003ae
00000298
fffffe8e
fffffe50
ffffff8c
fffffffc
fffffffc
fffffbd9
fffffcca
00000070
0000002c
00000003
000000b2
000000b2
000000b2
000000b2
000000b2
000000b2
000000b2
000000b2
000000b2
000000b2
000000b2
000000b2
000000b2
000000b2
000000b2
000000b2
000000b2
000000b2
000000b2
000000b2
000000b2
000000b2
000000b2
000000b2
000000b2
000000b2
000000b2
000000b2
000000b2
000000c4
00000118
000001c4
000001e2
000002a0
00000348
0000041c
000004a6
00000482
00000442
0000039c
000002e0
0000031c
000002bc
00000198
00000132
00000164
0000001e
00000064
00000006
ffffff6a
ffffff84
ffffffea
00000156
0000025c
0000036e
00000300
000000fc
000000b2
000000b2
ffffffe9
0000001c
000000ab
00000324
000001e9
00000207
00000207
00000207
00000207
00000207
00000207
00000207
00000207
00000207
00000207
00000207
00000207
00000207
00000207
00000207
00000207
00000207
00000207
00000207
00000207
00000207
00000207
00000207
00000207
00000207
00000207
00000207
00000207
00000207
00000245
0000030f
0000036b
000004c7
000003d1
000001c5
ffffff7d
fffffd21
fffffe27
ffffffaf
000000c3
ffffff2b
00000051
00000437
000006bd
0000039d
000000e9
00000117
00000135
00000185
00000105
000000b9
fffffdbd
fffffafd
0000002d
00000507
000004e3
00000189
00000207
00000207
00000179
00000263
000001cd
ffffff73
ffffff72
fffffff0
fffffff0
fffffff0
fffffff0
fffffff0
fffffff0
fffffff0
fffffff0
fffffff0
fffffff0
fffffff0
fffffff0
fffffff0
fffffff0
fffffff0
fffffff0
fffffff0
fffffff0
fffffff0
fffffff0
fffffff0
fffffff0
fffffff0
fffffff0
fffffff0
fffffff0
fffffff0
fffffff0
fffffff0
ffffffb6
000000c2
000000c6
ffffff90
000000b6
000001ac
00000364
00000206
0000004c
ffffff3e
ffffffb6
00000142
fffffefc
000000c2
000003f4
00000744
0000069e
0000052a
00000202
0000004e
ffffff0a
00000008
00000040
00000054
fffffee4
fffffd0e
fffffd64
ffffff5a
fffffff0
fffffff0
fffffce7
fffffcaa
fffffde9
fffffd89
ffffff2b
00000040
00000040
00000040
00000040
00000040
00000040
00000040
00000040
00000040
00000040
00000040
00000040
00000040
00000040
00000040
00000040
00000040
00000040
00000040
00000040
00000040
00000040
00000040
00000040
00000040
00000040
00000040
00000040
00000040
000000e2
00000144
000000f6
00000130
000002d0
00000400
00000538
00000460
0000023e
0000006e
00000130
00000060
fffffe50
fffffde6
0000001a
000001d0
0000008c
ffffffa4
ffffffe4
ffffffe4
ffffff96
ffffffdc
00000122
00000118
fffffef8
fffffdb0
fffffe42
ffffffa0
00000040
00000040
ffffff49
0000001b
000003c2
0000038a
000002c5
000000a0
000000a0
000000a0
000000a0
000000a0
000000a0
000000a0
000000a0
000000a0
000000a0
000000a0
000000a0
000000a0
000000a0
000000a0
000000a0
000000a0
000000a0
000000a0
000000a0
000000a0
000000a0
000000a0
000000a0
000000a0
000000a0
000000a0
000000a0
000000a0
ffffffa4
ffffffb6
ffffff9e
ffffff32
fffffea6
fffffdb6
fffffd28
fffffdb8
fffffecc
ffffff02
ffffff8a
00000048
00000124
ffffff78
fffffee8
0000009e
00000222
00000372
000001d0
000001c2
00000220
00000244
fffffffe
fffffd7e
fffffebc
000002a2
0000031e
0000016e
000000a0
000000a0
0000011f
00000033
ffffff1d
ffffff75
ffffff71
ffffffa2
ffffffa2
ffffffa2
ffffffa2
ffffffa2
ffffffa2
ffffffa2
ffffffa2
ffffffa2
ffffffa2
ffffffa2
ffffffa2
ffffffa2
ffffffa2
ffffffa2
ffffffa2
ffffffa2
ffffffa2
ffffffa2
ffffffa2
ffffffa2
ffffffa2
ffffffa2
ffffffa2
ffffffa2
ffffffa2
ffffffa2
ffffffa2
ffffffa2
fffffecc
fffffe58
fffffe84
ffffff50
ffffff4c
fffffde0
fffffd40
fffffe34
fffffe1e
fffffcd6
fffffa64
fffffa18
fffffd0e
fffffa3e
fffff722
fffff958
fffffd8a
000001e6
00000210
000001ba
000000f4
000000ba
ffffff96
ffffff0c
fffffeb4
fffffc30
fffffb7c
fffffde8
ffffffa2
ffffffa2
000002a8
00000236
fffffc07
fffffc2a
ffffff4e
00000029
00000029
00000029
00000029
00000029
00000029
00000029
00000029
00000029
00000029
00000029
00000029
00000029
00000029
00000029
00000029
00000029
00000029
00000029
00000029
00000029
00000029
00000029
00000029
00000029
00000029
00000029
00000029
00000029
0000007b
000000c3
00000165
ffffffe7
ffffff19
fffffe23
fffffd95
fffffe15
ffffff5b
00000095
00000189
000001a9
0000021b
000002cd
000002fd
00000343
000001c9
000000e9
000000b5
ffffffcd
ffffffb3
fffffeaf
fffffdad
ffffff27
000001a5
000001df
00000117
00000045
00000029
00000029
000001cb
00000300
ffffff84
00000160
0000019c
0000011c
0000011c
0000011c
0000011c
0000011c
0000011c
0000011c
0000011c
0000011c
0000011c
0000011c
0000011c
0000011c
0000011c
0000011c
0000011c
0000011c
0000011c
0000011c
0000011c
0000011c
0000011c
0000011c
0000011c
0000011c
0000011c
0000011c
0000011c
0000011c
000000ee
000000d8
00000084
00000070
000000d2
000000b6
00000122
000000d4
00000044
fffffffe
000000a4
000000ec
00000092
ffffffee
fffffedc
fffffec4
00000068
0000010a
00000120
000000d6
00000188
000002dc
000004ca
000003c6
ffffff3a
fffffe3e
ffffff78
0000012e
0000011c
0000011c
000000bd
000001a7
fffffdfd
fffffc85
fffffdcb
ffffff0e
ffffff0e
ffffff0e
ffffff0e
ffffff0e
ffffff0e
ffffff0e
ffffff0e
ffffff0e
ffffff0e
ffffff0e
ffffff0e
ffffff0e
ffffff0e
ffffff0e
ffffff0e
ffffff0e
ffffff0e
ffffff0e
ffffff0e
ffffff0e
ffffff0e
ffffff0e
ffffff0e
ffffff0e
ffffff0e
ffffff0e
ffffff0e
ffffff0e
fffffecc
ffffff8c
00000020
ffffffd6
00000206
000004f6
000005f8
000003d8
fffffff0
fffffbec
fffffc10
fffffab0
fffff822
fffff89e
fffffc64
ffffff80
fffffe94
fffffdb8
fffffe08
fffffed0
fffffe5e
ffffffd2
000002d0
00000224
fffffebe
fffffaa4
fffffa62
fffffdbc
ffffff0e
ffffff0e
fffffe1b
fffffde5
ffffff62
fffffeb5
fffffe6c
fffffeac
fffffeac
fffffeac
fffffeac
fffffeac
fffffeac
fffffeac
fffffeac
fffffeac
fffffeac
fffffeac
fffffeac
fffffeac
fffffeac
fffffeac
fffffeac
fffffeac
fffffeac
fffffeac
fffffeac
fffffeac
fffffeac
fffffeac
fffffeac
fffffeac
fffffeac
fffffeac
fffffeac
fffffeac
fffffe88
fffffe80
fffffec0
ffffffe0
00000190
0000027a
00000146
000000a6
00000098
fffffe96
fffffcd0
fffffc94
fffffaba
fffffbc0
fffffd82
ffffffda
fffffeb6
fffffe24
fffffe0c
fffffe2e
ffffff8e
00000020
fffffe28
fffffaea
fffffcc4
ffffffaa
0000001e
ffffff28
fffffeac
fffffeac
ffffff53
ffffffa4
00000271
0000020a
000001b5
000000cf
000000cf
000000cf
000000cf
000000cf
000000cf
000000cf
000000cf
000000cf
000000cf
000000cf
000000cf
000000cf
000000cf
000000cf
000000cf
000000cf
000000cf
000000cf
000000cf
000000cf
000000cf
000000cf
000000cf
000000cf
000000cf
000000cf
000000cf
000000cf
000000f5
000000a9
0000005b
ffffff87
fffffe49
ffffff8b
ffffff5d
ffffff8b
000000bb
0000000d
ffffff9d
ffffff59
ffffff0f
fffffde9
fffffebd
00000097
0000012b
000000d5
00000109
000000fd
0000006f
000000af
ffffffc7
fffffcf1
fffffbb9
fffffdd9
ffffff57
000000ab
000000cf
000000cf
000001df
00000099
fffffc31
fffffd35
fffffdc8
ffffff22
ffffff22
ffffff22
ffffff22
ffffff22
ffffff22
ffffff22
ffffff22
ffffff22
ffffff22
ffffff22
ffffff22
ffffff22
ffffff22
ffffff22
ffffff22
ffffff22
ffffff22
ffffff22
ffffff22
ffffff22
ffffff22
ffffff22
ffffff22
ffffff22
ffffff22
ffffff22
ffffff22
ffffff22
00000084
0000011a
0000014a
000001e4
000002e2
000002ca
000001ee
ffffffe2
00000060
00000196
000000a4
ffffff50
000000c6
00000384
000000c0
0000008e
ffffff42
fffffd2c
fffffdee
fffffdee
fffffd80
fffffe1a
ffffff40
ffffffa2
ffffff22
000001a0
0000014a
ffffffd2
ffffff22
ffffff22
ffffffe0
00000435
0000004e
00000089
00000042
0000004b
0000004b
0000004b
0000004b
0000004b
0000004b
0000004b
0000004b
0000004b
0000004b
0000004b
0000004b
0000004b
0000004b
0000004b
0000004b
0000004b
0000004b
0000004b
0000004b
0000004b
0000004b
0000004b
0000004b
0000004b
0000004b
0000004b
0000004b
0000004b
000000a9
000000a9
000000b3
ffffff85
ffffff23
fffffdc9
ffffff0f
ffffffbb
ffffff81
000001d1
000002db
000003c7
00000423
00000391
0000024f
0000008d
00000139
0000005b
00000079
00000079
0000007d
000000db
00000257
00000407
0000041d
00000441
0000027b
000000fb
0000004b
0000004b
00000060
0000005e
0000035d
000001f7
00000021
ffffff22
ffffff22
ffffff22
ffffff22
ffffff22
ffffff22
ffffff22
ffffff22
ffffff22
ffffff22
ffffff22
ffffff22
ffffff22
ffffff22
ffffff22
ffffff22
ffffff22
ffffff22
ffffff22
ffffff22
ffffff22
ffffff22
ffffff22
ffffff22
ffffff22
ffffff22
ffffff22
ffffff22
ffffff22
ffffff30
ffffff5a
fffffef6
ffffff38
ffffff9c
00000006
000000f6
0000001c
ffffff2a
fffffd7c
fffffe1a
fffffe14
fffffd16
fffffcfc
fffffdec
000000de
00000178
ffffffea
ffffffa0
fffffebe
fffffe72
fffffd02
fffffc7c
fffffcea
fffffe42
000000aa
00000070
ffffffb0
ffffff22
ffffff22
fffffc5d
fffffb98
ffffffaf
0000011e
000000f9
000000b6
000000b6
000000b6
000000b6
000000b6
000000b6
000000b6
000000b6
000000b6
000000b6
000000b6
000000b6
000000b6
000000b6
000000b6
000000b6
000000b6
000000b6
000000b6
000000b6
000000b6
000000b6
000000b6
000000b6
000000b6
000000b6
000000b6
000000b6
000000b6
000000dc
000000f8
000001ac
000000fe
00000006
ffffff64
fffffd98
fffffdde
fffffe3e
ffffff56
ffffffee
000000b8
000000aa
000001dc
00000194
fffffe8a
fffffe8a
fffffed4
ffffffde
ffffffbc
0000004c
0000008a
000000fc
000000b6
0000007e
ffffffd2
0000001e
0000009c
000000b6
000000b6
000000f2
0000010f
0000002f
ffffffd5
000000a0
0000016b
0000016b
0000016b
0000016b
0000016b
0000016b
0000016b
0000016b
0000016b
0000016b
0000016b
0000016b
0000016b
0000016b
0000016b
0000016b
0000016b
0000016b
0000016b
0000016b
0000016b
0000016b
0000016b
0000016b
0000016b
0000016b
0000016b
0000016b
0000016b
000000bd
00000061
0000004f
0000012d
00000285
0000025b
0000028f
000002bf
000001b9
00000121
0000004f
0000008b
0000006b
ffffff77
fffffdf5
ffffff67
0000000d
00000107
000001c9
000001e3
000002b1
0000031d
000002e9
000001df
000001e9
0000007d
ffffff85
000000dd
0000016b
0000016b
00000198
00000186
000005a7
00000504
0000021a
0000004c
0000004c
0000004c
0000004c
0000004c
0000004c
0000004c
0000004c
0000004c
0000004c
0000004c
0000004c
0000004c
0000004c
0000004c
0000004c
0000004c
0000004c
0000004c
0000004c
0000004c
0000004c
0000004c
0000004c
0000004c
0000004c
0000004c
0000004c
0000004c
ffffffd4
ffffff50
fffffea4
fffffe36
fffffc76
fffffb88
fffffc06
fffffd1a
ffffff88
0000000a
000001aa
0000021e
0000025a
000002ec
0000054e
000004c4
00000466
000002b0
00000144
00000148
0000005c
fffffc92
fffffa8c
fffffe9a
00000338
00000778
00000560
0000016a
0000004c
0000004c
fffffd93
fffffb1b
fffffc4e
fffffcfc
fffffd65
ffffff28
ffffff28
ffffff28
ffffff28
ffffff28
ffffff28
ffffff28
ffffff28
ffffff28
ffffff28
ffffff28
ffffff28
ffffff28
ffffff28
ffffff28
ffffff28
ffffff28
ffffff28
ffffff28
ffffff28
ffffff28
ffffff28
ffffff28
ffffff28
ffffff28
ffffff28
ffffff28
ffffff28
ffffff28
ffffff9a
0000000c
00000076
000000f2
000001e8
00000272
00000120
00000208
000000be
ffffffd8
fffffdfc
fffffde0
ffffff92
fffffe6c
fffffc20
fffff9c2
fffffb2a
fffffc92
fffffe22
fffffea2
fffffe12
ffffff2c
000002a8
00000300
fffffeb6
fffffaa8
fffffb74
fffffde4
ffffff28
ffffff28
ffffff60
000002d7
0000037c
000002e6
000002bc
0000012f
0000012f
0000012f
0000012f
0000012f
0000012f
0000012f
0000012f
0000012f
0000012f
0000012f
0000012f
0000012f
0000012f
0000012f
0000012f
0000012f
0000012f
0000012f
0000012f
0000012f
0000012f
0000012f
0000012f
0000012f
0000012f
0000012f
0000012f
0000012f
00000001
ffffffbf
ffffff67
ffffff0f
fffffd63
fffffc11
fffffcb5
fffffeeb
ffffffc7
ffffff45
0000007f
0000022d
00000137
fffffe53
fffffedd
00000001
000000d3
000001b9
000000bd
00000079
00000263
000002c3
000001a3
0000008f
000001d5
000001d7
0000019b
00000191
0000012f
0000012f
0000004d
fffffcf8
00000247
000001b6
00000171
000000a9
000000a9
000000a9
000000a9
000000a9
000000a9
000000a9
000000a9
000000a9
000000a9
000000a9
000000a9
000000a9
000000a9
000000a9
000000a9
000000a9
000000a9
000000a9
000000a9
000000a9
000000a9
000000a9
000000a9
000000a9
000000a9
000000a9
000000a9
000000a9
0000004f
0000006d
00000029
fffffffb
ffffff79
fffffe4b
fffffded
fffffddb
fffffcef
fffffca7
fffffd95
fffffec7
fffffd8d
ffffff2d
00000185
00000335
000001c1
00000197
0000014f
0000011f
00000025
fffffdd9
fffffcb7
fffffe29
0000001d
000000e9
00000101
0000009d
000000a9
000000a9
fffffe57
fffffdd6
fffffdf7
ffffffb1
fffffff9
ffffff0a
ffffff0a
ffffff0a
ffffff0a
ffffff0a
ffffff0a
ffffff0a
ffffff0a
ffffff0a
ffffff0a
ffffff0a
ffffff0a
ffffff0a
ffffff0a
ffffff0a
ffffff0a
ffffff0a
ffffff0a
ffffff0a
ffffff0a
ffffff0a
ffffff0a
ffffff0a
ffffff0a
ffffff0a
ffffff0a
ffffff0a
ffffff0a
ffffff0a
0000003c
00000120
00000304
0000045c
00000522
00000166
fffffebe
fffffb52
fffffa84
fffff8e2
fffff95e
fffffa64
fffffcac
fffffe54
fffffd4c
ffffff0a
ffffff88
ffffffc2
ffffff80
ffffff4c
00000000
ffffffd2
fffffe50
fffffb40
fffffa9a
fffffc28
fffffd96
fffffed6
ffffff0a
ffffff0a
000001ec
0000032b
00000517
000002b4
000000cd
ffffff81
ffffff81
ffffff81
ffffff81
ffffff81
ffffff81
ffffff81
ffffff81
ffffff81
ffffff81
ffffff81
ffffff81
ffffff81
ffffff81
ffffff81
ffffff81
ffffff81
ffffff81
ffffff81
ffffff81
ffffff81
ffffff81
ffffff81
ffffff81
ffffff81
ffffff81
ffffff81
ffffff81
ffffff81
ffffff01
fffffee3
fffffdb7
fffffe43
fffffd5d
fffffccf
fffffdeb
fffffe85
fffffe85
fffffe0b
fffffec1
ffffffcb
fffffed1
000000e3
0000024f
000004db
0000045b
000001b7
0000005f
ffffffe7
ffffff71
fffffae1
fffff9c1
fffffdd1
000003c1
000005ed
0000034d
00000013
ffffff81
ffffff81
fffffc8e
fffffa15
ffffff5d
ffffff64
ffffff8c
00000034
00000034
00000034
00000034
00000034
00000034
00000034
00000034
00000034
00000034
00000034
00000034
00000034
00000034
00000034
00000034
00000034
00000034
00000034
00000034
00000034
00000034
00000034
00000034
00000034
00000034
00000034
00000034
00000034
00000160
00000232
000002a4
000002ae
000000ac
fffffdee
fffffb76
fffff804
fffff5a0
fffff442
fffff444
fffff628
fffff8c4
fffffb4a
fffffd46
000000b8
000000ae
000000c0
000000b2
0000004e
ffffffa2
fffffdf6
fffffc2c
fffffcf4
fffffd3a
fffffbf0
fffffcaa
fffffec8
00000034
00000034
00000063
000000f5
fffffc32
fffffc61
fffffc80
fffffd01
fffffd01
fffffd01
fffffd01
fffffd01
fffffd01
fffffd01
fffffd01
fffffd01
fffffd01
fffffd01
fffffd01
fffffd01
fffffd01
fffffd01
fffffd01
fffffd01
fffffd01
fffffd01
fffffd01
fffffd01
fffffd01
fffffd01
fffffd01
fffffd01
fffffd01
fffffd01
fffffd01
fffffd01
fffffd15
fffffdbd
fffffeeb
00000047
00000109
00000001
00000023
ffffff07
fffffe89
fffffef9
fffffef3
ffffff2b
fffffd2f
fffffdcd
fffffc25
fffffc91
fffffadb
fffffae3
fffffbb1
fffffba3
fffffe33
0000014f
ffffffdf
fffffacb
fffffa77
fffffb03
fffffba1
fffffc57
fffffd01
fffffd01
fffffff8
00000091
0000010a
000000b4
000000fe
fffffec5
fffffec5
fffffec5
fffffec5
fffffec5
fffffec5
fffffec5
fffffec5
fffffec5
fffffec5
fffffec5
fffffec5
fffffec5
fffffec5
fffffec5
fffffec5
fffffec5
fffffec5
fffffec5
fffffec5
fffffec5
fffffec5
fffffec5
fffffec5
fffffec5
fffffec5
fffffec5
fffffec5
fffffec5
fffffe9d
fffffef1
fffffdbd
fffffe95
fffffe0b
ffffff79
00000055
ffffffdf
00000127
00000251
00000229
000000dd
ffffffb5
ffffffb1
000002bd
00000281
00000151
0000005f
fffffedd
fffffe91
ffffff51
ffffffc7
fffffbad
fffff9bb
fffffd1d
0000006b
00000073
ffffffa7
fffffec5
fffffec5
00000012
fffffee1
fffffef3
fffffda4
fffffe0d
fffffe74
fffffe74
fffffe74
fffffe74
fffffe74
fffffe74
fffffe74
fffffe74
fffffe74
fffffe74
fffffe74
fffffe74
fffffe74
fffffe74
fffffe74
fffffe74
fffffe74
fffffe74
fffffe74
fffffe74
fffffe74
fffffe74
fffffe74
fffffe74
fffffe74
fffffe74
fffffe74
fffffe74
fffffe74
fffffece
fffffea2
ffffff14
fffffec2
ffffff26
fffffeb0
fffffe0c
ffffffbc
00000076
fffffe28
fffffd4a
fffffd0c
fffffdf4
fffffd9e
fffffdfa
fffffd78
fffffc92
fffffd66
fffffd8e
fffffe2c
fffffd2e
fffffb22
ffffface
fffffe8c
0000025c
000000de
fffffcc0
fffffd20
fffffe74
fffffe74
fffffe92
fffffe8d
fffffc8b
fffffb22
fffffd14
ffffff11
ffffff11
ffffff11
ffffff11
ffffff11
ffffff11
ffffff11
ffffff11
ffffff11
ffffff11
ffffff11
ffffff11
ffffff11
ffffff11
ffffff11
ffffff11
ffffff11
ffffff11
ffffff11
ffffff11
ffffff11
ffffff11
ffffff11
ffffff11
ffffff11
ffffff11
ffffff11
ffffff11
ffffff11
ffffff6d
ffffff61
ffffffa7
ffffffa7
00000091
0000013d
00000173
000001fb
00000037
00000023
ffffff9d
ffffff8f
fffffdf1
fffffd85
ffffff11
fffffe95
fffffb57
fffffac1
fffffd9b
fffffdf7
fffffe73
ffffff75
0000009d
000001d7
000000c5
fffffd15
fffffbef
fffffda9
ffffff11
ffffff11
fffffe63
fffffe70
00000174
000000bc
0000003d
ffffff11
ffffff11
ffffff11
ffffff11
ffffff11
ffffff11
ffffff11
ffffff11
ffffff11
ffffff11
ffffff11
ffffff11
ffffff11
ffffff11
ffffff11
ffffff11
ffffff11
ffffff11
ffffff11
ffffff11
ffffff11
ffffff11
ffffff11
ffffff11
ffffff11
ffffff11
ffffff11
ffffff11
ffffff11
fffffe2d
fffffd7b
fffffda5
fffffe6d
00000005
00000085
0000000f
fffffdd9
fffffc65
fffffc47
fffffc9d
fffffcb1
fffffcd3
fffffd37
fffffd67
fffffe15
fffffe37
ffffff53
0000008d
00000033
00000059
00000127
0000012f
fffffec3
fffffcc1
fffffd01
fffffe59
fffffeeb
ffffff11
ffffff11
fffffdb9
fffffda4
fffffd03
fffffd93
fffffe31
ffffff33
ffffff33
ffffff33
ffffff33
ffffff33
ffffff33
ffffff33
ffffff33
ffffff33
ffffff33
ffffff33
ffffff33
ffffff33
ffffff33
ffffff33
ffffff33
ffffff33
ffffff33
ffffff33
ffffff33
ffffff33
ffffff33
ffffff33
ffffff33
ffffff33
ffffff33
ffffff33
ffffff33
ffffff33
ffffff8f
ffffffed
00000059
0000009d
00000101
000001a5
0000024f
00000337
000004a9
00000463
000002f7
00000241
00000243
000001c7
00000149
0000013b
00000025
ffffff03
fffffef7
fffffe89
fffffe65
fffffe2b
fffffe5d
ffffff4d
0000004b
0000010b
ffffffe5
ffffff4d
ffffff33
ffffff33
000001bb
000002e2
fffffc28
fffffb95
fffffbc5
fffffd00
fffffd00
fffffd00
fffffd00
fffffd00
fffffd00
fffffd00
fffffd00
fffffd00
fffffd00
fffffd00
fffffd00
fffffd00
fffffd00
fffffd00
fffffd00
fffffd00
fffffd00
fffffd00
fffffd00
fffffd00
fffffd00
fffffd00
fffffd00
fffffd00
fffffd00
fffffd00
fffffd00
fffffd00
fffffc0e
fffffba8
fffffb2a
fffffb80
fffffc2c
ffffff14
0000025a
000004c2
000004c2
00000462
00000244
0000008a
00000006
fffffe9a
fffffdb8
fffffe58
ffffff40
ffffff30
fffffe7e
fffffdee
fffffda0
fffffe14
ffffff2a
ffffff94
fffffe1e
fffffb82
fffffc54
fffffcbc
fffffd00
fffffd00
fffffe83
fffffef6
00000063
000000a9
00000236
00000347
00000347
00000347
00000347
00000347
00000347
00000347
00000347
00000347
00000347
00000347
00000347
00000347
00000347
00000347
00000347
00000347
00000347
00000347
00000347
00000347
00000347
00000347
00000347
00000347
00000347
00000347
00000347
00000347
000002cd
00000299
00000207
000001bb
00000273
00000297
000002fb
00000541
00000535
00000497
00000323
00000305
0000025b
000001d5
000001ff
0000026d
000001bb
0000029b
000002f9
00000279
000001dd
00000381
000005c5
000006e9
000004fb
00000117
ffffffcd
000001af
00000347
00000347
00000301
0000026a
000001e5
00000166
0000025e
0000018b
0000018b
0000018b
0000018b
0000018b
0000018b
0000018b
0000018b
0000018b
0000018b
0000018b
0000018b
0000018b
0000018b
0000018b
0000018b
0000018b
0000018b
0000018b
0000018b
0000018b
0000018b
0000018b
0000018b
0000018b
0000018b
0000018b
0000018b
0000018b
00000081
00000009
ffffff1b
ffffffe3
fffffffb
000000cf
0000021f
00000079
fffffe47
fffffc63
fffffce1
fffffd89
fffffbcb
fffffbf7
fffffc6d
fffffd97
fffffd47
0000000b
000001cd
00000269
00000001
ffffffeb
000001f3
00000363
000000c7
fffffd0d
fffffdb9
00000007
0000018b
0000018b
fffffd0a
fffffd75
00000039
00000045
0000000f
000000b5
000000b5
000000b5
000000b5
000000b5
000000b5
000000b5
000000b5
000000b5
000000b5
000000b5
000000b5
000000b5
000000b5
000000b5
000000b5
000000b5
000000b5
000000b5
000000b5
000000b5
000000b5
000000b5
000000b5
000000b5
000000b5
000000b5
000000b5
000000b5
0000005b
00000083
00000185
0000018b
00000015
fffffe89
fffffe4d
ffffffb7
000003c5
0000064f
000006bb
0000065f
000007e5
000007b1
00000469
000001a7
000000fd
0000013f
00000145
00000113
000000d3
00000067
00000099
000001e1
000002b5
00000259
00000137
000000b5
000000b5
000000b5
00000242
000001e8
00000112
00000169
00000162
000000a2
000000a2
000000a2
000000a2
000000a2
000000a2
000000a2
000000a2
000000a2
000000a2
000000a2
000000a2
000000a2
000000a2
000000a2
000000a2
000000a2
000000a2
000000a2
000000a2
000000a2
000000a2
000000a2
000000a2
000000a2
000000a2
000000a2
000000a2
000000a2
00000104
000000fa
000000ac
000000c6
ffffffe6
ffffff04
ffffff8e
ffffff22
00000048
0000010a
00000180
0000016c
000002c2
000002ee
000000c0
ffffff9c
00000080
0000013a
0000010c
00000172
00000078
00000058
000001c8
0000022a
0000005a
ffffffca
0000003c
00000096
000000a2
000000a2
000000c6
00000116
00000054
00000056
00000081
00000085
00000085
00000085
00000085
00000085
00000085
00000085
00000085
00000085
00000085
00000085
00000085
00000085
00000085
00000085
00000085
00000085
00000085
00000085
00000085
00000085
00000085
00000085
00000085
00000085
00000085
00000085
00000085
00000085
0000007f
0000002d
0000009f
0000000b
ffffff5f
fffffee3
ffffff09
00000071
00000119
0000030f
0000043f
00000635
0000049b
000003b1
000003a9
0000035b
000000b5
ffffffa7
ffffff39
ffffff39
ffffffb1
00000083
00000205
00000349
00000397
00000507
0000045f
00000177
00000085
00000085
000000ca
000000b3
fffffee2
fffffef7
fffffd30
fffffc53
fffffc53
fffffc53
fffffc53
fffffc53
fffffc53
fffffc53
fffffc53
fffffc53
fffffc53
fffffc53
fffffc53
fffffc53
fffffc53
fffffc53
fffffc53
fffffc53
fffffc53
fffffc53
fffffc53
fffffc53
fffffc53
fffffc53
fffffc53
fffffc53
fffffc53
fffffc53
fffffc53
fffffc53
fffffc31
fffffbb3
fffffb8d
fffffc83
fffffb29
fffff913
fffff709
fffff7b7
fffff7db
fffff7f7
fffff7c7
fffff91f
fffffabd
fffffab3
fffffa39
fffffa77
fffffc7b
fffffd39
fffffc63
fffffc61
fffffd65
fffffde5
fffffca5
fffffa4f
fffffc2b
fffffd61
fffffd55
fffffc61
fffffc53
fffffc53
fffffef1
fffffd43
fffffd13
ffffff0c
ffffffd9
fffffeb5
fffffeb5
fffffeb5
fffffeb5
fffffeb5
fffffeb5
fffffeb5
fffffeb5
fffffeb5
fffffeb5
fffffeb5
fffffeb5
fffffeb5
fffffeb5
fffffeb5
fffffeb5
fffffeb5
fffffeb5
fffffeb5
fffffeb5
fffffeb5
fffffeb5
fffffeb5
fffffeb5
fffffeb5
fffffeb5
fffffeb5
fffffeb5
fffffeb5
ffffff79
ffffff8d
00000069
000001a1
000001e1
000000e1
fffffdb9
fffffbf3
fffffbff
fffffba3
fffffacd
fffffc1d
fffffeab
ffffff15
fffffec9
fffffdf9
ffffff0b
fffffef1
fffffe13
fffffdf5
ffffff5d
ffffff6f
fffffd71
fffffac1
fffffc3f
00000183
00000289
0000007d
fffffeb5
fffffeb5
00000311
000002f8
00000016
00000451
00000371
000000d6
000000d6
000000d6
000000d6
000000d6
000000d6
000000d6
000000d6
000000d6
000000d6
000000d6
000000d6
000000d6
000000d6
000000d6
000000d6
000000d6
000000d6
000000d6
000000d6
000000d6
000000d6
000000d6
000000d6
000000d6
000000d6
000000d6
000000d6
000000d6
00000066
00000082
0000004c
0000003c
00000036
0000002c
fffffe1a
fffffe06
ffffff96
00000058
ffffffb8
ffffff5e
000000e4
000000ee
fffffea8
fffffdc0
00000222
0000049c
000002e6
00000188
00000178
0000017e
000001be
000000b2
fffffd4a
ffffff84
000002f4
0000024e
000000d6
000000d6
000000be
00000158
0000004d
00000104
00000125
00000051
00000051
00000051
00000051
00000051
00000051
00000051
00000051
00000051
00000051
00000051
00000051
00000051
00000051
00000051
00000051
00000051
00000051
00000051
00000051
00000051
00000051
00000051
00000051
00000051
00000051
00000051
00000051
00000051
00000073
00000065
00000051
ffffff23
ffffff49
ffffff2b
0000010b
0000004d
00000113
000003d3
000004ef
0000044d
00000371
00000217
000001ff
fffffff1
fffffedd
ffffff6b
00000065
00000067
000000d1
0000015b
00000271
0000038f
000002a5
000002e5
000002c5
0000010f
00000051
00000051
0000000d
0000002d
fffffd12
fffffe2b
fffffdf4
fffffee8
fffffee8
fffffee8
fffffee8
fffffee8
fffffee8
fffffee8
fffffee8
fffffee8
fffffee8
fffffee8
fffffee8
fffffee8
fffffee8
fffffee8
fffffee8
fffffee8
fffffee8
fffffee8
fffffee8
fffffee8
fffffee8
fffffee8
fffffee8
fffffee8
fffffee8
fffffee8
fffffee8
fffffee8
fffffec2
ffffff54
ffffff92
fffffe4c
fffffe14
0000008e
00000240
0000025a
000002a4
00000356
00000322
000001bc
000000ec
ffffff48
fffffe06
fffffe8e
ffffff54
ffffffae
ffffff50
fffffe9c
ffffff62
000001dc
0000030e
00000090
fffffc54
fffffc70
fffffe2a
ffffff1c
fffffee8
fffffee8
fffffedf
000001a2
00000198
00000245
00000198
0000003a
0000003a
0000003a
0000003a
0000003a
0000003a
0000003a
0000003a
0000003a
0000003a
0000003a
0000003a
0000003a
0000003a
0000003a
0000003a
0000003a
0000003a
0000003a
0000003a
0000003a
0000003a
0000003a
0000003a
0000003a
0000003a
0000003a
0000003a
0000003a
00000008
ffffff98
fffffed0
ffffffcc
000000c4
0000010e
0000023a
00000226
00000202
0000000a
fffffee4
ffffff5e
fffffe72
fffffc0a
fffffbc6
ffffff7c
0000033e
00000386
00000268
0000011e
000001c2
0000023a
00000262
ffffff8e
fffffdf4
fffffe76
0000004a
000000ee
0000003a
0000003a
0000027e
000000a1
fffffeae
fffffd54
fffffe35
ffffff6e
ffffff6e
ffffff6e
ffffff6e
ffffff6e
ffffff6e
ffffff6e
ffffff6e
ffffff6e
ffffff6e
ffffff6e
ffffff6e
ffffff6e
ffffff6e
ffffff6e
ffffff6e
ffffff6e
ffffff6e
ffffff6e
ffffff6e
ffffff6e
ffffff6e
ffffff6e
ffffff6e
ffffff6e
ffffff6e
ffffff6e
ffffff6e
ffffff6e
ffffff3c
ffffff3a
fffffe7c
fffffe4e
ffffff4a
0000014a
00000358
0000055c
000003b4
000001d2
00000172
000001e8
00000102
fffffede
fffffdd2
ffffff98
0000000c
ffffffc6
00000042
0000008e
00000040
00000106
000001bc
000001e2
ffffffa4
fffffb80
fffffae4
fffffda4
ffffff6e
ffffff6e
fffffedb
ffffff51
fffffc45
fffffdb4
000000a3
fffffff9
fffffff9
fffffff9
fffffff9
fffffff9
fffffff9
fffffff9
fffffff9
fffffff9
fffffff9
fffffff9
fffffff9
fffffff9
fffffff9
fffffff9
fffffff9
fffffff9
fffffff9
fffffff9
fffffff9
fffffff9
fffffff9
fffffff9
fffffff9
fffffff9
fffffff9
fffffff9
fffffff9
fffffff9
0000008b
00000105
0000025b
00000183
ffffffad
ffffff85
fffffec7
fffffc67
fffffb83
fffffcd9
fffffdc5
fffffd75
0000008d
00000329
0000046d
00000089
ffffff4f
000001cd
00000263
00000201
ffffffd1
fffffe2d
ffffffb5
00000441
000002af
fffffcf5
fffffbe5
fffffe8f
fffffff9
fffffff9
ffffff75
0000008c
ffffffe5
00000092
00000037
ffffff47
ffffff47
ffffff47
ffffff47
ffffff47
ffffff47
ffffff47
ffffff47
ffffff47
ffffff47
ffffff47
ffffff47
ffffff47
ffffff47
ffffff47
ffffff47
ffffff47
ffffff47
ffffff47
ffffff47
ffffff47
ffffff47
ffffff47
ffffff47
ffffff47
ffffff47
ffffff47
ffffff47
ffffff47
00000013
00000091
00000063
00000093
0000008b
0000014f
000000f1
00000211
00000361
00000369
000001d1
000001b1
000001f9
0000015b
ffffffb1
fffffeff
fffffef7
ffffff33
fffffeef
fffffefd
ffffff07
fffffe21
fffffe37
ffffff77
ffffffdd
0000003f
00000047
ffffffd3
ffffff47
ffffff47
ffffffbf
ffffffd5
0000033a
000002b0
000001a1
0000009f
0000009f
0000009f
0000009f
0000009f
0000009f
0000009f
0000009f
0000009f
0000009f
0000009f
0000009f
0000009f
0000009f
0000009f
0000009f
0000009f
0000009f
0000009f
0000009f
0000009f
0000009f
0000009f
0000009f
0000009f
0000009f
0000009f
0000009f
0000009f
000000bb
00000055
ffffff1b
fffffce9
fffffc65
fffffbad
fffffc6b
fffffd7b
fffffd85
fffffddd
fffffe97
ffffff5d
fffffd15
fffffce5
ffffff31
ffffff73
fffffef9
fffffeb9
ffffff73
0000002f
ffffffdb
fffffe8b
ffffff8b
0000018f
0000026b
00000299
00000209
0000013d
0000009f
0000009f
fffffdae
fffffc5d
00000029
000000a7
ffffffc7
ffffff0d
ffffff0d
ffffff0d
ffffff0d
ffffff0d
ffffff0d
ffffff0d
ffffff0d
ffffff0d
ffffff0d
ffffff0d
ffffff0d
ffffff0d
ffffff0d
ffffff0d
ffffff0d
ffffff0d
ffffff0d
ffffff0d
ffffff0d
ffffff0d
ffffff0d
ffffff0d
ffffff0d
ffffff0d
ffffff0d
ffffff0d
ffffff0d
ffffff0d
ffffff15
ffffffb3
ffffff2b
ffffffc1
00000189
000002f7
00000401
00000395
00000387
000002eb
0000025d
000000d7
fffffecb
ffffffa5
000000bb
0000004d
ffffff99
ffffff15
fffffde5
fffffe65
ffffff1d
ffffff0f
fffffdb3
fffffcc5
fffffde7
ffffff99
fffffeed
fffffe85
ffffff0d
ffffff0d
fffffe6b
ffffff31
ffffff16
ffffff23
fffffece
fffffec3
fffffec3
fffffec3
fffffec3
fffffec3
fffffec3
fffffec3
fffffec3
fffffec3
fffffec3
fffffec3
fffffec3
fffffec3
fffffec3
fffffec3
fffffec3
fffffec3
fffffec3
fffffec3
fffffec3
fffffec3
fffffec3
fffffec3
fffffec3
fffffec3
fffffec3
fffffec3
fffffec3
fffffec3
ffffff11
ffffff07
ffffff5b
ffffff29
fffffe91
fffffe2b
fffffd65
fffffde1
ffffff83
0000007d
000000df
00000191
00000201
00000119
00000077
ffffff37
fffffed1
ffffff01
fffffe8f
fffffe93
fffffec9
fffffebf
fffffee3
fffffef1
ffffff17
ffffffd5
0000005d
ffffff77
fffffec3
fffffec3
ffffff63
ffffff1f
fffffefd
00000050
0000001a
ffffff23
ffffff23
ffffff23
ffffff23
ffffff23
ffffff23
ffffff23
ffffff23
ffffff23
ffffff23
ffffff23
ffffff23
ffffff23
ffffff23
ffffff23
ffffff23
ffffff23
ffffff23
ffffff23
ffffff23
ffffff23
ffffff23
ffffff23
ffffff23
ffffff23
ffffff23
ffffff23
ffffff23
ffffff23
ffffffff
000000df
00000059
0000005d
fffffed5
fffffe4b
fffffea5
0000001d
0000027f
00000397
00000129
000000b5
0000021b
00000317
000002a1
fffffef7
fffffe57
fffffe7d
fffffdef
fffffe6d
fffffdcf
fffffbb3
fffffaa1
fffffda7
00000061
ffffffdd
ffffff43
fffffedb
ffffff23
ffffff23
00000053
00000022
ffffffdd
00000032
ffffff42
ffffff40
ffffff40
ffffff40
ffffff40
ffffff40
ffffff40
ffffff40
ffffff40
ffffff40
ffffff40
ffffff40
ffffff40
ffffff40
ffffff40
ffffff40
ffffff40
ffffff40
ffffff40
ffffff40
ffffff40
ffffff40
ffffff40
ffffff40
ffffff40
ffffff40
ffffff40
ffffff40
ffffff40
ffffff40
ffffff76
ffffff2c
fffffef6
ffffffce
fffffff8
ffffffd0
fffffea2
fffffe8c
ffffff8c
0000009c
0000007c
000000c2
000001de
00000280
000000cc
ffffff62
00000030
ffffffd4
00000018
ffffff8a
00000058
ffffff72
ffffff92
fffffeb6
fffffeb2
0000019c
00000282
0000003a
ffffff40
ffffff40
ffffff09
ffffff43
ffffffb7
ffffff51
ffffff45
ffffffcc
ffffffcc
ffffffcc
ffffffcc
ffffffcc
ffffffcc
ffffffcc
ffffffcc
ffffffcc
ffffffcc
ffffffcc
ffffffcc
ffffffcc
ffffffcc
ffffffcc
ffffffcc
ffffffcc
ffffffcc
ffffffcc
ffffffcc
ffffffcc
ffffffcc
ffffffcc
ffffffcc
ffffffcc
ffffffcc
ffffffcc
ffffffcc
ffffffcc
fffffee0
fffffe3a
fffffdb4
fffffe0a
fffffee0
fffffff6
00000092
000001dc
00000114
0000013c
000002be
0000037c
000002d6
000002ee
0000029e
00000260
00000308
000002cc
00000252
000001ec
0000012a
00000156
0000024c
000003a8
000003c2
00000174
00000010
ffffffd6
ffffffcc
ffffffcc
fffffef1
ffffff60
00000431
0000016a
ffffffe6
ffffffc1
ffffffc1
ffffffc1
ffffffc1
ffffffc1
ffffffc1
ffffffc1
ffffffc1
ffffffc1
ffffffc1
ffffffc1
ffffffc1
ffffffc1
ffffffc1
ffffffc1
ffffffc1
ffffffc1
ffffffc1
ffffffc1
ffffffc1
ffffffc1
ffffffc1
ffffffc1
ffffffc1
ffffffc1
ffffffc1
ffffffc1
ffffffc1
ffffffc1
ffffff7d
ffffff45
fffffee9
fffffe4b
fffffe01
fffffed7
000000c1
00000167
000001cd
00000275
00000249
0000027d
000001b1
0000020d
00000179
00000193
ffffff15
fffffe83
00000049
00000075
fffffe7f
fffffae5
fffffd0d
000003ab
0000062b
0000040f
0000004d
ffffff59
ffffffc1
ffffffc1
fffffc8a
fffffad7
fffffb65
fffffae8
fffffcfa
fffffef5
fffffef5
fffffef5
fffffef5
fffffef5
fffffef5
fffffef5
fffffef5
fffffef5
fffffef5
fffffef5
fffffef5
fffffef5
fffffef5
fffffef5
fffffef5
fffffef5
fffffef5
fffffef5
fffffef5
fffffef5
fffffef5
fffffef5
fffffef5
fffffef5
fffffef5
fffffef5
fffffef5
fffffef5
ffffffbd
00000027
ffffff91
fffffebf
ffffffa7
00000175
000003eb
0000037d
00000223
000003c5
000003c3
000001c9
00000017
000002e1
00000667
00000257
00000009
fffffeb5
ffffff0d
fffffedd
fffffc7d
fffffbe7
fffffe73
00000455
000003ef
0000000f
fffffe03
fffffe99
fffffef5
fffffef5
fffffbf3
fffffda4
fffffc37
ffffff18
00000060
ffffff14
ffffff14
ffffff14
ffffff14
ffffff14
ffffff14
ffffff14
ffffff14
ffffff14
ffffff14
ffffff14
ffffff14
ffffff14
ffffff14
ffffff14
ffffff14
ffffff14
ffffff14
ffffff14
ffffff14
ffffff14
ffffff14
ffffff14
ffffff14
ffffff14
ffffff14
ffffff14
ffffff14
ffffff14
ffffff14
fffffea2
ffffffd0
ffffff42
000000c2
ffffffb4
fffffc80
fffffb96
fffffb74
fffffc76
fffffab4
fffffb52
000000e8
ffffff84
fffffd44
fffff9fe
fffffeea
00000152
000001a0
0000011a
00000104
000003fc
00000390
ffffff2e
fffff8c4
fffffb28
fffffe9e
00000018
ffffff14
ffffff14
00000466
00000554
ffffffa5
000002bf
00000241
000000b4
000000b4
000000b4
000000b4
000000b4
000000b4
000000b4
000000b4
000000b4
000000b4
000000b4
000000b4
000000b4
000000b4
000000b4
000000b4
000000b4
000000b4
000000b4
000000b4
000000b4
000000b4
000000b4
000000b4
000000b4
000000b4
000000b4
000000b4
000000b4
000000b8
00000076
00000058
ffffff8c
fffffdac
fffffcdc
fffffbac
fffffbf8
fffffd2e
fffffe96
fffffeb2
ffffff9c
0000022a
000001da
000000ea
ffffff04
0000004c
000000d8
0000009e
00000056
000000c4
000001ac
0000023a
000000f8
ffffff20
00000190
000002f8
000001c6
000000b4
000000b4
00000106
0000021f
0000009e
0000005e
0000003d
0000004c
0000004c
0000004c
0000004c
0000004c
0000004c
0000004c
0000004c
0000004c
0000004c
0000004c
0000004c
0000004c
0000004c
0000004c
0000004c
0000004c
0000004c
0000004c
0000004c
0000004c
0000004c
0000004c
0000004c
0000004c
0000004c
0000004c
0000004c
0000004c
000000e4
00000136
000001c2
ffffff70
ffffffac
000000a0
0000014c
00000014
fffffdf4
fffffe70
ffffff52
fffffe84
fffffe44
00000066
00000238
00000152
ffffffa0
fffffde0
fffffe58
ffffffde
ffffffd4
ffffff10
ffffff16
0000007e
0000019c
ffffffda
ffffffe0
ffffff90
0000004c
0000004c
0000004a
ffffffbd
00000007
0000001d
00000138
00000109
00000109
00000109
00000109
00000109
00000109
00000109
00000109
00000109
00000109
00000109
00000109
00000109
00000109
00000109
00000109
00000109
00000109
00000109
00000109
00000109
00000109
00000109
00000109
00000109
00000109
00000109
00000109
00000109
00000187
00000185
000001c7
000001e9
000001e3
000001a7
000000d9
00000093
ffffff29
ffffff3b
ffffffcf
ffffffdf
0000002b
000001cd
000002b9
000002e1
00000221
000000fb
00000157
0000019d
00000153
00000137
00000081
00000055
0000010b
000000a5
00000019
000000ad
00000109
00000109
000000a8
000000be
fffffdab
fffffebe
ffffff3f
0000005a
0000005a
0000005a
0000005a
0000005a
0000005a
0000005a
0000005a
0000005a
0000005a
0000005a
0000005a
0000005a
0000005a
0000005a
0000005a
0000005a
0000005a
0000005a
0000005a
0000005a
0000005a
0000005a
0000005a
0000005a
0000005a
0000005a
0000005a
0000005a
ffffffdc
ffffff88
000000d0
0000021e
00000302
000001d6
00000130
0000019c
000001c0
000003c6
000004a4
0000039e
000004d4
00000414
0000029a
000000da
0000008c
00000208
00000312
00000324
00000370
000003e4
00000320
ffffffec
fffffee8
fffffcca
fffffccc
fffffeec
0000005a
0000005a
000003b6
000003fd
fffffeef
ffffff2e
ffffff39
fffffe07
fffffe07
fffffe07
fffffe07
fffffe07
fffffe07
fffffe07
fffffe07
fffffe07
fffffe07
fffffe07
fffffe07
fffffe07
fffffe07
fffffe07
fffffe07
fffffe07
fffffe07
fffffe07
fffffe07
fffffe07
fffffe07
fffffe07
fffffe07
fffffe07
fffffe07
fffffe07
fffffe07
fffffe07
fffffd1b
fffffc4f
fffffbb7
fffffb85
fffffcab
ffffff1d
00000203
000004a1
000005d5
000005a7
000005bd
000003af
00000091
fffffdf3
fffffc9f
fffffba7
fffffc7f
fffffe57
fffffdb9
fffffe77
ffffffeb
00000203
0000034d
00000025
fffffed7
fffffc49
fffffc3b
fffffd21
fffffe07
fffffe07
fffffed5
fffffec7
fffffd6a
fffffcf0
fffffd5d
fffffe73
fffffe73
fffffe73
fffffe73
fffffe73
fffffe73
fffffe73
fffffe73
fffffe73
fffffe73
fffffe73
fffffe73
fffffe73
fffffe73
fffffe73
fffffe73
fffffe73
fffffe73
fffffe73
fffffe73
fffffe73
fffffe73
fffffe73
fffffe73
fffffe73
fffffe73
fffffe73
fffffe73
fffffe73
ffffff03
ffffff1b
fffffef3
ffffffed
ffffff67
ffffffbd
ffffff6f
ffffff8d
ffffff83
00000003
fffffec9
fffffe51
fffffddb
fffffdc7
fffffe73
ffffff41
fffffe2b
fffffcb3
fffffe35
fffffe1d
fffffdd5
fffffb67
fffffa6d
fffffc29
ffffff31
00000103
ffffffd5
fffffedf
fffffe73
fffffe73
00000023
0000007a
00000746
00000753
000003e6
00000087
00000087
00000087
00000087
00000087
00000087
00000087
00000087
00000087
00000087
00000087
00000087
00000087
00000087
00000087
00000087
00000087
00000087
00000087
00000087
00000087
00000087
00000087
00000087
00000087
00000087
00000087
00000087
00000087
000000d1
000000f7
ffffff99
fffffedf
fffffce1
fffffb29
fffffbbd
fffffc81
000000e7
000001df
00000483
000005cf
00000503
000005db
000006ed
00000871
0000087b
0000056b
00000209
00000169
00000021
fffffd83
fffffb0b
fffffc65
0000019d
000008e1
00000745
00000263
00000087
00000087
fffffe35
fffffb9b
fffffc05
fffffb56
fffffcd8
ffffffb0
ffffffb0
ffffffb0
ffffffb0
ffffffb0
ffffffb0
ffffffb0
ffffffb0
ffffffb0
ffffffb0
ffffffb0
ffffffb0
ffffffb0
ffffffb0
ffffffb0
ffffffb0
ffffffb0
ffffffb0
ffffffb0
ffffffb0
ffffffb0
ffffffb0
ffffffb0
ffffffb0
ffffffb0
ffffffb0
ffffffb0
ffffffb0
ffffffb0
ffffff9a
ffffffbc
ffffff46
ffffff0c
fffffdd4
fffffe26
00000076
00000092
fffffe22
fffffd28
fffffdea
fffffe2e
fffffce4
fffffdf2
00000000
000001f8
ffffffa8
fffffd56
fffffcb6
fffffd84
fffffd30
fffffd18
fffffdde
fffffff0
000000e6
fffffd8a
fffffc94
fffffe7c
ffffffb0
ffffffb0
000000be
000001e1
fffffff3
00000036
00000061
ffffffdb
ffffffdb
ffffffdb
ffffffdb
ffffffdb
ffffffdb
ffffffdb
ffffffdb
ffffffdb
ffffffdb
ffffffdb
ffffffdb
ffffffdb
ffffffdb
ffffffdb
ffffffdb
ffffffdb
ffffffdb
ffffffdb
ffffffdb
ffffffdb
ffffffdb
ffffffdb
ffffffdb
ffffffdb
ffffffdb
ffffffdb
ffffffdb
ffffffdb
ffffffdb
ffffffcb
ffffffdf
fffffecb
fffffd59
fffffd61
fffffdb1
fffffe4f
fffffebd
0000004f
00000191
00000295
000002e9
0000026b
00000181
0000009b
0000000b
ffffffe7
ffffffb9
ffffffe5
ffffffc7
0000004f
00000169
000002dd
00000377
000002b1
0000013d
0000000b
ffffffdb
ffffffdb
0000002a
00000001
000000a6
00000098
00000043
fffffe45
fffffe45
fffffe45
fffffe45
fffffe45
fffffe45
fffffe45
fffffe45
fffffe45
fffffe45
fffffe45
fffffe45
fffffe45
fffffe45
fffffe45
fffffe45
fffffe45
fffffe45
fffffe45
fffffe45
fffffe45
fffffe45
fffffe45
fffffe45
fffffe45
fffffe45
fffffe45
fffffe45
fffffe45
fffffd33
fffffcb9
fffffcb9
fffffe07
fffffdab
fffffcfd
fffffdd7
fffffe63
fffffea3
fffffeed
fffffdc1
fffffcf7
fffffbcf
fffffaeb
fffffb25
fffffdeb
ffffff17
000000bf
0000013b
ffffffef
ffffff07
fffffcab
fffffba3
fffffb9f
fffffcb7
fffffd75
fffffdf9
fffffe23
fffffe45
fffffe45
fffffe93
fffffd7d
000000cb
000000bf
000000dd
00000175
00000175
00000175
00000175
00000175
00000175
00000175
00000175
00000175
00000175
00000175
00000175
00000175
00000175
00000175
00000175
00000175
00000175
00000175
00000175
00000175
00000175
00000175
00000175
00000175
00000175
00000175
00000175
00000175
00000355
0000051d
00000617
0000053d
0000046f
0000051d
00000477
000003cb
000002c7
000002f7
0000023b
000002fd
00000353
000004b3
00000575
0000064f
000002eb
fffffff9
ffffff3f
ffffff6d
fffffff7
0000012f
0000022f
000002c5
00000237
00000375
000002c7
00000141
00000175
00000175
000000ca
000000f3
000003d8
000004e0
00000295
00000049
00000049
00000049
00000049
00000049
00000049
00000049
00000049
00000049
00000049
00000049
00000049
00000049
00000049
00000049
00000049
00000049
00000049
00000049
00000049
00000049
00000049
00000049
00000049
00000049
00000049
00000049
00000049
00000049
000000a3
0000009d
000000f9
00000061
fffffe6f
fffffa77
fffff867
fffff843
fffffa73
fffffb75
fffffccb
fffffe6b
000001d3
0000032d
000001b3
000001fd
000003cf
0000036b
00000109
000000bb
00000135
ffffff83
fffffcb5
fffffba3
fffffe65
000003cf
000003a9
00000169
00000049
00000049
000000ec
00000018
00000056
00000059
ffffffc8
ffffff9a
ffffff9a
ffffff9a
ffffff9a
ffffff9a
ffffff9a
ffffff9a
ffffff9a
ffffff9a
ffffff9a
ffffff9a
ffffff9a
ffffff9a
ffffff9a
ffffff9a
ffffff9a
ffffff9a
ffffff9a
ffffff9a
ffffff9a
ffffff9a
ffffff9a
ffffff9a
ffffff9a
ffffff9a
ffffff9a
ffffff9a
ffffff9a
ffffff9a
ffffffa6
ffffffb6
ffffff6e
0000008a
000000de
00000136
000001e8
000000ee
ffffffe0
fffffdb0
fffffe10
fffffe74
fffffcb8
fffffe40
ffffff7a
000001da
000003ea
000002a6
000000a2
ffffffae
00000150
000001c2
00000026
fffffd1c
fffffda6
fffffda0
fffffe40
ffffff64
ffffff9a
ffffff9a
000000f1
ffffff9e
fffffaec
fffffba3
fffffe80
0000003d
0000003d
0000003d
0000003d
0000003d
0000003d
0000003d
0000003d
0000003d
0000003d
0000003d
0000003d
0000003d
0000003d
0000003d
0000003d
0000003d
0000003d
0000003d
0000003d
0000003d
0000003d
0000003d
0000003d
0000003d
0000003d
0000003d
0000003d
0000003d
00000067
000000af
00000215
000001dd
000001cd
00000113
00000071
ffffff1b
fffffd59
fffffe43
fffffdb5
fffffdb7
fffffebf
fffffe85
fffffde1
fffffc39
fffffd4d
fffffe2b
ffffffc9
ffffff8f
000000d9
000003e9
000003bd
ffffffcf
fffffaf1
fffff8ed
fffffc37
00000003
0000003d
0000003d
000003c9
000004aa
ffffff67
fffffead
fffffea0
fffffeaa
fffffeaa
fffffeaa
fffffeaa
fffffeaa
fffffeaa
fffffeaa
fffffeaa
fffffeaa
fffffeaa
fffffeaa
fffffeaa
fffffeaa
fffffeaa
fffffeaa
fffffeaa
fffffeaa
fffffeaa
fffffeaa
fffffeaa
fffffeaa
fffffeaa
fffffeaa
fffffeaa
fffffeaa
fffffeaa
fffffeaa
fffffeaa
fffffeaa
fffffe94
fffffe86
fffffed8
00000090
000001ca
0000014e
ffffff8e
fffffe52
fffffe9a
fffffe8a
fffffdfe
fffffed6
00000056
00000072
ffffffb4
ffffff78
0000001e
0000014e
00000174
0000001c
ffffff82
ffffff46
ffffffc0
ffffff36
ffffff9a
fffffdb8
fffffd10
fffffe04
fffffeaa
fffffeaa
fffffed2
fffffebb
fffffe25
fffffe38
ffffff44
fffffe42
fffffe42
fffffe42
fffffe42
fffffe42
fffffe42
fffffe42
fffffe42
fffffe42
fffffe42
fffffe42
fffffe42
fffffe42
fffffe42
fffffe42
fffffe42
fffffe42
fffffe42
fffffe42
fffffe42
fffffe42
fffffe42
fffffe42
fffffe42
fffffe42
fffffe42
fffffe42
fffffe42
fffffe42
ffffff02
ffffff7e
00000012
00000180
00000364
00000284
0000006e
ffffff44
fffffee0
fffffdf8
fffffce6
fffffc5c
fffffde2
ffffff26
0000016a
00000102
fffffffe
fffffe7e
fffffe4e
fffffdc8
fffffe40
fffffd56
fffffb0c
fffffa14
fffffbc8
ffffff84
00000126
0000000c
fffffe42
fffffe42
ffffff38
00000002
fffffe40
ffffff18
ffffff2f
ffffff5e
ffffff5e
ffffff5e
ffffff5e
ffffff5e
ffffff5e
ffffff5e
ffffff5e
ffffff5e
ffffff5e
ffffff5e
ffffff5e
ffffff5e
ffffff5e
ffffff5e
ffffff5e
ffffff5e
ffffff5e
ffffff5e
ffffff5e
ffffff5e
ffffff5e
ffffff5e
ffffff5e
ffffff5e
ffffff5e
ffffff5e
ffffff5e
ffffff5e
ffffff56
ffffff60
ffffffba
ffffff98
ffffff7a
000000e8
00000158
000001e2
000001b2
000002fc
00000352
000002d8
0000010c
fffffff0
0000001a
ffffffd2
00000066
00000082
0000001e
ffffff2e
0000003c
00000216
00000266
ffffffb0
fffffde4
fffffed6
ffffffe6
00000002
ffffff5e
ffffff5e
ffffff91
000000c9
00000163
0000002d
ffffff93
0000001b
0000001b
0000001b
0000001b
0000001b
0000001b
0000001b
0000001b
0000001b
0000001b
0000001b
0000001b
0000001b
0000001b
0000001b
0000001b
0000001b
0000001b
0000001b
0000001b
0000001b
0000001b
0000001b
0000001b
0000001b
0000001b
0000001b
0000001b
0000001b
ffffffaf
ffffff9b
ffffffb5
ffffffc9
ffffff7b
ffffffbb
ffffffc7
000001b7
00000225
000001fd
0000026f
000002d9
000001e1
ffffff69
ffffff57
0000007b
00000059
00000071
000000cb
00000077
000000cf
00000101
ffffffcf
fffffe31
fffffec9
ffffff87
ffffff1d
fffffff3
0000001b
0000001b
0000013a
000000e0
00000467
0000045b
000000f8
00000108
00000108
00000108
00000108
00000108
00000108
00000108
00000108
00000108
00000108
00000108
00000108
00000108
00000108
00000108
00000108
00000108
00000108
00000108
00000108
00000108
00000108
00000108
00000108
00000108
00000108
00000108
00000108
00000108
ffffffe0
ffffff8c
ffffffd6
fffffffc
fffffee8
fffffea8
fffffe30
ffffff16
00000028
00000006
fffffe08
ffffffbe
000001e2
ffffffd4
fffffc34
fffffe72
000001aa
00000412
00000268
00000226
0000028e
00000248
00000216
0000007e
fffffffe
00000068
00000156
0000008a
00000108
00000108
00000148
0000008a
00000271
00000143
ffffff43
ffffff04
ffffff04
ffffff04
ffffff04
ffffff04
ffffff04
ffffff04
ffffff04
ffffff04
ffffff04
ffffff04
ffffff04
ffffff04
ffffff04
ffffff04
ffffff04
ffffff04
ffffff04
ffffff04
ffffff04
ffffff04
ffffff04
ffffff04
ffffff04
ffffff04
ffffff04
ffffff04
ffffff04
ffffff04
fffffe9c
fffffe96
fffffe6e
fffffe24
fffffdb6
fffffef0
00000126
00000458
00000642
0000087c
00000826
000007b0
0000071c
00000428
00000178
00000068
00000208
000000e0
ffffffd2
ffffff70
ffffff90
00000058
00000114
00000132
0000022a
00000430
0000023a
ffffff86
ffffff04
ffffff04
fffffe98
fffffd35
fffffd34
fffffcfb
fffffe2b
ffffffde
ffffffde
ffffffde
ffffffde
ffffffde
ffffffde
ffffffde
ffffffde
ffffffde
ffffffde
ffffffde
ffffffde
ffffffde
ffffffde
ffffffde
ffffffde
ffffffde
ffffffde
ffffffde
ffffffde
ffffffde
ffffffde
ffffffde
ffffffde
ffffffde
ffffffde
ffffffde
ffffffde
ffffffde
ffffff9a
ffffff7c
00000070
000000b2
00000196
0000025c
000002e2
0000020e
000000be
00000004
ffffffc6
00000000
fffffffe
ffffffd4
00000070
00000202
00000154
0000007e
000001be
0000008c
00000100
000000fe
0000013a
000000a2
00000076
fffffe0c
fffffd3a
fffffe62
ffffffde
ffffffde
fffffffc
0000008a
0000007c
00000047
0000001b
0000009d
0000009d
0000009d
0000009d
0000009d
0000009d
0000009d
0000009d
0000009d
0000009d
0000009d
0000009d
0000009d
0000009d
0000009d
0000009d
0000009d
0000009d
0000009d
0000009d
0000009d
0000009d
0000009d
0000009d
0000009d
0000009d
0000009d
0000009d
0000009d
00000019
00000043
00000047
000000bd
000000e3
0000007f
00000097
00000091
ffffff01
fffffe6b
ffffff09
fffffecb
fffffdab
fffffea1
fffffeb9
00000005
00000093
00000145
00000205
000001cd
00000163
00000061
ffffff63
ffffff6d
ffffff93
ffffffa9
ffffffd5
00000025
0000009d
0000009d
ffffffd2
0000003b
ffffff81
ffffffea
00000093
00000015
00000015
00000015
00000015
00000015
00000015
00000015
00000015
00000015
00000015
00000015
00000015
00000015
00000015
00000015
00000015
00000015
00000015
00000015
00000015
00000015
00000015
00000015
00000015
00000015
00000015
00000015
00000015
00000015
0000006b
00000059
0000006d
00000203
000002e7
000001ad
ffffffcd
fffffe49
fffffd03
fffff8fb
fffff7e1
fffff7e3
fffff8dd
fffffb3b
fffffcfd
fffffe2f
ffffff4f
ffffffd5
ffffff91
ffffffd9
fffffffd
fffffe87
fffffceb
fffffc6f
fffffb93
fffffbed
fffffe03
ffffffe1
00000015
00000015
00000093
00000049
0000016b
000000f9
ffffffbf
ffffff9d
ffffff9d
ffffff9d
ffffff9d
ffffff9d
ffffff9d
ffffff9d
ffffff9d
ffffff9d
ffffff9d
ffffff9d
ffffff9d
ffffff9d
ffffff9d
ffffff9d
ffffff9d
ffffff9d
ffffff9d
ffffff9d
ffffff9d
ffffff9d
ffffff9d
ffffff9d
ffffff9d
ffffff9d
ffffff9d
ffffff9d
ffffff9d
ffffff9d
ffffff31
fffffee9
ffffff0f
fffffddf
fffffc03
fffffa45
fffff993
fffffb4d
fffffc59
fffffc7b
fffffe7b
fffffffd
ffffff9d
ffffffad
ffffff8f
fffffeb7
ffffffa3
fffffffb
0000004b
00000009
00000075
000000a3
00000045
0000007b
00000021
00000223
00000217
0000008f
ffffff9d
ffffff9d
fffffe41
fffffe1b
00000017
0000005f
00000043
ffffffa5
ffffffa5
ffffffa5
ffffffa5
ffffffa5
ffffffa5
ffffffa5
ffffffa5
ffffffa5
ffffffa5
ffffffa5
ffffffa5
ffffffa5
ffffffa5
ffffffa5
ffffffa5
ffffffa5
ffffffa5
ffffffa5
ffffffa5
ffffffa5
ffffffa5
ffffffa5
ffffffa5
ffffffa5
ffffffa5
ffffffa5
ffffffa5
ffffffa5
fffffec1
fffffe9d
fffffe7f
0000006b
00000197
00000185
0000021b
00000393
00000323
000001ff
0000014d
000000bd
00000093
fffffe87
fffffcc9
fffffd67
0000003f
00000215
000000c5
000000d7
00000079
00000173
000002c9
00000135
00000049
fffffe79
fffffe67
fffffee3
ffffffa5
ffffffa5
ffffff56
fffffff1
ffffffca
ffffff6f
ffffffb4
ffffff6b
ffffff6b
ffffff6b
ffffff6b
ffffff6b
ffffff6b
ffffff6b
ffffff6b
ffffff6b
ffffff6b
ffffff6b
ffffff6b
ffffff6b
ffffff6b
ffffff6b
ffffff6b
ffffff6b
ffffff6b
ffffff6b
ffffff6b
ffffff6b
ffffff6b
ffffff6b
ffffff6b
ffffff6b
ffffff6b
ffffff6b
ffffff6b
ffffff6b
fffffee9
fffffe83
fffffe1d
ffffffcb
00000069
00000171
000000f5
00000131
000000c5
fffffdf9
fffffd01
fffffcab
fffffc01
fffffc43
fffffe2b
ffffff7f
ffffffd7
00000035
000000b9
0000006f
00000007
fffffeb1
fffffd81
fffffcbd
fffffcc9
fffffca9
fffffd31
fffffef1
ffffff6b
ffffff6b
ffffff38
fffffecf
00000220
000000e1
ffffffb1
ffffffe3
ffffffe3
ffffffe3
ffffffe3
ffffffe3
ffffffe3
ffffffe3
ffffffe3
ffffffe3
ffffffe3
ffffffe3
ffffffe3
ffffffe3
ffffffe3
ffffffe3
ffffffe3
ffffffe3
ffffffe3
ffffffe3
ffffffe3
ffffffe3
ffffffe3
ffffffe3
ffffffe3
ffffffe3
ffffffe3
ffffffe3
ffffffe3
ffffffe3
000000a9
000000cd
000000d7
000000a1
fffffedf
fffffd9b
fffffe05
fffffead
000000e5
000001e7
000003ad
00000517
00000535
0000045f
00000505
000004a3
00000005
fffffd8d
fffffd35
fffffed5
ffffff31
fffffe5d
fffffd37
fffffd59
00000419
000007e9
000003ed
ffffffc3
ffffffe3
ffffffe3
ffffff77
fffffe31
000001a1
00000167
00000184
0000013d
0000013d
0000013d
0000013d
0000013d
0000013d
0000013d
0000013d
0000013d
0000013d
0000013d
0000013d
0000013d
0000013d
0000013d
0000013d
0000013d
0000013d
0000013d
0000013d
0000013d
0000013d
0000013d
0000013d
0000013d
0000013d
0000013d
0000013d
0000013d
000001d1
00000199
0000019d
00000073
0000001b
fffffe19
fffffcd1
fffffd19
fffffbf1
fffffa45
fffffa77
fffffb45
fffffad9
fffffb6d
fffffdf3
fffffea5
ffffff37
fffffe9d
ffffff45
0000004d
fffffe2b
fffffef1
fffffdf7
ffffff8f
ffffff03
00000141
000000ad
0000005f
0000013d
0000013d
ffffff6b
0000000a
ffffffb9
ffffff8a
fffffe41
fffffec4
fffffec4
fffffec4
fffffec4
fffffec4
fffffec4
fffffec4
fffffec4
fffffec4
fffffec4
fffffec4
fffffec4
fffffec4
fffffec4
fffffec4
fffffec4
fffffec4
fffffec4
fffffec4
fffffec4
fffffec4
fffffec4
fffffec4
fffffec4
fffffec4
fffffec4
fffffec4
fffffec4
fffffec4
fffffe62
fffffe9e
fffffe0a
fffffe04
ffffff8e
00000242
00000366
00000252
000001ba
000001a0
0000024e
0000018e
ffffff4e
fffffe02
ffffff16
0000000c
ffffff82
fffffef6
fffffeaa
fffffe28
fffffece
ffffff48
00000020
fffffe46
fffffc9a
fffffd44
ffffff80
ffffff4a
fffffec4
fffffec4
fffffebc
fffffe1e
fffffe47
ffffffd8
ffffffff
ffffff1c
ffffff1c
ffffff1c
ffffff1c
ffffff1c
ffffff1c
ffffff1c
ffffff1c
ffffff1c
ffffff1c
ffffff1c
ffffff1c
ffffff1c
ffffff1c
ffffff1c
ffffff1c
ffffff1c
ffffff1c
ffffff1c
ffffff1c
ffffff1c
ffffff1c
ffffff1c
ffffff1c
ffffff1c
ffffff1c
ffffff1c
ffffff1c
ffffff1c
fffffef6
fffffe82
ffffff14
fffffff8
00000158
000001ce
00000190
000001aa
0000014e
fffffea6
fffffe06
fffffc5a
fffffc72
fffffb58
fffffbe8
fffffcba
ffffff06
0000000a
ffffffb4
ffffffc2
ffffff7a
00000058
00000118
fffffdb2
fffffbb6
fffff9e0
fffffba4
fffffdcc
ffffff1c
ffffff1c
ffffff72
00000005
00000420
000002e5
000000e1
ffffffce
ffffffce
ffffffce
ffffffce
ffffffce
ffffffce
ffffffce
ffffffce
ffffffce
ffffffce
ffffffce
ffffffce
ffffffce
ffffffce
ffffffce
ffffffce
ffffffce
ffffffce
ffffffce
ffffffce
ffffffce
ffffffce
ffffffce
ffffffce
ffffffce
ffffffce
ffffffce
ffffffce
ffffffce
ffffff70
fffffec0
fffffde0
fffffd12
fffffbfe
fffffb70
fffffc84
fffffd5c
fffffd3c
fffffdb0
ffffff54
ffffffe2
ffffff22
ffffff38
ffffffe0
00000070
000001d2
0000016e
00000058
00000060
0000002c
ffffff92
fffffe8e
ffffffce
00000064
00000036
ffffffb2
ffffffac
ffffffce
ffffffce
fffffccf
fffffb8f
0000033d
000000d4
ffffffba
ffffffab
ffffffab
ffffffab
ffffffab
ffffffab
ffffffab
ffffffab
ffffffab
ffffffab
ffffffab
ffffffab
ffffffab
ffffffab
ffffffab
ffffffab
ffffffab
ffffffab
ffffffab
ffffffab
ffffffab
ffffffab
ffffffab
ffffffab
ffffffab
ffffffab
ffffffab
ffffffab
ffffffab
ffffffab
ffffff3b
fffffee5
fffffe3d
fffffffb
fffffed7
fffffd05
fffffd43
fffffdc3
ffffff07
fffffd03
ffffff3f
00000077
fffffdf3
fffffdd1
000000f3
000003d7
000001bb
ffffff93
ffffff4f
fffffef9
000000f5
ffffffd3
fffffbdb
fffffb45
0000024f
0000048b
00000261
00000077
ffffffab
ffffffab
fffffea0
fffffac9
fffffe6b
ffffffc8
0000001c
00000107
00000107
00000107
00000107
00000107
00000107
00000107
00000107
00000107
00000107
00000107
00000107
00000107
00000107
00000107
00000107
00000107
00000107
00000107
00000107
00000107
00000107
00000107
00000107
00000107
00000107
00000107
00000107
00000107
000000cd
00000117
00000047
00000121
00000175
0000014d
0000004d
0000019f
0000023d
0000036d
00000197
ffffffc1
0000008b
ffffff55
fffffdcd
fffffb7d
fffffd39
00000041
00000197
000001a5
00000195
000002d5
00000277
0000019f
00000309
000000a7
fffffef3
0000001d
00000107
00000107
000002dd
000003b5
ffffffca
fffffff1
0000004c
ffffffb9
ffffffb9
ffffffb9
ffffffb9
ffffffb9
ffffffb9
ffffffb9
ffffffb9
ffffffb9
ffffffb9
ffffffb9
ffffffb9
ffffffb9
ffffffb9
ffffffb9
ffffffb9
ffffffb9
ffffffb9
ffffffb9
ffffffb9
ffffffb9
ffffffb9
ffffffb9
ffffffb9
ffffffb9
ffffffb9
ffffffb9
ffffffb9
ffffffb9
0000005d
00000029
ffffffa5
fffffe67
ffffff11
00000009
000000e9
00000131
00000231
000001a9
ffffffe5
fffffee1
00000029
00000165
0000023f
00000131
000001cd
0000015f
fffffffd
ffffffaf
ffffff17
fffffde9
fffffd8b
ffffff17
ffffffc9
fffffeeb
fffffefb
ffffffc5
ffffffb9
ffffffb9
ffffff93
ffffffb0
0000000a
ffffffd4
ffffffea
ffffff87
ffffff87
ffffff87
ffffff87
ffffff87
ffffff87
ffffff87
ffffff87
ffffff87
ffffff87
ffffff87
ffffff87
ffffff87
ffffff87
ffffff87
ffffff87
ffffff87
ffffff87
ffffff87
ffffff87
ffffff87
ffffff87
ffffff87
ffffff87
ffffff87
ffffff87
ffffff87
ffffff87
ffffff87
ffffff21
fffffed1
fffffe9f
fffffef3
fffffe5d
fffffdab
fffffe2f
0000011f
0000029f
00000337
00000187
0000008f
0000013d
ffffffd1
fffffe05
fffffd7b
fffffe5b
ffffffbd
ffffffcf
00000003
ffffff51
fffffe4d
fffffddb
fffffe3d
ffffffb3
ffffff51
fffffe35
fffffec7
ffffff87
ffffff87
0000001f
ffffff93
fffffeb1
fffffe59
ffffff81
ffffff87
ffffff87
ffffff87
ffffff87
ffffff87
ffffff87
ffffff87
ffffff87
ffffff87
ffffff87
ffffff87
ffffff87
ffffff87
ffffff87
ffffff87
ffffff87
ffffff87
ffffff87
ffffff87
ffffff87
ffffff87
ffffff87
ffffff87
ffffff87
ffffff87
ffffff87
ffffff87
ffffff87
ffffff87
fffffe71
fffffe45
fffffcef
fffffbe1
fffffa03
fffffbbd
fffffe8b
000000c9
ffffff75
000000e9
00000173
00000139
fffffdaf
fffffb65
fffffb49
fffffaf3
fffffbb3
fffffe6b
ffffffa5
00000025
000000ab
00000257
0000040f
000001cd
fffffcd3
fffff93b
fffffba9
fffffea5
ffffff87
ffffff87
fffffe0e
ffffff67
ffffff0e
fffffd46
ffffff05
ffffffdf
ffffffdf
ffffffdf
ffffffdf
ffffffdf
ffffffdf
ffffffdf
ffffffdf
ffffffdf
ffffffdf
ffffffdf
ffffffdf
ffffffdf
ffffffdf
ffffffdf
ffffffdf
ffffffdf
ffffffdf
ffffffdf
ffffffdf
ffffffdf
ffffffdf
ffffffdf
ffffffdf
ffffffdf
ffffffdf
ffffffdf
ffffffdf
ffffffdf
00000079
000000a3
00000011
ffffffe7
000000d5
0000030b
00000347
000002c5
00000303
000002f7
0000028d
00000001
0000006b
000002b7
000003cd
00000279
000000b9
ffffffb1
ffffffe5
0000005f
fffffefd
fffffe1f
fffffe43
00000131
000002df
000001f7
ffffff2d
ffffff35
ffffffdf
ffffffdf
fffffe9c
fffffe64
fffffc25
fffffd13
fffffe84
ffffffcb
ffffffcb
ffffffcb
ffffffcb
ffffffcb
ffffffcb
ffffffcb
ffffffcb
00000087
00000313
00000521
00000537
00000839
000006fd
0000041f
00000167
ffffffc1
00000071
000000ed
000000f9
0000012b
00000169
00000157
000000c5
ffffffed
ffffff27
fffffe41
fffffcad
fffffd2f
fffffeb5
ffffff17
00000047
000000cb
000000bb
0000007b
fffffff7
fffffdf1
fffffd15
fffffc2b
fffffc5f
fffffddb
fffffe63
ffffff69
ffffffcb
ffffffcb
ffffffcb
ffffffcb
ffffffcb
ffffffcb
ffffffcb
ffffffcb
ffffffcb
ffffffcb
ffffffcb
ffffffcb
ffffffcb
ffffffcb
ffffffcb
ffffffcb
000003a3
0000045c
fffffa18
fffffbb9
fffffe22
ffffff8e
ffffff8e
ffffff8e
ffffff8e
ffffff8e
ffffff8e
ffffff8e
ffffff8e
ffffff68
00000104
00000184
ffffff96
fffffd4e
000001fc
00000538
00000406
00000114
fffffe50
fffffe96
ffffff0c
fffffe50
fffffc6a
fffffbea
fffffb22
fffffb42
fffffc74
ffffff82
fffffff0
fffffda2
fffffe8e
0000006e
000002e8
000002e8
000001ce
0000016e
00000162
ffffffda
fffffe8a
fffffec2
ffffff36
ffffffb6
0000003c
fffffff2
ffffff8e
ffffff8e
ffffff8e
ffffff8e
ffffff8e
ffffff8e
ffffff8e
ffffff8e
ffffff8e
ffffff8e
ffffff8e
ffffff8e
ffffff8e
ffffff8e
ffffff8e
ffffff8e
ffffffbf
0000032d
000000d6
00000041
0000004f
000001e3
000001e3
000001e3
000001e3
000001e3
000001e3
000001e3
000001e3
00000267
00000267
0000035d
00000425
ffffffc1
fffffc7d
fffffa9f
fffffcaf
ffffffcf
fffffdfd
fffffe0b
fffffedd
ffffff41
0000008f
000001a3
0000022f
000002d1
00000369
000005e1
000007db
0000060f
0000050f
000002e9
00000185
000002d3
00000405
00000523
00000607
000007b9
000006fb
00000621
0000050f
0000030f
000002b7
000001f3
000001e3
000001e3
000001e3
000001e3
000001e3
000001e3
000001e3
000001e3
000001e3
000001e3
000001e3
000001e3
000001e3
000001e3
000001e3
000001e3
fffffe84
0000001a
fffffd61
fffffd87
fffffeaa
00000067
00000067
00000067
00000067
00000067
00000067
00000067
00000067
000000dd
000000b9
000001a9
0000019f
0000013f
00000243
0000016f
000000f9
000000c9
ffffff49
fffffeaf
fffffe93
fffffe0d
fffffd25
fffffb93
fffffaaf
fffff997
fffffa6b
fffffb7b
fffffc81
fffffe0d
ffffffe9
0000004d
000000df
000000fd
00000091
0000009d
000000f1
00000101
0000011f
000001eb
00000137
00000107
000000db
00000083
00000067
00000067
00000067
00000067
00000067
00000067
00000067
00000067
00000067
00000067
00000067
00000067
00000067
00000067
00000067
00000067
000002b0
000002df
fffffda7
fffffd63
ffffff79
000000b8
000000b8
000000b8
000000b8
000000b8
000000b8
000000b8
000000b8
000000e4
0000018a
00000232
000002f2
000001d6
000000c8
000000a0
000001aa
ffffff72
fffffeb6
fffffde4
fffffdbe
fffffdc2
fffffd9a
fffffd34
fffffcc0
fffffc12
fffffd3c
fffffeb6
ffffff06
0000010c
00000296
0000036c
00000468
00000432
00000422
000003b4
00000444
00000364
00000292
000001ec
0000010a
000000fc
000000d4
000000b8
000000b8
000000b8
000000b8
000000b8
000000b8
000000b8
000000b8
000000b8
000000b8
000000b8
000000b8
000000b8
000000b8
000000b8
000000b8
000000b8
00000210
0000023b
fffffe84
ffffff4a
fffffed3
0000011b
0000011b
0000011b
0000011b
0000011b
0000011b
0000011b
0000011b
00000095
00000193
00000021
ffffffb9
000001e5
000002c9
0000039d
00000447
000003d9
000000b7
ffffff1d
fffffebf
fffffea9
fffffe33
fffffe43
fffffe35
fffffd8b
0000006f
000000d9
ffffffc1
fffffd93
fffffcc3
fffffe5b
00000045
000000df
000000cb
00000051
ffffff1d
fffffe87
fffffe1f
fffffe2d
fffffed3
ffffffa5
00000049
000000b9
0000011b
0000011b
0000011b
0000011b
0000011b
0000011b
0000011b
0000011b
0000011b
0000011b
0000011b
0000011b
0000011b
0000011b
0000011b
0000011b
00000178
000001cb
fffff8e2
fffff7b3
fffffc65
0000000c
0000000c
0000000c
0000000c
0000000c
0000000c
0000000c
0000000c
ffffff8e
0000002c
0000023e
00000202
0000052c
0000081e
00000eb4
00000eb4
00000b1c
000003ea
000000a0
ffffffc2
fffffed8
fffffd1e
fffffb34
fffff8b2
fffff550
fffff702
fffff9a0
fffffb44
fffffaf8
fffffdce
fffffe8e
00000280
000001e0
0000009a
ffffff3e
fffffe80
ffffff2c
fffffeaa
fffffe4a
fffffe0a
fffffea0
fffffe94
ffffff66
0000000c
0000000c
0000000c
0000000c
0000000c
0000000c
0000000c
0000000c
0000000c
0000000c
0000000c
0000000c
0000000c
0000000c
0000000c
0000000c
00000363
0000062d
000000a8
000000b8
000000ce
00000028
00000028
00000028
00000028
00000028
00000028
00000028
00000028
ffffffe8
ffffff26
ffffff10
ffffff50
00000000
ffffff16
fffffd4c
fffffc98
fffffc4c
fffffda4
ffffff22
00000020
00000038
0000005a
00000004
0000006a
0000012a
000001f6
00000094
00000140
000002ca
000003c4
00000390
0000027a
00000226
0000022a
0000021c
000002ac
0000020a
00000100
00000080
000000d4
00000034
0000003c
0000001a
00000028
00000028
00000028
00000028
00000028
00000028
00000028
00000028
00000028
00000028
00000028
00000028
00000028
00000028
00000028
00000028
00000077
00000014
fffffc0c
fffffc48
fffffd55
fffffe2c
fffffe2c
fffffe2c
fffffe2c
fffffe2c
fffffe2c
fffffe2c
fffffe2c
fffffed8
000001b8
00000236
00000140
0000049c
00000818
0000075e
000004be
000003ea
00000410
00000312
000002b4
00000248
00000134
00000062
000000de
ffffff7a
fffffdd2
ffffff16
fffffd22
ffffff2a
00000130
0000016c
000000e2
00000096
0000009a
0000005c
ffffffe0
fffffde6
fffffe82
fffffec8
fffffef8
fffffeda
fffffeb4
fffffe8a
fffffe2c
fffffe2c
fffffe2c
fffffe2c
fffffe2c
fffffe2c
fffffe2c
fffffe2c
fffffe2c
fffffe2c
fffffe2c
fffffe2c
fffffe2c
fffffe2c
fffffe2c
fffffe2c
000004d2
00000460
000000e2
ffffff90
fffffff2
ffffffa9
ffffffa9
ffffffa9
ffffffa9
ffffffa9
ffffffa9
ffffffa9
ffffffa9
ffffff71
fffffe2d
fffffeaf
000000cb
fffffe77
fffffc09
fffffbe1
ffffff0d
ffffff25
ffffff51
0000008d
00000073
000000bf
000000f7
00000185
00000137
0000025d
00000163
0000020b
00000053
fffffec7
fffffded
fffffdd9
fffffe6b
fffffeff
ffffff8f
ffffff51
fffffefb
fffffff1
ffffff59
ffffff63
fffffff9
ffffff65
ffffff31
ffffff73
ffffffa9
ffffffa9
ffffffa9
ffffffa9
ffffffa9
ffffffa9
ffffffa9
ffffffa9
ffffffa9
ffffffa9
ffffffa9
ffffffa9
ffffffa9
ffffffa9
ffffffa9
ffffffa9
fffffd49
fffffce9
0000045c
00000474
000001de
fffffff4
fffffff4
fffffff4
fffffff4
fffffff4
fffffff4
fffffff4
fffffff4
ffffffa8
fffffd56
fffffd6c
fffffe36
fffffdd4
fffffebc
fffffcce
fffffaba
fffffc68
ffffff64
0000000a
000000f2
00000048
ffffff92
ffffffa4
000000a2
000001fc
000003ee
0000042c
000004b8
0000055c
0000053a
0000028c
fffffeb4
fffffef2
ffffffce
0000006c
00000122
00000206
0000031a
000005a2
000004fa
0000028a
00000182
00000084
fffffff4
fffffff4
fffffff4
fffffff4
fffffff4
fffffff4
fffffff4
fffffff4
fffffff4
fffffff4
fffffff4
fffffff4
fffffff4
fffffff4
fffffff4
fffffff4
fffffe6b
fffffd4a
fffffe35
fffffea0
ffffff2b
fffffff4
fffffff4
fffffff4
fffffff4
fffffff4
fffffff4
fffffff4
fffffff4
ffffffe2
ffffff70
00000222
0000006e
ffffffe4
00000452
000004f0
0000039c
00000196
00000058
0000005a
0000003c
000000cc
00000262
000003ec
0000039e
00000392
00000294
000001f0
ffffffd4
fffffdb0
ffffffac
ffffffc8
00000064
ffffffc8
ffffffa6
000000a8
000000e0
ffffff74
fffffd48
fffffd14
fffffcb8
fffffe24
ffffff30
ffffffb0
fffffff4
fffffff4
fffffff4
fffffff4
fffffff4
fffffff4
fffffff4
fffffff4
fffffff4
fffffff4
fffffff4
fffffff4
fffffff4
fffffff4
fffffff4
fffffff4
ffffff46
00000137
00000279
000001f4
000000dc
ffffffe6
ffffffe6
ffffffe6
ffffffe6
ffffffe6
ffffffe6
ffffffe6
ffffffe6
fffffffc
fffffed6
00000040
ffffffe6
fffffc7e
fffffd80
ffffffa4
00000046
00000126
0000027a
000001da
0000023c
00000308
00000438
000005ea
00000602
00000756
0000078c
000004dc
00000448
000001d8
00000134
000000b4
00000104
000001b8
000001a4
000001fe
000001ec
00000148
0000005a
00000108
00000046
ffffff9c
ffffffc8
ffffffd0
ffffffe6
ffffffe6
ffffffe6
ffffffe6
ffffffe6
ffffffe6
ffffffe6
ffffffe6
ffffffe6
ffffffe6
ffffffe6
ffffffe6
ffffffe6
ffffffe6
ffffffe6
ffffffe6
fffffbc5
fffffbf5
fffffbfd
fffffb25
fffffdca
0000008b
0000008b
0000008b
0000008b
0000008b
0000008b
0000008b
0000008b
00000005
0000006b
000001ad
000001ab
000003f9
000005bd
00000865
0000091d
00000629
0000033d
000001b5
00000111
00000179
000001bf
00000257
0000010d
ffffffc5
fffffd0f
fffffd4b
fffffbe3
fffffacd
fffffcf3
fffffe8d
000002bf
00000219
000001b3
00000159
000000a3
fffffff1
fffffe9f
fffffd75
fffffd6d
ffffff4f
ffffffed
00000037
0000008b
0000008b
0000008b
0000008b
0000008b
0000008b
0000008b
0000008b
0000008b
0000008b
0000008b
0000008b
0000008b
0000008b
0000008b
0000008b
ffffffe9
0000032d
00000101
fffffd86
fffffd82
ffffffc1
ffffffc1
ffffffc1
ffffffc1
ffffffc1
ffffffc1
ffffffc1
ffffffc1
ffffffbd
0000004d
ffffff3f
00000087
0000030b
00000241
ffffffb7
0000003b
000002a7
00000261
000000dd
000000bb
00000081
ffffffe5
0000012d
00000209
000000ff
fffffe2d
fffffdb9
fffffe83
fffffed5
fffffe57
fffffcb5
fffffca3
fffffdc1
fffffdf7
fffffdff
fffffd8f
fffffdcd
ffffff15
ffffffdd
fffffff5
ffffffcf
ffffffd1
ffffff93
ffffffc1
ffffffc1
ffffffc1
ffffffc1
ffffffc1
ffffffc1
ffffffc1
ffffffc1
ffffffc1
ffffffc1
ffffffc1
ffffffc1
ffffffc1
ffffffc1
ffffffc1
ffffffc1
00000039
fffffeaf
00000655
00000538
00000167
000000f1
000000f1
000000f1
000000f1
000000f1
000000f1
000000f1
000000f1
000000f7
0000013f
0000001f
0000015b
00000071
fffffbbd
fffff951
fffff983
fffffc95
fffffeb9
ffffffbf
00000071
0000001b
ffffffeb
0000013d
00000307
000005f7
000007c5
00000947
00000885
0000071d
00000359
ffffff3d
fffffd6d
fffffe3d
ffffff03
ffffff71
000000db
00000337
000004c9
00000419
0000022b
00000061
0000006d
00000081
000000f1
000000f1
000000f1
000000f1
000000f1
000000f1
000000f1
000000f1
000000f1
000000f1
000000f1
000000f1
000000f1
000000f1
000000f1
000000f1
fffffdaa
fffffbcc
00000015
ffffff6e
00000039
ffffff60
ffffff60
ffffff60
ffffff60
ffffff60
ffffff60
ffffff60
ffffff60
fffffef2
fffffe60
fffffe2e
ffffffdc
fffffe00
fffffb58
fffffdde
ffffffc2
ffffff2e
fffffefc
ffffff72
00000070
000000b8
00000132
000001d6
00000290
0000021c
000001f6
0000026c
00000260
00000230
ffffff00
ffffffda
000000a8
000000ee
00000104
0000008e
000000c6
00000124
000000dc
00000022
fffffff0
ffffff88
ffffff2c
ffffff5e
ffffff60
ffffff60
ffffff60
ffffff60
ffffff60
ffffff60
ffffff60
ffffff60
ffffff60
ffffff60
ffffff60
ffffff60
ffffff60
ffffff60
ffffff60
ffffff60
fffffc6f
fffffc70
0000014b
0000029c
000002c7
00000261
00000261
00000261
00000261
00000261
00000261
00000261
00000261
000002c5
000002e9
00000193
00000165
000000d1
000001d5
000001ad
ffffffc3
fffffcb1
fffffcb9
fffffd99
fffffdc3
fffffd7f
fffffc97
fffffc71
fffffcfb
fffffe87
00000071
00000225
0000023d
000001f3
000000cb
000000c9
00000187
000002e3
0000036d
00000325
00000279
0000036b
0000041f
0000041b
0000037f
00000249
0000025b
0000028d
00000261
00000261
00000261
00000261
00000261
00000261
00000261
00000261
00000261
00000261
00000261
00000261
00000261
00000261
00000261
00000261
00000234
00000257
000000e9
00000048
000000ad
0000014d
0000014d
0000014d
0000014d
0000014d
0000014d
0000014d
0000014d
0000003f
ffffff11
ffffff75
fffffea1
fffffc77
fffffb4d
fffffd01
fffffe2f
fffffd59
fffffbef
fffffb23
fffffb25
fffffb21
fffffb11
fffffb37
fffffb5b
fffffc7b
fffffd9f
fffffd33
fffffdcd
fffffdb3
fffffd2b
fffffcff
fffffe77
fffffeb1
fffffeb3
fffffddd
fffffd33
fffffca7
fffffca3
fffffddb
ffffffab
00000057
0000006b
00000115
0000014d
0000014d
0000014d
0000014d
0000014d
0000014d
0000014d
0000014d
0000014d
0000014d
0000014d
0000014d
0000014d
0000014d
0000014d
0000014d
0000007a
000000a3
fffffd10
fffffdd0
fffffea5
ffffff11
ffffff11
ffffff11
ffffff11
ffffff11
ffffff11
ffffff11
ffffff11
fffffe99
fffffe93
fffffead
ffffff0f
000000a9
00000323
00000585
000004cd
0000038d
00000285
0000010b
00000065
ffffff67
fffffe8d
fffffe53
fffffe7d
fffffedb
fffffebd
fffffd65
fffffdf3
fffffe41
ffffffeb
fffffff7
00000029
0000001d
0000001b
00000023
ffffffe1
fffffe51
fffffdd7
fffffe1f
fffffeeb
ffffff05
ffffff09
ffffff25
ffffff11
ffffff11
ffffff11
ffffff11
ffffff11
ffffff11
ffffff11
ffffff11
ffffff11
ffffff11
ffffff11
ffffff11
ffffff11
ffffff11
ffffff11
ffffff11
00000161
0000029d
fffffbf4
fffffc72
fffffe58
ffffff58
ffffff58
ffffff58
ffffff58
ffffff58
ffffff58
ffffff58
ffffff58
ffffffbc
00000220
00000052
00000058
00000498
000002ca
ffffff0c
000001aa
ffffffec
fffffe90
fffffffe
00000020
ffffff74
fffffe3c
fffffb1e
fffff966
fffff4ee
fffff3ae
fffff548
fffff73c
fffffaec
fffffb40
fffffc48
fffffd7e
fffffeae
ffffff40
fffffe2a
fffffd78
fffffece
ffffffec
ffffff8a
ffffff6a
ffffff0c
ffffff10
fffffeee
ffffff58
ffffff58
ffffff58
ffffff58
ffffff58
ffffff58
ffffff58
ffffff58
ffffff58
ffffff58
ffffff58
ffffff58
ffffff58
ffffff58
ffffff58
ffffff58
000004b5
000003f0
ffffffe9
fffffff4
00000086
00000068
00000068
00000068
00000068
00000068
00000068
00000068
00000068
000000ba
00000042
000000e4
0000000c
000001a6
0000057a
0000036a
00000032
ffffffde
ffffff62
fffffee6
ffffff62
fffffe6e
fffffdb6
fffffcf4
fffffce0
fffffb5e
fffffd4e
fffffe46
00000130
00000184
000001d4
0000009e
00000020
00000088
0000007a
000000b0
00000056
ffffff60
fffffff0
00000172
0000018c
000000e6
00000126
000000b6
00000068
00000068
00000068
00000068
00000068
00000068
00000068
00000068
00000068
00000068
00000068
00000068
00000068
00000068
00000068
00000068
0000032b
000002a8
ffffff76
ffffff82
fffffe33
fffffe08
fffffe08
fffffe08
fffffe08
fffffe08
fffffe08
fffffe08
fffffe08
fffffdde
fffffe94
fffffe12
fffffdaa
fffffe80
fffffee2
fffffed0
fffffe84
fffffee4
0000018e
000001a6
00000126
0000019a
00000234
00000286
00000192
fffffe66
fffffef8
00000050
ffffffe0
fffffe80
ffffff7e
fffffffa
00000060
0000014c
00000158
00000186
00000212
000001ec
0000009a
fffffeb6
fffffe02
fffffdbc
fffffdf0
fffffe04
fffffe08
fffffe08
fffffe08
fffffe08
fffffe08
fffffe08
fffffe08
fffffe08
fffffe08
fffffe08
fffffe08
fffffe08
fffffe08
fffffe08
fffffe08
fffffe08
fffffe89
fffffe74
00000282
000002d6
000001c6
0000010a
0000010a
0000010a
0000010a
0000010a
0000010a
0000010a
0000010a
00000138
00000072
ffffffe2
fffffff2
00000218
00000220
ffffffba
fffffd90
fffffd20
fffffdd2
ffffff02
ffffff4c
fffffede
fffffdb2
fffffce8
fffffe10
fffffde0
fffffdea
ffffff66
000001ac
000003e8
0000018a
fffffed8
fffffe06
fffffea4
ffffff46
ffffff8e
ffffffba
00000202
0000049e
000004c4
00000306
0000014a
000000f2
000000e8
0000010a
0000010a
0000010a
0000010a
0000010a
0000010a
0000010a
0000010a
0000010a
0000010a
0000010a
0000010a
0000010a
0000010a
0000010a
0000010a
000001d1
0000016d
fffffbd3
fffffbc5
fffffd80
00000059
00000059
00000059
00000059
00000059
00000059
00000059
00000059
ffffff65
00000139
00000173
000001ef
00000689
0000098d
000009b7
0000087d
000004cf
000002d7
00000101
00000065
00000021
000000b7
00000029
ffffffdd
fffffec1
fffffe1f
fffffd6f
fffffc23
fffffc3f
fffffe97
ffffff05
000000a3
ffffffef
ffffff51
ffffff79
fffffecb
fffffe1f
fffffd6f
fffffbf3
fffffb01
fffffd7b
fffffe6f
ffffffb5
00000059
00000059
00000059
00000059
00000059
00000059
00000059
00000059
00000059
00000059
00000059
00000059
00000059
00000059
00000059
00000059
0000032d
00000527
00000200
00000209
00000121
00000038
00000038
00000038
00000038
00000038
00000038
00000038
00000038
ffffffca
ffffff34
fffffe9c
fffffe76
fffffece
0000006c
000000ec
00000020
ffffff4e
ffffffb0
ffffff9a
ffffff48
fffffeb4
fffffe12
fffffed6
00000198
000003a2
000003ea
000002d6
00000170
0000029c
0000028c
00000230
00000168
00000158
00000124
000001bc
0000018c
0000005c
ffffffb0
fffffeee
fffffe5e
ffffff14
ffffffa0
ffffffee
00000038
00000038
00000038
00000038
00000038
00000038
00000038
00000038
00000038
00000038
00000038
00000038
00000038
00000038
00000038
00000038
00000006
00000012
000003a8
000002a2
00000144
ffffffb4
ffffffb4
ffffffb4
ffffffb4
ffffffb4
ffffffb4
ffffffb4
ffffffb4
fffffffc
ffffffa2
ffffff7a
ffffffd0
000000aa
ffffff78
fffffb12
fffffb2a
fffffcb6
fffffe36
00000098
0000011e
000000f2
00000146
00000110
00000054
00000138
000000e4
00000222
000002e2
00000212
ffffffc0
fffffe2c
fffffd74
fffffd9e
fffffdb0
fffffd70
fffffda8
00000000
000001de
00000236
0000017e
fffffffc
ffffff4e
ffffff6c
ffffffb4
ffffffb4
ffffffb4
ffffffb4
ffffffb4
ffffffb4
ffffffb4
ffffffb4
ffffffb4
ffffffb4
ffffffb4
ffffffb4
ffffffb4
ffffffb4
ffffffb4
ffffffb4
ffffff91
fffffd2d
fffffbe0
fffffcdd
fffffd6b
ffffff13
ffffff13
ffffff13
ffffff13
ffffff13
ffffff13
ffffff13
ffffff13
ffffff49
000000d7
0000027b
00000215
ffffff55
000000b7
000002db
000003ef
0000033d
000001f9
00000175
000000ed
0000016d
00000195
ffffff55
fffffdc5
fffffea9
fffffe65
fffffdd3
fffffc55
fffffa33
fffffa7b
fffffbff
fffffeef
ffffffcd
ffffff45
fffffef5
fffffe91
fffffe05
fffffccb
fffffc3d
fffffc91
fffffd71
fffffe67
fffffec5
ffffff13
ffffff13
ffffff13
ffffff13
ffffff13
ffffff13
ffffff13
ffffff13
ffffff13
ffffff13
ffffff13
ffffff13
ffffff13
ffffff13
ffffff13
ffffff13
ffffff54
000002c1
ffffff59
ffffffd8
ffffff9f
ffffff4e
ffffff4e
ffffff4e
ffffff4e
ffffff4e
ffffff4e
ffffff4e
ffffff4e
ffffffe8
ffffffd8
0000006c
fffffeb6
fffffe08
fffffef0
fffffff0
ffffff7c
ffffff76
000000cc
000000ac
ffffffae
ffffffd2
ffffffac
ffffff10
ffffff54
fffffff8
00000006
00000092
000000a0
0000004a
000000de
0000009c
000000fa
00000188
0000024c
000002aa
000001c4
0000004c
ffffff44
ffffff22
fffffed4
ffffff62
ffffffa6
ffffffa2
ffffff4e
ffffff4e
ffffff4e
ffffff4e
ffffff4e
ffffff4e
ffffff4e
ffffff4e
ffffff4e
ffffff4e
ffffff4e
ffffff4e
ffffff4e
ffffff4e
ffffff4e
ffffff4e
0000007f
00000032
fffffcdf
fffffda5
00000024
00000060
00000060
00000060
00000060
00000060
00000060
00000060
00000060
000000d0
00000118
0000022e
000002d2
0000032c
000001d6
00000332
00000514
00000328
00000120
ffffffcc
ffffffe4
ffffff74
fffffe90
fffffdee
fffffd88
fffffd76
ffffff4e
ffffff7e
ffffff4c
fffffe86
fffffee2
fffffff6
00000166
000001d2
00000232
000001de
0000020c
000001dc
0000013c
000000fe
000001b0
0000016a
000000ba
0000006e
00000060
00000060
00000060
00000060
00000060
00000060
00000060
00000060
00000060
00000060
00000060
00000060
00000060
00000060
00000060
00000060
0000023b
0000026a
00000076
0000005c
ffffff92
ffffffe0
ffffffe0
ffffffe0
ffffffe0
ffffffe0
ffffffe0
ffffffe0
ffffffe0
ffffff9e
ffffff1e
ffffff10
ffffff26
ffffff00
ffffff38
ffffff62
fffffffe
00000044
000000ba
fffffff8
00000028
00000062
000000c4
0000028c
000004a4
0000068a
000008c4
00000934
0000087a
0000074a
000005c0
000003ec
00000356
000004c0
00000540
0000055a
000004fc
00000438
000003b2
000002f4
00000262
000000c4
00000056
ffffffe4
ffffffe0
ffffffe0
ffffffe0
ffffffe0
ffffffe0
ffffffe0
ffffffe0
ffffffe0
ffffffe0
ffffffe0
ffffffe0
ffffffe0
ffffffe0
ffffffe0
ffffffe0
ffffffe0
ffffff5c
ffffff85
ffffffa4
fffffff4
fffffffc
ffffff75
ffffff75
ffffff75
ffffff75
ffffff75
ffffff75
ffffff75
ffffff75
ffffff83
ffffff43
0000023d
00000063
fffffe33
ffffffe5
fffffff1
ffffff5f
00000001
0000001d
0000011b
000000a1
00000135
0000017f
000000ad
000000f7
0000015d
fffffef3
fffffd43
fffffabd
fffff913
fffffa47
fffffc79
fffffee3
fffffec7
fffffe8f
fffffe7d
ffffff23
ffffff49
fffffe59
ffffff21
fffffeab
ffffff2d
ffffff99
ffffffb7
ffffff75
ffffff75
ffffff75
ffffff75
ffffff75
ffffff75
ffffff75
ffffff75
ffffff75
ffffff75
ffffff75
ffffff75
ffffff75
ffffff75
ffffff75
ffffff75
fffffe87
ffffff58
fffffe18
fffffe5d
fffffe6c
ffffff47
ffffff47
ffffff47
ffffff47
ffffff47
ffffff47
ffffff47
ffffff47
ffffff6f
ffffff7d
000000c7
ffffffe7
ffffff25
0000024b
0000032f
00000305
00000275
00000173
00000201
00000203
000001fb
0000005b
fffffebb
fffffe13
fffffe79
fffffcd1
fffffe45
000000db
fffffdbf
fffffb47
fffff811
fffff6ab
fffff783
fffff7ef
fffff859
fffff8b9
fffff9dd
fffffa1f
fffffacd
fffffb9f
fffffccb
fffffe3b
fffffeed
ffffff47
ffffff47
ffffff47
ffffff47
ffffff47
ffffff47
ffffff47
ffffff47
ffffff47
ffffff47
ffffff47
ffffff47
ffffff47
ffffff47
ffffff47
ffffff47
0000008f
000001cd
ffffff1f
fffffeee
fffffed0
ffffff6a
ffffff6a
ffffff6a
ffffff6a
ffffff6a
ffffff6a
ffffff6a
ffffff6a
ffffff36
fffffe24
fffffe1e
fffffece
ffffff4c
ffffff7e
ffffff3a
fffffeee
ffffff5e
00000166
0000000e
ffffffae
ffffff82
ffffff9c
ffffff7e
fffffec6
fffffeba
00000146
ffffffba
fffffe92
ffffffae
000001be
0000042c
00000682
000006d0
00000604
00000554
0000049e
000003e4
00000324
00000294
0000011c
0000004a
ffffff98
ffffff50
ffffff6a
ffffff6a
ffffff6a
ffffff6a
ffffff6a
ffffff6a
ffffff6a
ffffff6a
ffffff6a
ffffff6a
ffffff6a
ffffff6a
ffffff6a
ffffff6a
ffffff6a
ffffff6a
ffffff60
ffffffe5
00000051
0000021a
ffffffbe
fffffe8c
fffffe8c
fffffe8c
fffffe8c
fffffe8c
fffffe8c
fffffe8c
fffffe8c
fffffecc
ffffff74
fffffd3a
fffffc16
fffffc74
fffffdc8
fffffe74
fffffa8e
fffffa5e
fffffe82
00000054
00000068
00000004
ffffff80
ffffff38
fffffd94
fffffc34
fffffd3c
fffffdbc
fffffdaa
fffffd3c
fffffea6
000000b2
00000004
ffffffae
ffffff78
ffffff00
fffffe8c
fffffeae
ffffff4c
ffffff16
fffffefe
fffffeca
ffffff38
fffffebe
fffffe8c
fffffe8c
fffffe8c
fffffe8c
fffffe8c
fffffe8c
fffffe8c
fffffe8c
fffffe8c
fffffe8c
fffffe8c
fffffe8c
fffffe8c
fffffe8c
fffffe8c
fffffe8c
fffffeaa
0000002e
000003a2
000001f9
00000061
fffffffe
fffffffe
fffffffe
fffffffe
fffffffe
fffffffe
fffffffe
fffffffe
ffffff78
fffffddc
fffffd30
fffffef6
ffffff4c
fffffe9a
fffff910
fffff858
fffffbe8
fffffece
00000036
0000008a
00000168
00000286
000002ac
00000192
ffffffb0
fffffe86
0000004e
000002e2
00000182
00000106
ffffff2c
fffffbb6
fffffb36
fffffba2
fffffc82
fffffe8e
000000b2
00000176
00000224
000001d4
00000156
00000124
00000074
fffffffe
fffffffe
fffffffe
fffffffe
fffffffe
fffffffe
fffffffe
fffffffe
fffffffe
fffffffe
fffffffe
fffffffe
fffffffe
fffffffe
fffffffe
fffffffe
fffffc20
fffffba9
0000028d
0000015b
ffffff71
ffffff41
ffffff41
ffffff41
ffffff41
ffffff41
ffffff41
ffffff41
ffffff41
fffffe21
fffffd73
fffffc87
fffffd75
ffffffe7
000000c7
00000037
00000043
000000dd
000001ed
00000193
0000013f
000001db
000002ef
000003a9
00000525
0000059d
000006d3
00000639
0000091d
00000983
00000ad3
000007e9
000003f9
00000343
00000405
00000505
00000593
000005b3
00000569
00000411
0000032f
00000159
00000087
0000003b
ffffff41
ffffff41
ffffff41
ffffff41
ffffff41
ffffff41
ffffff41
ffffff41
ffffff41
ffffff41
ffffff41
ffffff41
ffffff41
ffffff41
ffffff41
ffffff41
fffffd48
fffffc45
0000014a
ffffffce
ffffff8c
fffffffc
fffffffc
fffffffc
fffffffc
fffffffc
fffffffc
fffffffc
fffffffc
ffffffc6
fffffdea
fffffe44
ffffff9c
fffff9c8
fffff7cc
fffffbda
ffffffc6
000001b8
00000082
000000ae
00000034
000000a4
0000019c
000002fa
000003b0
00000530
000001e4
000000a2
ffffff34
fffffd4e
fffffd44
fffffcc6
fffffd62
fffffe1e
fffffdf0
fffffdda
fffffe20
fffffeae
fffffdd8
fffffe3e
ffffff2a
ffffff86
ffffffee
00000010
fffffffc
fffffffc
fffffffc
fffffffc
fffffffc
fffffffc
fffffffc
fffffffc
fffffffc
fffffffc
fffffffc
fffffffc
fffffffc
fffffffc
fffffffc
fffffffc
fffffbd9
fffffcca
00000070
0000002c
00000003
000000b2
000000b2
000000b2
000000b2
000000b2
000000b2
000000b2
000000b2
000000c4
00000140
000001d4
00000190
00000000
ffffffce
ffffff56
fffffef2
fffffeca
fffffdba
fffffdfc
fffffea0
fffffeb0
fffffed8
000000b4
000002e8
000004d2
00000512
00000586
0000049c
000002f2
00000128
ffffffdc
ffffff1a
ffffff92
00000002
00000004
ffffff86
0000003e
000000a8
000000ec
0000019a
000000f8
000000d2
000000a8
000000b2
000000b2
000000b2
000000b2
000000b2
000000b2
000000b2
000000b2
000000b2
000000b2
000000b2
000000b2
000000b2
000000b2
000000b2
000000b2
ffffffe9
0000001c
000000ab
00000324
000001e9
00000207
00000207
00000207
00000207
00000207
00000207
00000207
00000207
00000245
000002bb
00000379
00000657
000003f7
0000030b
ffffff17
fffffbe5
fffffbeb
fffffcff
fffffdaf
fffffe1f
fffffe59
fffffe77
fffffe8f
ffffff09
ffffff2d
000000d9
ffffffd1
fffffd2f
000001ad
000001c7
ffffff9d
fffffe97
ffffff8d
ffffff27
ffffff87
fffffe2f
fffffdc3
ffffff51
000001f1
000002e3
0000029b
000002af
000001e3
00000207
00000207
00000207
00000207
00000207
00000207
00000207
00000207
00000207
00000207
00000207
00000207
00000207
00000207
00000207
00000207
00000179
00000263
000001cd
ffffff73
ffffff72
fffffff0
fffffff0
fffffff0
fffffff0
fffffff0
fffffff0
fffffff0
fffffff0
ffffffb6
fffffe96
ffffffce
000001be
00000058
0000008e
000001ba
0000010c
0000016e
0000011e
00000072
ffffffe4
fffffff2
00000094
000002fc
000004b0
00000462
00000348
000000d2
ffffff12
fffffe44
fffffda0
fffffdd6
fffffeca
fffffe76
fffffe80
ffffff68
ffffffc2
ffffff10
fffffe90
fffffef4
fffffec8
ffffffce
ffffffee
ffffffe2
fffffff0
fffffff0
fffffff0
fffffff0
fffffff0
fffffff0
fffffff0
fffffff0
fffffff0
fffffff0
fffffff0
fffffff0
fffffff0
fffffff0
fffffff0
fffffff0
fffffce7
fffffcaa
fffffde9
fffffd89
ffffff2b
00000040
00000040
00000040
00000040
00000040
00000040
00000040
00000040
000000e2
0000014c
000000d4
000000f2
000000b4
00000142
00000438
000006c0
00000536
00000236
0000005c
0000009c
000000d2
000000d0
0000007e
ffffffc4
fffffef2
ffffff38
ffffff0e
fffffd4c
fffffbf0
fffffb4c
fffffca8
fffffe3a
fffffeea
ffffff38
fffffe78
fffffdc2
fffffe20
fffffea2
ffffff8c
00000008
ffffffbe
ffffffce
0000003a
00000040
00000040
00000040
00000040
00000040
00000040
00000040
00000040
00000040
00000040
00000040
00000040
00000040
00000040
00000040
00000040
ffffff49
0000001b
000003c2
0000038a
000002c5
000000a0
000000a0
000000a0
000000a0
000000a0
000000a0
000000a0
000000a0
ffffffa4
0000003c
fffffe7a
fffffd18
fffffdfe
00000000
fffffe68
fffffbb8
fffffb4a
fffffd52
fffffe22
fffffe8c
fffffe48
fffffdc4
fffffed8
0000007a
00000144
000000e4
00000214
00000280
000003c4
00000386
000002bc
0000008c
fffffffe
0000005c
00000058
0000002a
fffffff8
00000050
00000132
0000018c
0000014a
00000130
000000dc
000000a0
000000a0
000000a0
000000a0
000000a0
000000a0
000000a0
000000a0
000000a0
000000a0
000000a0
000000a0
000000a0
000000a0
000000a0
000000a0
0000011f
00000033
ffffff1d
ffffff75
ffffff71
ffffffa2
ffffffa2
ffffffa2
ffffffa2
ffffffa2
ffffffa2
ffffffa2
ffffffa2
fffffecc
ffffff4a
fffffdc0
fffffc34
fffffd96
ffffff94
ffffff52
00000006
fffffe4e
fffffd8e
ffffff0a
fffffef0
fffffe9c
fffffd14
fffffa42
fffff8be
fffff85c
fffffa1c
fffffd40
ffffffec
fffffee8
fffffd1a
fffffd3c
fffffedc
fffffeea
fffffe56
fffffde6
fffffd96
fffffe52
fffffec4
fffffe3a
fffffe40
fffffefe
ffffff3a
ffffff60
ffffffa2
ffffffa2
ffffffa2
ffffffa2
ffffffa2
ffffffa2
ffffffa2
ffffffa2
ffffffa2
ffffffa2
ffffffa2
ffffffa2
ffffffa2
ffffffa2
ffffffa2
ffffffa2
000002a8
00000236
fffffc07
fffffc2a
ffffff4e
00000029
00000029
00000029
00000029
00000029
00000029
00000029
00000029
0000007b
0000006f
0000010b
00000075
0000013b
0000019d
00000357
000005e3
000004d9
00000169
ffffff87
ffffff69
fffffead
fffffd19
fffffb73
fffff901
fffff6cf
fffff7b5
fffff927
fffffc75
fffffdc5
fffffe8b
fffffe4f
fffffea3
fffffecd
ffffff35
fffffec5
fffffe4b
fffffead
ffffffc1
0000013d
000002c7
00000241
00000199
000000af
00000029
00000029
00000029
00000029
00000029
00000029
00000029
00000029
00000029
00000029
00000029
00000029
00000029
00000029
00000029
00000029
000001cb
00000300
ffffff84
00000160
0000019c
0000011c
0000011c
0000011c
0000011c
0000011c
0000011c
0000011c
0000011c
000000ee
0000011c
000000d4
ffffff48
fffffefa
ffffff16
000001a4
00000134
ffffffd8
fffffefc
ffffff12
fffffeb4
fffffec8
fffffef8
fffffec4
fffffeac
ffffffe0
0000003a
ffffffdc
fffffea2
ffffff0e
000000aa
00000290
00000348
0000026a
00000244
000001da
00000212
000001a4
0000009c
0000000a
00000014
0000007a
0000006e
000000f8
0000011c
0000011c
0000011c
0000011c
0000011c
0000011c
0000011c
0000011c
0000011c
0000011c
0000011c
0000011c
0000011c
0000011c
0000011c
0000011c
000000bd
000001a7
fffffdfd
fffffc85
fffffdcb
ffffff0e
ffffff0e
ffffff0e
ffffff0e
ffffff0e
ffffff0e
ffffff0e
ffffff0e
fffffecc
ffffff08
fffffed4
00000096
00000270
000002ba
00000606
000006c2
00000478
0000021c
00000086
00000080
0000016a
00000278
0000043c
0000056c
000003f2
00000256
0000006c
fffffd38
fffffbee
fffffb54
fffffcbe
0000000c
000000f0
00000014
ffffffa6
ffffffb0
ffffff58
fffffeac
fffffe58
fffffd7c
fffffdbc
fffffdd0
fffffeac
ffffff0e
ffffff0e
ffffff0e
ffffff0e
ffffff0e
ffffff0e
ffffff0e
ffffff0e
ffffff0e
ffffff0e
ffffff0e
ffffff0e
ffffff0e
ffffff0e
ffffff0e
ffffff0e
fffffe1b
fffffde5
ffffff62
fffffeb5
fffffe6c
fffffeac
fffffeac
fffffeac
fffffeac
fffffeac
fffffeac
fffffeac
fffffeac
fffffe88
fffffeee
fffffdf8
fffffeae
00000156
0000008c
ffffff76
fffffef0
ffffffa6
000000e2
0000011a
00000112
0000016a
00000196
0000027a
000003c6
00000336
0000000e
fffffc9a
fffffb76
fffffd68
fffffece
fffffe7e
fffffd5c
fffffd4e
fffffdb0
fffffddc
fffffd6e
fffffcca
fffffdc6
fffffebc
ffffff58
ffffff2a
fffffee6
fffffeb0
fffffeac
fffffeac
fffffeac
fffffeac
fffffeac
fffffeac
fffffeac
fffffeac
fffffeac
fffffeac
fffffeac
fffffeac
fffffeac
fffffeac
fffffeac
fffffeac
ffffff53
ffffffa4
00000271
0000020a
000001b5
000000cf
000000cf
000000cf
000000cf
000000cf
000000cf
000000cf
000000cf
000000f5
00000029
000000c3
ffffff29
fffffef3
000000ed
ffffffeb
fffffd5b
fffffdcb
fffffecb
ffffff17
ffffff4b
ffffffab
ffffff71
fffffe9f
ffffff5f
ffffff83
fffffd49
fffffae3
fffff979
fffffba1
fffffd37
fffffc7d
fffffb77
fffffaad
fffffaed
fffffb99
fffffb73
fffffaef
fffffb6d
fffffd85
fffffe0f
00000023
000000dd
000000ed
000000cf
000000cf
000000cf
000000cf
000000cf
000000cf
000000cf
000000cf
000000cf
000000cf
000000cf
000000cf
000000cf
000000cf
000000cf
000000cf
000001df
00000099
fffffc31
fffffd35
fffffdc8
ffffff22
ffffff22
ffffff22
ffffff22
ffffff22
ffffff22
ffffff22
ffffff22
00000084
0000015e
0000036a
0000032a
00000100
000002be
000003a2
000001a8
00000186
000001b0
00000134
000000dc
000001ac
00000152
ffffff66
fffffdbc
ffffff22
fffffd50
fffffe52
fffffe80
fffffe1a
ffffff84
ffffff0e
ffffff72
0000007e
00000128
000000e0
000000b6
0000016a
0000013e
000001ee
00000144
00000004
ffffffbe
ffffff76
ffffff22
ffffff22
ffffff22
ffffff22
ffffff22
ffffff22
ffffff22
ffffff22
ffffff22
ffffff22
ffffff22
ffffff22
ffffff22
ffffff22
ffffff22
ffffff22
ffffffe0
00000435
0000004e
00000089
00000042
0000004b
0000004b
0000004b
0000004b
0000004b
0000004b
0000004b
0000004b
000000a9
0000004f
000000f3
0000010d
ffffff11
ffffff19
fffffec3
fffffdc1
fffffdb9
ffffff7b
ffffff27
ffffffb7
00000011
00000181
000001cf
00000283
000003fb
000007a3
00000805
00000751
0000062b
0000042d
00000203
000000cf
000000f9
00000139
00000111
00000105
000000c9
0000004f
000000bd
000000b9
0000006d
0000004d
00000057
0000004b
0000004b
0000004b
0000004b
0000004b
0000004b
0000004b
0000004b
0000004b
0000004b
0000004b
0000004b
0000004b
0000004b
0000004b
0000004b
00000060
0000005e
0000035d
000001f7
00000021
ffffff22
ffffff22
ffffff22
ffffff22
ffffff22
ffffff22
ffffff22
ffffff22
ffffff30
fffffec2
fffffdec
fffffdda
fffffdf6
fffffbe6
fffff96a
fffff94e
fffffbb0
fffffd86
ffffffb2
000000b0
000000ee
000001d4
00000338
0000046e
0000047e
0000031c
00000208
000000ee
ffffff8e
fffffc9c
fffffba6
fffffc6e
fffffd50
fffffe5a
fffffdd4
fffffd96
fffffe0a
fffffe56
ffffff22
ffffffea
ffffff8a
ffffff6c
ffffff5a
ffffff22
ffffff22
ffffff22
ffffff22
ffffff22
ffffff22
ffffff22
ffffff22
ffffff22
ffffff22
ffffff22
ffffff22
ffffff22
ffffff22
ffffff22
ffffff22
fffffc5d
fffffb98
ffffffaf
0000011e
000000f9
000000b6
000000b6
000000b6
000000b6
000000b6
000000b6
000000b6
000000b6
000000dc
000000ea
00000324
000001f6
000001ce
00000080
ffffff94
fffffe6c
fffffdac
fffffe7e
ffffff5a
ffffff56
ffffffc4
00000116
00000166
00000078
ffffffb8
ffffff76
ffffffa0
ffffff60
ffffff48
0000002e
0000001a
000000c4
00000066
00000056
00000104
000000fa
ffffffd4
ffffff74
fffffe86
fffffee8
00000016
0000007e
000000a0
000000b6
000000b6
000000b6
000000b6
000000b6
000000b6
000000b6
000000b6
000000b6
000000b6
000000b6
000000b6
000000b6
000000b6
000000b6
000000b6
000000f2
0000010f
0000002f
ffffffd5
000000a0
0000016b
0000016b
0000016b
0000016b
0000016b
0000016b
0000016b
0000016b
000000bd
000001dd
0000004b
ffffffb3
00000047
000000e9
000000c5
00000227
0000025f
fffffff5
fffffe89
fffffe91
fffffe93
fffffe57
fffffd27
fffffd8b
fffffd9d
fffffe51
fffffd51
fffffedf
ffffffc7
ffffffc1
00000023
000001e9
000001d1
0000016d
00000117
0000008b
00000041
0000005d
0000000b
00000001
0000012b
00000133
0000013d
0000016b
0000016b
0000016b
0000016b
0000016b
0000016b
0000016b
0000016b
0000016b
0000016b
0000016b
0000016b
0000016b
0000016b
0000016b
0000016b
00000198
00000186
000005a7
00000504
0000021a
0000004c
0000004c
0000004c
0000004c
0000004c
0000004c
0000004c
0000004c
ffffffd4
fffffdb6
fffffd64
fffffe38
fffffeaa
fffffb44
fffff752
fffff7e8
fffffa30
fffffce6
fffffeda
ffffffd8
ffffffe2
000000ac
00000152
0000022e
00000352
000002fa
0000043c
00000550
00000724
0000062c
0000031e
ffffff38
ffffff08
ffffff82
ffffffa8
00000112
00000332
000004ca
00000644
000004e4
000002a0
0000017c
000000a6
0000004c
0000004c
0000004c
0000004c
0000004c
0000004c
0000004c
0000004c
0000004c
0000004c
0000004c
0000004c
0000004c
0000004c
0000004c
0000004c
fffffd93
fffffb1b
fffffc4e
fffffcfc
fffffd65
ffffff28
ffffff28
ffffff28
ffffff28
ffffff28
ffffff28
ffffff28
ffffff28
ffffff9a
000000a0
000003ac
000001dc
00000048
0000014a
000002a6
0000033c
00000390
000001a8
00000180
0000011c
000001b8
000001d6
ffffffd4
fffffeb4
00000022
fffffece
fffffe44
fffffd90
fffffa5c
fffffb70
fffffc82
fffffea0
ffffff22
fffffe90
fffffe58
fffffe8a
fffffe04
fffffc72
fffffc16
fffffc36
fffffd7c
fffffeac
ffffff04
ffffff28
ffffff28
ffffff28
ffffff28
ffffff28
ffffff28
ffffff28
ffffff28
ffffff28
ffffff28
ffffff28
ffffff28
ffffff28
ffffff28
ffffff28
ffffff28
ffffff60
000002d7
0000037c
000002e6
000002bc
0000012f
0000012f
0000012f
0000012f
0000012f
0000012f
0000012f
0000012f
00000001
000000ff
fffffcfd
fffffc29
fffffee5
fffffb35
fffffa4d
fffffb65
fffffbf9
fffffd6d
fffffdef
fffffe09
fffffda9
fffffec3
00000147
000002a9
000001f1
000003d9
000003d9
000001f5
00000263
00000203
00000393
00000333
000002bd
0000028f
00000239
000001ab
00000179
000001b9
0000011b
00000137
0000018b
00000133
0000014f
0000012f
0000012f
0000012f
0000012f
0000012f
0000012f
0000012f
0000012f
0000012f
0000012f
0000012f
0000012f
0000012f
0000012f
0000012f
0000012f
0000004d
fffffcf8
00000247
000001b6
00000171
000000a9
000000a9
000000a9
000000a9
000000a9
000000a9
000000a9
000000a9
0000004f
ffffff83
fffffec5
00000037
00000095
00000029
fffffe6f
fffffdbf
fffffe55
fffffeff
00000017
00000073
00000073
00000009
ffffff89
fffffe77
fffffdad
fffffe39
fffffeb1
ffffff1d
ffffff5f
fffffedb
fffffeb7
fffffe4f
fffffe0f
fffffe3f
fffffe17
fffffeb5
0000001d
000000cd
0000018d
000001b7
000000f5
000000eb
000000b5
000000a9
000000a9
000000a9
000000a9
000000a9
000000a9
000000a9
000000a9
000000a9
000000a9
000000a9
000000a9
000000a9
000000a9
000000a9
000000a9
fffffe57
fffffdd6
fffffdf7
ffffffb1
fffffff9
ffffff0a
ffffff0a
ffffff0a
ffffff0a
ffffff0a
ffffff0a
ffffff0a
ffffff0a
0000003c
000003b2
00000342
0000043c
000005c0
00000768
00000796
000004be
000001ba
0000011a
000000d8
000000fc
0000001e
ffffff8c
ffffff2a
fffffed8
fffffe80
fffffd90
fffffd32
fffff9c6
fffffa7a
fffffa7c
fffffb1e
fffffbde
fffffb6a
fffffb32
fffffa58
fffff9a8
fffff9a2
fffffa70
fffffba0
fffffd66
fffffee4
ffffff4a
ffffff5e
ffffff0a
ffffff0a
ffffff0a
ffffff0a
ffffff0a
ffffff0a
ffffff0a
ffffff0a
ffffff0a
ffffff0a
ffffff0a
ffffff0a
ffffff0a
ffffff0a
ffffff0a
ffffff0a
000001ec
0000032b
00000517
000002b4
000000cd
ffffff81
ffffff81
ffffff81
ffffff81
ffffff81
ffffff81
ffffff81
ffffff81
ffffff01
fffffd6d
fffffc47
fffffddf
fffffe3f
fffffb6b
fffff8cd
fffffaa5
fffffd8d
fffffe41
ffffff13
00000011
ffffff85
ffffff41
ffffffc9
000000a3
00000223
000002cb
000002ff
00000409
000003b3
00000125
ffffff11
fffffe55
ffffff77
000000f3
000000f1
000000a3
00000265
0000036b
00000393
000003bf
000001e9
00000139
00000039
ffffff81
ffffff81
ffffff81
ffffff81
ffffff81
ffffff81
ffffff81
ffffff81
ffffff81
ffffff81
ffffff81
ffffff81
ffffff81
ffffff81
ffffff81
ffffff81
fffffc8e
fffffa15
ffffff5d
ffffff64
ffffff8c
00000034
00000034
00000034
00000034
00000034
00000034
00000034
00000034
00000160
00000180
000001e6
000002e2
000001ca
00000108
0000009e
00000014
00000024
0000001e
0000004e
00000026
00000090
0000012c
0000007e
ffffff0c
fffffc7c
fffffa0e
fffff8ba
fffff6c0
fffff872
fffffa92
fffffbd8
fffffd9e
fffffd78
fffffcf6
fffffd34
fffffce6
fffffdac
fffffdb0
fffffdfc
fffffe9e
ffffff86
00000010
0000003a
00000034
00000034
00000034
00000034
00000034
00000034
00000034
00000034
00000034
00000034
00000034
00000034
00000034
00000034
00000034
00000034
00000063
000000f5
fffffc32
fffffc61
fffffc80
fffffd01
fffffd01
fffffd01
fffffd01
fffffd01
fffffd01
fffffd01
fffffd01
fffffd15
ffffff7b
fffffe97
ffffffc1
000001dd
0000020d
fffffe3f
fffffd55
fffffdb7
fffffd0f
fffffde9
fffffdb7
fffffdcf
fffffd7f
fffffd6b
fffffe01
fffffdbf
fffffc59
fffff949
fffff8cb
fffffb01
fffffc97
fffffcd9
fffffd4d
fffffcd1
fffffc51
fffffbc9
fffffaa7
fffff9b7
fffffa2d
fffffa75
fffffb37
fffffbf7
fffffc65
fffffc9d
fffffd01
fffffd01
fffffd01
fffffd01
fffffd01
fffffd01
fffffd01
fffffd01
fffffd01
fffffd01
fffffd01
fffffd01
fffffd01
fffffd01
fffffd01
fffffd01
fffffff8
00000091
0000010a
000000b4
000000fe
fffffec5
fffffec5
fffffec5
fffffec5
fffffec5
fffffec5
fffffec5
fffffec5
fffffe9d
fffffdc5
fffffd03
fffffe23
00000157
00000165
00000087
fffffea9
fffffdc3
ffffff61
00000145
00000189
0000018d
000001e3
0000018b
0000013b
000000b9
ffffff19
ffffff17
fffffdd9
000000bd
ffffff15
fffffe99
fffffd93
fffffd09
fffffd11
fffffcad
fffffc5d
fffffc1b
fffffd7f
ffffff05
fffffea5
fffffee9
fffffeb9
fffffebf
fffffec5
fffffec5
fffffec5
fffffec5
fffffec5
fffffec5
fffffec5
fffffec5
fffffec5
fffffec5
fffffec5
fffffec5
fffffec5
fffffec5
fffffec5
fffffec5
00000012
fffffee1
fffffef3
fffffda4
fffffe0d
fffffe74
fffffe74
fffffe74
fffffe74
fffffe74
fffffe74
fffffe74
fffffe74
fffffece
fffffef8
fffffed0
fffffe12
0000004a
fffffe3e
fffffe62
0000013a
0000024a
00000268
000001a2
00000222
0000020a
000001a6
00000092
0000000e
ffffff2e
ffffffae
000001e4
fffffff2
fffffe56
fffffb3c
fffff9fc
fffffb24
fffffb4a
fffffba0
fffffb8e
fffffc0e
fffffde8
fffffede
fffffea4
fffffd4c
fffffdfe
fffffe3c
fffffe40
fffffe74
fffffe74
fffffe74
fffffe74
fffffe74
fffffe74
fffffe74
fffffe74
fffffe74
fffffe74
fffffe74
fffffe74
fffffe74
fffffe74
fffffe74
fffffe74
fffffe92
fffffe8d
fffffc8b
fffffb22
fffffd14
ffffff11
ffffff11
ffffff11
ffffff11
ffffff11
ffffff11
ffffff11
ffffff11
ffffff6d
ffffff33
000000bb
000000d9
ffffffb7
fffffe41
fffffe43
00000209
0000041f
00000219
000000d5
0000006f
00000135
00000209
0000037f
00000237
ffffffd5
fffffecb
ffffff03
fffffbcf
fffffb29
fffffc7f
fffffcc5
ffffff03
ffffff59
ffffff77
ffffffc9
ffffff6b
fffffed7
fffffeed
fffffdaf
fffffd47
fffffdb9
fffffe19
fffffecd
ffffff11
ffffff11
ffffff11
ffffff11
ffffff11
ffffff11
ffffff11
ffffff11
ffffff11
ffffff11
ffffff11
ffffff11
ffffff11
ffffff11
ffffff11
ffffff11
fffffe63
fffffe70
00000174
000000bc
0000003d
ffffff11
ffffff11
ffffff11
ffffff11
ffffff11
ffffff11
ffffff11
ffffff11
fffffe2d
fffffe77
fffffd4f
fffffcff
fffffde5
ffffff5f
fffffe8b
fffffe51
fffffe0b
fffffe51
ffffff63
00000061
00000079
0000008f
00000235
00000387
000004b7
00000429
00000115
fffffed3
ffffffd3
fffffedd
00000003
0000001f
0000001f
ffffffe7
fffffeef
fffffd75
fffffd2f
fffffd45
fffffd7f
fffffe43
fffffe6f
fffffea7
fffffee3
ffffff11
ffffff11
ffffff11
ffffff11
ffffff11
ffffff11
ffffff11
ffffff11
ffffff11
ffffff11
ffffff11
ffffff11
ffffff11
ffffff11
ffffff11
ffffff11
fffffdb9
fffffda4
fffffd03
fffffd93
fffffe31
ffffff33
ffffff33
ffffff33
ffffff33
ffffff33
ffffff33
ffffff33
ffffff33
ffffff8f
ffffff85
00000159
000000e3
00000289
00000383
00000453
0000033d
00000347
0000019b
00000111
000000c7
00000025
fffffe9f
fffffda5
fffffd6d
fffffe1d
fffffe6b
ffffffa5
0000004b
ffffff03
fffffec3
fffffde5
fffffeaf
fffffe99
fffffeff
ffffff2d
ffffff75
ffffffa5
ffffffb1
0000000d
ffffffbf
ffffff7f
ffffff6d
ffffff53
ffffff33
ffffff33
ffffff33
ffffff33
ffffff33
ffffff33
ffffff33
ffffff33
ffffff33
ffffff33
ffffff33
ffffff33
ffffff33
ffffff33
ffffff33
ffffff33
000001bb
000002e2
fffffc28
fffffb95
fffffbc5
fffffd00
fffffd00
fffffd00
fffffd00
fffffd00
fffffd00
fffffd00
fffffd00
fffffc0e
fffffab6
fffffb1a
fffffbf6
ffffff38
00000234
000003de
0000059e
000005e8
000003b0
000002a6
00000246
00000178
000000bc
fffffd56
fffffcce
fffffcf4
fffffcec
fffffc9c
ffffff08
fffffea0
fffffff2
fffffff0
fffffecc
fffffe1e
fffffdb0
fffffe96
ffffff6c
fffffed0
fffffd7c
fffffca6
fffffd1c
fffffd6e
fffffd6a
fffffd1c
fffffd00
fffffd00
fffffd00
fffffd00
fffffd00
fffffd00
fffffd00
fffffd00
fffffd00
fffffd00
fffffd00
fffffd00
fffffd00
fffffd00
fffffd00
fffffd00
fffffe83
fffffef6
00000063
000000a9
00000236
00000347
00000347
00000347
00000347
00000347
00000347
00000347
00000347
000002cd
00000129
0000021f
00000241
000001f9
000000f7
0000007b
0000022d
00000093
fffffe17
fffffd4b
fffffc4d
fffffc6d
fffffcc9
fffffdab
ffffffc3
00000101
00000237
00000141
000000a3
fffffe6b
00000195
00000375
0000067b
00000679
000005ff
00000653
0000060f
00000557
0000036d
000001dd
000001f7
00000303
00000321
00000337
00000347
00000347
00000347
00000347
00000347
00000347
00000347
00000347
00000347
00000347
00000347
00000347
00000347
00000347
00000347
00000347
00000301
0000026a
000001e5
00000166
0000025e
0000018b
0000018b
0000018b
0000018b
0000018b
0000018b
0000018b
0000018b
00000081
fffffed9
fffffeab
fffffeb9
fffffbdd
fffff9eb
fffffb29
fffffdb1
fffffc4b
fffffd05
fffffd81
fffffdf7
fffffeeb
0000006d
00000113
000000f3
0000018d
000002b3
0000038b
000001f7
fffffdf3
fffffc51
fffffd29
fffffdeb
fffffe67
fffffe7f
fffffdcd
fffffde3
ffffff4d
fffffe9b
fffffe89
fffffe3f
fffffe01
ffffff7f
000000df
0000018b
0000018b
0000018b
0000018b
0000018b
0000018b
0000018b
0000018b
0000018b
0000018b
0000018b
0000018b
0000018b
0000018b
0000018b
0000018b
fffffd0a
fffffd75
00000039
00000045
0000000f
000000b5
000000b5
000000b5
000000b5
000000b5
000000b5
000000b5
000000b5
0000005b
00000195
000002dd
0000018d
000002f1
00000217
fffffefd
fffffe39
ffffffd5
ffffff61
fffffe2d
fffffd53
fffffcb3
fffffc61
fffffbc7
fffffc7d
ffffff07
0000010b
00000345
0000037f
00000209
000002ef
000002f9
0000033f
0000029b
00000231
000002c1
0000039d
00000467
000003f7
00000213
00000041
000000d5
0000010d
000000ab
000000b5
000000b5
000000b5
000000b5
000000b5
000000b5
000000b5
000000b5
000000b5
000000b5
000000b5
000000b5
000000b5
000000b5
000000b5
000000b5
00000242
000001e8
00000112
00000169
00000162
000000a2
000000a2
000000a2
000000a2
000000a2
000000a2
000000a2
000000a2
00000104
000000c0
00000188
0000019e
ffffff7c
0000003a
ffffffd2
ffffff14
fffffe62
ffffff0e
ffffff8a
ffffff4c
ffffff96
000000a6
ffffffd8
ffffffca
00000166
0000012c
00000166
0000014a
00000140
000001cc
0000012a
000000dc
000000de
0000009e
000000b6
000000ea
000000d8
fffffff8
00000000
00000004
0000004a
00000098
0000009c
000000a2
000000a2
000000a2
000000a2
000000a2
000000a2
000000a2
000000a2
000000a2
000000a2
000000a2
000000a2
000000a2
000000a2
000000a2
000000a2
000000c6
00000116
00000054
00000056
00000081
00000085
00000085
00000085
00000085
00000085
00000085
00000085
00000085
0000007f
00000021
0000011f
0000009b
ffffff85
00000089
00000015
ffffffb7
fffffebb
fffffe05
fffffefb
ffffff7b
fffffea1
fffffe2b
fffffe7d
ffffff83
00000041
00000261
00000389
000004e1
00000511
000004cb
0000029d
00000165
00000177
000001c5
00000187
0000013d
000001e1
00000207
0000029f
000001ef
00000111
000000d5
00000051
00000085
00000085
00000085
00000085
00000085
00000085
00000085
00000085
00000085
00000085
00000085
00000085
00000085
00000085
00000085
00000085
000000ca
000000b3
fffffee2
fffffef7
fffffd30
fffffc53
fffffc53
fffffc53
fffffc53
fffffc53
fffffc53
fffffc53
fffffc53
fffffc31
fffffc8f
fffffb17
fffff99d
fffffc1b
fffffd73
fffffce1
fffffd97
fffffe97
00000241
000002af
000002b5
00000229
0000015f
000000e9
00000257
00000243
00000275
ffffffbd
fffffd1b
fffffdc3
fffffdcf
fffffefd
fffffeed
ffffff39
ffffff09
ffffff2b
fffffe43
fffffd7b
fffffd45
fffffcb5
fffffca7
fffffccd
fffffcc3
fffffc5d
fffffc53
fffffc53
fffffc53
fffffc53
fffffc53
fffffc53
fffffc53
fffffc53
fffffc53
fffffc53
fffffc53
fffffc53
fffffc53
fffffc53
fffffc53
fffffc53
fffffef1
fffffd43
fffffd13
ffffff0c
ffffffd9
fffffeb5
fffffeb5
fffffeb5
fffffeb5
fffffeb5
fffffeb5
fffffeb5
fffffeb5
ffffff79
000001cf
00000183
fffffef7
000003f5
00000681
00000483
000000f3
fffffd0f
fffffcd7
ffffff6f
0000006d
00000033
ffffffcd
fffffeeb
fffffc87
fffff9ad
fffff79d
fffff989
fffffe17
00000021
ffffffe7
000000db
00000009
0000007b
000000d7
ffffff87
ffffff15
ffffff55
00000071
0000018b
000001d1
000000a7
ffffffd1
ffffff1b
fffffeb5
fffffeb5
fffffeb5
fffffeb5
fffffeb5
fffffeb5
fffffeb5
fffffeb5
fffffeb5
fffffeb5
fffffeb5
fffffeb5
fffffeb5
fffffeb5
fffffeb5
fffffeb5
00000311
000002f8
00000016
00000451
00000371
000000d6
000000d6
000000d6
000000d6
000000d6
000000d6
000000d6
000000d6
00000066
0000008a
000000d8
fffffefc
fffffd2a
fffffe2a
00000116
ffffff26
fffffc78
fffffc5e
fffffdfe
fffffe76
fffffe52
fffffdf8
fffffd9c
fffffdb8
ffffff60
ffffff00
ffffff24
000000b0
0000002c
00000028
00000210
00000062
00000042
0000000c
ffffffae
ffffffbc
ffffffee
0000001a
000000f0
00000216
00000162
00000176
00000148
000000d6
000000d6
000000d6
000000d6
000000d6
000000d6
000000d6
000000d6
000000d6
000000d6
000000d6
000000d6
000000d6
000000d6
000000d6
000000d6
000000be
00000158
0000004d
00000104
00000125
00000051
00000051
00000051
00000051
00000051
00000051
00000051
00000051
00000073
00000081
000000b7
000000c3
fffffecb
fffffeeb
fffffe39
fffffc59
fffffbab
fffffd2d
fffffe7d
fffffea3
fffffed3
ffffffe3
00000049
00000001
000001f1
000002c7
00000407
0000042f
00000437
00000393
000001ef
00000091
00000099
0000013f
0000017f
000001c7
0000014d
000000af
00000071
00000125
000000c9
000000ef
0000007b
00000051
00000051
00000051
00000051
00000051
00000051
00000051
00000051
00000051
00000051
00000051
00000051
00000051
00000051
00000051
00000051
0000000d
0000002d
fffffd12
fffffe2b
fffffdf4
fffffee8
fffffee8
fffffee8
fffffee8
fffffee8
fffffee8
fffffee8
fffffee8
fffffec2
fffffefc
0000008a
ffffff5a
fffffc74
00000182
000003e8
00000310
00000348
0000027a
00000172
00000136
00000198
0000010a
ffffffea
ffffffa2
00000100
00000022
ffffff00
fffffd54
fffffdd4
00000026
ffffffa6
00000000
ffffff4c
fffffee0
ffffff4a
fffffe6c
fffffbc6
fffffb3e
fffffc9a
fffffdcc
ffffff36
ffffff5c
ffffff12
fffffee8
fffffee8
fffffee8
fffffee8
fffffee8
fffffee8
fffffee8
fffffee8
fffffee8
fffffee8
fffffee8
fffffee8
fffffee8
fffffee8
fffffee8
fffffee8
fffffedf
000001a2
00000198
00000245
00000198
0000003a
0000003a
0000003a
0000003a
0000003a
0000003a
0000003a
0000003a
00000008
ffffffa4
fffffe26
fffffc46
fffffd84
00000174
000001ea
fffffdc4
fffffcc0
fffffe94
ffffff92
ffffffe8
ffffff8a
fffffe1a
fffffd52
fffffe0e
000000e6
000003ae
00000450
000002ac
0000022a
0000004c
0000015a
0000015a
000000e2
000000c2
00000086
000000a8
000000d0
000000dc
0000006e
00000034
0000008e
00000110
000000a6
0000003a
0000003a
0000003a
0000003a
0000003a
0000003a
0000003a
0000003a
0000003a
0000003a
0000003a
0000003a
0000003a
0000003a
0000003a
0000003a
0000027e
000000a1
fffffeae
fffffd54
fffffe35
ffffff6e
ffffff6e
ffffff6e
ffffff6e
ffffff6e
ffffff6e
ffffff6e
ffffff6e
ffffff3c
ffffff04
ffffff00
fffffe34
fffffeb8
fffffe8a
000000d4
000005f2
000006a4
00000318
000000e2
00000072
00000136
000001c4
00000044
ffffffbc
ffffffc0
ffffff30
ffffff86
fffffe80
fffffdcc
fffffd64
fffffcee
fffffd70
fffffd0e
fffffd9c
fffffe28
fffffdae
fffffcb0
fffffc42
fffffbca
fffffc78
fffffdd6
fffffe22
fffffedc
ffffff6e
ffffff6e
ffffff6e
ffffff6e
ffffff6e
ffffff6e
ffffff6e
ffffff6e
ffffff6e
ffffff6e
ffffff6e
ffffff6e
ffffff6e
ffffff6e
ffffff6e
ffffff6e
fffffedb
ffffff51
fffffc45
fffffdb4
000000a3
fffffff9
fffffff9
fffffff9
fffffff9
fffffff9
fffffff9
fffffff9
fffffff9
0000008b
fffffff3
00000295
00000567
00000313
00000043
00000505
000006a5
000001e1
ffffffe1
0000000f
fffffff3
00000083
00000027
fffffe61
fffffda5
fffffedf
00000049
00000111
000002c3
000003d3
00000239
00000201
000002b3
000002ed
00000283
0000027b
00000331
00000379
000001f7
000000a7
ffffff65
fffffec7
fffffe9b
ffffff3b
fffffff9
fffffff9
fffffff9
fffffff9
fffffff9
fffffff9
fffffff9
fffffff9
fffffff9
fffffff9
fffffff9
fffffff9
fffffff9
fffffff9
fffffff9
fffffff9
ffffff75
0000008c
ffffffe5
00000092
00000037
ffffff47
ffffff47
ffffff47
ffffff47
ffffff47
ffffff47
ffffff47
ffffff47
00000013
00000023
00000109
00000133
00000037
ffffff9f
ffffff71
fffffdf9
ffffff09
ffffffe7
000000db
0000006f
00000093
000000b5
00000041
ffffff95
ffffff53
ffffff43
ffffffb7
fffffee5
fffffefd
ffffff17
fffffee3
fffffe55
fffffe0b
fffffe15
fffffe35
fffffec7
fffffee9
fffffec9
ffffff89
ffffffc1
ffffffbf
ffffffaf
ffffff97
ffffff47
ffffff47
ffffff47
ffffff47
ffffff47
ffffff47
ffffff47
ffffff47
ffffff47
ffffff47
ffffff47
ffffff47
ffffff47
ffffff47
ffffff47
ffffff47
ffffffbf
ffffffd5
0000033a
000002b0
000001a1
0000009f
0000009f
0000009f
0000009f
0000009f
0000009f
0000009f
0000009f
000000bb
fffffe6b
fffffda5
fffffc4b
fffffaf1
fffff6c3
fffff745
fffff95b
fffffbc7
fffffe4d
ffffff71
ffffff93
ffffffcd
00000075
0000015d
0000010d
00000043
00000027
ffffff69
ffffffc1
00000065
0000015f
000000bd
ffffffdd
ffffff55
ffffff89
ffffffd7
0000009f
0000017d
000001e9
00000259
0000023f
0000017f
0000010b
000000d5
0000009f
0000009f
0000009f
0000009f
0000009f
0000009f
0000009f
0000009f
0000009f
0000009f
0000009f
0000009f
0000009f
0000009f
0000009f
0000009f
fffffdae
fffffc5d
00000029
000000a7
ffffffc7
ffffff0d
ffffff0d
ffffff0d
ffffff0d
ffffff0d
ffffff0d
ffffff0d
ffffff0d
ffffff15
00000013
ffffff3b
fffffecd
ffffff1b
0000000b
000000b7
00000155
ffffffd3
ffffff15
00000109
0000016d
00000185
000001c1
00000295
00000321
000000ff
fffffe1d
fffffcf5
fffffbb5
fffffc6b
fffffc5f
fffffc4f
fffffbf3
fffffc2b
fffffc9b
fffffc45
fffffac5
fffffb25
fffffcc3
fffffe77
fffffebf
fffffed7
fffffebf
fffffec5
ffffff0d
ffffff0d
ffffff0d
ffffff0d
ffffff0d
ffffff0d
ffffff0d
ffffff0d
ffffff0d
ffffff0d
ffffff0d
ffffff0d
ffffff0d
ffffff0d
ffffff0d
ffffff0d
fffffe6b
ffffff31
ffffff16
ffffff23
fffffece
fffffec3
fffffec3
fffffec3
fffffec3
fffffec3
fffffec3
fffffec3
fffffec3
ffffff11
ffffff55
ffffffb1
ffffff4f
ffffff39
ffffff33
0000000f
00000013
000001ab
000002a3
0000021b
000001a9
000001b3
000001b5
00000119
00000063
0000000f
ffffffd1
fffffff7
ffffffd3
ffffff4d
fffffff9
00000081
fffffff7
ffffffd7
ffffffbb
ffffffa1
ffffffcd
ffffff99
ffffff65
ffffff93
ffffff37
ffffff15
ffffff23
fffffee5
fffffec3
fffffec3
fffffec3
fffffec3
fffffec3
fffffec3
fffffec3
fffffec3
fffffec3
fffffec3
fffffec3
fffffec3
fffffec3
fffffec3
fffffec3
fffffec3
ffffff63
ffffff1f
fffffefd
00000050
0000001a
ffffff23
ffffff23
ffffff23
ffffff23
ffffff23
ffffff23
ffffff23
ffffff23
ffffffff
ffffff35
000001ad
00000183
fffffeb3
fffffead
fffffca5
fffffde9
fffffcff
fffffe5d
ffffffed
00000015
00000011
00000013
ffffff01
fffffd8f
fffffcbd
fffffd83
fffffe47
fffffeff
fffffedf
fffffd51
fffffd9b
fffffd1d
fffffdc5
fffffd9f
fffffddf
fffffd93
fffffecb
ffffff7f
00000079
ffffff51
fffffe4f
fffffe5b
fffffed5
ffffff23
ffffff23
ffffff23
ffffff23
ffffff23
ffffff23
ffffff23
ffffff23
ffffff23
ffffff23
ffffff23
ffffff23
ffffff23
ffffff23
ffffff23
ffffff23
00000053
00000022
ffffffdd
00000032
ffffff42
ffffff40
ffffff40
ffffff40
ffffff40
ffffff40
ffffff40
ffffff40
ffffff40
ffffff76
fffffff2
ffffffbe
ffffffa2
ffffff28
00000018
00000104
0000004a
00000176
0000015a
000000c4
00000124
000000de
0000005a
ffffff9c
fffffef0
00000008
00000100
00000102
00000356
000003d0
000003a2
0000029c
00000110
00000254
00000272
00000204
00000224
00000240
000002c4
00000236
000001e0
0000002c
fffffff2
ffffffa8
ffffff40
ffffff40
ffffff40
ffffff40
ffffff40
ffffff40
ffffff40
ffffff40
ffffff40
ffffff40
ffffff40
ffffff40
ffffff40
ffffff40
ffffff40
ffffff40
ffffff09
ffffff43
ffffffb7
ffffff51
ffffff45
ffffffcc
ffffffcc
ffffffcc
ffffffcc
ffffffcc
ffffffcc
ffffffcc
ffffffcc
fffffee0
fffffec2
fffffd9c
fffffcfe
fffffeee
000000a2
00000316
00000386
00000398
000001ee
000000e6
000000a4
000000a0
00000162
000001ce
0000016a
00000198
000001c8
0000034a
000003be
00000252
000001c4
000001a0
000001d4
0000019e
0000012a
000000b4
0000001c
0000006e
000000c0
00000054
00000086
0000018c
00000102
0000001c
ffffffcc
ffffffcc
ffffffcc
ffffffcc
ffffffcc
ffffffcc
ffffffcc
ffffffcc
ffffffcc
ffffffcc
ffffffcc
ffffffcc
ffffffcc
ffffffcc
ffffffcc
ffffffcc
fffffef1
ffffff60
00000431
0000016a
ffffffe6
ffffffc1
ffffffc1
ffffffc1
ffffffc1
ffffffc1
ffffffc1
ffffffc1
ffffffc1
ffffff7d
fffffe07
fffffdd7
00000065
fffffe17
fffff83f
fffff73f
fffffb0f
fffffb5f
fffffced
fffffce3
fffffda1
fffffd0b
fffffc6d
fffffd31
fffffeb1
00000279
0000059f
00000709
000008d5
00000613
000001bf
fffffe45
fffffde5
ffffff5b
0000003b
00000055
0000011f
0000027d
000002bb
000001b5
000000e3
ffffffc1
fffffef9
ffffff77
ffffffc1
ffffffc1
ffffffc1
ffffffc1
ffffffc1
ffffffc1
ffffffc1
ffffffc1
ffffffc1
ffffffc1
ffffffc1
ffffffc1
ffffffc1
ffffffc1
ffffffc1
ffffffc1
fffffc8a
fffffad7
fffffb65
fffffae8
fffffcfa
fffffef5
fffffef5
fffffef5
fffffef5
fffffef5
fffffef5
fffffef5
fffffef5
ffffffbd
fffffd43
ffffff9d
00000323
ffffffeb
fffffc3d
ffffff53
0000050b
00000669
0000035f
00000191
000000dd
00000115
000001d1
000000db
fffffe51
fffffe4f
ffffff7b
00000067
ffffffef
ffffff0d
ffffffa1
ffffff23
00000163
000001e1
000001e1
00000229
00000297
0000032d
000001e1
00000165
000000e3
00000019
ffffff5b
ffffff0d
fffffef5
fffffef5
fffffef5
fffffef5
fffffef5
fffffef5
fffffef5
fffffef5
fffffef5
fffffef5
fffffef5
fffffef5
fffffef5
fffffef5
fffffef5
fffffef5
fffffbf3
fffffda4
fffffc37
ffffff18
00000060
ffffff14
ffffff14
ffffff14
ffffff14
ffffff14
ffffff14
ffffff14
ffffff14
ffffff14
00000072
000002b4
fffffe36
ffffffee
000005aa
000007fa
00000646
00000220
000002fc
00000286
00000268
00000220
00000082
fffffdb4
fffffb3a
fffff9a6
fffff8c8
fffff9dc
fffffcd2
ffffff24
00000158
000002e8
000000dc
ffffff7c
ffffff36
00000014
fffffffa
fffffe46
fffffd16
fffffcc6
fffffcc2
fffffdf6
fffffe5c
ffffff50
ffffff14
ffffff14
ffffff14
ffffff14
ffffff14
ffffff14
ffffff14
ffffff14
ffffff14
ffffff14
ffffff14
ffffff14
ffffff14
ffffff14
ffffff14
ffffff14
00000466
00000554
ffffffa5
000002bf
00000241
000000b4
000000b4
000000b4
000000b4
000000b4
000000b4
000000b4
000000b4
000000b8
00000076
0000013e
ffffffd4
fffffd68
fffffe30
fffffdc0
fffffcd0
fffffbd0
fffffd6c
fffffe66
fffffe5e
fffffeae
fffffeb4
fffffe62
fffffece
ffffff4a
0000010c
00000168
00000138
000002b4
000004c6
00000520
000002ee
000002a0
00000316
00000420
00000516
0000045e
00000270
00000190
00000136
000000fe
000000e0
000000ea
000000b4
000000b4
000000b4
000000b4
000000b4
000000b4
000000b4
000000b4
000000b4
000000b4
000000b4
000000b4
000000b4
000000b4
000000b4
000000b4
00000106
0000021f
0000009e
0000005e
0000003d
0000004c
0000004c
0000004c
0000004c
0000004c
0000004c
0000004c
0000004c
000000e4
00000056
00000236
0000047e
000002dc
0000022c
0000016a
0000018a
00000044
00000000
ffffff3c
ffffff8c
ffffff5a
ffffff7a
ffffffda
00000198
00000106
0000022e
00000044
ffffffa8
000000f8
ffffffea
fffffe12
fffffc80
fffffcf8
fffffcc6
fffffdb4
fffffe96
fffffe18
fffffe70
fffffedc
ffffffe0
00000018
00000040
00000008
0000004c
0000004c
0000004c
0000004c
0000004c
0000004c
0000004c
0000004c
0000004c
0000004c
0000004c
0000004c
0000004c
0000004c
0000004c
0000004c
0000004a
ffffffbd
00000007
0000001d
00000138
00000109
00000109
00000109
00000109
00000109
00000109
00000109
00000109
00000187
000001e3
000001b7
00000279
000002df
000001d1
0000025f
00000297
000001dd
ffffff89
fffffff1
0000000f
0000002d
00000067
0000015d
000001d9
0000028b
0000011b
0000004f
00000021
000000a1
000000f3
0000012b
00000129
00000131
00000129
0000010b
000000ff
0000011d
00000101
0000012f
00000107
00000121
000000f1
000000f1
00000109
00000109
00000109
00000109
00000109
00000109
00000109
00000109
00000109
00000109
00000109
00000109
00000109
00000109
00000109
00000109
000000a8
000000be
fffffdab
fffffebe
ffffff3f
0000005a
0000005a
0000005a
0000005a
0000005a
0000005a
0000005a
0000005a
ffffffdc
000001fc
00000134
00000294
00000598
0000068a
000006ca
0000064c
000003f4
000001d2
ffffff3c
fffffed6
fffffe78
fffffec0
fffffe40
fffffe54
fffffdcc
ffffffba
fffffeba
fffffccc
fffffedc
0000005c
000000e6
0000005e
ffffff92
fffffee6
fffffec6
fffffe02
fffffd06
fffffcd2
fffffc74
fffffcd6
fffffeda
ffffff88
ffffffe6
0000005a
0000005a
0000005a
0000005a
0000005a
0000005a
0000005a
0000005a
0000005a
0000005a
0000005a
0000005a
0000005a
0000005a
0000005a
0000005a
000003b6
000003fd
fffffeef
ffffff2e
ffffff39
fffffe07
fffffe07
fffffe07
fffffe07
fffffe07
fffffe07
fffffe07
fffffe07
fffffd1b
fffffda9
fffffacf
fffffbe5
fffffe1d
ffffff19
0000023b
00000509
0000035d
0000025d
00000343
00000371
000003b9
000003a1
0000029f
0000040f
0000055b
000003fd
00000327
00000283
000000f1
fffffe8f
fffffedf
fffffea5
fffffea5
fffffe09
fffffd63
fffffd5d
fffffc65
fffffca1
fffffc19
fffffcf5
fffffcf3
fffffd5f
fffffdbf
fffffe07
fffffe07
fffffe07
fffffe07
fffffe07
fffffe07
fffffe07
fffffe07
fffffe07
fffffe07
fffffe07
fffffe07
fffffe07
fffffe07
fffffe07
fffffe07
fffffed5
fffffec7
fffffd6a
fffffcf0
fffffd5d
fffffe73
fffffe73
fffffe73
fffffe73
fffffe73
fffffe73
fffffe73
fffffe73
ffffff03
fffffdf7
fffffe9d
00000065
000000f5
ffffffc3
ffffffc9
fffffefd
ffffff67
ffffff55
ffffff15
ffffff13
fffffe27
fffffde1
fffffd45
fffffdc3
fffffcd7
fffffca1
fffffc53
fffffdcd
fffffd7b
fffffd61
fffffc0f
fffffc25
fffffcc5
fffffd1b
fffffd37
fffffd77
fffffd91
fffffd6b
fffffd83
fffffddd
fffffdeb
fffffe47
fffffea7
fffffe73
fffffe73
fffffe73
fffffe73
fffffe73
fffffe73
fffffe73
fffffe73
fffffe73
fffffe73
fffffe73
fffffe73
fffffe73
fffffe73
fffffe73
fffffe73
00000023
0000007a
00000746
00000753
000003e6
00000087
00000087
00000087
00000087
00000087
00000087
00000087
00000087
000000d1
fffffef1
fffffde7
fffffefd
fffffe79
fffffc59
fffff7db
fffff6c5
fffff953
fffffe77
ffffff33
0000000b
ffffffcf
ffffffa5
000000c9
00000273
00000671
00000963
0000099d
000007a9
000007eb
00000627
00000397
ffffffc9
ffffffdb
000000d1
00000179
000001dd
00000241
0000036f
00000605
00000627
00000439
0000024d
00000109
00000087
00000087
00000087
00000087
00000087
00000087
00000087
00000087
00000087
00000087
00000087
00000087
00000087
00000087
00000087
00000087
fffffe35
fffffb9b
fffffc05
fffffb56
fffffcd8
ffffffb0
ffffffb0
ffffffb0
ffffffb0
ffffffb0
ffffffb0
ffffffb0
ffffffb0
ffffff9a
fffffefc
ffffffba
000001e2
00000094
0000004a
00000418
000007b4
00000932
000004e0
000002a8
000001f4
000001e0
ffffff3a
fffffba6
fffff83e
fffff69e
fffff5f4
fffff4c4
fffff698
fffff7cc
fffff9cc
fffffa20
fffffb9a
fffffb2c
fffffb10
fffffade
fffffb54
fffffc7c
fffffdc6
fffffffa
000000f8
00000122
00000058
ffffffc6
ffffffb0
ffffffb0
ffffffb0
ffffffb0
ffffffb0
ffffffb0
ffffffb0
ffffffb0
ffffffb0
ffffffb0
ffffffb0
ffffffb0
ffffffb0
ffffffb0
ffffffb0
ffffffb0
000000be
000001e1
fffffff3
00000036
00000061
ffffffdb
ffffffdb
ffffffdb
ffffffdb
ffffffdb
ffffffdb
ffffffdb
ffffffdb
ffffffdb
ffffff79
ffffff9b
ffffffbb
fffffef3
fffffec5
fffffe89
fffffedf
fffffe4f
fffffe9d
ffffff25
ffffffa7
ffffffa7
ffffffb9
00000011
00000105
000002ab
00000439
000004c1
00000583
00000463
000002bf
00000155
0000005f
00000037
00000037
0000008d
000000a1
00000049
00000033
00000069
0000002d
ffffffcf
ffffffa9
ffffffc5
ffffffdb
ffffffdb
ffffffdb
ffffffdb
ffffffdb
ffffffdb
ffffffdb
ffffffdb
ffffffdb
ffffffdb
ffffffdb
ffffffdb
ffffffdb
ffffffdb
ffffffdb
ffffffdb
0000002a
00000001
000000a6
00000098
00000043
fffffe45
fffffe45
fffffe45
fffffe45
fffffe45
fffffe45
fffffe45
fffffe45
fffffd33
fffffbc3
fffff979
fffffc4b
fffffd8d
fffffc75
fffffd91
fffffdd3
fffffc95
fffffe0d
00000027
000000b7
000000bd
ffffff99
fffffd8d
fffffc7f
fffffb27
fffffda7
ffffff8b
ffffffaf
fffffecb
fffffc93
fffffc9f
fffffc99
fffffd0d
fffffd91
fffffd23
fffffdc5
fffffdb7
fffffd67
fffffcd5
fffffd7f
fffffd49
fffffd7b
fffffdf9
fffffe45
fffffe45
fffffe45
fffffe45
fffffe45
fffffe45
fffffe45
fffffe45
fffffe45
fffffe45
fffffe45
fffffe45
fffffe45
fffffe45
fffffe45
fffffe45
fffffe93
fffffd7d
000000cb
000000bf
000000dd
00000175
00000175
00000175
00000175
00000175
00000175
00000175
00000175
00000355
000004f5
0000081b
00000789
000005d3
0000027f
fffffe09
fffffdad
ffffff3d
ffffff95
ffffff79
ffffff59
ffffffef
000000eb
00000115
00000105
00000179
000002ad
00000287
0000011b
000000eb
00000305
000002db
000002dd
0000038f
00000489
000005b1
0000066f
000006cb
0000064f
0000063d
000004bd
00000307
00000217
00000177
00000175
00000175
00000175
00000175
00000175
00000175
00000175
00000175
00000175
00000175
00000175
00000175
00000175
00000175
00000175
00000175
000000ca
000000f3
000003d8
000004e0
00000295
00000049
00000049
00000049
00000049
00000049
00000049
00000049
00000049
000000a3
00000145
000000bb
00000051
00000195
000002e1
fffffec1
fffffa23
fffffacd
fffffee9
00000019
0000000b
ffffffdb
00000085
00000143
000001a3
0000020f
00000265
000002df
000002e3
0000046d
00000573
00000333
000000ab
ffffff41
ffffff67
0000006d
000001b9
00000267
00000317
000002a7
0000017b
000000f3
000000b3
00000079
00000049
00000049
00000049
00000049
00000049
00000049
00000049
00000049
00000049
00000049
00000049
00000049
00000049
00000049
00000049
00000049
000000ec
00000018
00000056
00000059
ffffffc8
ffffff9a
ffffff9a
ffffff9a
ffffff9a
ffffff9a
ffffff9a
ffffff9a
ffffff9a
ffffffa6
00000092
fffffd86
fffffe1c
000002c4
000002dc
0000041e
0000029e
00000164
00000116
00000048
ffffff94
ffffff34
fffffef6
ffffff62
ffffff98
fffffe94
fffffe82
fffffc3c
fffffb84
fffffd22
fffffe86
000000aa
0000014a
00000034
ffffff62
ffffff24
fffffeea
fffffed2
0000002c
ffffffe6
fffffff4
0000007c
00000000
ffffffc4
ffffff9a
ffffff9a
ffffff9a
ffffff9a
ffffff9a
ffffff9a
ffffff9a
ffffff9a
ffffff9a
ffffff9a
ffffff9a
ffffff9a
ffffff9a
ffffff9a
ffffff9a
ffffff9a
000000f1
ffffff9e
fffffaec
fffffba3
fffffe80
0000003d
0000003d
0000003d
0000003d
0000003d
0000003d
0000003d
0000003d
00000067
00000277
000003af
0000022b
0000038b
00000587
00000815
0000079f
000005b3
000003a1
000000ef
fffffff1
00000003
00000043
ffffffe5
fffffddd
fffffdd3
fffffd39
fffffaaf
fffff90d
fffffa8f
fffffce7
00000021
00000139
ffffffa5
fffffe81
fffffe17
fffffdbb
fffffc2d
fffffb11
fffffabb
fffffc1b
fffffe9b
ffffff3b
00000005
0000003d
0000003d
0000003d
0000003d
0000003d
0000003d
0000003d
0000003d
0000003d
0000003d
0000003d
0000003d
0000003d
0000003d
0000003d
0000003d
000003c9
000004aa
ffffff67
fffffead
fffffea0
fffffeaa
fffffeaa
fffffeaa
fffffeaa
fffffeaa
fffffeaa
fffffeaa
fffffeaa
fffffe94
ffffffee
ffffff4a
ffffffa4
000001bc
0000027e
00000154
00000330
00000514
0000042a
00000248
000001c4
000001da
000001f4
00000232
00000268
000003a8
0000035a
000002a6
00000082
fffffe5c
fffffc80
fffffd34
fffffec8
ffffff42
fffffedc
fffffd2c
fffffc60
fffffd14
fffffd68
fffffdd6
fffffe8e
fffffe72
fffffe60
fffffe74
fffffeaa
fffffeaa
fffffeaa
fffffeaa
fffffeaa
fffffeaa
fffffeaa
fffffeaa
fffffeaa
fffffeaa
fffffeaa
fffffeaa
fffffeaa
fffffeaa
fffffeaa
fffffeaa
fffffed2
fffffebb
fffffe25
fffffe38
ffffff44
fffffe42
fffffe42
fffffe42
fffffe42
fffffe42
fffffe42
fffffe42
fffffe42
ffffff02
00000046
000000b4
00000140
00000218
000003f4
000002f2
ffffffea
000001a0
00000356
0000038c
000003ac
0000038c
00000366
0000025a
ffffffec
fffffb1c
fffff8aa
fffff8f2
fffff904
fffffd84
fffffdda
fffffdde
fffffbc8
fffffab2
fffffb1a
fffffb90
fffffc36
fffffd88
ffffff3c
ffffff8a
ffffff96
fffffefe
fffffef6
fffffeb6
fffffe42
fffffe42
fffffe42
fffffe42
fffffe42
fffffe42
fffffe42
fffffe42
fffffe42
fffffe42
fffffe42
fffffe42
fffffe42
fffffe42
fffffe42
fffffe42
ffffff38
00000002
fffffe40
ffffff18
ffffff2f
ffffff5e
ffffff5e
ffffff5e
ffffff5e
ffffff5e
ffffff5e
ffffff5e
ffffff5e
ffffff56
00000046
00000088
ffffff18
ffffffb0
00000114
000002c0
000002a0
00000294
00000168
0000007c
00000074
000000ee
0000011c
00000012
fffffeea
ffffffb0
00000050
ffffffee
00000114
ffffffce
00000022
000000b4
00000128
0000013a
0000011a
0000014a
000000da
ffffff76
ffffff8a
0000000c
ffffffe8
0000003c
00000046
ffffffc4
ffffff5e
ffffff5e
ffffff5e
ffffff5e
ffffff5e
ffffff5e
ffffff5e
ffffff5e
ffffff5e
ffffff5e
ffffff5e
ffffff5e
ffffff5e
ffffff5e
ffffff5e
ffffff5e
ffffff91
000000c9
00000163
0000002d
ffffff93
0000001b
0000001b
0000001b
0000001b
0000001b
0000001b
0000001b
0000001b
ffffffaf
00000063
ffffffbb
fffffd61
ffffff5d
ffffffdf
fffffe03
fffffd35
fffffdcd
fffffe09
fffffed5
fffffe71
fffffe45
fffffe07
fffffec5
ffffff41
fffffe7b
fffffb81
fffffc7f
fffffcd3
fffffde9
fffffed9
fffffe67
ffffff0f
fffffe8b
fffffe51
fffffe2d
fffffda5
fffffd97
fffffe99
ffffff61
ffffff9d
000000a3
00000095
00000061
0000001b
0000001b
0000001b
0000001b
0000001b
0000001b
0000001b
0000001b
0000001b
0000001b
0000001b
0000001b
0000001b
0000001b
0000001b
0000001b
0000013a
000000e0
00000467
0000045b
000000f8
00000108
00000108
00000108
00000108
00000108
00000108
00000108
00000108
ffffffe0
000000aa
00000048
fffffe2a
fffffcd4
000000ea
0000004c
fffffe16
ffffffb6
ffffff8c
ffffff48
ffffff32
ffffff8a
fffffedc
fffffe74
00000038
00000120
0000014e
0000010a
000002fc
000001bc
00000226
00000190
0000015e
000001ce
0000017c
000001a4
0000011a
000000e6
00000154
00000174
00000140
000000e4
00000166
00000106
00000108
00000108
00000108
00000108
00000108
00000108
00000108
00000108
00000108
00000108
00000108
00000108
00000108
00000108
00000108
00000108
00000148
0000008a
00000271
00000143
ffffff43
ffffff04
ffffff04
ffffff04
ffffff04
ffffff04
ffffff04
ffffff04
ffffff04
fffffe9c
fffffe80
fffffe98
fffffd72
fffffda6
fffffdac
fffffd7e
fffffd02
fffffdc0
fffffe70
fffffe6e
fffffefc
ffffff30
ffffff1c
ffffff76
000000a6
0000045c
000008ae
000009d0
00000aa8
0000077e
000004ba
00000204
0000009c
00000138
000001b0
0000020c
000001ee
000001ce
000001c6
00000160
00000010
fffffeac
fffffe6a
fffffee2
ffffff04
ffffff04
ffffff04
ffffff04
ffffff04
ffffff04
ffffff04
ffffff04
ffffff04
ffffff04
ffffff04
ffffff04
ffffff04
ffffff04
ffffff04
ffffff04
fffffe98
fffffd35
fffffd34
fffffcfb
fffffe2b
ffffffde
ffffffde
ffffffde
ffffffde
ffffffde
ffffffde
ffffffde
ffffffde
ffffff9a
00000074
ffffffb4
0000009e
0000033c
000003bc
00000858
00000818
000006a0
00000212
00000076
0000002a
fffffff0
ffffff1e
fffffe52
fffffd80
fffffd5e
fffffdf8
fffffef8
ffffff38
0000007a
00000010
0000000a
000000f6
00000142
00000148
000000a0
0000007e
000000c6
00000070
ffffff4e
ffffff38
fffffeca
ffffff0e
ffffff7a
ffffffde
ffffffde
ffffffde
ffffffde
ffffffde
ffffffde
ffffffde
ffffffde
ffffffde
ffffffde
ffffffde
ffffffde
ffffffde
ffffffde
ffffffde
ffffffde
fffffffc
0000008a
0000007c
00000047
0000001b
0000009d
0000009d
0000009d
0000009d
0000009d
0000009d
0000009d
0000009d
00000019
00000009
fffffed1
ffffffcd
00000117
00000283
00000315
000002cd
000000fb
00000087
fffffef5
ffffff2d
ffffff29
ffffff8b
00000041
ffffffd9
0000011f
0000030b
0000027f
00000111
00000003
ffffffc5
ffffffad
fffffe8d
fffffeed
fffffea9
fffffe1b
fffffd37
fffffdfb
fffffe37
fffffeb3
ffffffcd
fffffffd
0000001b
00000071
0000009d
0000009d
0000009d
0000009d
0000009d
0000009d
0000009d
0000009d
0000009d
0000009d
0000009d
0000009d
0000009d
0000009d
0000009d
0000009d
ffffffd2
0000003b
ffffff81
ffffffea
00000093
00000015
00000015
00000015
00000015
00000015
00000015
00000015
00000015
0000006b
0000008f
00000057
00000079
00000223
000001cb
000001a1
0000010f
000000e7
000000ff
00000055
00000007
00000031
00000009
fffffef3
fffffd71
fffffa79
fffff853
fffff6fb
fffff69f
fffff8b5
fffffb45
fffffd87
fffffddd
fffffd75
fffffd71
fffffd3f
fffffd33
fffffe6f
ffffff05
fffffee3
ffffff55
00000035
00000059
0000003b
00000015
00000015
00000015
00000015
00000015
00000015
00000015
00000015
00000015
00000015
00000015
00000015
00000015
00000015
00000015
00000015
00000093
00000049
0000016b
000000f9
ffffffbf
ffffff9d
ffffff9d
ffffff9d
ffffff9d
ffffff9d
ffffff9d
ffffff9d
ffffff9d
ffffff31
fffffdbf
fffffdb7
fffffdf7
fffffceb
fffffbd9
fffffd35
fffffeab
0000003d
0000021d
00000181
00000147
00000191
000001f1
00000319
0000045b
00000507
00000573
0000036f
000003ab
00000539
00000719
0000060b
00000349
00000325
000003a1
0000045b
00000457
00000329
0000014f
0000004b
ffffff63
fffffeff
ffffff17
ffffff75
ffffff9d
ffffff9d
ffffff9d
ffffff9d
ffffff9d
ffffff9d
ffffff9d
ffffff9d
ffffff9d
ffffff9d
ffffff9d
ffffff9d
ffffff9d
ffffff9d
ffffff9d
ffffff9d
fffffe41
fffffe1b
00000017
0000005f
00000043
ffffffa5
ffffffa5
ffffffa5
ffffffa5
ffffffa5
ffffffa5
ffffffa5
ffffffa5
fffffec1
000000b9
fffffe05
fffffcbf
ffffffbd
00000145
000002ad
0000041f
000001d5
00000091
00000119
000000f9
0000019f
000001b5
00000173
000000b3
ffffffcd
ffffffbb
0000036b
0000026f
ffffffa3
fffffd49
ffffff31
00000011
00000053
0000001d
fffffedf
fffffe3d
fffffe55
fffffe35
fffffde3
fffffead
ffffff4d
ffffff7f
ffffff5d
ffffffa5
ffffffa5
ffffffa5
ffffffa5
ffffffa5
ffffffa5
ffffffa5
ffffffa5
ffffffa5
ffffffa5
ffffffa5
ffffffa5
ffffffa5
ffffffa5
ffffffa5
ffffffa5
ffffff56
fffffff1
ffffffca
ffffff6f
ffffffb4
ffffff6b
ffffff6b
ffffff6b
ffffff6b
ffffff6b
ffffff6b
ffffff6b
ffffff6b
fffffee9
fffffe09
fffffd81
fffffe4b
00000175
00000023
00000271
000002d9
0000022d
0000019b
00000103
00000117
00000119
00000113
0000012f
00000135
fffffe9d
fffffd79
fffffca1
fffffd2d
fffffd2d
fffffd57
fffffebf
ffffffcd
ffffff9d
ffffff69
fffffedd
ffffff4b
ffffff37
ffffff4b
ffffff69
ffffff85
ffffff95
ffffff51
ffffff6d
ffffff6b
ffffff6b
ffffff6b
ffffff6b
ffffff6b
ffffff6b
ffffff6b
ffffff6b
ffffff6b
ffffff6b
ffffff6b
ffffff6b
ffffff6b
ffffff6b
ffffff6b
ffffff6b
ffffff38
fffffecf
00000220
000000e1
ffffffb1
ffffffe3
ffffffe3
ffffffe3
ffffffe3
ffffffe3
ffffffe3
ffffffe3
ffffffe3
000000a9
000000a1
000001a7
0000012b
00000265
00000101
fffffa91
fffffb35
fffffdd7
fffffe7d
0000009f
0000013f
000001d3
0000026f
00000323
0000026d
00000361
000001e7
00000373
000004bf
00000875
00000833
000003c9
00000205
0000027d
0000039d
00000431
000005ff
000006fb
00000707
00000623
00000321
0000010f
000000e9
ffffffd3
ffffffe3
ffffffe3
ffffffe3
ffffffe3
ffffffe3
ffffffe3
ffffffe3
ffffffe3
ffffffe3
ffffffe3
ffffffe3
ffffffe3
ffffffe3
ffffffe3
ffffffe3
ffffffe3
ffffff77
fffffe31
000001a1
00000167
00000184
0000013d
0000013d
0000013d
0000013d
0000013d
0000013d
0000013d
0000013d
000001d1
ffffff95
000001eb
0000009f
ffffffe9
fffffffb
fffffddb
ffffff77
ffffff8f
ffffff05
ffffff6f
ffffff83
ffffff93
ffffff4b
ffffff87
ffffffe1
ffffffab
fffffeeb
ffffff19
ffffff15
fffffe1f
fffffee9
fffffebd
00000011
0000008d
00000107
000001b1
000001b3
000001b3
0000014f
000001f1
00000073
ffffffe1
00000001
000000b7
0000013d
0000013d
0000013d
0000013d
0000013d
0000013d
0000013d
0000013d
0000013d
0000013d
0000013d
0000013d
0000013d
0000013d
0000013d
0000013d
ffffff6b
0000000a
ffffffb9
ffffff8a
fffffe41
fffffec4
fffffec4
fffffec4
fffffec4
fffffec4
fffffec4
fffffec4
fffffec4
fffffe62
fffffe52
fffffd12
fffffd2e
fffffe26
ffffff64
00000058
fffffffe
ffffff6a
fffffff0
00000022
000000b8
000000c6
0000003a
00000068
0000031a
00000200
00000154
fffffe96
fffffeea
fffffde6
fffffcdc
fffffdaa
fffffca6
fffffc8e
fffffc06
fffffb1e
fffffa5c
fffff9fc
fffffab2
fffffd14
ffffff40
fffffede
fffffefc
ffffff0c
fffffec4
fffffec4
fffffec4
fffffec4
fffffec4
fffffec4
fffffec4
fffffec4
fffffec4
fffffec4
fffffec4
fffffec4
fffffec4
fffffec4
fffffec4
fffffec4
fffffebc
fffffe1e
fffffe47
ffffffd8
ffffffff
ffffff1c
ffffff1c
ffffff1c
ffffff1c
ffffff1c
ffffff1c
ffffff1c
ffffff1c
fffffef6
ffffffb0
fffffece
ffffff98
00000250
00000138
00000484
000004cc
0000020c
0000010a
0000016e
00000176
000001f0
00000282
0000026c
000001ce
0000010c
ffffff32
fffffdde
fffffb00
fffffab0
fffff9ce
fffffb22
fffffbd8
fffffbc6
fffffb2c
fffffa92
fffffaca
fffffa6c
fffffae4
fffffbcc
fffffcb0
fffffd9c
fffffe7e
fffffebe
ffffff1c
ffffff1c
ffffff1c
ffffff1c
ffffff1c
ffffff1c
ffffff1c
ffffff1c
ffffff1c
ffffff1c
ffffff1c
ffffff1c
ffffff1c
ffffff1c
ffffff1c
ffffff1c
ffffff72
00000005
00000420
000002e5
000000e1
ffffffce
ffffffce
ffffffce
ffffffce
ffffffce
ffffffce
ffffffce
ffffffce
ffffff70
fffffdea
fffffcbe
fffffce8
fffffb74
fffff956
fffff8c8
fffffad6
fffffbce
fffffda6
ffffff82
ffffff76
0000004e
00000124
000002f8
000004ba
000004e4
000002fa
0000015c
00000186
000001e0
00000166
0000017e
00000142
0000012a
000000f6
000000d0
00000138
000001ae
000001f6
00000194
000000aa
ffffffec
ffffff78
ffffff84
ffffffce
ffffffce
ffffffce
ffffffce
ffffffce
ffffffce
ffffffce
ffffffce
ffffffce
ffffffce
ffffffce
ffffffce
ffffffce
ffffffce
ffffffce
ffffffce
fffffccf
fffffb8f
0000033d
000000d4
ffffffba
ffffffab
ffffffab
ffffffab
ffffffab
ffffffab
ffffffab
ffffffab
ffffffab
ffffff3b
ffffff9b
fffffa9f
fffffe21
000000b3
fffffd99
fffffa71
fffff9c1
fffffcfd
fffffe6d
0000000f
000000c3
0000006f
000001c3
00000403
0000055d
0000031b
0000010d
00000165
0000016d
00000585
00000167
000001d3
000000cd
00000091
000000cf
fffffff9
00000049
000001cd
0000040d
00000357
00000259
0000011f
000000b5
00000015
ffffffab
ffffffab
ffffffab
ffffffab
ffffffab
ffffffab
ffffffab
ffffffab
ffffffab
ffffffab
ffffffab
ffffffab
ffffffab
ffffffab
ffffffab
ffffffab
fffffea0
fffffac9
fffffe6b
ffffffc8
0000001c
00000107
00000107
00000107
00000107
00000107
00000107
00000107
00000107
000000cd
000000c7
000000df
ffffff85
fffffe7f
ffffff77
ffffff3d
ffffff37
fffffe61
ffffff53
fffffe69
fffffd8d
fffffd27
fffffc2f
fffffba5
fffffc95
fffffd09
ffffffdd
000000d1
ffffff2f
ffffffa9
ffffff4b
ffffff55
000000a5
00000121
00000069
00000049
ffffff03
fffffecd
fffffe65
fffffe45
fffffe15
ffffffff
0000011d
0000010f
00000107
00000107
00000107
00000107
00000107
00000107
00000107
00000107
00000107
00000107
00000107
00000107
00000107
00000107
00000107
00000107
000002dd
000003b5
ffffffca
fffffff1
0000004c
ffffffb9
ffffffb9
ffffffb9
ffffffb9
ffffffb9
ffffffb9
ffffffb9
ffffffb9
0000005d
fffffecb
0000006f
000000bb
00000055
0000009b
0000025d
00000177
0000012f
0000001b
ffffff4d
ffffffa5
ffffffb3
0000000d
000000d1
00000101
000000a7
fffffffb
fffffd9f
fffffed5
ffffff4b
fffffe39
fffffd8b
fffffd31
fffffc29
fffffbf3
fffffc77
fffffda7
fffffe11
fffffe87
fffffe85
fffffecf
ffffff87
ffffffeb
fffffffb
ffffffb9
ffffffb9
ffffffb9
ffffffb9
ffffffb9
ffffffb9
ffffffb9
ffffffb9
ffffffb9
ffffffb9
ffffffb9
ffffffb9
ffffffb9
ffffffb9
ffffffb9
ffffffb9
ffffff93
ffffffb0
0000000a
ffffffd4
ffffffea
ffffff87
ffffff87
ffffff87
ffffff87
ffffff87
ffffff87
ffffff87
ffffff87
ffffff21
fffffee9
fffffd47
fffffd5b
fffffc53
fffffc8f
fffffd0d
ffffffdb
00000093
ffffffe3
ffffffc9
ffffff4b
fffffee1
fffffd37
fffffb23
fffffb01
fffff7e3
fffff723
fffff835
fffffaf1
fffffd01
fffffe2d
fffffe85
fffffeb3
fffffe47
fffffe25
fffffe41
fffffe7f
ffffff3f
ffffff63
ffffff61
ffffff7b
ffffff7d
ffffff45
ffffff4d
ffffff87
ffffff87
ffffff87
ffffff87
ffffff87
ffffff87
ffffff87
ffffff87
ffffff87
ffffff87
ffffff87
ffffff87
ffffff87
ffffff87
ffffff87
ffffff87
0000001f
ffffff93
fffffeb1
fffffe59
ffffff81
ffffff87
ffffff87
ffffff87
ffffff87
ffffff87
ffffff87
ffffff87
ffffff87
fffffe71
fffffcff
fffffacf
fffffb6d
fffff8bb
fffff8d7
fffffe11
000000d3
ffffff1f
ffffff35
ffffffb5
ffffffad
00000047
00000021
ffffff93
ffffff53
fffffecb
fffffec9
fffffcbb
fffffb5d
fffffd83
00000043
00000185
fffffff7
fffffecf
fffffe19
fffffe45
fffffdeb
fffffb79
fffff9ed
fffffa1f
fffffb67
fffffd39
fffffe1b
ffffff17
ffffff87
ffffff87
ffffff87
ffffff87
ffffff87
ffffff87
ffffff87
ffffff87
ffffff87
ffffff87
ffffff87
ffffff87
ffffff87
ffffff87
ffffff87
ffffff87
fffffe0e
ffffff67
ffffff0e
fffffd46
ffffff05
ffffffdf
ffffffdf
ffffffdf
ffffffdf
ffffffdf
ffffffdf
ffffffdf
ffffffdf
00000079
ffffff91
00000035
00000121
00000099
fffffef1
fffffec3
000002a3
00000329
000002b9
00000175
00000131
0000016d
00000205
0000024b
000001a7
00000061
ffffffe7
0000000f
00000011
00000023
fffffe47
fffffd2b
fffffe79
ffffff59
ffffff9f
ffffff45
fffffee7
ffffff5b
00000027
000000df
00000047
00000027
ffffff93
ffffffb5
ffffffdf
ffffffdf
ffffffdf
ffffffdf
ffffffdf
ffffffdf
ffffffdf
ffffffdf
ffffffdf
ffffffdf
ffffffdf
ffffffdf
ffffffdf
ffffffdf
ffffffdf
ffffffdf
fffffe9c
fffffe64
fffffc25
fffffd13
fffffe84
ffffffcb
ffffffcb
ffffffcb
ffffffcb
ffffffcb
ffffffcb
ffffffcb
ffffffcb
ffffffcb
ffffffcb
ffffffcb
ffffffcb
ffffffcb
ffffffcb
ffffffcb
ffffffcb
ffffffcb
ffffffcb
ffffffcb
ffffffcb
ffffffcb
00000619
000009cd
00000989
000006e1
00000289
0000001b
00000035
00000035
ffffffc5
ffffff5d
fffffe65
fffffda5
fffffe51
fffffe87
fffffdf5
fffffce1
fffffbab
fffffd3b
ffffffd3
00000147
000001ef
000000c5
ffffffcd
fffffe2d
fffffe47
fffffe07
fffffde7
fffffde3
fffffdf5
fffffd5f
fffffd43
fffffd9d
fffffe29
fffffedd
ffffffcb
ffffffcb
ffffffcb
ffffffcb
000003a3
0000045c
fffffa18
fffffbb9
fffffe22
ffffff8e
ffffff8e
ffffff8e
ffffff8e
ffffff8e
ffffff8e
ffffff8e
ffffff8e
ffffff8e
ffffff8e
ffffff8e
ffffff8e
ffffff8e
ffffff8e
ffffff8e
ffffff8e
ffffff8e
ffffff8e
ffffff8e
ffffff8e
ffffff8e
fffffd6e
000000c8
00000890
0000075e
00000458
ffffff6c
00000072
00000072
ffffff66
fffffe60
fffffc24
fffff934
fffff71a
fffff78a
fffffb62
fffffb7c
fffffc96
fffffd88
ffffff1a
00000294
00000412
000003be
000001f6
00000066
ffffffc0
ffffff62
00000084
000000fa
00000108
0000008c
ffffffd8
ffffff32
ffffffe4
0000002c
ffffff8e
ffffff8e
ffffff8e
ffffff8e
ffffffbf
0000032d
000000d6
00000041
0000004f
000001e3
000001e3
000001e3
000001e3
000001e3
000001e3
000001e3
000001e3
000001e3
000001e3
000001e3
000001e3
000001e3
000001e3
000001e3
000001e3
000001e3
000001e3
000001e3
000001e3
000001e3
fffffddb
fffffd5f
ffffff2d
ffffff93
000000ff
fffffe39
fffffe1d
fffffe1d
ffffff7f
00000045
000002b3
000003c9
0000033b
0000057f
00000593
000001f9
000001d3
0000026d
0000030f
00000325
0000010b
00000223
00000413
0000069f
00000715
0000062b
00000557
00000491
000004b7
000004b9
000004a7
000003a9
000002ef
0000022b
000001e3
000001e3
000001e3
000001e3
fffffe84
0000001a
fffffd61
fffffd87
fffffeaa
00000067
00000067
00000067
00000067
00000067
00000067
00000067
00000067
00000067
00000067
00000067
00000067
00000067
00000067
00000067
00000067
00000067
00000067
00000067
00000067
00000067
000002a7
000005a5
000005bf
0000058d
00000341
00000013
ffffff99
ffffff99
fffffe15
fffffcbd
fffffb6d
fffffa87
fffffa77
fffffc1b
fffffc97
fffffc0f
fffffcef
fffffdcd
ffffffc3
ffffff7d
fffffec9
fffffe67
fffffefb
00000003
00000119
0000011d
00000151
00000147
00000145
00000175
000001bd
0000017d
00000101
00000095
00000067
00000067
00000067
00000067
000002b0
000002df
fffffda7
fffffd63
ffffff79
000000b8
000000b8
000000b8
000000b8
000000b8
000000b8
000000b8
000000b8
000000b8
000000b8
000000b8
000000b8
000000b8
000000b8
000000b8
000000b8
000000b8
000000b8
000000b8
000000b8
000000b8
000002da
00000426
000004b0
000004b8
000001c4
000000a2
ffffff48
ffffff48
fffffeb2
fffffe26
fffffce0
fffffc9c
fffffc28
fffffcb8
fffffbba
fffffae0
fffffaf0
fffffdc8
0000003a
000000da
0000007a
ffffff48
ffffff5a
fffffff4
000000ae
00000162
00000192
000001d8
0000017e
0000015c
00000172
0000014c
000000e8
000000e6
000000b8
000000b8
000000b8
000000b8
00000210
0000023b
fffffe84
ffffff4a
fffffed3
0000011b
0000011b
0000011b
0000011b
0000011b
0000011b
0000011b
0000011b
0000011b
0000011b
0000011b
0000011b
0000011b
0000011b
0000011b
0000011b
0000011b
0000011b
0000011b
0000011b
0000011b
0000019b
0000006d
000000e3
00000287
000003d3
0000012f
fffffee5
fffffee5
ffffff3d
00000083
000000bd
000000ab
fffffea7
fffffdc9
fffffee3
00000189
000001c5
00000153
00000057
0000004f
0000015f
000002bf
00000285
000000b9
fffffff3
ffffff29
fffffee7
fffffe7d
fffffea9
fffffeb1
ffffff0b
ffffff85
ffffffff
00000075
0000011b
0000011b
0000011b
0000011b
00000178
000001cb
fffff8e2
fffff7b3
fffffc65
0000000c
0000000c
0000000c
0000000c
0000000c
0000000c
0000000c
0000000c
0000000c
0000000c
0000000c
0000000c
0000000c
0000000c
0000000c
0000000c
0000000c
0000000c
0000000c
0000000c
0000000c
0000023e
000008ac
00000df6
00000ff0
00000c10
000003d8
fffffff4
fffffff4
fffffe90
fffffd16
fffffa2a
fffff6d6
fffff526
fffff6be
fffff7da
fffffa0e
fffffbf0
fffffaa8
fffffbfa
fffffdb0
ffffff7c
000001bc
000000b8
fffffee8
fffffcc4
fffffd28
fffffe0c
ffffffb2
00000028
00000022
fffffffc
ffffff56
fffffeca
fffffeb6
0000000c
0000000c
0000000c
0000000c
00000363
0000062d
000000a8
000000b8
000000ce
00000028
00000028
00000028
00000028
00000028
00000028
00000028
00000028
00000028
00000028
00000028
00000028
00000028
00000028
00000028
00000028
00000028
00000028
00000028
00000028
00000028
ffffff9e
fffffeb2
fffffda0
fffffd76
fffffd0c
fffffe54
ffffffd8
ffffffd8
ffffffd4
00000040
ffffff80
fffffdc0
fffffb98
fffffa3e
fffff9de
fffff98a
fffffbfc
fffffe48
ffffff5e
00000014
ffffff9e
ffffff7a
fffffe54
fffffeb6
fffffed6
ffffff5a
ffffff9a
fffffffe
00000004
00000008
0000001e
00000018
00000024
00000026
00000028
00000028
00000028
00000028
00000077
00000014
fffffc0c
fffffc48
fffffd55
fffffe2c
fffffe2c
fffffe2c
fffffe2c
fffffe2c
fffffe2c
fffffe2c
fffffe2c
fffffe2c
fffffe2c
fffffe2c
fffffe2c
fffffe2c
fffffe2c
fffffe2c
fffffe2c
fffffe2c
fffffe2c
fffffe2c
fffffe2c
fffffe2c
00000658
00000b4a
000008de
00000644
000004ce
00000406
000001d4
000001d4
000000aa
ffffff16
fffffe7c
fffffd46
ffffff42
0000011a
fffffe56
ffffff6a
ffffff98
fffffec6
fffffeda
ffffffb2
fffffffa
ffffff4a
ffffff58
fffffed0
ffffff78
ffffffd6
00000002
00000014
ffffffca
ffffff68
fffffee8
fffffeb6
fffffeba
fffffe7c
fffffe2c
fffffe2c
fffffe2c
fffffe2c
000004d2
00000460
000000e2
ffffff90
fffffff2
ffffffa9
ffffffa9
ffffffa9
ffffffa9
ffffffa9
ffffffa9
ffffffa9
ffffffa9
ffffffa9
ffffffa9
ffffffa9
ffffffa9
ffffffa9
ffffffa9
ffffffa9
ffffffa9
ffffffa9
ffffffa9
ffffffa9
ffffffa9
ffffffa9
fffffc51
fffffb81
fffffd35
ffffff73
ffffff0f
fffffefb
00000057
00000057
00000057
0000004f
00000135
000002a9
0000025d
0000026b
00000355
000001c7
ffffff2d
ffffff4b
ffffff87
fffffe6f
fffffe73
ffffffe1
fffffff7
00000079
ffffffb5
ffffff0b
fffffe6f
fffffe95
fffffef5
ffffff3f
ffffffef
ffffffb7
ffffff57
ffffff37
ffffffa9
ffffffa9
ffffffa9
ffffffa9
fffffd49
fffffce9
0000045c
00000474
000001de
fffffff4
fffffff4
fffffff4
fffffff4
fffffff4
fffffff4
fffffff4
fffffff4
fffffff4
fffffff4
fffffff4
fffffff4
fffffff4
fffffff4
fffffff4
fffffff4
fffffff4
fffffff4
fffffff4
fffffff4
fffffff4
fffffc50
fffffbd4
fffff958
fffff80e
fffffaba
fffffeec
0000000c
0000000c
ffffffba
fffffee4
fffffeec
0000013c
000002e4
000004bc
00000630
000003ec
0000057e
000005b2
00000364
0000021a
0000008e
ffffff74
ffffffd6
0000010c
000000fc
0000019e
000001c0
0000017e
00000124
00000194
00000242
00000252
00000200
0000010c
fffffff4
fffffff4
fffffff4
fffffff4
fffffe6b
fffffd4a
fffffe35
fffffea0
ffffff2b
fffffff4
fffffff4
fffffff4
fffffff4
fffffff4
fffffff4
fffffff4
fffffff4
fffffff4
fffffff4
fffffff4
fffffff4
fffffff4
fffffff4
fffffff4
fffffff4
fffffff4
fffffff4
fffffff4
fffffff4
fffffff4
ffffff52
00000430
0000053e
0000032c
000000e0
00000010
0000000c
0000000c
000000a4
000002f6
000004fc
0000045e
000002ba
0000019a
fffffffc
ffffff88
fffffefe
fffffe54
ffffff02
00000016
ffffffee
0000008a
0000002a
00000126
000000ca
00000042
fffffff0
ffffffca
ffffffdc
ffffffec
ffffff0c
fffffe3c
fffffecc
ffffff76
fffffff4
fffffff4
fffffff4
fffffff4
ffffff46
00000137
00000279
000001f4
000000dc
ffffffe6
ffffffe6
ffffffe6
ffffffe6
ffffffe6
ffffffe6
ffffffe6
ffffffe6
ffffffe6
ffffffe6
ffffffe6
ffffffe6
ffffffe6
ffffffe6
ffffffe6
ffffffe6
ffffffe6
ffffffe6
ffffffe6
ffffffe6
ffffffe6
fffffb2a
fffff8e0
fffffa40
fffffb08
fffffcce
ffffffee
0000001a
0000001a
000001e4
000003bc
000005f2
000006a2
0000059a
000004da
00000428
00000380
000003de
00000258
00000166
000000b6
00000194
0000017e
0000010e
000000f6
0000001a
ffffffb8
00000000
00000036
00000002
00000028
ffffffb6
ffffff5a
ffffff76
ffffffc4
ffffffe6
ffffffe6
ffffffe6
ffffffe6
fffffbc5
fffffbf5
fffffbfd
fffffb25
fffffdca
0000008b
0000008b
0000008b
0000008b
0000008b
0000008b
0000008b
0000008b
0000008b
0000008b
0000008b
0000008b
0000008b
0000008b
0000008b
0000008b
0000008b
0000008b
0000008b
0000008b
0000008b
ffffff7f
000002ab
0000091d
00000bc1
00000795
0000014f
ffffff75
ffffff75
ffffffed
000000af
ffffffb1
fffffc15
fffff9e7
fffffb27
fffffd73
00000049
fffffe39
fffffc41
fffffe17
00000051
0000015d
00000207
000000b7
00000053
00000007
ffffffe9
ffffffa9
0000000d
0000005b
00000031
ffffff79
ffffff5d
ffffff8d
ffffffcd
0000008b
0000008b
0000008b
0000008b
ffffffe9
0000032d
00000101
fffffd86
fffffd82
ffffffc1
ffffffc1
ffffffc1
ffffffc1
ffffffc1
ffffffc1
ffffffc1
ffffffc1
ffffffc1
ffffffc1
ffffffc1
ffffffc1
ffffffc1
ffffffc1
ffffffc1
ffffffc1
ffffffc1
ffffffc1
ffffffc1
ffffffc1
ffffffc1
ffffff77
ffffffbd
fffffff5
000000ed
00000475
00000253
0000003f
0000003f
ffffffa1
ffffff9d
000000ff
000000ed
0000009f
0000015d
000001ed
000002ad
000000f5
00000049
0000014f
000000e3
ffffff6f
fffffe59
fffffe63
ffffff07
ffffff97
ffffff01
fffffea7
fffffe7d
fffffec5
fffffefb
ffffff4f
ffffffe9
ffffffef
ffffff87
ffffffc1
ffffffc1
ffffffc1
ffffffc1
00000039
fffffeaf
00000655
00000538
00000167
000000f1
000000f1
000000f1
000000f1
000000f1
000000f1
000000f1
000000f1
000000f1
000000f1
000000f1
000000f1
000000f1
000000f1
000000f1
000000f1
000000f1
000000f1
000000f1
000000f1
000000f1
fffffc2d
fffff871
fffff6dd
fffff839
fffffc6b
fffffcd9
ffffff0f
ffffff0f
fffffedf
fffffe09
fffffee7
00000235
0000058f
00000905
00000b9f
00000935
00000697
0000037f
000001e1
00000195
00000145
0000001d
000000a3
000000e3
000001a5
00000203
0000018b
000000d7
000000a7
000000c5
000000f5
000000d5
00000087
00000035
000000f1
000000f1
000000f1
000000f1
fffffdaa
fffffbcc
00000015
ffffff6e
00000039
ffffff60
ffffff60
ffffff60
ffffff60
ffffff60
ffffff60
ffffff60
ffffff60
ffffff60
ffffff60
ffffff60
ffffff60
ffffff60
ffffff60
ffffff60
ffffff60
ffffff60
ffffff60
ffffff60
ffffff60
ffffff60
fffffc4a
fffff9ea
fffffcf0
ffffffa0
fffffe7a
fffffea6
000000a0
000000a0
00000154
00000204
000002be
00000320
000002d0
00000250
00000300
000000a2
fffffeb2
ffffff3a
ffffff16
fffffe8e
ffffff86
00000030
000000ae
00000100
0000002a
ffffffbc
ffffffc4
00000044
0000003c
00000038
0000002c
ffffffc8
ffffff24
ffffff4c
ffffff60
ffffff60
ffffff60
ffffff60
fffffc6f
fffffc70
0000014b
0000029c
000002c7
00000261
00000261
00000261
00000261
00000261
00000261
00000261
00000261
00000261
00000261
00000261
00000261
00000261
00000261
00000261
00000261
00000261
00000261
00000261
00000261
00000261
000001e3
00000271
00000265
ffffff89
fffffd3d
fffffd85
fffffd9f
fffffd9f
fffffd73
fffffcbf
fffffc85
ffffff4d
0000024b
00000133
00000127
0000004b
00000165
0000029b
000002fb
0000028f
00000357
000003df
00000441
000003b7
0000031f
0000028b
00000269
0000024f
00000279
0000028f
00000281
00000261
0000023d
00000267
00000261
00000261
00000261
00000261
00000234
00000257
000000e9
00000048
000000ad
0000014d
0000014d
0000014d
0000014d
0000014d
0000014d
0000014d
0000014d
0000014d
0000014d
0000014d
0000014d
0000014d
0000014d
0000014d
0000014d
0000014d
0000014d
0000014d
0000014d
0000014d
fffffe49
ffffffad
ffffffb3
0000008b
00000073
ffffffe9
fffffeb3
fffffeb3
fffffe7f
fffffdd9
fffffccf
fffffc03
fffffb85
fffffc11
fffffc95
fffffd6f
fffffe03
fffffe11
fffffdf1
fffffe19
ffffff61
00000159
0000017d
000001b3
ffffffa9
fffffeb9
fffffe73
ffffff77
00000023
0000004d
00000035
00000059
0000005b
000000cb
0000014d
0000014d
0000014d
0000014d
0000007a
000000a3
fffffd10
fffffdd0
fffffea5
ffffff11
ffffff11
ffffff11
ffffff11
ffffff11
ffffff11
ffffff11
ffffff11
ffffff11
ffffff11
ffffff11
ffffff11
ffffff11
ffffff11
ffffff11
ffffff11
ffffff11
ffffff11
ffffff11
ffffff11
ffffff11
00000053
000004d5
00000745
0000059d
000003f7
000002db
000000ef
000000ef
fffffff7
fffffe83
fffffd93
fffffd0b
fffffd93
ffffff3d
ffffff49
ffffffc7
ffffffb5
ffffff69
ffffff03
fffffeeb
fffffeed
ffffff3f
ffffffc5
ffffffcb
ffffff9f
ffffff85
ffffff77
ffffff65
ffffff31
ffffff21
ffffff01
ffffff1b
ffffff1b
ffffff1b
ffffff11
ffffff11
ffffff11
ffffff11
00000161
0000029d
fffffbf4
fffffc72
fffffe58
ffffff58
ffffff58
ffffff58
ffffff58
ffffff58
ffffff58
ffffff58
ffffff58
ffffff58
ffffff58
ffffff58
ffffff58
ffffff58
ffffff58
ffffff58
ffffff58
ffffff58
ffffff58
ffffff58
ffffff58
ffffff58
00000642
000007a8
0000069c
00000622
0000026e
ffffff82
000000a8
000000a8
ffffff54
fffffd5c
fffff97c
fffff7a8
fffff752
fffff614
fffff3b0
fffff424
fffff574
fffff994
fffffd5a
fffffd8c
fffffd18
fffffd06
fffffcd2
fffffcac
fffffd00
fffffd36
fffffce4
fffffcfc
fffffd6a
fffffd5e
fffffe26
ffffff0a
ffffff56
fffffefa
ffffff58
ffffff58
ffffff58
ffffff58
000004b5
000003f0
ffffffe9
fffffff4
00000086
00000068
00000068
00000068
00000068
00000068
00000068
00000068
00000068
00000068
00000068
00000068
00000068
00000068
00000068
00000068
00000068
00000068
00000068
00000068
00000068
00000068
00000318
0000051c
00000284
0000009a
00000136
00000066
ffffff98
ffffff98
fffffed8
fffffe6e
fffffd80
fffffba8
fffffbd2
fffffc60
fffffd60
fffffeaa
000001aa
000000c4
000000f2
000000c6
00000046
ffffffcc
ffffff5a
ffffff96
ffffffc2
fffffff0
0000005c
00000074
00000070
000000be
000000ea
000000b6
00000106
00000122
00000068
00000068
00000068
00000068
0000032b
000002a8
ffffff76
ffffff82
fffffe33
fffffe08
fffffe08
fffffe08
fffffe08
fffffe08
fffffe08
fffffe08
fffffe08
fffffe08
fffffe08
fffffe08
fffffe08
fffffe08
fffffe08
fffffe08
fffffe08
fffffe08
fffffe08
fffffe08
fffffe08
fffffe08
fffffefa
fffffe04
fffffea6
fffffefc
ffffffd6
00000226
000001f8
000001f8
00000274
00000350
00000400
00000316
fffffecc
fffffc0c
fffffb22
fffffc68
fffffcce
fffffd94
fffffe36
ffffff06
fffffed2
fffffdde
fffffd40
fffffd6a
fffffdaa
fffffdb6
fffffdda
fffffdd2
fffffdda
fffffd7e
fffffd34
fffffd6c
fffffdc6
fffffdec
fffffe08
fffffe08
fffffe08
fffffe08
fffffe89
fffffe74
00000282
000002d6
000001c6
0000010a
0000010a
0000010a
0000010a
0000010a
0000010a
0000010a
0000010a
0000010a
0000010a
0000010a
0000010a
0000010a
0000010a
0000010a
0000010a
0000010a
0000010a
0000010a
0000010a
0000010a
0000016a
0000015a
fffffec0
fffffd34
fffffd56
fffffdda
fffffef6
fffffef6
fffffeb0
fffffd44
fffffc1e
fffffe6a
000002ac
000001c6
ffffffd2
fffffe92
00000036
00000076
000000d8
0000004a
fffffff2
00000020
ffffffc2
ffffff98
ffffffd2
00000094
000000a8
00000072
00000080
000000d8
00000100
00000118
000000f0
000000d0
0000010a
0000010a
0000010a
0000010a
000001d1
0000016d
fffffbd3
fffffbc5
fffffd80
00000059
00000059
00000059
00000059
00000059
00000059
00000059
00000059
00000059
00000059
00000059
00000059
00000059
00000059
00000059
00000059
00000059
00000059
00000059
00000059
00000059
00000189
00000891
00000aad
00000ae9
000006e7
00000259
ffffffa7
ffffffa7
ffffff4f
ffffff1d
fffffc75
fffff987
fffff969
fffffb35
fffffc59
ffffff1d
fffffc91
fffffadd
fffffdb9
0000001d
0000019f
00000109
ffffffc9
fffffe4b
fffffe29
fffffea1
fffffe75
fffffe4d
fffffe55
fffffe4d
fffffd89
fffffd8b
fffffe43
fffffef9
00000059
00000059
00000059
00000059
0000032d
00000527
00000200
00000209
00000121
00000038
00000038
00000038
00000038
00000038
00000038
00000038
00000038
00000038
00000038
00000038
00000038
00000038
00000038
00000038
00000038
00000038
00000038
00000038
00000038
00000038
fffffefe
ffffff30
fffffebc
fffffdda
fffffe38
ffffff10
ffffffc8
ffffffc8
ffffff8e
fffffef8
ffffff4e
0000007c
0000006a
ffffff66
000000d2
00000260
000001de
0000010a
00000076
00000122
00000166
00000188
000001a8
00000194
000000f0
000000dc
000000ce
00000074
0000005e
00000012
ffffff8e
ffffff8a
ffffffa0
ffffffc2
00000038
00000038
00000038
00000038
00000006
00000012
000003a8
000002a2
00000144
ffffffb4
ffffffb4
ffffffb4
ffffffb4
ffffffb4
ffffffb4
ffffffb4
ffffffb4
ffffffb4
ffffffb4
ffffffb4
ffffffb4
ffffffb4
ffffffb4
ffffffb4
ffffffb4
ffffffb4
ffffffb4
ffffffb4
ffffffb4
ffffffb4
000000ca
fffffdd6
fffff92a
fffff956
fffffbba
fffffdae
0000004c
0000004c
0000000e
00000090
0000021e
00000484
0000059e
00000406
000002da
00000120
00000158
00000038
ffffff8a
fffffdaa
fffffd9c
fffffd90
fffffd8a
fffffcf2
fffffd04
fffffdc6
fffffe1c
fffffe32
fffffe34
fffffe9c
ffffff34
ffffffb0
ffffff6a
ffffff42
ffffffb4
ffffffb4
ffffffb4
ffffffb4
ffffff91
fffffd2d
fffffbe0
fffffcdd
fffffd6b
ffffff13
ffffff13
ffffff13
ffffff13
ffffff13
ffffff13
ffffff13
ffffff13
ffffff13
ffffff13
ffffff13
ffffff13
ffffff13
ffffff13
ffffff13
ffffff13
ffffff13
ffffff13
ffffff13
ffffff13
ffffff13
ffffffeb
000004c5
00000723
00000545
000003a9
000001b3
000000ed
000000ed
000001a3
ffffffcd
fffffefb
00000051
fffffeed
ffffffa9
fffffe5b
fffffc47
fffffaed
fffffb77
fffffb6b
fffffce3
fffffe43
ffffffa5
fffffffb
ffffff8b
fffffef7
fffffdf7
fffffe1b
fffffe59
fffffebb
fffffe77
fffffe59
fffffdc5
fffffe1d
fffffe9d
ffffff13
ffffff13
ffffff13
ffffff13
ffffff54
000002c1
ffffff59
ffffffd8
ffffff9f
ffffff4e
ffffff4e
ffffff4e
ffffff4e
ffffff4e
ffffff4e
ffffff4e
ffffff4e
ffffff4e
ffffff4e
ffffff4e
ffffff4e
ffffff4e
ffffff4e
ffffff4e
ffffff4e
ffffff4e
ffffff4e
ffffff4e
ffffff4e
ffffff4e
0000007e
000001aa
0000012c
0000008c
00000012
000000ce
000000b2
000000b2
00000076
ffffffc4
fffffe5e
fffffe60
0000005c
00000158
000003ac
000005f6
00000586
00000442
00000208
00000098
0000009c
0000016e
000002da
00000352
000002f0
00000214
00000100
00000044
ffffffb2
ffffff9a
ffffffc0
ffffff7c
ffffff7c
ffffffaa
ffffff4e
ffffff4e
ffffff4e
ffffff4e
0000007f
00000032
fffffcdf
fffffda5
00000024
00000060
00000060
00000060
00000060
00000060
00000060
00000060
00000060
00000060
00000060
00000060
00000060
00000060
00000060
00000060
00000060
00000060
00000060
00000060
00000060
00000060
00000278
000003da
000006f0
000006ba
000002be
00000030
ffffffa0
ffffffa0
fffffefe
fffffdb4
fffffd38
fffffdf6
fffffecc
ffffff4e
fffffd72
fffffd5a
fffffdb6
ffffff84
0000014e
ffffff92
fffffe6a
fffffe76
ffffff3a
ffffffe6
00000096
00000030
00000004
00000024
00000036
0000007c
00000142
0000017c
000000fa
00000088
00000060
00000060
00000060
00000060
0000023b
0000026a
00000076
0000005c
ffffff92
ffffffe0
ffffffe0
ffffffe0
ffffffe0
ffffffe0
ffffffe0
ffffffe0
ffffffe0
ffffffe0
ffffffe0
ffffffe0
ffffffe0
ffffffe0
ffffffe0
ffffffe0
ffffffe0
ffffffe0
ffffffe0
ffffffe0
ffffffe0
ffffffe0
ffffffd8
fffffeda
fffffff4
0000007a
000000ea
00000150
00000020
00000020
00000078
00000184
0000029c
0000038e
0000051a
0000059e
00000482
00000316
000003aa
00000250
00000084
fffffeac
fffffdf2
fffffe88
ffffff14
ffffff94
00000014
ffffffdc
ffffffec
ffffffd8
ffffffee
00000052
000000a8
000000ca
00000078
0000003a
ffffffe0
ffffffe0
ffffffe0
ffffffe0
ffffff5c
ffffff85
ffffffa4
fffffff4
fffffffc
ffffff75
ffffff75
ffffff75
ffffff75
ffffff75
ffffff75
ffffff75
ffffff75
ffffff75
ffffff75
ffffff75
ffffff75
ffffff75
ffffff75
ffffff75
ffffff75
ffffff75
ffffff75
ffffff75
ffffff75
ffffff75
fffffe9b
00000039
ffffff59
ffffff11
ffffff57
ffffff73
0000008b
0000008b
000000e1
000000fb
000001b1
000002bd
0000023d
000000d1
fffffff5
fffffe63
fffffdad
fffffd21
fffffe05
fffffec7
00000003
ffffffb1
ffffff61
ffffff05
fffffec5
fffffeab
fffffeed
ffffff03
fffffed3
ffffff4b
ffffff41
fffffea9
ffffff49
ffffffa5
ffffff75
ffffff75
ffffff75
ffffff75
fffffe87
ffffff58
fffffe18
fffffe5d
fffffe6c
ffffff47
ffffff47
ffffff47
ffffff47
ffffff47
ffffff47
ffffff47
ffffff47
ffffff47
ffffff47
ffffff47
ffffff47
ffffff47
ffffff47
ffffff47
ffffff47
ffffff47
ffffff47
ffffff47
ffffff47
ffffff47
ffffff91
00000329
0000045b
000003b5
000002f3
000000ff
000000b9
000000b9
ffffffb3
fffffe8b
fffffe2d
fffffeb5
000000fb
000002e9
000002f3
000000f9
0000000b
fffffe57
fffffde1
fffffe01
fffffd3d
fffffc67
fffffb0d
fffffb91
fffffbb9
fffffaf5
fffffa9f
fffffa83
fffffaf3
fffffadf
fffffaed
fffffbcd
fffffd73
fffffe8b
ffffff47
ffffff47
ffffff47
ffffff47
0000008f
000001cd
ffffff1f
fffffeee
fffffed0
ffffff6a
ffffff6a
ffffff6a
ffffff6a
ffffff6a
ffffff6a
ffffff6a
ffffff6a
ffffff6a
ffffff6a
ffffff6a
ffffff6a
ffffff6a
ffffff6a
ffffff6a
ffffff6a
ffffff6a
ffffff6a
ffffff6a
ffffff6a
ffffff6a
ffffffb8
ffffff22
ffffff86
fffffe64
00000054
00000204
00000096
00000096
00000132
00000196
000001a8
000000a2
00000028
fffffcba
fffff6fe
fffff674
fffffa22
fffffc18
fffffd92
fffffcf2
fffffe14
ffffff30
ffffff04
fffffdae
fffffdac
fffffe18
fffffee6
ffffff5a
ffffffe0
000000a2
00000136
0000006e
ffffffbc
ffffff2a
ffffff6a
ffffff6a
ffffff6a
ffffff6a
ffffff60
ffffffe5
00000051
0000021a
ffffffbe
fffffe8c
fffffe8c
fffffe8c
fffffe8c
fffffe8c
fffffe8c
fffffe8c
fffffe8c
fffffe8c
fffffe8c
fffffe8c
fffffe8c
fffffe8c
fffffe8c
fffffe8c
fffffe8c
fffffe8c
fffffe8c
fffffe8c
fffffe8c
fffffe8c
fffffdd2
fffffe80
ffffff44
fffff960
fffffaa0
ffffffec
00000174
00000174
000001b0
00000190
00000044
fffffecc
fffffc9e
fffffc1a
fffffdc0
fffffd8c
fffffdcc
ffffff02
fffffeda
ffffff5e
ffffffd4
ffffffd8
fffffff0
ffffff42
fffffea6
ffffff18
ffffff8e
ffffff74
ffffff44
fffffefe
fffffec4
fffffeac
ffffff04
ffffff14
fffffe8c
fffffe8c
fffffe8c
fffffe8c
fffffeaa
0000002e
000003a2
000001f9
00000061
fffffffe
fffffffe
fffffffe
fffffffe
fffffffe
fffffffe
fffffffe
fffffffe
fffffffe
fffffffe
fffffffe
fffffffe
fffffffe
fffffffe
fffffffe
fffffffe
fffffffe
fffffffe
fffffffe
fffffffe
fffffffe
fffffc12
fffff7fa
fffff6ce
fffffa7e
fffffe7a
00000076
00000002
00000002
00000138
00000224
000002ca
0000030a
00000100
0000016a
0000037a
000000ba
0000018c
000000c2
0000018e
0000029a
00000024
fffffd62
fffffca4
fffffd88
fffffe02
ffffffa2
ffffffb2
ffffff4e
fffffeac
fffffeec
ffffffaa
000000d0
00000144
000000e2
fffffffe
fffffffe
fffffffe
fffffffe
fffffc20
fffffba9
0000028d
0000015b
ffffff71
ffffff41
ffffff41
ffffff41
ffffff41
ffffff41
ffffff41
ffffff41
ffffff41
ffffff41
ffffff41
ffffff41
ffffff41
ffffff41
ffffff41
ffffff41
ffffff41
ffffff41
ffffff41
ffffff41
ffffff41
ffffff41
fffffd67
fffffa45
fffffa3d
fffffcfd
00000035
00000271
000000bf
000000bf
000001b9
00000393
0000050b
00000517
000004d9
000004e9
00000721
000009e7
00000765
0000039f
0000001f
00000319
000003fd
00000359
00000291
0000036f
00000521
0000054d
000004b7
0000041d
00000423
00000367
000001eb
00000081
0000003f
0000007b
ffffff41
ffffff41
ffffff41
ffffff41
fffffd48
fffffc45
0000014a
ffffffce
ffffff8c
fffffffc
fffffffc
fffffffc
fffffffc
fffffffc
fffffffc
fffffffc
fffffffc
fffffffc
fffffffc
fffffffc
fffffffc
fffffffc
fffffffc
fffffffc
fffffffc
fffffffc
fffffffc
fffffffc
fffffffc
fffffffc
fffff9e2
fffff91e
fffffb6e
fffffe24
00000020
fffffef4
00000004
00000004
00000138
00000212
0000045c
00000516
0000048e
000004cc
00000486
0000025c
0000025c
0000027e
00000138
ffffff50
ffffff10
0000007a
00000152
00000124
00000070
ffffff22
fffffec0
fffffeb6
fffffeea
ffffffb2
0000000a
ffffffe0
ffffffd8
fffffff0
fffffffc
fffffffc
fffffffc
fffffffc
fffffbd9
fffffcca
00000070
0000002c
00000003
000000b2
000000b2
000000b2
000000b2
000000b2
000000b2
000000b2
000000b2
000000b2
000000b2
000000b2
000000b2
000000b2
000000b2
000000b2
000000b2
000000b2
000000b2
000000b2
000000b2
000000b2
00000062
0000001e
ffffffde
ffffffea
0000001c
fffffeea
ffffff4e
ffffff4e
ffffff9e
ffffffc8
00000196
000003f0
00000596
00000604
000004e2
0000028e
0000030c
00000234
000000f6
000000e8
00000056
00000062
0000005a
000000bc
00000092
0000002c
00000006
00000010
00000048
00000076
00000080
000000be
000000ca
000000c2
000000b2
000000b2
000000b2
000000b2
ffffffe9
0000001c
000000ab
00000324
000001e9
00000207
00000207
00000207
00000207
00000207
00000207
00000207
00000207
00000207
00000207
00000207
00000207
00000207
00000207
00000207
00000207
00000207
00000207
00000207
00000207
00000207
000001d7
000001f9
00000209
fffffe25
fffffc6f
fffffd0b
fffffdf9
fffffdf9
fffffe59
fffffe05
fffffc4d
fffffcb9
00000173
000004a7
000002c9
ffffff97
fffffff5
00000171
000001ff
0000027d
ffffff97
fffffed7
fffffe9d
ffffff31
ffffffb7
ffffff5d
ffffff9b
ffffff49
ffffffb1
00000007
00000137
000002ad
000002c1
00000247
00000207
00000207
00000207
00000207
00000179
00000263
000001cd
ffffff73
ffffff72
fffffff0
fffffff0
fffffff0
fffffff0
fffffff0
fffffff0
fffffff0
fffffff0
fffffff0
fffffff0
fffffff0
fffffff0
fffffff0
fffffff0
fffffff0
fffffff0
fffffff0
fffffff0
fffffff0
fffffff0
fffffff0
fffffaec
fffff96e
fffffbc6
fffffe70
000000f2
00000102
00000010
00000010
000000c8
0000029c
00000428
000002ba
00000092
ffffff1c
000000cc
0000049e
000004d4
000003e4
0000031a
00000346
00000272
000000a0
00000042
00000130
000001b6
0000013c
0000010a
000000c8
0000008e
000000d0
00000058
0000001c
fffffff6
ffffffd2
fffffff0
fffffff0
fffffff0
fffffff0
fffffce7
fffffcaa
fffffde9
fffffd89
ffffff2b
00000040
00000040
00000040
00000040
00000040
00000040
00000040
00000040
00000040
00000040
00000040
00000040
00000040
00000040
00000040
00000040
00000040
00000040
00000040
00000040
00000040
ffffff9e
ffffff80
0000029c
0000055c
00000450
00000192
ffffffc0
ffffffc0
00000034
000000a0
000000d6
0000000e
ffffffc0
000000f6
000001f0
00000180
000000ca
ffffffbc
ffffff66
ffffff72
000000b0
000001d8
000001ec
000000ca
fffffff8
ffffff22
ffffff10
ffffff62
ffffffb0
ffffffda
ffffffde
ffffff84
ffffff8e
ffffffea
00000040
00000040
00000040
00000040
ffffff49
0000001b
000003c2
0000038a
000002c5
000000a0
000000a0
000000a0
000000a0
000000a0
000000a0
000000a0
000000a0
000000a0
000000a0
000000a0
000000a0
000000a0
000000a0
000000a0
000000a0
000000a0
000000a0
000000a0
000000a0
000000a0
00000076
ffffffe0
fffffbc0
fffff94e
fffffa9c
fffffe32
ffffff60
ffffff60
ffffff36
fffffe2a
0000012c
00000046
ffffffec
00000052
ffffff80
0000004a
00000258
0000024a
000001d0
000001e2
000001dc
000000ea
00000090
0000009e
00000052
000000b8
000000d0
000000b8
000000a2
00000078
00000072
000000c6
00000138
00000116
000000a0
000000a0
000000a0
000000a0
0000011f
00000033
ffffff1d
ffffff75
ffffff71
ffffffa2
ffffffa2
ffffffa2
ffffffa2
ffffffa2
ffffffa2
ffffffa2
ffffffa2
ffffffa2
ffffffa2
ffffffa2
ffffffa2
ffffffa2
ffffffa2
ffffffa2
ffffffa2
ffffffa2
ffffffa2
ffffffa2
ffffffa2
ffffffa2
000001f2
00000306
000000e4
ffffff84
ffffff7a
ffffffb4
0000005e
0000005e
ffffff0c
fffffc7e
fffff9fc
fffff8b6
fffff970
fffff8a0
fffff7a4
fffffa1c
fffffbd2
fffffc5a
fffffe78
ffffff40
000000dc
00000198
0000008e
ffffff56
fffffe92
fffffef2
ffffff6c
00000004
00000068
00000010
ffffff76
ffffff5a
ffffff6c
ffffff4a
ffffffa2
ffffffa2
ffffffa2
ffffffa2
000002a8
00000236
fffffc07
fffffc2a
ffffff4e
00000029
00000029
00000029
00000029
00000029
00000029
00000029
00000029
00000029
00000029
00000029
00000029
00000029
00000029
00000029
00000029
00000029
00000029
00000029
00000029
00000029
00000173
000002c1
00000607
000007ab
000005ef
0000020f
ffffffd7
ffffffd7
ffffff0d
fffffd81
fffffb4d
fffff98f
fffff99d
fffffacf
fffffc15
fffffd47
ffffffbd
000000d7
00000217
0000006f
fffffe9b
fffffe83
ffffff1d
00000047
0000007f
00000037
00000009
00000041
00000071
000000eb
000001cb
0000024f
000001ff
00000109
00000029
00000029
00000029
00000029
000001cb
00000300
ffffff84
00000160
0000019c
0000011c
0000011c
0000011c
0000011c
0000011c
0000011c
0000011c
0000011c
0000011c
0000011c
0000011c
0000011c
0000011c
0000011c
0000011c
0000011c
0000011c
0000011c
0000011c
0000011c
0000011c
0000003a
00000144
0000019c
00000026
fffffeba
fffffe54
fffffee4
fffffee4
fffffef4
fffffe92
fffffed6
ffffff1e
fffffe08
fffffcb0
ffffff32
00000052
fffffffc
000000c0
00000024
00000090
00000280
000002e6
0000029a
000001d0
00000144
00000184
000001b4
000001f2
000001ca
00000158
000000bc
0000005a
00000048
000000c0
0000011c
0000011c
0000011c
0000011c
000000bd
000001a7
fffffdfd
fffffc85
fffffdcb
ffffff0e
ffffff0e
ffffff0e
ffffff0e
ffffff0e
ffffff0e
ffffff0e
ffffff0e
ffffff0e
ffffff0e
ffffff0e
ffffff0e
ffffff0e
ffffff0e
ffffff0e
ffffff0e
ffffff0e
ffffff0e
ffffff0e
ffffff0e
ffffff0e
fffffe50
fffffe8a
00000238
000006b8
000004a6
000001e8
000000f2
000000f2
000001ec
00000414
00000520
000003b2
000001d4
000000bc
fffffed4
fffffd08
fffffbda
fffffbac
fffffc42
fffffe22
fffffe76
ffffff66
ffffff02
fffffdaa
fffffd14
fffffcac
fffffd4e
fffffdd8
fffffe00
fffffe12
fffffe56
fffffdf8
fffffdb4
fffffdfc
ffffff0e
ffffff0e
ffffff0e
ffffff0e
fffffe1b
fffffde5
ffffff62
fffffeb5
fffffe6c
fffffeac
fffffeac
fffffeac
fffffeac
fffffeac
fffffeac
fffffeac
fffffeac
fffffeac
fffffeac
fffffeac
fffffeac
fffffeac
fffffeac
fffffeac
fffffeac
fffffeac
fffffeac
fffffeac
fffffeac
fffffeac
0000004a
00000048
0000005c
0000007a
0000006e
000001b0
00000154
00000154
000001ce
000001e2
00000194
000001be
0000020a
0000006a
fffffdbe
fffffd2a
fffffcba
fffffd6e
fffffe66
ffffff38
fffffea4
fffffda2
fffffd34
fffffd72
fffffe1a
fffffe6a
fffffe50
fffffe04
fffffdf2
fffffdf0
fffffe46
fffffef2
fffffef8
fffffec6
fffffeac
fffffeac
fffffeac
fffffeac
ffffff53
ffffffa4
00000271
0000020a
000001b5
000000cf
000000cf
000000cf
000000cf
000000cf
000000cf
000000cf
000000cf
000000cf
000000cf
000000cf
000000cf
000000cf
000000cf
000000cf
000000cf
000000cf
000000cf
000000cf
000000cf
000000cf
0000009d
000000d1
fffffe5b
fffffda1
fffffdd3
fffffe21
ffffff31
ffffff31
fffffeaf
fffffe67
fffffdbf
fffffd6f
fffffb29
fffffc1f
00000075
00000295
0000032f
0000018d
000000ff
00000143
0000010f
000000d9
0000008d
0000013b
000001bd
000001b5
00000141
000000d7
000000c5
000000b5
000000b7
0000007b
000000f7
000000ff
000000cf
000000cf
000000cf
000000cf
000001df
00000099
fffffc31
fffffd35
fffffdc8
ffffff22
ffffff22
ffffff22
ffffff22
ffffff22
ffffff22
ffffff22
ffffff22
ffffff22
ffffff22
ffffff22
ffffff22
ffffff22
ffffff22
ffffff22
ffffff22
ffffff22
ffffff22
ffffff22
ffffff22
ffffff22
ffffffb2
00000636
0000078c
000005c4
00000462
000002e2
000000de
000000de
00000196
ffffff56
fffffe04
fffffe52
fffffeb4
0000024a
00000066
fffffe32
ffffff5a
ffffff9c
ffffff5e
ffffff00
fffffeae
fffffec6
fffffecc
ffffff10
ffffff3a
ffffff0c
ffffff1c
ffffff7c
ffffffac
00000004
ffffffba
ffffffaa
ffffffbc
ffffff8a
ffffff22
ffffff22
ffffff22
ffffff22
ffffffe0
00000435
0000004e
00000089
00000042
0000004b
0000004b
0000004b
0000004b
0000004b
0000004b
0000004b
0000004b
0000004b
0000004b
0000004b
0000004b
0000004b
0000004b
0000004b
0000004b
0000004b
0000004b
0000004b
0000004b
0000004b
00000049
00000059
ffffff53
fffffe2d
fffffdf7
ffffff93
ffffffb5
ffffffb5
ffffffe7
0000013d
00000169
000001c7
00000233
00000429
000002c5
00000105
00000219
0000026b
00000145
00000065
ffffff9d
ffffffc3
fffffff1
0000008f
fffffff9
00000003
ffffffbb
ffffffe7
ffffffdf
00000043
0000002d
00000067
00000033
0000004d
0000004b
0000004b
0000004b
0000004b
00000060
0000005e
0000035d
000001f7
00000021
ffffff22
ffffff22
ffffff22
ffffff22
ffffff22
ffffff22
ffffff22
ffffff22
ffffff22
ffffff22
ffffff22
ffffff22
ffffff22
ffffff22
ffffff22
ffffff22
ffffff22
ffffff22
ffffff22
ffffff22
ffffff22
fffffd12
fffff8e4
fffff7d6
fffff9e2
fffffd18
fffffee2
000000de
000000de
00000194
000002e0
000004ca
0000059e
000004f6
000003be
0000042e
00000186
0000013c
ffffffe6
fffffefe
ffffff88
ffffff4c
fffffec0
fffffe92
fffffe3e
fffffe1c
fffffdc4
fffffd56
fffffd76
fffffd72
fffffdb2
fffffe20
fffffeda
ffffff44
ffffff60
ffffff22
ffffff22
ffffff22
ffffff22
fffffc5d
fffffb98
ffffffaf
0000011e
000000f9
000000b6
000000b6
000000b6
000000b6
000000b6
000000b6
000000b6
000000b6
000000b6
000000b6
000000b6
000000b6
000000b6
000000b6
000000b6
000000b6
000000b6
000000b6
000000b6
000000b6
000000b6
00000146
00000226
000002ea
0000004a
fffffd80
fffffda0
ffffff4a
ffffff4a
ffffff4a
ffffffe8
fffffefa
fffffe2e
fffffdfe
fffffea8
ffffffda
00000002
fffffef6
ffffffac
0000002e
000000c0
ffffffc6
ffffff5c
ffffff42
0000002e
0000009a
0000007e
00000048
00000002
fffffff8
ffffffca
ffffffe0
00000002
00000060
00000086
000000b6
000000b6
000000b6
000000b6
000000f2
0000010f
0000002f
ffffffd5
000000a0
0000016b
0000016b
0000016b
0000016b
0000016b
0000016b
0000016b
0000016b
0000016b
0000016b
0000016b
0000016b
0000016b
0000016b
0000016b
0000016b
0000016b
0000016b
0000016b
0000016b
0000016b
0000019f
00000209
00000101
0000017f
0000015f
00000035
fffffe95
fffffe95
fffffe6b
fffffde7
fffffdab
fffffe03
fffffebf
ffffff01
ffffff43
00000117
000000a1
00000019
00000047
00000189
000002bb
000003b3
00000401
00000389
000002a5
00000243
0000020b
0000021d
00000223
000001cd
00000113
0000011f
00000117
00000139
0000016b
0000016b
0000016b
0000016b
00000198
00000186
000005a7
00000504
0000021a
0000004c
0000004c
0000004c
0000004c
0000004c
0000004c
0000004c
0000004c
0000004c
0000004c
0000004c
0000004c
0000004c
0000004c
0000004c
0000004c
0000004c
0000004c
0000004c
0000004c
0000004c
fffffd26
fffff88e
fffff4da
fffff62c
fffff934
fffffd72
ffffffb4
ffffffb4
fffffff6
00000090
000001d4
000003ce
000004ac
000004a2
000004dc
000002cc
00000328
000003d2
0000038e
0000013c
0000004a
ffffff54
ffffffe2
00000078
000000f6
00000236
00000264
00000222
000001ba
0000022e
000002ec
000002fc
0000021c
00000106
0000004c
0000004c
0000004c
0000004c
fffffd93
fffffb1b
fffffc4e
fffffcfc
fffffd65
ffffff28
ffffff28
ffffff28
ffffff28
ffffff28
ffffff28
ffffff28
ffffff28
ffffff28
ffffff28
ffffff28
ffffff28
ffffff28
ffffff28
ffffff28
ffffff28
ffffff28
ffffff28
ffffff28
ffffff28
ffffff28
00000044
00000494
00000628
0000045e
000004ae
00000168
000000d8
000000d8
00000210
ffffffda
000000e2
00000194
ffffff46
ffffff98
fffffdda
fffffc9c
fffffc54
fffffbc0
fffffc46
fffffd5a
fffffe4a
ffffff8c
ffffffe2
ffffff78
fffffeac
fffffde2
fffffe1a
fffffe78
fffffedc
ffffff14
fffffe6a
fffffdf2
fffffe62
fffffed0
ffffff28
ffffff28
ffffff28
ffffff28
ffffff60
000002d7
0000037c
000002e6
000002bc
0000012f
0000012f
0000012f
0000012f
0000012f
0000012f
0000012f
0000012f
0000012f
0000012f
0000012f
0000012f
0000012f
0000012f
0000012f
0000012f
0000012f
0000012f
0000012f
0000012f
0000012f
000001a3
fffffac7
fffff93d
fffffaf5
fffffb5d
fffffd89
fffffed1
fffffed1
fffffec7
00000191
00000265
000001f7
00000183
ffffff39
000000ab
00000323
00000195
0000011b
00000077
00000019
00000143
00000079
00000167
000000d1
000001cb
000001ef
000001f3
000001ab
00000185
0000012f
00000179
0000019b
00000161
00000141
0000012f
0000012f
0000012f
0000012f
0000004d
fffffcf8
00000247
000001b6
00000171
000000a9
000000a9
000000a9
000000a9
000000a9
000000a9
000000a9
000000a9
000000a9
000000a9
000000a9
000000a9
000000a9
000000a9
000000a9
000000a9
000000a9
000000a9
000000a9
000000a9
000000a9
fffffe07
fffffc2d
fffffc1f
fffffcdb
fffffd7f
fffffe53
ffffff57
ffffff57
ffffff45
ffffff13
ffffff2f
ffffff5f
ffffff47
fffffe9f
000000ef
000000bb
0000003d
0000000d
000000ef
00000105
00000099
0000001b
ffffffa9
ffffff9d
ffffffbf
0000001b
00000051
0000006b
00000061
0000008f
000000fb
0000012f
000000e7
000000c1
000000a9
000000a9
000000a9
000000a9
fffffe57
fffffdd6
fffffdf7
ffffffb1
fffffff9
ffffff0a
ffffff0a
ffffff0a
ffffff0a
ffffff0a
ffffff0a
ffffff0a
ffffff0a
ffffff0a
ffffff0a
ffffff0a
ffffff0a
ffffff0a
ffffff0a
ffffff0a
ffffff0a
ffffff0a
ffffff0a
ffffff0a
ffffff0a
ffffff0a
000001f2
00000508
000004c0
000002d0
ffffff28
ffffff9a
000000f6
000000f6
000000be
000000a4
0000003a
fffffed2
fffffff2
ffffffcc
ffffff38
ffffff10
fffffeb0
ffffffd0
fffffffe
000000fa
0000006a
ffffffc2
fffffed6
fffffdae
fffffd2a
fffffcf4
fffffd04
fffffd54
fffffda8
fffffd6a
fffffdb0
fffffe6e
ffffff10
ffffff6c
ffffff0a
ffffff0a
ffffff0a
ffffff0a
000001ec
0000032b
00000517
000002b4
000000cd
ffffff81
ffffff81
ffffff81
ffffff81
ffffff81
ffffff81
ffffff81
ffffff81
ffffff81
ffffff81
ffffff81
ffffff81
ffffff81
ffffff81
ffffff81
ffffff81
ffffff81
ffffff81
ffffff81
ffffff81
ffffff81
fffffc51
fffff667
fffff45d
fffff843
fffffd13
fffffe4f
0000007f
0000007f
00000035
00000087
000002af
0000046f
0000050f
00000429
0000041f
00000223
00000355
0000038d
000001df
000000df
fffffe8f
fffffe93
ffffff2f
0000006d
0000010d
0000008d
ffffffb7
ffffff83
ffffffed
fffffff5
00000153
000001df
00000183
000000c3
ffffff81
ffffff81
ffffff81
ffffff81
fffffc8e
fffffa15
ffffff5d
ffffff64
ffffff8c
00000034
00000034
00000034
00000034
00000034
00000034
00000034
00000034
00000034
00000034
00000034
00000034
00000034
00000034
00000034
00000034
00000034
00000034
00000034
00000034
00000034
0000004c
00000092
000000e2
000000c0
0000002e
fffffef6
ffffffcc
ffffffcc
00000092
000000f0
00000018
fffffe1a
fffffbd4
fffff8dc
fffff89e
fffff8d4
fffffa80
fffffd70
00000088
00000168
ffffffe0
fffffeba
fffffe10
fffffdfe
fffffe50
fffffe58
fffffe7a
fffffe6c
fffffea6
fffffefa
ffffff44
ffffffae
ffffffd8
0000004a
00000034
00000034
00000034
00000034
00000063
000000f5
fffffc32
fffffc61
fffffc80
fffffd01
fffffd01
fffffd01
fffffd01
fffffd01
fffffd01
fffffd01
fffffd01
fffffd01
fffffd01
fffffd01
fffffd01
fffffd01
fffffd01
fffffd01
fffffd01
fffffd01
fffffd01
fffffd01
fffffd01
fffffd01
00000103
0000047d
000004bd
000004a3
000002f3
00000265
000002ff
000002ff
000002af
00000273
ffffff81
fffffe85
fffffec9
fffffd79
fffffc27
fffffbdd
fffff995
fffff90d
fffffab9
fffffcf7
fffffded
fffffdd7
fffffc93
fffffb99
fffffb9f
fffffbbb
fffffbfb
fffffc25
fffffc57
fffffbe1
fffffbd5
fffffbd3
fffffc1f
fffffca3
fffffd01
fffffd01
fffffd01
fffffd01
fffffff8
00000091
0000010a
000000b4
000000fe
fffffec5
fffffec5
fffffec5
fffffec5
fffffec5
fffffec5
fffffec5
fffffec5
fffffec5
fffffec5
fffffec5
fffffec5
fffffec5
fffffec5
fffffec5
fffffec5
fffffec5
fffffec5
fffffec5
fffffec5
fffffec5
ffffffad
00000099
ffffff51
fffffe97
fffffd37
fffffee1
0000013b
0000013b
00000163
0000013f
0000000b
00000001
000002a1
0000032b
00000433
00000367
00000135
ffffff71
ffffff01
fffffdf1
fffffdbf
fffffc21
fffffc43
fffffc57
fffffceb
fffffd69
fffffd79
fffffda9
fffffd77
fffffd6d
fffffe39
fffffeaf
fffffef9
fffffeb1
fffffec5
fffffec5
fffffec5
fffffec5
00000012
fffffee1
fffffef3
fffffda4
fffffe0d
fffffe74
fffffe74
fffffe74
fffffe74
fffffe74
fffffe74
fffffe74
fffffe74
fffffe74
fffffe74
fffffe74
fffffe74
fffffe74
fffffe74
fffffe74
fffffe74
fffffe74
fffffe74
fffffe74
fffffe74
fffffe74
ffffff26
fffffdd2
fffffe6a
0000015c
000002a6
00000176
0000018c
0000018c
000001b4
00000144
000000e2
00000222
000003ee
0000027a
ffffffe8
fffffeec
fffffdd4
fffffcda
fffffe4e
fffffd7a
fffffcf6
fffffd24
fffffd6c
fffffe1e
fffffdc2
fffffe00
fffffd86
fffffda8
fffffdb0
fffffde2
fffffe42
fffffe86
fffffeaa
fffffe02
fffffe74
fffffe74
fffffe74
fffffe74
fffffe92
fffffe8d
fffffc8b
fffffb22
fffffd14
ffffff11
ffffff11
ffffff11
ffffff11
ffffff11
ffffff11
ffffff11
ffffff11
ffffff11
ffffff11
ffffff11
ffffff11
ffffff11
ffffff11
ffffff11
ffffff11
ffffff11
ffffff11
ffffff11
ffffff11
ffffff11
ffffff7d
ffffffb9
0000018b
00000559
000005e1
000001b1
000000ef
000000ef
0000015f
000002d3
000002fd
00000217
00000249
ffffff5b
fffffdaf
fffffdb9
fffffb3f
fffffb29
fffffd79
fffffe2f
fffffe2d
ffffff63
ffffff93
ffffffb5
ffffffe1
ffffff63
fffffeef
fffffea7
fffffed5
fffffecd
fffffe9d
fffffe77
fffffe11
fffffe63
ffffff11
ffffff11
ffffff11
ffffff11
fffffe63
fffffe70
00000174
000000bc
0000003d
ffffff11
ffffff11
ffffff11
ffffff11
ffffff11
ffffff11
ffffff11
ffffff11
ffffff11
ffffff11
ffffff11
ffffff11
ffffff11
ffffff11
ffffff11
ffffff11
ffffff11
ffffff11
ffffff11
ffffff11
ffffff11
fffffe31
fffffbf3
fffffb43
fffffca1
fffffcf9
fffffee9
000000ef
000000ef
0000016b
00000277
000003d7
000004a3
0000044d
0000018f
ffffffcd
fffffe25
fffffe17
fffffcfd
fffffc23
fffffd7b
ffffffc1
00000155
00000039
fffffe7b
fffffccd
fffffc8b
fffffd03
fffffd9f
fffffe15
fffffe03
fffffdd5
fffffde5
fffffe5b
fffffec3
ffffff11
ffffff11
ffffff11
ffffff11
fffffdb9
fffffda4
fffffd03
fffffd93
fffffe31
ffffff33
ffffff33
ffffff33
ffffff33
ffffff33
ffffff33
ffffff33
ffffff33
ffffff33
ffffff33
ffffff33
ffffff33
ffffff33
ffffff33
ffffff33
ffffff33
ffffff33
ffffff33
ffffff33
ffffff33
ffffff33
00000161
0000052b
000006b1
00000603
000004c1
00000247
000000cd
000000cd
fffffffb
fffffdc1
fffffcfd
fffffe39
ffffffbf
00000105
00000071
0000006f
000000a5
ffffffdd
ffffffb9
ffffffc5
fffffebd
fffffe25
fffffe37
fffffecb
ffffff3b
ffffff8d
ffffff3d
ffffff01
fffffec1
ffffff11
ffffff6b
ffffff8d
ffffff89
ffffff59
ffffff33
ffffff33
ffffff33
ffffff33
000001bb
000002e2
fffffc28
fffffb95
fffffbc5
fffffd00
fffffd00
fffffd00
fffffd00
fffffd00
fffffd00
fffffd00
fffffd00
fffffd00
fffffd00
fffffd00
fffffd00
fffffd00
fffffd00
fffffd00
fffffd00
fffffd00
fffffd00
fffffd00
fffffd00
fffffd00
fffffe54
000000d0
000002b8
00000544
00000704
0000041a
00000300
00000300
000001f2
00000194
ffffff44
fffffef0
fffffd58
fffffd26
fffffd9a
fffffdf2
fffffddc
fffffde4
fffffe10
fffffdc8
fffffd9c
fffffd52
fffffdc6
fffffec4
ffffff70
ffffff84
ffffff8a
ffffff1c
fffffef4
fffffeda
fffffeb8
fffffe3a
fffffd84
fffffd50
fffffd00
fffffd00
fffffd00
fffffd00
fffffe83
fffffef6
00000063
000000a9
00000236
00000347
00000347
00000347
00000347
00000347
00000347
00000347
00000347
00000347
00000347
00000347
00000347
00000347
00000347
00000347
00000347
00000347
00000347
00000347
00000347
00000347
000002af
00000313
000003e1
00000427
000001db
fffffe41
fffffcb9
fffffcb9
fffffced
fffffd31
fffffee9
000000df
ffffffd1
fffffeb3
ffffff8f
000001f9
00000153
00000081
000001f9
00000197
000001b7
0000024f
0000026b
0000031f
000003e9
0000039d
0000036b
0000033f
00000389
000003e3
000003e5
0000038b
00000375
00000317
00000347
00000347
00000347
00000347
00000301
0000026a
000001e5
00000166
0000025e
0000018b
0000018b
0000018b
0000018b
0000018b
0000018b
0000018b
0000018b
0000018b
0000018b
0000018b
0000018b
0000018b
0000018b
0000018b
0000018b
0000018b
0000018b
0000018b
0000018b
0000018b
fffffc39
fffff8a9
fffffafd
fffffd5b
fffffc19
fffffd01
fffffe75
fffffe75
ffffffa7
0000010d
000001e3
00000133
00000035
ffffff83
0000006b
00000031
ffffff83
fffffdbb
fffffd3d
fffffeb3
00000217
0000044b
000002e7
000000b1
fffffeeb
fffffe65
fffffe4d
fffffebd
ffffff27
ffffff95
ffffff93
fffffe6b
fffffeb1
0000003d
0000018b
0000018b
0000018b
0000018b
fffffd0a
fffffd75
00000039
00000045
0000000f
000000b5
000000b5
000000b5
000000b5
000000b5
000000b5
000000b5
000000b5
000000b5
000000b5
000000b5
000000b5
000000b5
000000b5
000000b5
000000b5
000000b5
000000b5
000000b5
000000b5
000000b5
000002b9
0000040d
0000020d
00000103
0000014d
00000165
ffffff4b
ffffff4b
fffffe2b
fffffdf5
fffffe19
fffffffd
0000028b
00000397
00000177
00000315
00000185
0000014d
00000243
000002e3
00000235
000000e9
000000a1
0000015d
000001c3
00000291
00000279
00000223
000001bb
00000171
0000012f
0000013b
00000129
000000f1
000000b5
000000b5
000000b5
000000b5
00000242
000001e8
00000112
00000169
00000162
000000a2
000000a2
000000a2
000000a2
000000a2
000000a2
000000a2
000000a2
000000a2
000000a2
000000a2
000000a2
000000a2
000000a2
000000a2
000000a2
000000a2
000000a2
000000a2
000000a2
000000a2
000000b0
00000274
00000034
fffffdf4
fffffdc0
ffffff0c
ffffff5e
ffffff5e
ffffff18
ffffff1a
ffffff4a
ffffffba
ffffffd4
00000048
000000dc
000000c2
0000017e
000001ee
0000011e
000000c2
0000008c
00000134
000000f2
000000c8
00000064
0000005c
0000008e
000000ba
000000d8
000000d6
00000092
0000006e
0000008e
000000b2
000000a2
000000a2
000000a2
000000a2
000000c6
00000116
00000054
00000056
00000081
00000085
00000085
00000085
00000085
00000085
00000085
00000085
00000085
00000085
00000085
00000085
00000085
00000085
00000085
00000085
00000085
00000085
00000085
00000085
00000085
00000085
ffffff13
ffffff1d
00000159
00000177
ffffff5f
fffffe11
ffffff7b
ffffff7b
fffffef3
fffffe01
fffffc77
fffffd69
ffffff47
00000241
0000045d
00000379
00000309
00000111
0000008f
00000037
00000037
00000097
00000027
00000079
000000f5
0000014d
0000015b
00000143
00000119
0000013d
00000121
0000010b
00000117
000000ad
00000085
00000085
00000085
00000085
000000ca
000000b3
fffffee2
fffffef7
fffffd30
fffffc53
fffffc53
fffffc53
fffffc53
fffffc53
fffffc53
fffffc53
fffffc53
fffffc53
fffffc53
fffffc53
fffffc53
fffffc53
fffffc53
fffffc53
fffffc53
fffffc53
fffffc53
fffffc53
fffffc53
fffffc53
ffffff3b
fffffe2f
fffffcdf
fffffd95
ffffffe9
000003c1
000003ad
000003ad
000002a1
0000023b
000001f7
000002ab
0000005d
fffffb37
fffff941
fffffb9b
fffffc51
fffffc97
fffffc71
fffffc9b
fffffcb7
fffffc51
fffffc87
fffffc47
fffffccd
fffffcc1
fffffcd3
fffffc85
fffffc93
fffffc4b
fffffc4f
fffffc93
fffffcc5
fffffcad
fffffc53
fffffc53
fffffc53
fffffc53
fffffef1
fffffd43
fffffd13
ffffff0c
ffffffd9
fffffeb5
fffffeb5
fffffeb5
fffffeb5
fffffeb5
fffffeb5
fffffeb5
fffffeb5
fffffeb5
fffffeb5
fffffeb5
fffffeb5
fffffeb5
fffffeb5
fffffeb5
fffffeb5
fffffeb5
fffffeb5
fffffeb5
fffffeb5
fffffeb5
000004e3
0000073b
0000056b
00000219
fffffe5f
ffffffb1
0000014b
0000014b
000000d5
000000ab
ffffffa1
fffffe79
fffffe09
fffffbc5
fffff9f3
fffff8f9
fffffc5f
fffffe43
ffffff75
fffffef9
fffffedd
fffffe51
fffffe43
fffffd87
fffffd79
fffffe05
fffffe89
ffffff13
fffffee9
fffffed3
ffffff0b
ffffff89
ffffffdb
ffffff79
fffffeb5
fffffeb5
fffffeb5
fffffeb5
00000311
000002f8
00000016
00000451
00000371
000000d6
000000d6
000000d6
000000d6
000000d6
000000d6
000000d6
000000d6
000000d6
000000d6
000000d6
000000d6
000000d6
000000d6
000000d6
000000d6
000000d6
000000d6
000000d6
000000d6
000000d6
000000ca
000000aa
00000072
fffffc5a
fffffabc
fffffd12
ffffff2a
ffffff2a
fffffee8
fffffe52
fffffe5a
fffffefa
ffffffd2
fffffed6
ffffffde
fffffe80
00000048
0000027a
0000016c
000000be
00000190
000000f8
00000082
0000001e
ffffff2e
ffffffb8
00000074
000000d8
00000070
0000004a
00000070
000000b0
0000014a
00000176
000000d6
000000d6
000000d6
000000d6
000000be
00000158
0000004d
00000104
00000125
00000051
00000051
00000051
00000051
00000051
00000051
00000051
00000051
00000051
00000051
00000051
00000051
00000051
00000051
00000051
00000051
00000051
00000051
00000051
00000051
00000051
ffffff8d
00000037
00000021
fffffeb5
fffffd49
fffffe83
ffffffaf
ffffffaf
ffffffd7
000000a3
000000cd
00000035
00000025
000001a5
00000309
000001fb
00000103
0000019b
00000155
0000019d
000000b3
000000e9
000000e7
000001ed
000001e3
000001c9
0000017b
00000165
00000167
0000013b
0000009f
000000db
000000c3
000000eb
00000051
00000051
00000051
00000051
0000000d
0000002d
fffffd12
fffffe2b
fffffdf4
fffffee8
fffffee8
fffffee8
fffffee8
fffffee8
fffffee8
fffffee8
fffffee8
fffffee8
fffffee8
fffffee8
fffffee8
fffffee8
fffffee8
fffffee8
fffffee8
fffffee8
fffffee8
fffffee8
fffffee8
fffffee8
fffffdb0
000002da
00000448
00000350
00000330
000001d2
00000118
00000118
0000018c
000000ea
ffffff60
fffffda6
fffffdea
0000010a
0000013e
ffffffe2
fffffffc
ffffffa4
ffffff70
00000046
ffffff9c
ffffffa8
ffffff9a
0000004a
ffffffe2
ffffffd2
ffffffc4
ffffffa8
ffffff82
ffffff7a
ffffff54
ffffff24
ffffff60
ffffff50
fffffee8
fffffee8
fffffee8
fffffee8
fffffedf
000001a2
00000198
00000245
00000198
0000003a
0000003a
0000003a
0000003a
0000003a
0000003a
0000003a
0000003a
0000003a
0000003a
0000003a
0000003a
0000003a
0000003a
0000003a
0000003a
0000003a
0000003a
0000003a
0000003a
0000003a
000000f2
00000184
0000006a
fffffc74
fffffd04
ffffff10
ffffffc6
ffffffc6
fffffe9e
fffffc16
fffffba0
fffffdda
ffffff36
00000058
000001cc
00000236
000001ce
0000019e
00000028
00000266
00000392
000002f0
000001a2
000000e2
00000156
000001ec
00000230
00000240
00000212
000001d6
000000de
00000068
000000ca
000000e2
0000003a
0000003a
0000003a
0000003a
0000027e
000000a1
fffffeae
fffffd54
fffffe35
ffffff6e
ffffff6e
ffffff6e
ffffff6e
ffffff6e
ffffff6e
ffffff6e
ffffff6e
ffffff6e
ffffff6e
ffffff6e
ffffff6e
ffffff6e
ffffff6e
ffffff6e
ffffff6e
ffffff6e
ffffff6e
ffffff6e
ffffff6e
ffffff6e
fffffdc8
fffffe30
fffffe5c
000003dc
0000050c
00000208
00000092
00000092
00000170
000001f4
00000090
fffffee4
fffffde8
fffffec2
00000042
00000358
0000033c
0000015e
00000094
0000006e
000000da
0000031a
0000040e
000003f6
000002be
000001c6
0000009c
00000020
00000042
00000030
ffffff8e
fffffec8
fffffe3a
fffffe7a
ffffff6e
ffffff6e
ffffff6e
ffffff6e
fffffedb
ffffff51
fffffc45
fffffdb4
000000a3
fffffff9
fffffff9
fffffff9
fffffff9
fffffff9
fffffff9
fffffff9
fffffff9
fffffff9
fffffff9
fffffff9
fffffff9
fffffff9
fffffff9
fffffff9
fffffff9
fffffff9
fffffff9
fffffff9
fffffff9
fffffff9
fffffe8f
ffffff0f
000005a3
0000068b
00000151
fffffecd
00000007
00000007
ffffffe9
ffffff6b
fffffcc3
fffffc17
fffffc6d
fffffd27
fffffe81
fffffda3
fffffdf5
0000006f
000001b5
00000045
00000029
00000105
00000101
000000ad
ffffff5d
ffffff1f
ffffffad
00000099
000000d1
000000d7
00000091
ffffffa1
fffffef1
fffffed3
fffffff9
fffffff9
fffffff9
fffffff9
ffffff75
0000008c
ffffffe5
00000092
00000037
ffffff47
ffffff47
ffffff47
ffffff47
ffffff47
ffffff47
ffffff47
ffffff47
ffffff47
ffffff47
ffffff47
ffffff47
ffffff47
ffffff47
ffffff47
ffffff47
ffffff47
ffffff47
ffffff47
ffffff47
ffffff47
000000cb
00000141
00000067
fffffe1f
fffffd81
ffffff3d
000000b9
000000b9
0000009b
0000008f
000000f7
0000019f
000002c5
00000221
000001b3
000001a5
00000175
00000205
0000016d
00000073
ffffffa5
fffffee7
ffffff87
ffffffe1
0000005d
00000039
00000033
0000000f
ffffffcf
ffffffef
0000001d
ffffffe3
ffffffbd
ffffffbf
ffffff47
ffffff47
ffffff47
ffffff47
ffffffbf
ffffffd5
0000033a
000002b0
000001a1
0000009f
0000009f
0000009f
0000009f
0000009f
0000009f
0000009f
0000009f
0000009f
0000009f
0000009f
0000009f
0000009f
0000009f
0000009f
0000009f
0000009f
0000009f
0000009f
0000009f
0000009f
fffffd05
fffff787
fffff791
fffff913
fffffb59
fffffdcb
ffffff61
ffffff61
00000059
000001fd
000002a3
000001f7
ffffffb9
fffffd31
fffffdad
fffffed3
ffffffe5
00000123
00000133
0000004d
ffffff8d
fffffff3
00000077
00000179
000001ad
00000225
000001fd
000001d1
0000018b
000001d7
00000231
000001e3
00000135
00000113
0000009f
0000009f
0000009f
0000009f
fffffdae
fffffc5d
00000029
000000a7
ffffffc7
ffffff0d
ffffff0d
ffffff0d
ffffff0d
ffffff0d
ffffff0d
ffffff0d
ffffff0d
ffffff0d
ffffff0d
ffffff0d
ffffff0d
ffffff0d
ffffff0d
ffffff0d
ffffff0d
ffffff0d
ffffff0d
ffffff0d
ffffff0d
ffffff0d
fffffe5d
ffffffc5
00000075
fffffeff
fffffe47
fffffea3
000000f3
000000f3
00000127
0000017f
00000221
00000399
000004ef
00000539
000005cf
000002e5
0000012b
ffffffff
ffffff9d
ffffff0b
ffffff27
ffffff9b
0000003d
ffffff97
fffffe81
fffffe25
fffffdd3
fffffda1
fffffdc1
fffffdc5
fffffe3d
fffffec1
fffffebb
fffffec3
ffffff0d
ffffff0d
ffffff0d
ffffff0d
fffffe6b
ffffff31
ffffff16
ffffff23
fffffece
fffffec3
fffffec3
fffffec3
fffffec3
fffffec3
fffffec3
fffffec3
fffffec3
fffffec3
fffffec3
fffffec3
fffffec3
fffffec3
fffffec3
fffffec3
fffffec3
fffffec3
fffffec3
fffffec3
fffffec3
fffffec3
0000000b
ffffff6b
fffffeef
ffffff19
00000119
00000233
0000013d
0000013d
000000fb
000000ad
0000008b
000000a9
ffffff73
ffffffb7
ffffffd7
00000093
00000043
00000043
ffffffcd
fffffeed
fffffed5
fffffe53
fffffe69
fffffe7d
fffffeaf
fffffec1
fffffed5
fffffebf
fffffe87
fffffe9b
fffffed9
fffffeef
ffffff03
ffffff07
fffffec3
fffffec3
fffffec3
fffffec3
ffffff63
ffffff1f
fffffefd
00000050
0000001a
ffffff23
ffffff23
ffffff23
ffffff23
ffffff23
ffffff23
ffffff23
ffffff23
ffffff23
ffffff23
ffffff23
ffffff23
ffffff23
ffffff23
ffffff23
ffffff23
ffffff23
ffffff23
ffffff23
ffffff23
ffffff23
0000012d
00000367
00000215
ffffffad
fffffd37
fffffea3
000000dd
000000dd
0000007f
ffffff8d
fffffea9
00000131
000002e9
000003ab
000000f3
ffffff09
ffffff9d
00000019
ffffffab
fffffd47
fffffce7
fffffd47
fffffda3
fffffd33
fffffdcd
fffffdd1
fffffe03
fffffda5
fffffdcb
fffffe7f
ffffff59
ffffff11
fffffe87
fffffe91
ffffff23
ffffff23
ffffff23
ffffff23
00000053
00000022
ffffffdd
00000032
ffffff42
ffffff40
ffffff40
ffffff40
ffffff40
ffffff40
ffffff40
ffffff40
ffffff40
ffffff40
ffffff40
ffffff40
ffffff40
ffffff40
ffffff40
ffffff40
ffffff40
ffffff40
ffffff40
ffffff40
ffffff40
ffffff40
ffffff6c
ffffff2e
ffffff64
fffffee8
000000cc
00000142
000000c0
000000c0
00000092
fffffffa
ffffffa2
ffffffee
000000b8
00000292
0000035a
00000100
00000158
00000164
00000006
00000060
000000fa
0000011e
0000014e
000000dc
000000d4
000000d8
00000138
00000164
0000015e
000000f8
0000006a
00000012
00000014
ffffffe6
ffffff40
ffffff40
ffffff40
ffffff40
ffffff09
ffffff43
ffffffb7
ffffff51
ffffff45
ffffffcc
ffffffcc
ffffffcc
ffffffcc
ffffffcc
ffffffcc
ffffffcc
ffffffcc
ffffffcc
ffffffcc
ffffffcc
ffffffcc
ffffffcc
ffffffcc
ffffffcc
ffffffcc
ffffffcc
ffffffcc
ffffffcc
ffffffcc
ffffffcc
fffffde4
fffffdc0
ffffff6c
000000f0
00000244
000000fc
00000034
00000034
0000008e
0000014a
00000228
00000172
fffffff6
00000016
000000ea
0000039e
000003ba
0000030e
00000260
000001ba
00000294
00000380
0000042e
000003c4
00000288
00000210
000001f4
000001fc
0000020a
00000218
000001f4
000001b2
00000144
0000009c
ffffffcc
ffffffcc
ffffffcc
ffffffcc
fffffef1
ffffff60
00000431
0000016a
ffffffe6
ffffffc1
ffffffc1
ffffffc1
ffffffc1
ffffffc1
ffffffc1
ffffffc1
ffffffc1
ffffffc1
ffffffc1
ffffffc1
ffffffc1
ffffffc1
ffffffc1
ffffffc1
ffffffc1
ffffffc1
ffffffc1
ffffffc1
ffffffc1
ffffffc1
fffffb63
fffff6f3
fffff853
fffffcc3
fffffc83
fffffebf
0000003f
0000003f
ffffffab
ffffff07
000000c3
000003e7
0000063b
000007e5
000006ab
0000039f
0000029f
00000211
0000011b
ffffff0f
ffffff37
00000103
000001eb
000001d5
00000133
00000059
ffffffc5
fffffff7
00000061
000000af
000000d3
0000009d
ffffff73
fffffef1
ffffffc1
ffffffc1
ffffffc1
ffffffc1
fffffc8a
fffffad7
fffffb65
fffffae8
fffffcfa
fffffef5
fffffef5
fffffef5
fffffef5
fffffef5
fffffef5
fffffef5
fffffef5
fffffef5
fffffef5
fffffef5
fffffef5
fffffef5
fffffef5
fffffef5
fffffef5
fffffef5
fffffef5
fffffef5
fffffef5
fffffef5
fffffa8d
fffffaef
000002cf
00000781
00000741
0000031d
0000010b
0000010b
00000201
0000025d
ffffffe9
fffffe43
ffffff39
00000193
000002bd
000000e7
ffffff3b
0000008f
000001ab
ffffff79
fffffd5b
fffffeb9
ffffff11
00000067
00000047
fffffff3
ffffffb1
00000015
0000005f
000000eb
00000139
00000093
ffffffbd
ffffff33
fffffef5
fffffef5
fffffef5
fffffef5
fffffbf3
fffffda4
fffffc37
ffffff18
00000060
ffffff14
ffffff14
ffffff14
ffffff14
ffffff14
ffffff14
ffffff14
ffffff14
ffffff14
ffffff14
ffffff14
ffffff14
ffffff14
ffffff14
ffffff14
ffffff14
ffffff14
ffffff14
ffffff14
ffffff14
ffffff14
0000050c
00000a0a
00000714
000001f6
fffffedc
0000014c
000000ec
000000ec
ffffffa6
fffffdb2
fffffb8a
fffff93c
fffff766
fffff63a
fffff3f8
fffff748
fffffcac
ffffffb8
00000014
ffffffd0
00000138
000000e0
00000006
0000000c
ffffff0a
ffffffd0
00000000
ffffffe8
ffffffae
ffffff4a
fffffda2
fffffd78
fffffe34
fffffed6
ffffff14
ffffff14
ffffff14
ffffff14
00000466
00000554
ffffffa5
000002bf
00000241
000000b4
000000b4
000000b4
000000b4
000000b4
000000b4
000000b4
000000b4
000000b4
000000b4
000000b4
000000b4
000000b4
000000b4
000000b4
000000b4
000000b4
000000b4
000000b4
000000b4
000000b4
0000009c
00000204
00000180
fffffef6
fffffbf2
fffffdce
ffffff4c
ffffff4c
ffffff6a
fffffe38
fffffc54
fffffcfc
fffffcc0
fffffc90
fffffdb4
fffffdce
00000042
00000116
00000186
0000013a
0000014e
fffffff0
fffffffc
000000fc
00000280
000002ea
000002ba
00000214
000001cc
00000188
000000f2
000000c2
000000ba
000000fe
000000b4
000000b4
000000b4
000000b4
00000106
0000021f
0000009e
0000005e
0000003d
0000004c
0000004c
0000004c
0000004c
0000004c
0000004c
0000004c
0000004c
0000004c
0000004c
0000004c
0000004c
0000004c
0000004c
0000004c
0000004c
0000004c
0000004c
0000004c
0000004c
0000004c
00000038
00000094
0000007a
00000032
00000038
0000005e
ffffffb4
ffffffb4
ffffffc6
ffffff74
ffffffb6
ffffffc6
0000002a
00000006
00000040
fffffef0
ffffff7a
00000048
00000018
fffffff2
fffffd88
fffffdf8
fffffea2
00000080
0000011a
00000084
00000088
00000042
0000008e
000000ca
000000b2
000000b8
00000026
ffffffec
0000004c
0000004c
0000004c
0000004c
0000004a
ffffffbd
00000007
0000001d
00000138
00000109
00000109
00000109
00000109
00000109
00000109
00000109
00000109
00000109
00000109
00000109
00000109
00000109
00000109
00000109
00000109
00000109
00000109
00000109
00000109
00000109
000000b3
ffffffbb
00000091
000001ab
0000013f
fffffe91
fffffef7
fffffef7
ffffff6f
fffffff3
0000002b
ffffff7b
ffffff2f
fffffefd
0000002d
00000127
0000017f
00000113
000001db
0000018b
0000018f
0000018d
000001b9
00000163
00000141
00000129
00000119
00000121
0000011d
00000127
00000133
00000135
00000111
000000eb
00000109
00000109
00000109
00000109
000000a8
000000be
fffffdab
fffffebe
ffffff3f
0000005a
0000005a
0000005a
0000005a
0000005a
0000005a
0000005a
0000005a
0000005a
0000005a
0000005a
0000005a
0000005a
0000005a
0000005a
0000005a
0000005a
0000005a
0000005a
0000005a
0000005a
000002f8
000006ac
0000071e
0000054e
00000402
0000012e
ffffffa6
ffffffa6
fffffef4
fffffeba
fffffc9c
fffffb88
fffffba0
fffffdae
ffffff2e
00000134
0000004e
000000c8
000001f8
000001c8
000002e2
00000380
0000034a
00000202
00000036
00000022
ffffffda
ffffffaa
ffffffba
ffffff96
ffffff3e
ffffff3a
ffffff46
ffffffa4
0000005a
0000005a
0000005a
0000005a
000003b6
000003fd
fffffeef
ffffff2e
ffffff39
fffffe07
fffffe07
fffffe07
fffffe07
fffffe07
fffffe07
fffffe07
fffffe07
fffffe07
fffffe07
fffffe07
fffffe07
fffffe07
fffffe07
fffffe07
fffffe07
fffffe07
fffffe07
fffffe07
fffffe07
fffffe07
fffffed5
fffffe29
00000095
00000141
000000c3
00000117
000001f9
000001f9
00000271
000002c9
000002c1
00000179
000001f7
0000033d
00000445
00000385
ffffffad
fffffcfb
fffffa67
fffffad9
fffffcdb
fffffebb
fffffecb
fffffe35
fffffd7b
fffffd79
fffffdf9
fffffe71
fffffeb5
fffffe11
fffffdb1
fffffd87
fffffd53
fffffd99
fffffe07
fffffe07
fffffe07
fffffe07
fffffed5
fffffec7
fffffd6a
fffffcf0
fffffd5d
fffffe73
fffffe73
fffffe73
fffffe73
fffffe73
fffffe73
fffffe73
fffffe73
fffffe73
fffffe73
fffffe73
fffffe73
fffffe73
fffffe73
fffffe73
fffffe73
fffffe73
fffffe73
fffffe73
fffffe73
fffffe73
ffffffa1
0000024f
000003f1
0000047f
00000427
000002a5
0000018d
0000018d
000000f1
ffffff61
fffffe85
ffffff17
ffffff91
ffffffb5
fffffed5
fffffc89
fffffbf3
fffffc13
fffffd91
fffffddb
fffffc8f
fffffb41
fffffa6f
fffffa3f
fffffaff
fffffb09
fffffaef
fffffae1
fffffad1
fffffb1d
fffffc1d
fffffd0b
fffffe15
fffffe81
fffffe73
fffffe73
fffffe73
fffffe73
00000023
0000007a
00000746
00000753
000003e6
00000087
00000087
00000087
00000087
00000087
00000087
00000087
00000087
00000087
00000087
00000087
00000087
00000087
00000087
00000087
00000087
00000087
00000087
00000087
00000087
00000087
fffffc95
fffff903
fffff459
fffff45b
fffff821
fffffdfd
ffffff79
ffffff79
ffffff75
ffffffb1
ffffff95
0000024f
000004a5
00000889
00000c97
00000bc5
00000bb1
000009c1
000005d3
0000035f
00000077
fffffe85
00000015
00000205
00000263
000002b5
00000263
00000203
00000195
000001ef
000002d3
00000341
000002ed
000001a1
00000087
00000087
00000087
00000087
fffffe35
fffffb9b
fffffc05
fffffb56
fffffcd8
ffffffb0
ffffffb0
ffffffb0
ffffffb0
ffffffb0
ffffffb0
ffffffb0
ffffffb0
ffffffb0
ffffffb0
ffffffb0
ffffffb0
ffffffb0
ffffffb0
ffffffb0
ffffffb0
ffffffb0
ffffffb0
ffffffb0
ffffffb0
ffffffb0
fffffebc
000000d4
000004a4
00000850
0000083e
00000368
00000050
00000050
ffffff4a
fffffcd4
fffffa24
fffff820
fffff6de
fffff936
fffffc94
ffffff2e
fffffeb0
fffffdfe
fffffde8
fffffdb2
fffffd68
fffffecc
00000098
00000260
0000034c
00000254
000001da
00000208
00000258
00000258
0000028c
000001c2
000000cc
0000000e
ffffffb0
ffffffb0
ffffffb0
ffffffb0
000000be
000001e1
fffffff3
00000036
00000061
ffffffdb
ffffffdb
ffffffdb
ffffffdb
ffffffdb
ffffffdb
ffffffdb
ffffffdb
ffffffdb
ffffffdb
ffffffdb
ffffffdb
ffffffdb
ffffffdb
ffffffdb
ffffffdb
ffffffdb
ffffffdb
ffffffdb
ffffffdb
ffffffdb
ffffffd9
ffffff39
ffffff17
ffffff2d
fffffe67
ffffff29
00000025
00000025
fffffff9
00000039
00000103
000001c7
0000019b
000001a5
000000eb
000000db
00000155
000000f3
00000059
ffffff55
ffffff3f
ffffff4f
ffffff8f
ffffffb5
00000003
fffffffb
fffffff3
ffffffbb
ffffffb1
00000005
fffffff3
fffffff1
ffffffab
ffffffbb
ffffffdb
ffffffdb
ffffffdb
ffffffdb
0000002a
00000001
000000a6
00000098
00000043
fffffe45
fffffe45
fffffe45
fffffe45
fffffe45
fffffe45
fffffe45
fffffe45
fffffe45
fffffe45
fffffe45
fffffe45
fffffe45
fffffe45
fffffe45
fffffe45
fffffe45
fffffe45
fffffe45
fffffe45
fffffe45
fffffe4b
fffffd51
fffffd65
fffffd8d
fffffc3d
ffffff63
000001bb
000001bb
000000e5
ffffff97
fffffe1b
fffffe3f
ffffffad
ffffffb7
000000c9
fffffdd5
fffffb7d
fffffd79
fffffe07
fffffdf5
fffffea3
fffffcd7
fffffb91
fffffa49
fffffa79
fffffaaf
fffffae1
fffffb25
fffffb13
fffffb3b
fffffb75
fffffc91
fffffd3b
fffffdb9
fffffe45
fffffe45
fffffe45
fffffe45
fffffe93
fffffd7d
000000cb
000000bf
000000dd
00000175
00000175
00000175
00000175
00000175
00000175
00000175
00000175
00000175
00000175
00000175
00000175
00000175
00000175
00000175
00000175
00000175
00000175
00000175
00000175
00000175
00000307
000003b1
00000065
ffffff33
fffffe1d
fffffe1f
fffffe8b
fffffe8b
ffffff0b
00000089
00000119
00000227
00000467
000005a9
000002e5
000001f7
000002bb
00000413
0000057b
00000553
000002ff
0000019b
00000271
000004d1
000006f5
000006d7
0000066d
000005bb
000005ab
00000557
0000049f
00000361
0000027f
000001c1
00000175
00000175
00000175
00000175
000000ca
000000f3
000003d8
000004e0
00000295
00000049
00000049
00000049
00000049
00000049
00000049
00000049
00000049
00000049
00000049
00000049
00000049
00000049
00000049
00000049
00000049
00000049
00000049
00000049
00000049
00000049
000000e1
0000012f
fffffbf9
fffff875
fffffa3d
fffffe9b
ffffffb7
ffffffb7
ffffff71
ffffff75
00000025
00000073
000000ad
0000001f
0000014f
000001e3
0000024b
0000026b
000001cb
00000247
000000c9
fffffe9f
fffffdcb
fffffe6b
ffffffbf
000001b1
000001cf
00000117
00000097
0000004d
0000002f
0000008d
000000bd
000000af
00000049
00000049
00000049
00000049
000000ec
00000018
00000056
00000059
ffffffc8
ffffff9a
ffffff9a
ffffff9a
ffffff9a
ffffff9a
ffffff9a
ffffff9a
ffffff9a
ffffff9a
ffffff9a
ffffff9a
ffffff9a
ffffff9a
ffffff9a
ffffff9a
ffffff9a
ffffff9a
ffffff9a
ffffff9a
ffffff9a
ffffff9a
000001cc
00000000
00000056
ffffffc0
000000c6
000001ca
00000066
00000066
00000024
00000050
ffffffd6
ffffff9e
fffffffc
fffffd1c
fffffe46
00000102
ffffff6c
0000003e
0000000a
0000008a
000000ee
00000010
00000018
ffffff38
00000004
000000ea
0000017e
0000017c
0000013c
000000c0
0000009e
000000c0
00000018
fffffff0
ffffff9a
ffffff9a
ffffff9a
ffffff9a
000000f1
ffffff9e
fffffaec
fffffba3
fffffe80
0000003d
0000003d
0000003d
0000003d
0000003d
0000003d
0000003d
0000003d
0000003d
0000003d
0000003d
0000003d
0000003d
0000003d
0000003d
0000003d
0000003d
0000003d
0000003d
0000003d
0000003d
00000399
00000779
000009db
000007f3
00000555
00000271
ffffffc3
ffffffc3
ffffffa7
0000007d
fffffe87
fffffb19
fffffab5
fffffc0f
fffffbab
fffffd63
fffffb85
fffffc89
fffffd5f
fffffef5
00000085
00000053
ffffff35
fffffe49
fffffeb5
fffffec1
ffffff1f
ffffff99
ffffffbd
ffffff51
fffffe3d
fffffe5d
fffffee9
ffffff95
0000003d
0000003d
0000003d
0000003d
000003c9
000004aa
ffffff67
fffffead
fffffea0
fffffeaa
fffffeaa
fffffeaa
fffffeaa
fffffeaa
fffffeaa
fffffeaa
fffffeaa
fffffeaa
fffffeaa
fffffeaa
fffffeaa
fffffeaa
fffffeaa
fffffeaa
fffffeaa
fffffeaa
fffffeaa
fffffeaa
fffffeaa
fffffeaa
ffffff82
ffffff16
fffffdba
ffffff80
0000034c
00000372
00000156
00000156
00000196
00000294
000003d6
0000051a
0000046c
000001a0
00000026
00000292
000001ca
ffffff72
fffffe38
fffffd88
ffffff22
000000f8
000000d0
fffffefa
fffffd2c
fffffca8
fffffce6
fffffdda
fffffe52
fffffe56
fffffe72
fffffe8e
fffffe4e
fffffe66
fffffeaa
fffffeaa
fffffeaa
fffffeaa
fffffed2
fffffebb
fffffe25
fffffe38
ffffff44
fffffe42
fffffe42
fffffe42
fffffe42
fffffe42
fffffe42
fffffe42
fffffe42
fffffe42
fffffe42
fffffe42
fffffe42
fffffe42
fffffe42
fffffe42
fffffe42
fffffe42
fffffe42
fffffe42
fffffe42
fffffe42
000000f0
000001e8
00000130
00000094
ffffff98
00000072
000001be
000001be
000001c6
000001f8
0000012e
00000170
00000022
ffffff40
fffffebe
fffffd1a
fffffdb6
fffffedc
ffffffc4
0000013a
ffffffa8
fffffe3c
fffffdb6
fffffe5a
fffffeea
ffffffdc
ffffffd2
ffffff50
fffffea8
fffffe52
fffffe88
fffffea6
fffffee0
ffffff0a
fffffe42
fffffe42
fffffe42
fffffe42
ffffff38
00000002
fffffe40
ffffff18
ffffff2f
ffffff5e
ffffff5e
ffffff5e
ffffff5e
ffffff5e
ffffff5e
ffffff5e
ffffff5e
ffffff5e
ffffff5e
ffffff5e
ffffff5e
ffffff5e
ffffff5e
ffffff5e
ffffff5e
ffffff5e
ffffff5e
ffffff5e
ffffff5e
ffffff5e
fffffeec
00000064
00000246
0000027e
00000290
000001d8
000000a2
000000a2
00000186
0000020c
ffffffce
fffffdf8
fffffeca
000001b4
00000276
000002fc
00000292
0000014e
00000132
00000164
000001ae
00000176
00000168
000001d4
000001ee
000001f2
000001fc
000001b8
00000188
0000010e
000000ae
00000056
00000060
00000028
ffffff5e
ffffff5e
ffffff5e
ffffff5e
ffffff91
000000c9
00000163
0000002d
ffffff93
0000001b
0000001b
0000001b
0000001b
0000001b
0000001b
0000001b
0000001b
0000001b
0000001b
0000001b
0000001b
0000001b
0000001b
0000001b
0000001b
0000001b
0000001b
0000001b
0000001b
0000001b
000000ab
00000163
ffffff39
ffffff05
ffffff8f
ffffff71
ffffffe5
ffffffe5
ffffff87
ffffff05
ffffff57
fffffe0b
fffffd45
fffffcab
fffffd29
ffffffcd
0000004f
ffffff21
000000d3
00000119
00000171
0000015b
00000175
000000dd
0000009d
000000af
00000083
0000002b
00000021
0000001f
00000043
00000089
000000c7
00000065
0000001b
0000001b
0000001b
0000001b
0000013a
000000e0
00000467
0000045b
000000f8
00000108
00000108
00000108
00000108
00000108
00000108
00000108
00000108
00000108
00000108
00000108
00000108
00000108
00000108
00000108
00000108
00000108
00000108
00000108
00000108
00000108
0000019e
000000bc
fffffb86
fffff846
fffffd00
ffffff5c
fffffef8
fffffef8
fffffeb4
fffffde2
ffffffae
00000164
00000124
00000066
fffffebc
ffffffda
00000266
00000232
00000058
0000017c
00000262
000002d6
00000276
00000236
00000166
00000140
00000182
00000150
0000018c
00000154
00000122
000000da
0000014a
0000014c
00000108
00000108
00000108
00000108
00000148
0000008a
00000271
00000143
ffffff43
ffffff04
ffffff04
ffffff04
ffffff04
ffffff04
ffffff04
ffffff04
ffffff04
ffffff04
ffffff04
ffffff04
ffffff04
ffffff04
ffffff04
ffffff04
ffffff04
ffffff04
ffffff04
ffffff04
ffffff04
ffffff04
fffffef6
fffffd06
fffffb12
fffffad4
fffffec4
00000112
000000fc
000000fc
000000e2
000000e0
0000026c
0000043c
000005ca
0000086c
000006a6
00000612
0000066c
00000400
0000005e
fffffef6
ffffff8e
ffffff96
ffffff5a
fffffef2
ffffff3a
ffffff78
ffffff46
fffffef8
fffffefc
fffffef4
fffffec6
fffffeaa
fffffe5c
fffffe94
ffffff04
ffffff04
ffffff04
ffffff04
fffffe98
fffffd35
fffffd34
fffffcfb
fffffe2b
ffffffde
ffffffde
ffffffde
ffffffde
ffffffde
ffffffde
ffffffde
ffffffde
ffffffde
ffffffde
ffffffde
ffffffde
ffffffde
ffffffde
ffffffde
ffffffde
ffffffde
ffffffde
ffffffde
ffffffde
ffffffde
0000000a
00000018
00000558
00000802
00000718
000001d6
00000022
00000022
ffffffce
fffffec2
fffffc9a
fffffb44
fffffc7a
fffffe3a
00000002
0000013c
00000024
ffffff22
fffffe4a
ffffffc8
00000098
0000014e
000000cc
0000002a
ffffff94
ffffff32
ffffff0c
ffffff7c
ffffffd4
ffffffac
ffffff60
fffffef6
fffffef6
ffffff10
ffffffde
ffffffde
ffffffde
ffffffde
fffffffc
0000008a
0000007c
00000047
0000001b
0000009d
0000009d
0000009d
0000009d
0000009d
0000009d
0000009d
0000009d
0000009d
0000009d
0000009d
0000009d
0000009d
0000009d
0000009d
0000009d
0000009d
0000009d
0000009d
0000009d
0000009d
ffffff57
00000013
000000b5
00000061
00000083
000000d9
ffffff63
ffffff63
ffffff91
ffffff65
0000006f
00000173
00000203
000002ed
000001ad
fffffff1
ffffff13
ffffff23
ffffffa7
0000000b
000000db
000000fd
0000002b
fffffea5
fffffd87
fffffd77
fffffdd7
fffffe49
fffffecb
fffffeed
ffffff4f
ffffffd1
00000005
00000045
0000009d
0000009d
0000009d
0000009d
ffffffd2
0000003b
ffffff81
ffffffea
00000093
00000015
00000015
00000015
00000015
00000015
00000015
00000015
00000015
00000015
00000015
00000015
00000015
00000015
00000015
00000015
00000015
00000015
00000015
00000015
00000015
00000015
00000179
00000145
00000101
00000069
ffffffff
00000067
ffffffeb
ffffffeb
ffffffff
ffffffc1
fffffe45
fffffd15
fffffc11
fffffa77
fffffb5f
fffffb97
fffffc03
fffffdf7
00000011
000000bf
0000008d
ffffffeb
ffffffd1
ffffffa7
ffffffe7
00000027
00000035
0000003b
0000002f
00000025
0000002d
0000003f
0000003f
00000023
00000015
00000015
00000015
00000015
00000093
00000049
0000016b
000000f9
ffffffbf
ffffff9d
ffffff9d
ffffff9d
ffffff9d
ffffff9d
ffffff9d
ffffff9d
ffffff9d
ffffff9d
ffffff9d
ffffff9d
ffffff9d
ffffff9d
ffffff9d
ffffff9d
ffffff9d
ffffff9d
ffffff9d
ffffff9d
ffffff9d
ffffff9d
fffffddd
fffffaf7
fffffc63
fffffdbf
ffffff89
000001d1
00000063
00000063
000000bd
000001f5
0000024d
000000b7
fffffdcb
fffffcd3
fffffebf
ffffffc3
0000011b
0000011f
00000013
fffffff7
ffffffc5
fffffecb
fffffe03
fffffe67
fffffeb5
ffffff6d
ffffff4b
ffffff15
fffffeb9
fffffeef
fffffef7
fffffef1
ffffff0b
ffffff33
ffffff9d
ffffff9d
ffffff9d
ffffff9d
fffffe41
fffffe1b
00000017
0000005f
00000043
ffffffa5
ffffffa5
ffffffa5
ffffffa5
ffffffa5
ffffffa5
ffffffa5
ffffffa5
ffffffa5
ffffffa5
ffffffa5
ffffffa5
ffffffa5
ffffffa5
ffffffa5
ffffffa5
ffffffa5
ffffffa5
ffffffa5
ffffffa5
ffffffa5
0000004d
ffffffed
ffffff91
ffffff4b
ffffff21
ffffff09
0000005b
0000005b
0000012d
00000107
00000345
000004a1
000003c9
000001d5
0000018b
00000365
00000269
000000b9
ffffff33
ffffff0d
000000e3
00000233
00000245
00000057
ffffff2b
fffffed5
fffffef3
ffffff33
ffffff6b
ffffff09
ffffff11
ffffff63
ffffff79
ffffff57
ffffffa5
ffffffa5
ffffffa5
ffffffa5
ffffff56
fffffff1
ffffffca
ffffff6f
ffffffb4
ffffff6b
ffffff6b
ffffff6b
ffffff6b
ffffff6b
ffffff6b
ffffff6b
ffffff6b
ffffff6b
ffffff6b
ffffff6b
ffffff6b
ffffff6b
ffffff6b
ffffff6b
ffffff6b
ffffff6b
ffffff6b
ffffff6b
ffffff6b
ffffff6b
0000005f
fffffdd9
ffffffdf
00000183
0000015d
00000147
00000095
00000095
000000fd
000001a1
00000299
00000133
ffffff3f
fffffdcb
fffffe51
fffffec5
fffffdf1
fffffdd7
fffffe17
fffffefd
ffffffd3
ffffffed
ffffff6f
fffffed9
fffffe55
fffffea3
fffffef9
ffffff51
ffffff43
ffffff45
ffffff93
ffffff7f
ffffff7f
ffffff59
ffffff6b
ffffff6b
ffffff6b
ffffff6b
ffffff38
fffffecf
00000220
000000e1
ffffffb1
ffffffe3
ffffffe3
ffffffe3
ffffffe3
ffffffe3
ffffffe3
ffffffe3
ffffffe3
ffffffe3
ffffffe3
ffffffe3
ffffffe3
ffffffe3
ffffffe3
ffffffe3
ffffffe3
ffffffe3
ffffffe3
ffffffe3
ffffffe3
ffffffe3
ffffffe7
fffffec3
fffffb55
fffffd9f
fffffeff
fffffd83
0000001d
0000001d
00000091
000001db
00000301
000003d9
00000405
00000657
000004ef
000001c9
00000069
fffffe55
000000b9
00000291
ffffffed
fffffea7
fffffdf1
fffffff3
000001d1
000002a5
0000023d
0000021b
0000020f
000001c7
00000113
000000dd
00000149
00000049
ffffffe3
ffffffe3
ffffffe3
ffffffe3
ffffff77
fffffe31
000001a1
00000167
00000184
0000013d
0000013d
0000013d
0000013d
0000013d
0000013d
0000013d
0000013d
0000013d
0000013d
0000013d
0000013d
0000013d
0000013d
0000013d
0000013d
0000013d
0000013d
0000013d
0000013d
0000013d
fffffeff
fffffefb
fffffe29
ffffff17
fffffeb9
fffffe49
fffffec3
fffffec3
fffffe93
fffffef1
ffffffe5
ffffff83
ffffff37
fffffe7b
fffffdf1
fffffcc5
fffffe61
fffffce5
fffffee1
fffffe09
fffffe69
fffffe3d
fffffd35
fffffcc5
fffffd21
fffffddf
fffffdf9
fffffdb7
fffffdcf
fffffecd
ffffff23
ffffff7f
ffffffe1
0000004f
0000013d
0000013d
0000013d
0000013d
ffffff6b
0000000a
ffffffb9
ffffff8a
fffffe41
fffffec4
fffffec4
fffffec4
fffffec4
fffffec4
fffffec4
fffffec4
fffffec4
fffffec4
fffffec4
fffffec4
fffffec4
fffffec4
fffffec4
fffffec4
fffffec4
fffffec4
fffffec4
fffffec4
fffffec4
fffffec4
fffffe50
fffffd2a
fffffe7c
ffffff78
00000034
000000f6
0000013c
0000013c
0000014c
000000f2
00000152
00000326
000001c4
000003f2
000005ce
000002c2
0000011c
fffffea0
fffffd14
fffffd92
fffffeb4
fffffefe
fffffee2
fffffdf2
fffffd54
fffffca2
fffffd18
fffffdac
fffffdfe
fffffe0e
fffffe32
fffffe76
fffffef4
ffffff36
fffffec4
fffffec4
fffffec4
fffffec4
fffffebc
fffffe1e
fffffe47
ffffffd8
ffffffff
ffffff1c
ffffff1c
ffffff1c
ffffff1c
ffffff1c
ffffff1c
ffffff1c
ffffff1c
ffffff1c
ffffff1c
ffffff1c
ffffff1c
ffffff1c
ffffff1c
ffffff1c
ffffff1c
ffffff1c
ffffff1c
ffffff1c
ffffff1c
ffffff1c
000000a0
ffffff0a
00000262
000002c4
000000f8
ffffffae
000000e4
000000e4
0000025c
00000358
000002ce
000001a0
00000176
ffffff42
ffffff70
ffffff38
fffffe7a
fffffe3a
fffffda4
fffffd8a
fffffec2
ffffffb8
ffffffb8
fffffe80
fffffdc2
fffffdde
fffffe58
fffffe8c
fffffe54
fffffe44
fffffeb6
fffffe92
fffffe6c
fffffeca
ffffff1c
ffffff1c
ffffff1c
ffffff1c
ffffff72
00000005
00000420
000002e5
000000e1
ffffffce
ffffffce
ffffffce
ffffffce
ffffffce
ffffffce
ffffffce
ffffffce
ffffffce
ffffffce
ffffffce
ffffffce
ffffffce
ffffffce
ffffffce
ffffffce
ffffffce
ffffffce
ffffffce
ffffffce
ffffffce
fffffc9e
fffff8a0
fffff74a
fffff946
fffffc1e
fffffee8
00000032
00000032
0000010e
000001a8
0000027a
00000332
00000240
ffffffc0
00000058
00000134
000000a0
0000001c
ffffff0e
fffffe32
fffffef0
ffffff94
ffffff8e
ffffff72
fffffef8
ffffff78
ffffffc6
fffffff4
fffffffa
00000018
00000014
ffffffcc
ffffff96
ffffff68
ffffffce
ffffffce
ffffffce
ffffffce
fffffccf
fffffb8f
0000033d
000000d4
ffffffba
ffffffab
ffffffab
ffffffab
ffffffab
ffffffab
ffffffab
ffffffab
ffffffab
ffffffab
ffffffab
ffffffab
ffffffab
ffffffab
ffffffab
ffffffab
ffffffab
ffffffab
ffffffab
ffffffab
ffffffab
ffffffab
ffffff01
fffff921
fffff82d
fffffc11
ffffff51
ffffff4f
00000055
00000055
00000029
0000029d
0000036b
00000395
000002d3
000000f5
00000451
0000043b
fffffff1
fffffec7
fffffe55
000000a1
000000b9
ffffff21
fffffec5
fffffe99
00000031
00000117
00000123
00000133
000000a3
00000037
000000a3
0000016d
000000eb
00000089
ffffffab
ffffffab
ffffffab
ffffffab
fffffea0
fffffac9
fffffe6b
ffffffc8
0000001c
00000107
00000107
00000107
00000107
00000107
00000107
00000107
00000107
00000107
00000107
00000107
00000107
00000107
00000107
00000107
00000107
00000107
00000107
00000107
00000107
00000107
00000211
00000511
000004ad
00000249
00000017
ffffffb5
fffffef9
fffffef9
fffffe23
fffffc61
fffffafd
fffffba1
fffffccb
0000000b
fffffd61
fffffecb
ffffff07
fffffeb5
00000011
000000a3
00000073
00000071
00000021
0000008f
ffffffe9
ffffff8f
ffffff51
ffffff6b
ffffffb7
ffffffc7
ffffffeb
0000002b
000000b9
00000123
00000107
00000107
00000107
00000107
000002dd
000003b5
ffffffca
fffffff1
0000004c
ffffffb9
ffffffb9
ffffffb9
ffffffb9
ffffffb9
ffffffb9
ffffffb9
ffffffb9
ffffffb9
ffffffb9
ffffffb9
ffffffb9
ffffffb9
ffffffb9
ffffffb9
ffffffb9
ffffffb9
ffffffb9
ffffffb9
ffffffb9
ffffffb9
00000081
000000af
00000063
0000001d
000000e7
00000139
00000047
00000047
00000025
000000a3
0000010f
00000159
000000db
000000a3
ffffffcf
fffffee3
ffffff87
00000035
ffffffb7
ffffff15
fffffda1
fffffd19
fffffd3f
fffffe9d
ffffff5d
ffffffe3
ffffffdb
ffffffdf
ffffffb5
fffffffd
ffffffef
fffffff5
ffffffd5
ffffffe7
ffffffb9
ffffffb9
ffffffb9
ffffffb9
ffffff93
ffffffb0
0000000a
ffffffd4
ffffffea
ffffff87
ffffff87
ffffff87
ffffff87
ffffff87
ffffff87
ffffff87
ffffff87
ffffff87
ffffff87
ffffff87
ffffff87
ffffff87
ffffff87
ffffff87
ffffff87
ffffff87
ffffff87
ffffff87
ffffff87
ffffff87
000000d3
ffffffd3
fffffeed
ffffff25
ffffff49
ffffff8f
00000079
00000079
ffffff6b
fffffe13
fffffe5f
fffffe7d
fffffe59
fffffe35
fffffce9
fffffd79
fffffed1
ffffff89
ffffff89
fffffe47
fffffe4f
fffffee7
ffffff41
ffffff43
ffffff27
ffffff3b
ffffff37
ffffff0f
ffffff0b
ffffff07
ffffff55
ffffff95
ffffff67
ffffff2f
ffffff87
ffffff87
ffffff87
ffffff87
0000001f
ffffff93
fffffeb1
fffffe59
ffffff81
ffffff87
ffffff87
ffffff87
ffffff87
ffffff87
ffffff87
ffffff87
ffffff87
ffffff87
ffffff87
ffffff87
ffffff87
ffffff87
ffffff87
ffffff87
ffffff87
ffffff87
ffffff87
ffffff87
ffffff87
ffffff87
fffffc0f
fffffcb7
00000059
000000d9
ffffff83
fffffef1
00000079
00000079
00000109
000000ad
ffffff0f
fffffcc5
fffffa7f
fffffa25
fffffe1b
fffffe1f
fffffcbb
fffffcd3
fffffddd
fffffe07
ffffffcd
00000045
00000083
ffffff2d
fffffeed
fffffe79
fffffea3
fffffe8d
fffffe63
fffffe73
fffffe41
fffffe07
fffffde9
fffffe91
ffffff87
ffffff87
ffffff87
ffffff87
fffffe0e
ffffff67
ffffff0e
fffffd46
ffffff05
ffffffdf
ffffffdf
ffffffdf
ffffffdf
ffffffdf
ffffffdf
ffffffdf
ffffffdf
ffffffdf
ffffffdf
ffffffdf
ffffffdf
ffffffdf
ffffffdf
ffffffdf
ffffffdf
ffffffdf
ffffffdf
ffffffdf
ffffffdf
ffffffdf
fffffee7
fffffed3
fffffee9
00000389
00000347
000001e1
00000021
00000021
0000004b
00000169
00000127
fffffffb
0000013d
000002cf
0000028f
0000014f
0000019b
00000199
00000137
fffffefd
fffffe3b
ffffff45
00000089
00000103
ffffffe5
ffffff33
fffffebd
fffffefb
ffffff29
ffffff93
0000002f
00000053
00000005
ffffff9f
ffffffdf
ffffffdf
ffffffdf
ffffffdf
fffffe9c
fffffe64
fffffc25
fffffd13
fffffe84
ffffffcb
ffffffcb
ffffffcb
ffffffcb
00000087
00000333
0000067f
00000803
00000635
000004a7
0000031b
00000327
00000347
000003b5
00000255
fffffe4d
fffffc77
fffffc07
fffffea3
000001eb
000002b9
ffffff73
fffffddf
fffffd19
fffffd7f
ffffff4f
ffffffcb
ffffffcb
ffffffcb
ffffffcb
ffffffcb
ffffffcb
ffffffcb
ffffffcb
ffffffcb
ffffffcb
ffffffcb
ffffffcb
ffffffcb
ffffffcb
ffffffcb
ffffffcb
ffffffcb
ffffffcb
ffffffcb
ffffffcb
ffffffcb
ffffffcb
ffffffcb
ffffffcb
ffffffcb
ffffffcb
ffffffcb
ffffffcb
ffffffcb
ffffffcb
ffffffcb
ffffffcb
ffffffcb
000003a3
0000045c
fffffa18
fffffbb9
fffffe22
ffffff8e
ffffff8e
ffffff8e
ffffff8e
ffffff68
fffffe9c
00000060
00000386
0000034c
ffffff7e
fffffddc
ffffff2e
fffffeaa
fffffe78
ffffff5c
fffffe8a
fffffbca
fffffb84
ffffff00
000000d0
00000474
00000276
fffffc28
fffffd1e
fffffff4
00000036
ffffff8e
ffffff8e
ffffff8e
ffffff8e
ffffff8e
ffffff8e
ffffff8e
ffffff8e
ffffff8e
ffffff8e
ffffff8e
ffffff8e
ffffff8e
ffffff8e
ffffff8e
ffffff8e
ffffff8e
ffffff8e
ffffff8e
ffffff8e
ffffff8e
ffffff8e
ffffff8e
ffffff8e
ffffff8e
ffffff8e
ffffff8e
ffffff8e
ffffff8e
ffffff8e
ffffff8e
ffffff8e
ffffff8e
ffffffbf
0000032d
000000d6
00000041
0000004f
000001e3
000001e3
000001e3
000001e3
00000267
000002e7
00000201
000000f1
0000027b
00000359
000003bd
000002f7
000004fd
000005ff
0000073f
00000929
00000695
000003b1
00000209
fffffea1
000000dd
000004c9
000005c9
00000515
000003ab
000001e1
000001e3
000001e3
000001e3
000001e3
000001e3
000001e3
000001e3
000001e3
000001e3
000001e3
000001e3
000001e3
000001e3
000001e3
000001e3
000001e3
000001e3
000001e3
000001e3
000001e3
000001e3
000001e3
000001e3
000001e3
000001e3
000001e3
000001e3
000001e3
000001e3
000001e3
000001e3
000001e3
000001e3
fffffe84
0000001a
fffffd61
fffffd87
fffffeaa
00000067
00000067
00000067
00000067
000000dd
000001b3
000000fd
0000010b
000000cb
00000017
ffffff59
ffffff4f
fffffec5
ffffff9b
fffffef3
ffffff2b
fffffe59
fffffe19
fffffecf
ffffff6d
ffffffb9
000000f5
00000195
00000165
00000083
00000045
00000067
00000067
00000067
00000067
00000067
00000067
00000067
00000067
00000067
00000067
00000067
00000067
00000067
00000067
00000067
00000067
00000067
00000067
00000067
00000067
00000067
00000067
00000067
00000067
00000067
00000067
00000067
00000067
00000067
00000067
00000067
00000067
00000067
000002b0
000002df
fffffda7
fffffd63
ffffff79
000000b8
000000b8
000000b8
000000b8
000000e4
00000188
000001f0
00000178
000000ce
ffffff2e
fffffeda
ffffff3a
ffffffec
000000fe
000000fc
ffffffa0
fffffeb4
fffffe16
ffffff98
000001d2
00000204
0000024c
00000202
000000cc
000000c2
0000007e
000000b8
000000b8
000000b8
000000b8
000000b8
000000b8
000000b8
000000b8
000000b8
000000b8
000000b8
000000b8
000000b8
000000b8
000000b8
000000b8
000000b8
000000b8
000000b8
000000b8
000000b8
000000b8
000000b8
000000b8
000000b8
000000b8
000000b8
000000b8
000000b8
000000b8
000000b8
000000b8
000000b8
00000210
0000023b
fffffe84
ffffff4a
fffffed3
0000011b
0000011b
0000011b
0000011b
00000095
0000025f
00000427
00000525
000004e3
00000467
00000369
000002c5
00000295
000001eb
000000e1
ffffffa9
ffffff69
00000017
fffffff7
000000df
00000121
0000009d
00000069
00000015
ffffff79
000000a3
0000011b
0000011b
0000011b
0000011b
0000011b
0000011b
0000011b
0000011b
0000011b
0000011b
0000011b
0000011b
0000011b
0000011b
0000011b
0000011b
0000011b
0000011b
0000011b
0000011b
0000011b
0000011b
0000011b
0000011b
0000011b
0000011b
0000011b
0000011b
0000011b
0000011b
0000011b
0000011b
0000011b
00000178
000001cb
fffff8e2
fffff7b3
fffffc65
0000000c
0000000c
0000000c
0000000c
ffffff8e
000000f0
0000027c
000002a6
0000024e
000001ea
00000058
ffffff86
fffffe02
fffffdc2
fffffd3a
fffffd12
fffffbf6
fffffbb2
fffffa7e
fffffe40
0000027a
000003b8
0000024c
fffffce4
fffffb96
fffffeec
0000000c
0000000c
0000000c
0000000c
0000000c
0000000c
0000000c
0000000c
0000000c
0000000c
0000000c
0000000c
0000000c
0000000c
0000000c
0000000c
0000000c
0000000c
0000000c
0000000c
0000000c
0000000c
0000000c
0000000c
0000000c
0000000c
0000000c
0000000c
0000000c
0000000c
0000000c
0000000c
0000000c
00000363
0000062d
000000a8
000000b8
000000ce
00000028
00000028
00000028
00000028
ffffffe8
fffffe50
fffffce0
fffffbc0
fffffae6
fffff8b0
fffff7e2
fffffa8e
fffffbd0
fffffcc0
fffffe40
ffffff60
0000005e
00000172
00000180
000000e8
00000192
0000010a
00000018
00000004
000000de
00000056
00000028
00000028
00000028
00000028
00000028
00000028
00000028
00000028
00000028
00000028
00000028
00000028
00000028
00000028
00000028
00000028
00000028
00000028
00000028
00000028
00000028
00000028
00000028
00000028
00000028
00000028
00000028
00000028
00000028
00000028
00000028
00000028
00000028
00000077
00000014
fffffc0c
fffffc48
fffffd55
fffffe2c
fffffe2c
fffffe2c
fffffe2c
fffffed8
0000013a
0000025a
000003c4
00000264
00000244
00000396
000004b4
00000378
000001fe
00000012
fffffd48
fffffd16
fffffe1e
ffffff66
00000238
0000010e
fffffca6
fffffc94
fffffdce
ffffff06
fffffeac
fffffe2c
fffffe2c
fffffe2c
fffffe2c
fffffe2c
fffffe2c
fffffe2c
fffffe2c
fffffe2c
fffffe2c
fffffe2c
fffffe2c
fffffe2c
fffffe2c
fffffe2c
fffffe2c
fffffe2c
fffffe2c
fffffe2c
fffffe2c
fffffe2c
fffffe2c
fffffe2c
fffffe2c
fffffe2c
fffffe2c
fffffe2c
fffffe2c
fffffe2c
fffffe2c
fffffe2c
fffffe2c
fffffe2c
000004d2
00000460
000000e2
ffffff90
fffffff2
ffffffa9
ffffffa9
ffffffa9
ffffffa9
ffffff71
fffffdf7
fffffd2d
fffffd8d
ffffffd5
000000c5
ffffff43
fffffe3f
ffffff7d
0000001b
00000219
0000018d
000000af
ffffff79
fffffdf7
fffffd03
fffffdf3
0000012d
000001d5
ffffffe5
fffffecd
ffffff5d
ffffffa9
ffffffa9
ffffffa9
ffffffa9
ffffffa9
ffffffa9
ffffffa9
ffffffa9
ffffffa9
ffffffa9
ffffffa9
ffffffa9
ffffffa9
ffffffa9
ffffffa9
ffffffa9
ffffffa9
ffffffa9
ffffffa9
ffffffa9
ffffffa9
ffffffa9
ffffffa9
ffffffa9
ffffffa9
ffffffa9
ffffffa9
ffffffa9
ffffffa9
ffffffa9
ffffffa9
ffffffa9
ffffffa9
fffffd49
fffffce9
0000045c
00000474
000001de
fffffff4
fffffff4
fffffff4
fffffff4
ffffffa8
ffffff3a
fffffde8
fffffd0c
fffffce6
fffffd90
fffffec6
fffffff4
fffffec4
fffffed0
0000014e
0000057e
0000072a
00000800
00000436
ffffffb8
fffffd04
fffffdec
ffffff4e
00000454
000004dc
000000ec
fffffff4
fffffff4
fffffff4
fffffff4
fffffff4
fffffff4
fffffff4
fffffff4
fffffff4
fffffff4
fffffff4
fffffff4
fffffff4
fffffff4
fffffff4
fffffff4
fffffff4
fffffff4
fffffff4
fffffff4
fffffff4
fffffff4
fffffff4
fffffff4
fffffff4
fffffff4
fffffff4
fffffff4
fffffff4
fffffff4
fffffff4
fffffff4
fffffff4
fffffe6b
fffffd4a
fffffe35
fffffea0
ffffff2b
fffffff4
fffffff4
fffffff4
fffffff4
ffffffe2
ffffff10
fffffffa
000002d4
00000532
00000468
00000436
0000037e
0000037a
000002b4
ffffff9c
ffffff0c
fffffb6a
fffffc18
fffffddc
ffffff3a
00000426
00000352
fffffe92
fffffcc0
fffffd86
ffffff60
fffffff4
fffffff4
fffffff4
fffffff4
fffffff4
fffffff4
fffffff4
fffffff4
fffffff4
fffffff4
fffffff4
fffffff4
fffffff4
fffffff4
fffffff4
fffffff4
fffffff4
fffffff4
fffffff4
fffffff4
fffffff4
fffffff4
fffffff4
fffffff4
fffffff4
fffffff4
fffffff4
fffffff4
fffffff4
fffffff4
fffffff4
fffffff4
fffffff4
ffffff46
00000137
00000279
000001f4
000000dc
ffffffe6
ffffffe6
ffffffe6
ffffffe6
fffffffc
fffffeb8
fffffe76
000000ce
000001ec
00000102
ffffff58
00000034
0000004a
000000d6
000001aa
0000019a
0000019c
00000084
0000002e
ffffffb6
000001fa
00000220
ffffff2c
ffffff76
000000e8
0000001a
ffffffe6
ffffffe6
ffffffe6
ffffffe6
ffffffe6
ffffffe6
ffffffe6
ffffffe6
ffffffe6
ffffffe6
ffffffe6
ffffffe6
ffffffe6
ffffffe6
ffffffe6
ffffffe6
ffffffe6
ffffffe6
ffffffe6
ffffffe6
ffffffe6
ffffffe6
ffffffe6
ffffffe6
ffffffe6
ffffffe6
ffffffe6
ffffffe6
ffffffe6
ffffffe6
ffffffe6
ffffffe6
ffffffe6
fffffbc5
fffffbf5
fffffbfd
fffffb25
fffffdca
0000008b
0000008b
0000008b
0000008b
00000005
ffffffe1
00000265
00000519
000004d9
00000331
0000038f
0000035f
00000365
0000028d
000000c5
ffffff5f
fffffc37
fffffbe5
fffffcff
00000059
00000339
0000026b
0000012f
fffffe0b
fffffd55
fffffffd
0000008b
0000008b
0000008b
0000008b
0000008b
0000008b
0000008b
0000008b
0000008b
0000008b
0000008b
0000008b
0000008b
0000008b
0000008b
0000008b
0000008b
0000008b
0000008b
0000008b
0000008b
0000008b
0000008b
0000008b
0000008b
0000008b
0000008b
0000008b
0000008b
0000008b
0000008b
0000008b
0000008b
ffffffe9
0000032d
00000101
fffffd86
fffffd82
ffffffc1
ffffffc1
ffffffc1
ffffffc1
ffffffbd
000000e1
000001c1
000002d1
00000261
0000023f
00000299
000001c1
00000057
fffffeff
0000003b
000000e3
00000153
00000059
ffffff21
fffffe7d
fffffc9d
fffffd07
0000005f
00000165
ffffffdd
ffffff79
ffffffc1
ffffffc1
ffffffc1
ffffffc1
ffffffc1
ffffffc1
ffffffc1
ffffffc1
ffffffc1
ffffffc1
ffffffc1
ffffffc1
ffffffc1
ffffffc1
ffffffc1
ffffffc1
ffffffc1
ffffffc1
ffffffc1
ffffffc1
ffffffc1
ffffffc1
ffffffc1
ffffffc1
ffffffc1
ffffffc1
ffffffc1
ffffffc1
ffffffc1
ffffffc1
ffffffc1
ffffffc1
ffffffc1
00000039
fffffeaf
00000655
00000538
00000167
000000f1
000000f1
000000f1
000000f1
000000f7
00000083
fffffd37
fffffb8f
fffffc5b
fffffe5d
0000010b
fffffe7d
ffffff33
00000245
000005c5
0000094b
00000a35
000005a9
00000163
fffffda7
fffffd61
ffffffbd
00000365
00000453
00000265
fffffffd
000000f1
000000f1
000000f1
000000f1
000000f1
000000f1
000000f1
000000f1
000000f1
000000f1
000000f1
000000f1
000000f1
000000f1
000000f1
000000f1
000000f1
000000f1
000000f1
000000f1
000000f1
000000f1
000000f1
000000f1
000000f1
000000f1
000000f1
000000f1
000000f1
000000f1
000000f1
000000f1
000000f1
fffffdaa
fffffbcc
00000015
ffffff6e
00000039
ffffff60
ffffff60
ffffff60
ffffff60
fffffef2
fffffe44
fffffe84
fffffefc
ffffff46
ffffff04
fffffdf0
fffffd58
fffffe52
fffffe2e
fffffeae
00000036
000000ee
fffffee4
fffffdf4
fffffef6
ffffff32
0000019c
000001d0
fffffed6
fffffeea
ffffff60
ffffff60
ffffff60
ffffff60
ffffff60
ffffff60
ffffff60
ffffff60
ffffff60
ffffff60
ffffff60
ffffff60
ffffff60
ffffff60
ffffff60
ffffff60
ffffff60
ffffff60
ffffff60
ffffff60
ffffff60
ffffff60
ffffff60
ffffff60
ffffff60
ffffff60
ffffff60
ffffff60
ffffff60
ffffff60
ffffff60
ffffff60
ffffff60
ffffff60
fffffc6f
fffffc70
0000014b
0000029c
000002c7
00000261
00000261
00000261
00000261
000002c5
00000391
000004c3
000004e3
000004c1
00000379
000000b9
ffffff15
fffffe47
fffffeb5
0000026d
00000343
0000022b
00000261
000001db
0000021f
00000181
00000229
0000032b
00000385
0000034b
00000297
00000261
00000261
00000261
00000261
00000261
00000261
00000261
00000261
00000261
00000261
00000261
00000261
00000261
00000261
00000261
00000261
00000261
00000261
00000261
00000261
00000261
00000261
00000261
00000261
00000261
00000261
00000261
00000261
00000261
00000261
00000261
00000261
00000261
00000234
00000257
000000e9
00000048
000000ad
0000014d
0000014d
0000014d
0000014d
0000003f
ffffff65
ffffff91
000000af
000001fb
0000024b
000000ed
00000065
fffffffb
ffffff45
fffffe79
fffffe93
fffffe3d
fffffe61
fffffe6d
00000083
00000165
00000115
00000041
fffffe5f
fffffe87
0000011b
0000014d
0000014d
0000014d
0000014d
0000014d
0000014d
0000014d
0000014d
0000014d
0000014d
0000014d
0000014d
0000014d
0000014d
0000014d
0000014d
0000014d
0000014d
0000014d
0000014d
0000014d
0000014d
0000014d
0000014d
0000014d
0000014d
0000014d
0000014d
0000014d
0000014d
0000014d
0000014d
0000014d
0000007a
000000a3
fffffd10
fffffdd0
fffffea5
ffffff11
ffffff11
ffffff11
ffffff11
fffffe99
fffffeb5
000000c9
000002b1
0000039d
0000046f
00000587
0000058f
000004dd
000002eb
00000119
ffffff29
fffffe83
fffffe79
ffffff81
000000fd
00000139
ffffff29
fffffdef
fffffe33
fffffeed
ffffff1d
ffffff11
ffffff11
ffffff11
ffffff11
ffffff11
ffffff11
ffffff11
ffffff11
ffffff11
ffffff11
ffffff11
ffffff11
ffffff11
ffffff11
ffffff11
ffffff11
ffffff11
ffffff11
ffffff11
ffffff11
ffffff11
ffffff11
ffffff11
ffffff11
ffffff11
ffffff11
ffffff11
ffffff11
ffffff11
ffffff11
ffffff11
ffffff11
ffffff11
00000161
0000029d
fffffbf4
fffffc72
fffffe58
ffffff58
ffffff58
ffffff58
ffffff58
ffffffbc
00000272
0000025e
00000052
fffffdae
fffffb3c
fffff948
fffff880
fffff780
fffff860
fffff93a
fffff7fc
fffffb3e
fffffc58
fffffcce
fffffe58
fffffb96
fffffbd6
0000007a
0000019a
ffffff32
fffffeba
ffffff58
ffffff58
ffffff58
ffffff58
ffffff58
ffffff58
ffffff58
ffffff58
ffffff58
ffffff58
ffffff58
ffffff58
ffffff58
ffffff58
ffffff58
ffffff58
ffffff58
ffffff58
ffffff58
ffffff58
ffffff58
ffffff58
ffffff58
ffffff58
ffffff58
ffffff58
ffffff58
ffffff58
ffffff58
ffffff58
ffffff58
ffffff58
ffffff58
000004b5
000003f0
ffffffe9
fffffff4
00000086
00000068
00000068
00000068
00000068
000000ba
00000156
0000028c
00000276
000000fa
0000004c
000000d8
000001a0
ffffff6a
fffffdf2
ffffff0c
000000ec
00000186
000001b0
0000018e
000000ca
0000016c
ffffff46
fffffe04
000000e6
000001f4
000000ce
00000068
00000068
00000068
00000068
00000068
00000068
00000068
00000068
00000068
00000068
00000068
00000068
00000068
00000068
00000068
00000068
00000068
00000068
00000068
00000068
00000068
00000068
00000068
00000068
00000068
00000068
00000068
00000068
00000068
00000068
00000068
00000068
00000068
0000032b
000002a8
ffffff76
ffffff82
fffffe33
fffffe08
fffffe08
fffffe08
fffffe08
fffffdde
fffffd8e
fffffd88
fffffd9c
fffffcfe
fffffb82
fffffc36
fffffd46
fffffeec
00000088
00000088
fffffe8e
fffffe08
fffffdae
fffffe7a
fffffeea
fffffefc
fffffecc
fffffefc
ffffff00
fffffe84
fffffe12
fffffe08
fffffe08
fffffe08
fffffe08
fffffe08
fffffe08
fffffe08
fffffe08
fffffe08
fffffe08
fffffe08
fffffe08
fffffe08
fffffe08
fffffe08
fffffe08
fffffe08
fffffe08
fffffe08
fffffe08
fffffe08
fffffe08
fffffe08
fffffe08
fffffe08
fffffe08
fffffe08
fffffe08
fffffe08
fffffe08
fffffe08
fffffe08
fffffe08
fffffe89
fffffe74
00000282
000002d6
000001c6
0000010a
0000010a
0000010a
0000010a
00000138
00000198
00000134
00000038
ffffffec
0000000a
ffffff12
fffffe00
fffffcb8
fffffdec
0000003c
00000346
000004b0
000004e4
00000252
ffffffbc
fffffd00
fffffdd8
00000266
00000488
000002d2
000000fc
0000010a
0000010a
0000010a
0000010a
0000010a
0000010a
0000010a
0000010a
0000010a
0000010a
0000010a
0000010a
0000010a
0000010a
0000010a
0000010a
0000010a
0000010a
0000010a
0000010a
0000010a
0000010a
0000010a
0000010a
0000010a
0000010a
0000010a
0000010a
0000010a
0000010a
0000010a
0000010a
0000010a
000001d1
0000016d
fffffbd3
fffffbc5
fffffd80
00000059
00000059
00000059
00000059
ffffff65
ffffff3b
000000e9
0000033d
0000028f
00000321
000002db
00000203
00000129
000000dd
ffffffbf
fffffdf5
fffffcb7
fffffc55
fffffcb9
0000015d
000003ad
00000135
ffffffbf
fffffd75
fffffc1f
ffffff1f
00000059
00000059
00000059
00000059
00000059
00000059
00000059
00000059
00000059
00000059
00000059
00000059
00000059
00000059
00000059
00000059
00000059
00000059
00000059
00000059
00000059
00000059
00000059
00000059
00000059
00000059
00000059
00000059
00000059
00000059
00000059
00000059
00000059
0000032d
00000527
00000200
00000209
00000121
00000038
00000038
00000038
00000038
ffffffca
fffffec2
fffffe6c
fffffefa
ffffff7c
0000014c
000001d8
000001aa
000001a0
00000150
000000b6
00000038
00000032
0000000a
00000112
0000023c
00000274
00000152
ffffffe2
fffffeea
fffffec2
ffffff86
00000038
00000038
00000038
00000038
00000038
00000038
00000038
00000038
00000038
00000038
00000038
00000038
00000038
00000038
00000038
00000038
00000038
00000038
00000038
00000038
00000038
00000038
00000038
00000038
00000038
00000038
00000038
00000038
00000038
00000038
00000038
00000038
00000038
00000006
00000012
000003a8
000002a2
00000144
ffffffb4
ffffffb4
ffffffb4
ffffffb4
fffffffc
00000050
fffffed4
fffffbdc
fffffa84
fffffbd2
fffffc12
fffffaac
fffffbd2
fffffcbc
ffffff5e
00000134
00000340
000002dc
0000002c
fffffdf4
fffffb26
fffffd32
00000160
00000246
00000152
ffffffc4
ffffffb4
ffffffb4
ffffffb4
ffffffb4
ffffffb4
ffffffb4
ffffffb4
ffffffb4
ffffffb4
ffffffb4
ffffffb4
ffffffb4
ffffffb4
ffffffb4
ffffffb4
ffffffb4
ffffffb4
ffffffb4
ffffffb4
ffffffb4
ffffffb4
ffffffb4
ffffffb4
ffffffb4
ffffffb4
ffffffb4
ffffffb4
ffffffb4
ffffffb4
ffffffb4
ffffffb4
ffffffb4
ffffffb4
ffffff91
fffffd2d
fffffbe0
fffffcdd
fffffd6b
ffffff13
ffffff13
ffffff13
ffffff13
ffffff49
ffffff75
ffffffa1
000000ad
000001ad
000000f7
ffffff4d
fffffd41
ffffff8f
ffffffaf
fffffed1
fffffc5b
fffff933
fffff8ad
fffffb29
fffffd51
00000181
000001dd
fffffe53
fffffc1f
fffffc93
fffffe5f
ffffff13
ffffff13
ffffff13
ffffff13
ffffff13
ffffff13
ffffff13
ffffff13
ffffff13
ffffff13
ffffff13
ffffff13
ffffff13
ffffff13
ffffff13
ffffff13
ffffff13
ffffff13
ffffff13
ffffff13
ffffff13
ffffff13
ffffff13
ffffff13
ffffff13
ffffff13
ffffff13
ffffff13
ffffff13
ffffff13
ffffff13
ffffff13
ffffff13
ffffff54
000002c1
ffffff59
ffffffd8
ffffff9f
ffffff4e
ffffff4e
ffffff4e
ffffff4e
ffffffe8
000000ec
00000108
000001c6
00000390
000004d6
000006c0
000006e4
00000654
000004cc
00000364
00000274
00000052
00000002
00000054
00000106
0000011c
0000014a
ffffff9a
ffffff20
ffffffe4
ffffff9e
ffffff4e
ffffff4e
ffffff4e
ffffff4e
ffffff4e
ffffff4e
ffffff4e
ffffff4e
ffffff4e
ffffff4e
ffffff4e
ffffff4e
ffffff4e
ffffff4e
ffffff4e
ffffff4e
ffffff4e
ffffff4e
ffffff4e
ffffff4e
ffffff4e
ffffff4e
ffffff4e
ffffff4e
ffffff4e
ffffff4e
ffffff4e
ffffff4e
ffffff4e
ffffff4e
ffffff4e
ffffff4e
ffffff4e
0000007f
00000032
fffffcdf
fffffda5
00000024
00000060
00000060
00000060
00000060
000000d0
00000208
0000029c
000002ce
000002e2
00000282
000001fa
000001ca
0000020a
000001d6
00000066
000000a8
00000030
ffffff02
fffffeb0
fffffe84
ffffff0c
00000192
000002b0
0000013a
000000b4
00000094
00000060
00000060
00000060
00000060
00000060
00000060
00000060
00000060
00000060
00000060
00000060
00000060
00000060
00000060
00000060
00000060
00000060
00000060
00000060
00000060
00000060
00000060
00000060
00000060
00000060
00000060
00000060
00000060
00000060
00000060
00000060
00000060
00000060
0000023b
0000026a
00000076
0000005c
ffffff92
ffffffe0
ffffffe0
ffffffe0
ffffffe0
ffffff9e
ffffffa8
00000032
00000132
0000029e
00000450
00000640
000008fe
000009d2
000009dc
000009d4
000008fc
0000071a
000004e6
00000160
ffffff14
00000030
00000122
00000200
000002d8
000001d0
fffffff8
ffffffe0
ffffffe0
ffffffe0
ffffffe0
ffffffe0
ffffffe0
ffffffe0
ffffffe0
ffffffe0
ffffffe0
ffffffe0
ffffffe0
ffffffe0
ffffffe0
ffffffe0
ffffffe0
ffffffe0
ffffffe0
ffffffe0
ffffffe0
ffffffe0
ffffffe0
ffffffe0
ffffffe0
ffffffe0
ffffffe0
ffffffe0
ffffffe0
ffffffe0
ffffffe0
ffffffe0
ffffffe0
ffffffe0
ffffff5c
ffffff85
ffffffa4
fffffff4
fffffffc
ffffff75
ffffff75
ffffff75
ffffff75
ffffff83
00000025
ffffff3b
00000093
0000018b
000000a3
ffffffa3
fffffe51
ffffff0d
fffffe8f
fffffce9
fffffcd3
fffffa49
fffffa65
fffffcc9
fffffe59
0000004f
00000179
fffffe07
fffffe0f
ffffffef
ffffffeb
ffffff75
ffffff75
ffffff75
ffffff75
ffffff75
ffffff75
ffffff75
ffffff75
ffffff75
ffffff75
ffffff75
ffffff75
ffffff75
ffffff75
ffffff75
ffffff75
ffffff75
ffffff75
ffffff75
ffffff75
ffffff75
ffffff75
ffffff75
ffffff75
ffffff75
ffffff75
ffffff75
ffffff75
ffffff75
ffffff75
ffffff75
ffffff75
ffffff75
fffffe87
ffffff58
fffffe18
fffffe5d
fffffe6c
ffffff47
ffffff47
ffffff47
ffffff47
ffffff6f
ffffff27
000000cb
0000028b
00000395
000003cd
000003e7
00000451
0000034d
000002ef
00000353
00000345
00000135
00000053
ffffff0f
fffffbcf
fffffcad
fffffc31
fffffbc1
fffffd1f
fffffe2d
fffffef5
ffffff47
ffffff47
ffffff47
ffffff47
ffffff47
ffffff47
ffffff47
ffffff47
ffffff47
ffffff47
ffffff47
ffffff47
ffffff47
ffffff47
ffffff47
ffffff47
ffffff47
ffffff47
ffffff47
ffffff47
ffffff47
ffffff47
ffffff47
ffffff47
ffffff47
ffffff47
ffffff47
ffffff47
ffffff47
ffffff47
ffffff47
ffffff47
ffffff47
0000008f
000001cd
ffffff1f
fffffeee
fffffed0
ffffff6a
ffffff6a
ffffff6a
ffffff6a
ffffff36
fffffed4
fffffcee
fffffc6c
fffffade
fffff986
fffff93e
fffff79c
fffff994
fffffa4e
fffffb88
fffffb76
fffffc26
fffffcca
fffffda6
fffffffc
000001be
0000033c
000003c6
000001b6
fffffefa
ffffff64
ffffff6a
ffffff6a
ffffff6a
ffffff6a
ffffff6a
ffffff6a
ffffff6a
ffffff6a
ffffff6a
ffffff6a
ffffff6a
ffffff6a
ffffff6a
ffffff6a
ffffff6a
ffffff6a
ffffff6a
ffffff6a
ffffff6a
ffffff6a
ffffff6a
ffffff6a
ffffff6a
ffffff6a
ffffff6a
ffffff6a
ffffff6a
ffffff6a
ffffff6a
ffffff6a
ffffff6a
ffffff6a
ffffff6a
ffffff60
ffffffe5
00000051
0000021a
ffffffbe
fffffe8c
fffffe8c
fffffe8c
fffffe8c
fffffecc
ffffff44
ffffff20
fffffcd8
fffffa3a
fffff90c
fffff8dc
fffff976
fffff9b2
fffff926
fffffb94
fffffb8e
fffffb84
fffffdb6
0000000a
0000008c
ffffff78
fffffdfe
fffffce8
fffffe80
ffffffcc
fffffebe
fffffe8c
fffffe8c
fffffe8c
fffffe8c
fffffe8c
fffffe8c
fffffe8c
fffffe8c
fffffe8c
fffffe8c
fffffe8c
fffffe8c
fffffe8c
fffffe8c
fffffe8c
fffffe8c
fffffe8c
fffffe8c
fffffe8c
fffffe8c
fffffe8c
fffffe8c
fffffe8c
fffffe8c
fffffe8c
fffffe8c
fffffe8c
fffffe8c
fffffe8c
fffffe8c
fffffe8c
fffffe8c
fffffe8c
fffffeaa
0000002e
000003a2
000001f9
00000061
fffffffe
fffffffe
fffffffe
fffffffe
ffffff78
fffffe82
fffffc60
fffff95c
fffff98e
fffffa5e
fffffb16
fffffac8
fffffb9c
fffffd62
000000dc
000003cc
00000518
000004ca
000003de
ffffff04
fffffb88
fffffc2c
fffffeba
00000338
00000374
00000096
fffffffe
fffffffe
fffffffe
fffffffe
fffffffe
fffffffe
fffffffe
fffffffe
fffffffe
fffffffe
fffffffe
fffffffe
fffffffe
fffffffe
fffffffe
fffffffe
fffffffe
fffffffe
fffffffe
fffffffe
fffffffe
fffffffe
fffffffe
fffffffe
fffffffe
fffffffe
fffffffe
fffffffe
fffffffe
fffffffe
fffffffe
fffffffe
fffffffe
fffffc20
fffffba9
0000028d
0000015b
ffffff71
ffffff41
ffffff41
ffffff41
ffffff41
fffffe21
fffffbbf
fffffd13
ffffff05
0000022b
000002dd
000003bb
00000871
0000072b
000005a3
0000065f
00000603
00000657
000006a7
0000060f
000003c7
00000229
000000c3
ffffff6d
00000233
000002df
00000139
ffffff41
ffffff41
ffffff41
ffffff41
ffffff41
ffffff41
ffffff41
ffffff41
ffffff41
ffffff41
ffffff41
ffffff41
ffffff41
ffffff41
ffffff41
ffffff41
ffffff41
ffffff41
ffffff41
ffffff41
ffffff41
ffffff41
ffffff41
ffffff41
ffffff41
ffffff41
ffffff41
ffffff41
ffffff41
ffffff41
ffffff41
ffffff41
ffffff41
fffffd48
fffffc45
0000014a
ffffffce
ffffff8c
fffffffc
fffffffc
fffffffc
fffffffc
ffffffc6
fffffee4
fffffd8c
0000005e
000003c6
00000408
00000278
0000024a
00000318
00000238
000001b4
00000220
00000078
ffffff68
ffffff16
fffffd60
fffffe72
0000023a
0000012a
fffffef8
fffffe94
00000000
fffffffc
fffffffc
fffffffc
fffffffc
fffffffc
fffffffc
fffffffc
fffffffc
fffffffc
fffffffc
fffffffc
fffffffc
fffffffc
fffffffc
fffffffc
fffffffc
fffffffc
fffffffc
fffffffc
fffffffc
fffffffc
fffffffc
fffffffc
fffffffc
fffffffc
fffffffc
fffffffc
fffffffc
fffffffc
fffffffc
fffffffc
fffffffc
fffffffc
fffffbd9
fffffcca
00000070
0000002c
00000003
000000b2
000000b2
000000b2
000000b2
000000c4
0000018a
00000278
00000352
000003b4
000003ea
0000033c
00000472
000003d6
00000378
0000039e
000004a2
000003e4
000002ea
000000b0
ffffff36
ffffff88
fffffff6
00000096
0000012a
00000182
000000e4
000000b2
000000b2
000000b2
000000b2
000000b2
000000b2
000000b2
000000b2
000000b2
000000b2
000000b2
000000b2
000000b2
000000b2
000000b2
000000b2
000000b2
000000b2
000000b2
000000b2
000000b2
000000b2
000000b2
000000b2
000000b2
000000b2
000000b2
000000b2
000000b2
000000b2
000000b2
000000b2
000000b2
ffffffe9
0000001c
000000ab
00000324
000001e9
00000207
00000207
00000207
00000207
00000245
000003ef
000003ed
00000291
ffffff0f
fffffdeb
ffffffa3
ffffff5f
fffffdfd
fffffe43
ffffff39
00000079
0000030b
0000044d
0000035b
000000e9
ffffff07
fffffceb
000000b3
000004d3
00000341
000001c7
00000207
00000207
00000207
00000207
00000207
00000207
00000207
00000207
00000207
00000207
00000207
00000207
00000207
00000207
00000207
00000207
00000207
00000207
00000207
00000207
00000207
00000207
00000207
00000207
00000207
00000207
00000207
00000207
00000207
00000207
00000207
00000207
00000207
00000179
00000263
000001cd
ffffff73
ffffff72
fffffff0
fffffff0
fffffff0
fffffff0
ffffffb6
fffffee6
ffffffba
0000020e
0000021e
000001ae
000000a8
00000076
ffffffe0
ffffff58
fffffeb6
ffffff1e
00000064
fffffe56
fffffe14
ffffff42
0000006c
000000c6
ffffffa6
fffffe88
ffffff14
ffffffaa
fffffff0
fffffff0
fffffff0
fffffff0
fffffff0
fffffff0
fffffff0
fffffff0
fffffff0
fffffff0
fffffff0
fffffff0
fffffff0
fffffff0
fffffff0
fffffff0
fffffff0
fffffff0
fffffff0
fffffff0
fffffff0
fffffff0
fffffff0
fffffff0
fffffff0
fffffff0
fffffff0
fffffff0
fffffff0
fffffff0
fffffff0
fffffff0
fffffff0
fffffce7
fffffcaa
fffffde9
fffffd89
ffffff2b
00000040
00000040
00000040
00000040
000000e2
000001e2
00000340
0000053e
0000063e
00000504
00000326
000001fc
00000174
000000ac
00000068
ffffff5a
fffffe42
fffffd5c
fffffd96
ffffff0c
ffffffb0
00000090
ffffffc6
fffffede
ffffffb6
0000006c
00000040
00000040
00000040
00000040
00000040
00000040
00000040
00000040
00000040
00000040
00000040
00000040
00000040
00000040
00000040
00000040
00000040
00000040
00000040
00000040
00000040
00000040
00000040
00000040
00000040
00000040
00000040
00000040
00000040
00000040
00000040
00000040
00000040
ffffff49
0000001b
000003c2
0000038a
000002c5
000000a0
000000a0
000000a0
000000a0
ffffffa4
ffffffac
ffffff66
ffffff46
fffffe60
fffffe00
ffffff44
00000074
ffffffe2
fffffec0
ffffffae
00000098
000002c2
00000406
000003e8
000002dc
000000e2
fffffe14
fffffebe
00000166
0000024e
00000110
000000a0
000000a0
000000a0
000000a0
000000a0
000000a0
000000a0
000000a0
000000a0
000000a0
000000a0
000000a0
000000a0
000000a0
000000a0
000000a0
000000a0
000000a0
000000a0
000000a0
000000a0
000000a0
000000a0
000000a0
000000a0
000000a0
000000a0
000000a0
000000a0
000000a0
000000a0
000000a0
000000a0
0000011f
00000033
ffffff1d
ffffff75
ffffff71
ffffffa2
ffffffa2
ffffffa2
ffffffa2
fffffecc
fffffe3c
fffffd6c
fffffd16
fffffd4e
fffffdbc
fffffd88
fffffb20
fffffbba
fffffc5e
fffffcac
fffffcc4
fffffd08
fffffdd8
fffffdea
0000000a
00000024
fffffe9e
ffffff18
fffffdf6
fffffd80
fffffefa
ffffffa2
ffffffa2
ffffffa2
ffffffa2
ffffffa2
ffffffa2
ffffffa2
ffffffa2
ffffffa2
ffffffa2
ffffffa2
ffffffa2
ffffffa2
ffffffa2
ffffffa2
ffffffa2
ffffffa2
ffffffa2
ffffffa2
ffffffa2
ffffffa2
ffffffa2
ffffffa2
ffffffa2
ffffffa2
ffffffa2
ffffffa2
ffffffa2
ffffffa2
ffffffa2
ffffffa2
ffffffa2
ffffffa2
000002a8
00000236
fffffc07
fffffc2a
ffffff4e
00000029
00000029
00000029
00000029
0000007b
000001f5
00000277
00000181
000001c7
000001a7
000001c7
000000e7
00000013
ffffff4f
fffffff7
000000ad
0000023f
000001e9
00000079
ffffff57
fffffd77
fffffe67
000000e9
000001e5
000001e1
000000cf
00000029
00000029
00000029
00000029
00000029
00000029
00000029
00000029
00000029
00000029
00000029
00000029
00000029
00000029
00000029
00000029
00000029
00000029
00000029
00000029
00000029
00000029
00000029
00000029
00000029
00000029
00000029
00000029
00000029
00000029
00000029
00000029
00000029
000001cb
00000300
ffffff84
00000160
0000019c
0000011c
0000011c
0000011c
0000011c
000000ee
0000007c
00000122
0000019e
00000188
00000080
ffffff5c
ffffff88
000000a2
000000f6
ffffff38
fffffe2a
fffffd94
fffffecc
0000002a
00000254
00000434
00000352
00000024
fffffeb6
0000001a
00000120
0000011c
0000011c
0000011c
0000011c
0000011c
0000011c
0000011c
0000011c
0000011c
0000011c
0000011c
0000011c
0000011c
0000011c
0000011c
0000011c
0000011c
0000011c
0000011c
0000011c
0000011c
0000011c
0000011c
0000011c
0000011c
0000011c
0000011c
0000011c
0000011c
0000011c
0000011c
0000011c
0000011c
000000bd
000001a7
fffffdfd
fffffc85
fffffdcb
ffffff0e
ffffff0e
ffffff0e
ffffff0e
fffffecc
ffffff0e
00000050
00000360
000003b6
0000015e
fffffeda
fffffdd8
fffffd10
fffffcd2
fffffb74
fffffb78
fffffa58
fffff904
fffffaaa
fffffd20
fffffff0
000001da
000000de
fffffdf2
fffffc8c
fffffe7a
ffffff0e
ffffff0e
ffffff0e
ffffff0e
ffffff0e
ffffff0e
ffffff0e
ffffff0e
ffffff0e
ffffff0e
ffffff0e
ffffff0e
ffffff0e
ffffff0e
ffffff0e
ffffff0e
ffffff0e
ffffff0e
ffffff0e
ffffff0e
ffffff0e
ffffff0e
ffffff0e
ffffff0e
ffffff0e
ffffff0e
ffffff0e
ffffff0e
ffffff0e
ffffff0e
ffffff0e
ffffff0e
ffffff0e
fffffe1b
fffffde5
ffffff62
fffffeb5
fffffe6c
fffffeac
fffffeac
fffffeac
fffffeac
fffffe88
fffffedc
00000126
00000226
00000196
00000168
000001e6
00000290
0000015a
fffffeb0
fffffd3c
fffffc16
fffffe6e
ffffff54
ffffffa0
ffffffb8
fffffd60
fffffaee
fffffd24
ffffff86
ffffffea
fffffee6
fffffeac
fffffeac
fffffeac
fffffeac
fffffeac
fffffeac
fffffeac
fffffeac
fffffeac
fffffeac
fffffeac
fffffeac
fffffeac
fffffeac
fffffeac
fffffeac
fffffeac
fffffeac
fffffeac
fffffeac
fffffeac
fffffeac
fffffeac
fffffeac
fffffeac
fffffeac
fffffeac
fffffeac
fffffeac
fffffeac
fffffeac
fffffeac
fffffeac
ffffff53
ffffffa4
00000271
0000020a
000001b5
000000cf
000000cf
000000cf
000000cf
000000f5
0000003f
ffffff0d
ffffffcf
ffffff6f
ffffff9b
000000e9
000000f5
00000003
ffffff17
fffffb99
fffffb2f
fffffdd1
ffffff3f
ffffffc7
ffffff77
0000001f
fffffe7b
fffffccb
fffffe01
fffffed9
00000061
000000cf
000000cf
000000cf
000000cf
000000cf
000000cf
000000cf
000000cf
000000cf
000000cf
000000cf
000000cf
000000cf
000000cf
000000cf
000000cf
000000cf
000000cf
000000cf
000000cf
000000cf
000000cf
000000cf
000000cf
000000cf
000000cf
000000cf
000000cf
000000cf
000000cf
000000cf
000000cf
000000cf
000001df
00000099
fffffc31
fffffd35
fffffdc8
ffffff22
ffffff22
ffffff22
ffffff22
00000084
00000150
000001a6
000001fc
000000f0
fffffebc
fffffe22
ffffff6e
00000020
0000011e
00000178
0000009a
ffffff38
ffffff88
fffffe52
fffffe38
fffffee6
fffffee4
ffffff1e
000000d8
00000110
ffffffe2
ffffff22
ffffff22
ffffff22
ffffff22
ffffff22
ffffff22
ffffff22
ffffff22
ffffff22
ffffff22
ffffff22
ffffff22
ffffff22
ffffff22
ffffff22
ffffff22
ffffff22
ffffff22
ffffff22
ffffff22
ffffff22
ffffff22
ffffff22
ffffff22
ffffff22
ffffff22
ffffff22
ffffff22
ffffff22
ffffff22
ffffff22
ffffff22
ffffff22
ffffffe0
00000435
0000004e
00000089
00000042
0000004b
0000004b
0000004b
0000004b
000000a9
ffffffe7
fffffed3
fffffe0f
fffffeb9
ffffff5f
fffffef5
0000012f
000001a5
000003b9
00000635
000005f1
000004db
000003f3
000001b7
000000cf
00000031
000000d3
00000065
000000fd
000000ab
0000006b
0000004b
0000004b
0000004b
0000004b
0000004b
0000004b
0000004b
0000004b
0000004b
0000004b
0000004b
0000004b
0000004b
0000004b
0000004b
0000004b
0000004b
0000004b
0000004b
0000004b
0000004b
0000004b
0000004b
0000004b
0000004b
0000004b
0000004b
0000004b
0000004b
0000004b
0000004b
0000004b
0000004b
00000060
0000005e
0000035d
000001f7
00000021
ffffff22
ffffff22
ffffff22
ffffff22
ffffff30
ffffffd4
00000076
ffffffd4
ffffffce
ffffff02
fffffe5c
fffffd70
fffffe32
fffffdba
ffffff3e
00000096
00000176
0000006a
fffffe70
fffffe44
fffffca8
fffffd16
fffffdfe
fffffff4
000000be
ffffffd0
ffffff22
ffffff22
ffffff22
ffffff22
ffffff22
ffffff22
ffffff22
ffffff22
ffffff22
ffffff22
ffffff22
ffffff22
ffffff22
ffffff22
ffffff22
ffffff22
ffffff22
ffffff22
ffffff22
ffffff22
ffffff22
ffffff22
ffffff22
ffffff22
ffffff22
ffffff22
ffffff22
ffffff22
ffffff22
ffffff22
ffffff22
ffffff22
ffffff22
fffffc5d
fffffb98
ffffffaf
0000011e
000000f9
000000b6
000000b6
000000b6
000000b6
000000dc
000000ca
000000a2
ffffff3c
fffffe20
fffffe22
ffffff40
ffffff6c
0000006e
0000003e
ffffffa0
ffffffa0
ffffff0c
ffffff40
00000026
00000036
000001b6
0000010a
00000026
ffffffb4
ffffff96
00000084
000000b6
000000b6
000000b6
000000b6
000000b6
000000b6
000000b6
000000b6
000000b6
000000b6
000000b6
000000b6
000000b6
000000b6
000000b6
000000b6
000000b6
000000b6
000000b6
000000b6
000000b6
000000b6
000000b6
000000b6
000000b6
000000b6
000000b6
000000b6
000000b6
000000b6
000000b6
000000b6
000000b6
000000f2
0000010f
0000002f
ffffffd5
000000a0
0000016b
0000016b
0000016b
0000016b
000000bd
0000002b
00000143
0000022b
0000026d
000002a3
0000028b
000001b1
000001db
0000005f
ffffff5d
fffffea9
ffffffc3
00000065
00000119
00000291
0000022d
000000f9
000000dd
0000008b
00000019
00000145
0000016b
0000016b
0000016b
0000016b
0000016b
0000016b
0000016b
0000016b
0000016b
0000016b
0000016b
0000016b
0000016b
0000016b
0000016b
0000016b
0000016b
0000016b
0000016b
0000016b
0000016b
0000016b
0000016b
0000016b
0000016b
0000016b
0000016b
0000016b
0000016b
0000016b
0000016b
0000016b
0000016b
00000198
00000186
000005a7
00000504
0000021a
0000004c
0000004c
0000004c
0000004c
ffffffd4
fffffee6
fffffc60
fffffa9e
fffffaa6
fffffcaa
fffffdb8
fffffdb8
fffffdb2
fffffe38
00000198
0000061c
0000087c
00000868
0000041a
ffffff6a
fffffbc4
fffffea4
00000256
0000051a
0000041c
0000008e
0000004c
0000004c
0000004c
0000004c
0000004c
0000004c
0000004c
0000004c
0000004c
0000004c
0000004c
0000004c
0000004c
0000004c
0000004c
0000004c
0000004c
0000004c
0000004c
0000004c
0000004c
0000004c
0000004c
0000004c
0000004c
0000004c
0000004c
0000004c
0000004c
0000004c
0000004c
0000004c
0000004c
fffffd93
fffffb1b
fffffc4e
fffffcfc
fffffd65
ffffff28
ffffff28
ffffff28
ffffff28
ffffff9a
0000004c
ffffffbc
000000c8
00000182
000000b6
ffffff36
fffffdb6
0000000e
0000001c
fffffeee
fffffdd6
fffffa0c
fffff940
fffffba2
fffffd88
0000018c
000002a8
fffffe26
fffffba8
fffffc30
fffffe92
ffffff28
ffffff28
ffffff28
ffffff28
ffffff28
ffffff28
ffffff28
ffffff28
ffffff28
ffffff28
ffffff28
ffffff28
ffffff28
ffffff28
ffffff28
ffffff28
ffffff28
ffffff28
ffffff28
ffffff28
ffffff28
ffffff28
ffffff28
ffffff28
ffffff28
ffffff28
ffffff28
ffffff28
ffffff28
ffffff28
ffffff28
ffffff28
ffffff28
ffffff60
000002d7
0000037c
000002e6
000002bc
0000012f
0000012f
0000012f
0000012f
00000001
0000008b
ffffffff
fffffe8b
fffffe53
ffffffa5
0000006b
0000002b
0000001d
00000053
0000002f
000000cd
000001dd
000001a9
0000021b
0000031d
00000187
0000009b
000001e1
00000199
0000013f
0000014b
0000012f
0000012f
0000012f
0000012f
0000012f
0000012f
0000012f
0000012f
0000012f
0000012f
0000012f
0000012f
0000012f
0000012f
0000012f
0000012f
0000012f
0000012f
0000012f
0000012f
0000012f
0000012f
0000012f
0000012f
0000012f
0000012f
0000012f
0000012f
0000012f
0000012f
0000012f
0000012f
0000012f
0000004d
fffffcf8
00000247
000001b6
00000171
000000a9
000000a9
000000a9
000000a9
0000004f
00000077
00000033
fffffeb1
fffffe29
fffffdbd
fffffdb3
fffffb79
fffffbc9
fffffc65
fffffe2f
00000019
0000022b
00000163
0000006d
fffffeeb
fffffe0f
ffffff75
00000115
00000125
0000017f
0000009d
000000a9
000000a9
000000a9
000000a9
000000a9
000000a9
000000a9
000000a9
000000a9
000000a9
000000a9
000000a9
000000a9
000000a9
000000a9
000000a9
000000a9
000000a9
000000a9
000000a9
000000a9
000000a9
000000a9
000000a9
000000a9
000000a9
000000a9
000000a9
000000a9
000000a9
000000a9
000000a9
000000a9
fffffe57
fffffdd6
fffffdf7
ffffffb1
fffffff9
ffffff0a
ffffff0a
ffffff0a
ffffff0a
0000003c
000000d2
0000018a
ffffff50
fffffcbe
fffffa6e
fffff9b2
fffff992
fffff892
fffff77a
fffff7aa
fffff8f0
fffffa52
fffffcc2
fffffe72
ffffff70
fffffdf0
fffffbde
fffffbf6
fffffd0a
fffffe28
ffffff82
ffffff0a
ffffff0a
ffffff0a
ffffff0a
ffffff0a
ffffff0a
ffffff0a
ffffff0a
ffffff0a
ffffff0a
ffffff0a
ffffff0a
ffffff0a
ffffff0a
ffffff0a
ffffff0a
ffffff0a
ffffff0a
ffffff0a
ffffff0a
ffffff0a
ffffff0a
ffffff0a
ffffff0a
ffffff0a
ffffff0a
ffffff0a
ffffff0a
ffffff0a
ffffff0a
ffffff0a
ffffff0a
ffffff0a
000001ec
0000032b
00000517
000002b4
000000cd
ffffff81
ffffff81
ffffff81
ffffff81
ffffff01
fffffef3
fffffe29
fffffbc9
fffffcb7
fffffcd1
fffffc17
fffffbcd
fffffcab
fffffd69
ffffffeb
00000359
00000621
00000573
00000269
fffffd77
fffffa7d
fffffd59
00000299
000004dd
00000301
00000089
ffffff81
ffffff81
ffffff81
ffffff81
ffffff81
ffffff81
ffffff81
ffffff81
ffffff81
ffffff81
ffffff81
ffffff81
ffffff81
ffffff81
ffffff81
ffffff81
ffffff81
ffffff81
ffffff81
ffffff81
ffffff81
ffffff81
ffffff81
ffffff81
ffffff81
ffffff81
ffffff81
ffffff81
ffffff81
ffffff81
ffffff81
ffffff81
ffffff81
fffffc8e
fffffa15
ffffff5d
ffffff64
ffffff8c
00000034
00000034
00000034
00000034
00000160
00000176
ffffffb8
fffffc98
fffffa74
fffff87e
fffff61a
fffff440
fffff4a4
fffff49c
fffff574
fffff7da
fffff970
fffffbb8
fffffd3e
fffffe8e
fffffe7a
fffffec6
ffffff6c
ffffff28
ffffff08
00000000
00000034
00000034
00000034
00000034
00000034
00000034
00000034
00000034
00000034
00000034
00000034
00000034
00000034
00000034
00000034
00000034
00000034
00000034
00000034
00000034
00000034
00000034
00000034
00000034
00000034
00000034
00000034
00000034
00000034
00000034
00000034
00000034
00000034
00000063
000000f5
fffffc32
fffffc61
fffffc80
fffffd01
fffffd01
fffffd01
fffffd01
fffffd15
fffffe19
00000121
0000024b
00000159
000000ff
00000055
ffffff89
fffffdef
fffffdbd
fffffd1f
fffffad3
fffffa1f
fffffa41
fffffba5
ffffff2f
ffffff7d
fffffbff
fffffae3
fffffadd
fffffb81
fffffc89
fffffd01
fffffd01
fffffd01
fffffd01
fffffd01
fffffd01
fffffd01
fffffd01
fffffd01
fffffd01
fffffd01
fffffd01
fffffd01
fffffd01
fffffd01
fffffd01
fffffd01
fffffd01
fffffd01
fffffd01
fffffd01
fffffd01
fffffd01
fffffd01
fffffd01
fffffd01
fffffd01
fffffd01
fffffd01
fffffd01
fffffd01
fffffd01
fffffd01
fffffff8
00000091
0000010a
000000b4
000000fe
fffffec5
fffffec5
fffffec5
fffffec5
fffffe9d
ffffff7f
ffffffeb
ffffff5b
fffffe29
ffffff09
0000016d
0000028d
0000003b
0000003d
ffffffb3
ffffffd5
00000169
000000df
0000009f
ffffffa9
fffffcf1
fffffab5
fffffe11
ffffffbf
ffffff3d
fffffecb
fffffec5
fffffec5
fffffec5
fffffec5
fffffec5
fffffec5
fffffec5
fffffec5
fffffec5
fffffec5
fffffec5
fffffec5
fffffec5
fffffec5
fffffec5
fffffec5
fffffec5
fffffec5
fffffec5
fffffec5
fffffec5
fffffec5
fffffec5
fffffec5
fffffec5
fffffec5
fffffec5
fffffec5
fffffec5
fffffec5
fffffec5
fffffec5
fffffec5
00000012
fffffee1
fffffef3
fffffda4
fffffe0d
fffffe74
fffffe74
fffffe74
fffffe74
fffffece
ffffff8e
ffffff36
fffffe56
fffffdd8
fffffe52
fffffe2e
fffffbe0
fffffb80
fffffd86
fffffe54
ffffff2e
ffffffe0
fffffeb8
fffffc26
fffffb0c
fffffaf8
fffffd06
00000114
ffffffba
fffffcf8
fffffd84
fffffe74
fffffe74
fffffe74
fffffe74
fffffe74
fffffe74
fffffe74
fffffe74
fffffe74
fffffe74
fffffe74
fffffe74
fffffe74
fffffe74
fffffe74
fffffe74
fffffe74
fffffe74
fffffe74
fffffe74
fffffe74
fffffe74
fffffe74
fffffe74
fffffe74
fffffe74
fffffe74
fffffe74
fffffe74
fffffe74
fffffe74
fffffe74
fffffe74
fffffe92
fffffe8d
fffffc8b
fffffb22
fffffd14
ffffff11
ffffff11
ffffff11
ffffff11
ffffff6d
ffffff85
00000155
0000021f
00000265
0000037b
0000024d
00000049
ffffffd5
0000017b
000000f1
fffffe63
fffffbd9
fffffb6b
fffffb8f
fffffd89
ffffff8b
00000093
0000008f
fffffe3f
fffffcbb
fffffe4f
ffffff11
ffffff11
ffffff11
ffffff11
ffffff11
ffffff11
ffffff11
ffffff11
ffffff11
ffffff11
ffffff11
ffffff11
ffffff11
ffffff11
ffffff11
ffffff11
ffffff11
ffffff11
ffffff11
ffffff11
ffffff11
ffffff11
ffffff11
ffffff11
ffffff11
ffffff11
ffffff11
ffffff11
ffffff11
ffffff11
ffffff11
ffffff11
ffffff11
fffffe63
fffffe70
00000174
000000bc
0000003d
ffffff11
ffffff11
ffffff11
ffffff11
fffffe2d
fffffe05
ffffff0f
ffffff5d
ffffff01
fffffdeb
fffffc6b
fffffd43
fffffd5f
fffffcdd
fffffc75
fffffc77
fffffea5
ffffff31
ffffff2b
00000031
000000ab
fffffee3
fffffdb3
fffffd81
fffffe3b
ffffff21
ffffff11
ffffff11
ffffff11
ffffff11
ffffff11
ffffff11
ffffff11
ffffff11
ffffff11
ffffff11
ffffff11
ffffff11
ffffff11
ffffff11
ffffff11
ffffff11
ffffff11
ffffff11
ffffff11
ffffff11
ffffff11
ffffff11
ffffff11
ffffff11
ffffff11
ffffff11
ffffff11
ffffff11
ffffff11
ffffff11
ffffff11
ffffff11
ffffff11
fffffdb9
fffffda4
fffffd03
fffffd93
fffffe31
ffffff33
ffffff33
ffffff33
ffffff33
ffffff8f
000000c1
000001eb
00000219
000002d7
000003c9
000004cb
0000044f
0000040b
00000401
000003b9
00000309
00000149
00000003
fffffebb
fffffe19
fffffe11
fffffeab
ffffffcb
00000035
fffffff3
ffffff43
ffffff33
ffffff33
ffffff33
ffffff33
ffffff33
ffffff33
ffffff33
ffffff33
ffffff33
ffffff33
ffffff33
ffffff33
ffffff33
ffffff33
ffffff33
ffffff33
ffffff33
ffffff33
ffffff33
ffffff33
ffffff33
ffffff33
ffffff33
ffffff33
ffffff33
ffffff33
ffffff33
ffffff33
ffffff33
ffffff33
ffffff33
ffffff33
ffffff33
000001bb
000002e2
fffffc28
fffffb95
fffffbc5
fffffd00
fffffd00
fffffd00
fffffd00
fffffc0e
fffffb5a
fffffc28
fffffeb6
00000274
00000466
00000498
000003e0
000003a6
000002c8
00000010
fffffe60
fffffe2a
fffffd7e
fffffe56
fffffdf4
ffffff5a
ffffff94
fffffda0
fffffc22
fffffca0
fffffcce
fffffd00
fffffd00
fffffd00
fffffd00
fffffd00
fffffd00
fffffd00
fffffd00
fffffd00
fffffd00
fffffd00
fffffd00
fffffd00
fffffd00
fffffd00
fffffd00
fffffd00
fffffd00
fffffd00
fffffd00
fffffd00
fffffd00
fffffd00
fffffd00
fffffd00
fffffd00
fffffd00
fffffd00
fffffd00
fffffd00
fffffd00
fffffd00
fffffd00
fffffe83
fffffef6
00000063
000000a9
00000236
00000347
00000347
00000347
00000347
000002cd
000002a5
000002cb
000002cb
000003bd
00000497
00000551
00000585
0000062d
0000067b
0000042d
00000237
0000005d
ffffffeb
ffffff7b
00000191
00000529
000006df
0000059d
0000029d
00000129
000002cb
00000347
00000347
00000347
00000347
00000347
00000347
00000347
00000347
00000347
00000347
00000347
00000347
00000347
00000347
00000347
00000347
00000347
00000347
00000347
00000347
00000347
00000347
00000347
00000347
00000347
00000347
00000347
00000347
00000347
00000347
00000347
00000347
00000347
00000301
0000026a
000001e5
00000166
0000025e
0000018b
0000018b
0000018b
0000018b
00000081
000000a3
ffffff3b
00000003
00000215
ffffff37
fffffccd
fffffba9
fffffcad
fffffd5b
fffffea9
00000063
ffffff65
fffffd2d
fffffd51
fffffeb9
000001b9
000003cd
000000ed
fffffd7d
fffffe13
000000ad
0000018b
0000018b
0000018b
0000018b
0000018b
0000018b
0000018b
0000018b
0000018b
0000018b
0000018b
0000018b
0000018b
0000018b
0000018b
0000018b
0000018b
0000018b
0000018b
0000018b
0000018b
0000018b
0000018b
0000018b
0000018b
0000018b
0000018b
0000018b
0000018b
0000018b
0000018b
0000018b
0000018b
fffffd0a
fffffd75
00000039
00000045
0000000f
000000b5
000000b5
000000b5
000000b5
0000005b
00000159
0000014d
00000105
00000055
0000021b
000004af
000004bb
000005b7
0000082d
00000817
00000681
000003d9
00000287
00000207
000000b3
000000d7
000001df
000002e5
0000024f
000000d3
00000045
000000b5
000000b5
000000b5
000000b5
000000b5
000000b5
000000b5
000000b5
000000b5
000000b5
000000b5
000000b5
000000b5
000000b5
000000b5
000000b5
000000b5
000000b5
000000b5
000000b5
000000b5
000000b5
000000b5
000000b5
000000b5
000000b5
000000b5
000000b5
000000b5
000000b5
000000b5
000000b5
000000b5
00000242
000001e8
00000112
00000169
00000162
000000a2
000000a2
000000a2
000000a2
00000104
00000086
ffffff84
ffffff2c
ffffff80
ffffff14
ffffff76
00000038
000000fe
000001ae
000001b2
0000010a
0000003e
0000006e
000000d4
00000052
00000200
000001e6
ffffffba
ffffffb6
fffffff0
0000008c
000000a2
000000a2
000000a2
000000a2
000000a2
000000a2
000000a2
000000a2
000000a2
000000a2
000000a2
000000a2
000000a2
000000a2
000000a2
000000a2
000000a2
000000a2
000000a2
000000a2
000000a2
000000a2
000000a2
000000a2
000000a2
000000a2
000000a2
000000a2
000000a2
000000a2
000000a2
000000a2
000000a2
000000c6
00000116
00000054
00000056
00000081
00000085
00000085
00000085
00000085
0000007f
0000008b
fffffff3
ffffff9b
000000bb
000000bd
00000185
000002ff
000002b1
000002fb
0000048b
000006ab
00000591
00000403
0000011d
ffffffbb
0000006b
00000047
000000c9
000001af
000001d9
00000065
00000085
00000085
00000085
00000085
00000085
00000085
00000085
00000085
00000085
00000085
00000085
00000085
00000085
00000085
00000085
00000085
00000085
00000085
00000085
00000085
00000085
00000085
00000085
00000085
00000085
00000085
00000085
00000085
00000085
00000085
00000085
00000085
00000085
000000ca
000000b3
fffffee2
fffffef7
fffffd30
fffffc53
fffffc53
fffffc53
fffffc53
fffffc31
fffffc8b
fffffc1d
fffffa13
fffff7fd
fffff7b5
fffff91b
fffffa2d
fffffae7
fffffcaf
fffffbf7
fffffa71
fffffc0b
fffffd1f
fffffe1b
fffffd73
fffffce9
fffffb85
fffffc1b
fffffd85
fffffd25
fffffc6b
fffffc53
fffffc53
fffffc53
fffffc53
fffffc53
fffffc53
fffffc53
fffffc53
fffffc53
fffffc53
fffffc53
fffffc53
fffffc53
fffffc53
fffffc53
fffffc53
fffffc53
fffffc53
fffffc53
fffffc53
fffffc53
fffffc53
fffffc53
fffffc53
fffffc53
fffffc53
fffffc53
fffffc53
fffffc53
fffffc53
fffffc53
fffffc53
fffffc53
fffffef1
fffffd43
fffffd13
ffffff0c
ffffffd9
fffffeb5
fffffeb5
fffffeb5
fffffeb5
ffffff79
0000020f
00000321
0000016f
ffffff17
fffffc29
fffffaa1
fffffc37
fffffad3
fffffa29
fffffb05
fffffc7d
fffffe51
00000133
000000bb
00000111
fffffe25
fffffc63
fffffd49
0000010d
00000235
ffffffc5
fffffeb5
fffffeb5
fffffeb5
fffffeb5
fffffeb5
fffffeb5
fffffeb5
fffffeb5
fffffeb5
fffffeb5
fffffeb5
fffffeb5
fffffeb5
fffffeb5
fffffeb5
fffffeb5
fffffeb5
fffffeb5
fffffeb5
fffffeb5
fffffeb5
fffffeb5
fffffeb5
fffffeb5
fffffeb5
fffffeb5
fffffeb5
fffffeb5
fffffeb5
fffffeb5
fffffeb5
fffffeb5
fffffeb5
00000311
000002f8
00000016
00000451
00000371
000000d6
000000d6
000000d6
000000d6
00000066
0000004c
00000030
ffffffe8
fffffff2
fffffffc
ffffff4e
000000e8
000000ec
00000030
ffffff76
00000020
00000146
00000218
0000033a
000002d6
000000e4
00000020
fffffdd0
ffffff8e
00000344
000001d0
000000d6
000000d6
000000d6
000000d6
000000d6
000000d6
000000d6
000000d6
000000d6
000000d6
000000d6
000000d6
000000d6
000000d6
000000d6
000000d6
000000d6
000000d6
000000d6
000000d6
000000d6
000000d6
000000d6
000000d6
000000d6
000000d6
000000d6
000000d6
000000d6
000000d6
000000d6
000000d6
000000d6
000000be
00000158
0000004d
00000104
00000125
00000051
00000051
00000051
00000051
00000073
ffffff4d
ffffff1b
ffffff01
ffffff49
0000004b
0000008f
0000023d
000002c7
000003f5
00000535
0000042d
00000311
000002fd
00000251
0000012f
000000e5
00000051
ffffff5f
ffffffff
0000015f
0000008f
00000051
00000051
00000051
00000051
00000051
00000051
00000051
00000051
00000051
00000051
00000051
00000051
00000051
00000051
00000051
00000051
00000051
00000051
00000051
00000051
00000051
00000051
00000051
00000051
00000051
00000051
00000051
00000051
00000051
00000051
00000051
00000051
00000051
0000000d
0000002d
fffffd12
fffffe2b
fffffdf4
fffffee8
fffffee8
fffffee8
fffffee8
fffffec2
fffffdce
fffffde2
0000005e
00000224
0000032e
00000492
00000482
00000442
0000027c
fffffffa
fffffe90
fffffce6
fffffd64
fffffee2
0000012a
0000028e
fffffee8
fffffb9c
fffffcd0
fffffe40
ffffff16
fffffee8
fffffee8
fffffee8
fffffee8
fffffee8
fffffee8
fffffee8
fffffee8
fffffee8
fffffee8
fffffee8
fffffee8
fffffee8
fffffee8
fffffee8
fffffee8
fffffee8
fffffee8
fffffee8
fffffee8
fffffee8
fffffee8
fffffee8
fffffee8
fffffee8
fffffee8
fffffee8
fffffee8
fffffee8
fffffee8
fffffee8
fffffee8
fffffee8
fffffedf
000001a2
00000198
00000245
00000198
0000003a
0000003a
0000003a
0000003a
00000008
ffffff7c
ffffff7e
00000056
0000019e
000000d8
000000ca
0000022a
000001b6
00000192
000001b6
000000be
00000064
0000000e
00000168
0000027e
00000196
ffffff90
fffffd9e
ffffff42
000000d4
000000c8
0000003a
0000003a
0000003a
0000003a
0000003a
0000003a
0000003a
0000003a
0000003a
0000003a
0000003a
0000003a
0000003a
0000003a
0000003a
0000003a
0000003a
0000003a
0000003a
0000003a
0000003a
0000003a
0000003a
0000003a
0000003a
0000003a
0000003a
0000003a
0000003a
0000003a
0000003a
0000003a
0000003a
0000027e
000000a1
fffffeae
fffffd54
fffffe35
ffffff6e
ffffff6e
ffffff6e
ffffff6e
ffffff3c
fffffeb6
fffffece
0000010e
000003fe
000005f2
0000053c
00000342
000002c4
000000fe
ffffff74
ffffff4e
fffffdec
fffffd78
fffffd8c
ffffff48
0000017c
00000124
ffffff82
fffffc30
fffffb82
fffffe40
ffffff6e
ffffff6e
ffffff6e
ffffff6e
ffffff6e
ffffff6e
ffffff6e
ffffff6e
ffffff6e
ffffff6e
ffffff6e
ffffff6e
ffffff6e
ffffff6e
ffffff6e
ffffff6e
ffffff6e
ffffff6e
ffffff6e
ffffff6e
ffffff6e
ffffff6e
ffffff6e
ffffff6e
ffffff6e
ffffff6e
ffffff6e
ffffff6e
ffffff6e
ffffff6e
ffffff6e
ffffff6e
ffffff6e
fffffedb
ffffff51
fffffc45
fffffdb4
000000a3
fffffff9
fffffff9
fffffff9
fffffff9
0000008b
ffffff59
fffffd65
fffffda5
fffffe59
fffffec7
fffffd69
fffffc4b
fffffd7d
ffffff91
ffffffff
00000209
000001af
ffffff2f
fffffdd9
fffffe3f
000001fb
00000599
00000421
fffffe63
fffffd05
fffffec5
fffffff9
fffffff9
fffffff9
fffffff9
fffffff9
fffffff9
fffffff9
fffffff9
fffffff9
fffffff9
fffffff9
fffffff9
fffffff9
fffffff9
fffffff9
fffffff9
fffffff9
fffffff9
fffffff9
fffffff9
fffffff9
fffffff9
fffffff9
fffffff9
fffffff9
fffffff9
fffffff9
fffffff9
fffffff9
fffffff9
fffffff9
fffffff9
fffffff9
ffffff75
0000008c
ffffffe5
00000092
00000037
ffffff47
ffffff47
ffffff47
ffffff47
00000013
00000109
00000057
fffffff1
0000005b
000000bb
000001a5
00000177
000001e7
00000183
00000059
ffffffc7
ffffff85
ffffff8b
ffffffc3
ffffff89
fffffe6d
ffffff2f
fffffec9
fffffeed
ffffffd9
ffffff9f
ffffff47
ffffff47
ffffff47
ffffff47
ffffff47
ffffff47
ffffff47
ffffff47
ffffff47
ffffff47
ffffff47
ffffff47
ffffff47
ffffff47
ffffff47
ffffff47
ffffff47
ffffff47
ffffff47
ffffff47
ffffff47
ffffff47
ffffff47
ffffff47
ffffff47
ffffff47
ffffff47
ffffff47
ffffff47
ffffff47
ffffff47
ffffff47
ffffff47
ffffffbf
ffffffd5
0000033a
000002b0
000001a1
0000009f
0000009f
0000009f
0000009f
000000bb
ffffffb1
fffffd65
fffffc23
fffffcb3
fffffc69
fffffc8f
fffffcf5
fffffd53
fffffdd3
fffffe25
0000003b
0000013d
00000177
0000012b
ffffff37
fffffeab
000000a9
0000017d
000001a9
00000173
000000df
0000009f
0000009f
0000009f
0000009f
0000009f
0000009f
0000009f
0000009f
0000009f
0000009f
0000009f
0000009f
0000009f
0000009f
0000009f
0000009f
0000009f
0000009f
0000009f
0000009f
0000009f
0000009f
0000009f
0000009f
0000009f
0000009f
0000009f
0000009f
0000009f
0000009f
0000009f
0000009f
0000009f
fffffdae
fffffc5d
00000029
000000a7
ffffffc7
ffffff0d
ffffff0d
ffffff0d
ffffff0d
ffffff15
000000f7
00000243
000002a9
000002a9
0000031d
000002a9
00000173
ffffff67
fffffd5b
fffffcdf
fffffd23
fffffe2b
fffffedf
fffffe3f
fffffea9
fffffd85
fffffc5d
fffffd89
ffffffbb
ffffff11
fffffeb9
ffffff0d
ffffff0d
ffffff0d
ffffff0d
ffffff0d
ffffff0d
ffffff0d
ffffff0d
ffffff0d
ffffff0d
ffffff0d
ffffff0d
ffffff0d
ffffff0d
ffffff0d
ffffff0d
ffffff0d
ffffff0d
ffffff0d
ffffff0d
ffffff0d
ffffff0d
ffffff0d
ffffff0d
ffffff0d
ffffff0d
ffffff0d
ffffff0d
ffffff0d
ffffff0d
ffffff0d
ffffff0d
ffffff0d
fffffe6b
ffffff31
ffffff16
ffffff23
fffffece
fffffec3
fffffec3
fffffec3
fffffec3
ffffff11
ffffff99
fffffebb
fffffe55
fffffded
fffffded
fffffed7
ffffffc9
ffffffdf
000000e9
000000bf
0000008d
ffffffe5
ffffffd5
00000057
ffffff4d
fffffebd
ffffff03
ffffff25
ffffff71
ffffffcb
fffffeff
fffffec3
fffffec3
fffffec3
fffffec3
fffffec3
fffffec3
fffffec3
fffffec3
fffffec3
fffffec3
fffffec3
fffffec3
fffffec3
fffffec3
fffffec3
fffffec3
fffffec3
fffffec3
fffffec3
fffffec3
fffffec3
fffffec3
fffffec3
fffffec3
fffffec3
fffffec3
fffffec3
fffffec3
fffffec3
fffffec3
fffffec3
fffffec3
fffffec3
ffffff63
ffffff1f
fffffefd
00000050
0000001a
ffffff23
ffffff23
ffffff23
ffffff23
ffffffff
00000279
00000233
00000173
00000211
0000036b
00000339
00000245
00000273
0000033b
000002bd
0000035b
00000195
fffffeb5
fffffdbb
fffffc2b
fffffbd7
ffffff93
0000006d
fffffff3
fffffe95
fffffea1
ffffff23
ffffff23
ffffff23
ffffff23
ffffff23
ffffff23
ffffff23
ffffff23
ffffff23
ffffff23
ffffff23
ffffff23
ffffff23
ffffff23
ffffff23
ffffff23
ffffff23
ffffff23
ffffff23
ffffff23
ffffff23
ffffff23
ffffff23
ffffff23
ffffff23
ffffff23
ffffff23
ffffff23
ffffff23
ffffff23
ffffff23
ffffff23
ffffff23
00000053
00000022
ffffffdd
00000032
ffffff42
ffffff40
ffffff40
ffffff40
ffffff40
ffffff76
ffffff54
ffffff9a
ffffff0a
ffffff20
ffffff0c
fffffed6
ffffffc0
ffffffee
00000064
00000180
000001f4
000002ea
00000240
00000160
000000aa
00000034
ffffffd0
fffffecc
000000ca
00000174
ffffffcc
ffffff40
ffffff40
ffffff40
ffffff40
ffffff40
ffffff40
ffffff40
ffffff40
ffffff40
ffffff40
ffffff40
ffffff40
ffffff40
ffffff40
ffffff40
ffffff40
ffffff40
ffffff40
ffffff40
ffffff40
ffffff40
ffffff40
ffffff40
ffffff40
ffffff40
ffffff40
ffffff40
ffffff40
ffffff40
ffffff40
ffffff40
ffffff40
ffffff40
ffffff09
ffffff43
ffffffb7
ffffff51
ffffff45
ffffffcc
ffffffcc
ffffffcc
ffffffcc
fffffee0
fffffe70
fffffea8
ffffff86
00000070
000000c0
00000086
00000112
000001bc
000001ae
00000184
00000286
00000210
000003b4
00000244
000000ac
ffffffe8
000000c0
00000118
000000b2
ffffffd6
0000001c
ffffffcc
ffffffcc
ffffffcc
ffffffcc
ffffffcc
ffffffcc
ffffffcc
ffffffcc
ffffffcc
ffffffcc
ffffffcc
ffffffcc
ffffffcc
ffffffcc
ffffffcc
ffffffcc
ffffffcc
ffffffcc
ffffffcc
ffffffcc
ffffffcc
ffffffcc
ffffffcc
ffffffcc
ffffffcc
ffffffcc
ffffffcc
ffffffcc
ffffffcc
ffffffcc
ffffffcc
ffffffcc
ffffffcc
fffffef1
ffffff60
00000431
0000016a
ffffffe6
ffffffc1
ffffffc1
ffffffc1
ffffffc1
ffffff7d
fffffdfb
fffffd9f
fffffd33
00000055
00000167
ffffffd1
fffffe85
ffffffa1
000001df
000004a9
00000787
00000809
000003eb
fffffec7
fffffbcf
fffffd45
000001cf
00000545
00000147
fffffe5f
ffffff53
ffffffc1
ffffffc1
ffffffc1
ffffffc1
ffffffc1
ffffffc1
ffffffc1
ffffffc1
ffffffc1
ffffffc1
ffffffc1
ffffffc1
ffffffc1
ffffffc1
ffffffc1
ffffffc1
ffffffc1
ffffffc1
ffffffc1
ffffffc1
ffffffc1
ffffffc1
ffffffc1
ffffffc1
ffffffc1
ffffffc1
ffffffc1
ffffffc1
ffffffc1
ffffffc1
ffffffc1
ffffffc1
ffffffc1
fffffc8a
fffffad7
fffffb65
fffffae8
fffffcfa
fffffef5
fffffef5
fffffef5
fffffef5
ffffffbd
fffffe5f
fffffdb7
fffffed5
00000059
0000012f
00000017
00000007
00000087
00000363
0000033f
00000355
00000001
ffffff39
fffffd09
fffffb97
fffffe8f
00000323
00000379
000000cd
fffffeb1
ffffff07
fffffef5
fffffef5
fffffef5
fffffef5
fffffef5
fffffef5
fffffef5
fffffef5
fffffef5
fffffef5
fffffef5
fffffef5
fffffef5
fffffef5
fffffef5
fffffef5
fffffef5
fffffef5
fffffef5
fffffef5
fffffef5
fffffef5
fffffef5
fffffef5
fffffef5
fffffef5
fffffef5
fffffef5
fffffef5
fffffef5
fffffef5
fffffef5
fffffef5
fffffbf3
fffffda4
fffffc37
ffffff18
00000060
ffffff14
ffffff14
ffffff14
ffffff14
ffffff14
fffffef8
ffffffb0
00000154
0000009e
ffffffb2
fffffea0
00000150
000000a0
fffffffe
fffffd56
fffffa00
fffffaca
ffffff26
000001b4
000003a4
00000418
ffffff56
fffffb42
fffffc1a
fffffdf0
ffffff4a
ffffff14
ffffff14
ffffff14
ffffff14
ffffff14
ffffff14
ffffff14
ffffff14
ffffff14
ffffff14
ffffff14
ffffff14
ffffff14
ffffff14
ffffff14
ffffff14
ffffff14
ffffff14
ffffff14
ffffff14
ffffff14
ffffff14
ffffff14
ffffff14
ffffff14
ffffff14
ffffff14
ffffff14
ffffff14
ffffff14
ffffff14
ffffff14
ffffff14
00000466
00000554
ffffffa5
000002bf
00000241
000000b4
000000b4
000000b4
000000b4
000000b8
00000032
ffffff94
fffffeec
fffffde4
fffffe02
ffffff04
0000016e
0000026e
00000264
00000236
00000006
000000fc
00000250
0000029e
000002ba
00000310
00000226
ffffffd4
000000b8
0000020c
00000130
000000b4
000000b4
000000b4
000000b4
000000b4
000000b4
000000b4
000000b4
000000b4
000000b4
000000b4
000000b4
000000b4
000000b4
000000b4
000000b4
000000b4
000000b4
000000b4
000000b4
000000b4
000000b4
000000b4
000000b4
000000b4
000000b4
000000b4
000000b4
000000b4
000000b4
000000b4
000000b4
000000b4
00000106
0000021f
0000009e
0000005e
0000003d
0000004c
0000004c
0000004c
0000004c
000000e4
fffffffc
ffffffba
ffffff94
ffffffb2
ffffffac
00000032
ffffffec
ffffff82
ffffff1e
ffffff34
ffffff70
ffffff76
fffffec8
fffffffc
fffffe30
fffffea8
00000056
ffffffaa
ffffff3e
ffffff1e
ffffffae
0000004c
0000004c
0000004c
0000004c
0000004c
0000004c
0000004c
0000004c
0000004c
0000004c
0000004c
0000004c
0000004c
0000004c
0000004c
0000004c
0000004c
0000004c
0000004c
0000004c
0000004c
0000004c
0000004c
0000004c
0000004c
0000004c
0000004c
0000004c
0000004c
0000004c
0000004c
0000004c
0000004c
0000004a
ffffffbd
00000007
0000001d
00000138
00000109
00000109
00000109
00000109
00000187
000001c3
00000139
00000093
ffffffe9
ffffffcd
ffffffbd
ffffff8f
ffffff4d
ffffff91
ffffff69
ffffff79
0000008b
000000f7
000000fb
00000127
000000e7
00000129
0000018b
00000149
000000bb
000000eb
00000109
00000109
00000109
00000109
00000109
00000109
00000109
00000109
00000109
00000109
00000109
00000109
00000109
00000109
00000109
00000109
00000109
00000109
00000109
00000109
00000109
00000109
00000109
00000109
00000109
00000109
00000109
00000109
00000109
00000109
00000109
00000109
00000109
000000a8
000000be
fffffdab
fffffebe
ffffff3f
0000005a
0000005a
0000005a
0000005a
ffffffdc
ffffff8c
ffffffca
000000e2
00000162
00000390
0000043e
000003f6
000002fe
000002a0
0000020e
fffffed8
ffffff8c
0000001a
0000010e
000002f0
00000236
0000005e
fffffff8
fffffe0e
fffffd0c
ffffff36
0000005a
0000005a
0000005a
0000005a
0000005a
0000005a
0000005a
0000005a
0000005a
0000005a
0000005a
0000005a
0000005a
0000005a
0000005a
0000005a
0000005a
0000005a
0000005a
0000005a
0000005a
0000005a
0000005a
0000005a
0000005a
0000005a
0000005a
0000005a
0000005a
0000005a
0000005a
0000005a
0000005a
000003b6
000003fd
fffffeef
ffffff2e
ffffff39
fffffe07
fffffe07
fffffe07
fffffe07
fffffd1b
fffffc13
fffffd01
ffffff09
0000017b
0000038f
0000053b
000005b9
00000615
00000537
000003a7
ffffffaf
fffffec3
fffffc71
fffffdbd
ffffff5d
ffffffeb
fffffdfd
fffffd1d
fffffb89
fffffbe5
fffffd63
fffffe07
fffffe07
fffffe07
fffffe07
fffffe07
fffffe07
fffffe07
fffffe07
fffffe07
fffffe07
fffffe07
fffffe07
fffffe07
fffffe07
fffffe07
fffffe07
fffffe07
fffffe07
fffffe07
fffffe07
fffffe07
fffffe07
fffffe07
fffffe07
fffffe07
fffffe07
fffffe07
fffffe07
fffffe07
fffffe07
fffffe07
fffffe07
fffffe07
fffffed5
fffffec7
fffffd6a
fffffcf0
fffffd5d
fffffe73
fffffe73
fffffe73
fffffe73
ffffff03
ffffff61
ffffff65
fffffee7
ffffff0b
ffffff29
fffffed3
ffffffed
ffffff7d
ffffff8f
ffffffef
ffffff9d
ffffffad
ffffff93
fffffe9d
fffffd31
fffffbef
fffffc53
fffffdd5
ffffff6b
ffffff79
fffffeed
fffffe73
fffffe73
fffffe73
fffffe73
fffffe73
fffffe73
fffffe73
fffffe73
fffffe73
fffffe73
fffffe73
fffffe73
fffffe73
fffffe73
fffffe73
fffffe73
fffffe73
fffffe73
fffffe73
fffffe73
fffffe73
fffffe73
fffffe73
fffffe73
fffffe73
fffffe73
fffffe73
fffffe73
fffffe73
fffffe73
fffffe73
fffffe73
fffffe73
00000023
0000007a
00000746
00000753
000003e6
00000087
00000087
00000087
00000087
000000d1
fffffffb
fffffd47
fffffa9b
fffffa21
fffffc71
0000016f
000002d7
000001fd
000001cd
000004d9
00000869
00000b2f
00000a37
0000061b
000000c7
fffffd19
fffffd01
00000077
0000068d
00000619
000001d5
00000087
00000087
00000087
00000087
00000087
00000087
00000087
00000087
00000087
00000087
00000087
00000087
00000087
00000087
00000087
00000087
00000087
00000087
00000087
00000087
00000087
00000087
00000087
00000087
00000087
00000087
00000087
00000087
00000087
00000087
00000087
00000087
00000087
fffffe35
fffffb9b
fffffc05
fffffb56
fffffcd8
ffffffb0
ffffffb0
ffffffb0
ffffffb0
ffffff9a
fffffeb2
fffffd32
fffffde0
fffffe86
fffffd4a
fffffb4a
fffff8c8
fffff7e6
fffff798
fffff6fa
fffff8c2
fffffa42
fffffb44
fffffc1a
fffffc46
fffffd72
ffffff3c
000000b0
ffffff7a
fffffea4
ffffffaa
ffffffb0
ffffffb0
ffffffb0
ffffffb0
ffffffb0
ffffffb0
ffffffb0
ffffffb0
ffffffb0
ffffffb0
ffffffb0
ffffffb0
ffffffb0
ffffffb0
ffffffb0
ffffffb0
ffffffb0
ffffffb0
ffffffb0
ffffffb0
ffffffb0
ffffffb0
ffffffb0
ffffffb0
ffffffb0
ffffffb0
ffffffb0
ffffffb0
ffffffb0
ffffffb0
ffffffb0
ffffffb0
ffffffb0
000000be
000001e1
fffffff3
00000036
00000061
ffffffdb
ffffffdb
ffffffdb
ffffffdb
ffffffdb
ffffff25
fffffdd9
fffffd9f
fffffdcf
fffffe13
fffffe31
fffffedb
ffffffaf
00000137
000002ad
000003b3
00000363
00000267
000000e3
00000021
ffffffe3
0000005b
00000081
00000047
ffffffef
ffffffd7
ffffffdb
ffffffdb
ffffffdb
ffffffdb
ffffffdb
ffffffdb
ffffffdb
ffffffdb
ffffffdb
ffffffdb
ffffffdb
ffffffdb
ffffffdb
ffffffdb
ffffffdb
ffffffdb
ffffffdb
ffffffdb
ffffffdb
ffffffdb
ffffffdb
ffffffdb
ffffffdb
ffffffdb
ffffffdb
ffffffdb
ffffffdb
ffffffdb
ffffffdb
ffffffdb
ffffffdb
ffffffdb
ffffffdb
0000002a
00000001
000000a6
00000098
00000043
fffffe45
fffffe45
fffffe45
fffffe45
fffffd33
fffffc51
fffffd73
fffffd8f
fffffe43
fffffea1
ffffff4f
ffffff33
ffffff61
fffffedb
00000005
00000027
000000ef
ffffffd3
fffffe47
fffffdbf
fffffc2f
fffffc67
fffffd47
fffffdef
fffffeb5
fffffe31
fffffe45
fffffe45
fffffe45
fffffe45
fffffe45
fffffe45
fffffe45
fffffe45
fffffe45
fffffe45
fffffe45
fffffe45
fffffe45
fffffe45
fffffe45
fffffe45
fffffe45
fffffe45
fffffe45
fffffe45
fffffe45
fffffe45
fffffe45
fffffe45
fffffe45
fffffe45
fffffe45
fffffe45
fffffe45
fffffe45
fffffe45
fffffe45
fffffe45
fffffe93
fffffd7d
000000cb
000000bf
000000dd
00000175
00000175
00000175
00000175
00000355
00000499
0000051d
000005ff
00000543
00000475
0000039d
000002ab
0000039b
0000048d
000004d9
00000381
000000f5
00000025
00000079
0000005d
0000022d
00000331
000002eb
0000039b
00000375
00000187
00000175
00000175
00000175
00000175
00000175
00000175
00000175
00000175
00000175
00000175
00000175
00000175
00000175
00000175
00000175
00000175
00000175
00000175
00000175
00000175
00000175
00000175
00000175
00000175
00000175
00000175
00000175
00000175
00000175
00000175
00000175
00000175
00000175
000000ca
000000f3
000003d8
000004e0
00000295
00000049
00000049
00000049
00000049
000000a3
ffffffad
fffffe23
fffffa0b
fffff7d9
fffff8e7
fffffb73
fffffbcd
fffffbc3
fffffca5
ffffff19
00000065
000002ff
000004df
00000405
000001f9
fffffff9
fffffdcf
ffffff31
000002bd
000002e5
000000bb
00000049
00000049
00000049
00000049
00000049
00000049
00000049
00000049
00000049
00000049
00000049
00000049
00000049
00000049
00000049
00000049
00000049
00000049
00000049
00000049
00000049
00000049
00000049
00000049
00000049
00000049
00000049
00000049
00000049
00000049
00000049
00000049
00000049
000000ec
00000018
00000056
00000059
ffffffc8
ffffff9a
ffffff9a
ffffff9a
ffffff9a
ffffffa6
00000050
000001f0
000000e6
ffffffca
0000007c
fffffefa
fffffe6a
fffffc7e
fffffb82
fffffbdc
fffff9b8
fffffc40
fffffe5c
00000048
000001ec
00000006
fffffe48
ffffff6e
ffffffa4
ffffff58
ffffffa4
ffffff9a
ffffff9a
ffffff9a
ffffff9a
ffffff9a
ffffff9a
ffffff9a
ffffff9a
ffffff9a
ffffff9a
ffffff9a
ffffff9a
ffffff9a
ffffff9a
ffffff9a
ffffff9a
ffffff9a
ffffff9a
ffffff9a
ffffff9a
ffffff9a
ffffff9a
ffffff9a
ffffff9a
ffffff9a
ffffff9a
ffffff9a
ffffff9a
ffffff9a
ffffff9a
ffffff9a
ffffff9a
ffffff9a
000000f1
ffffff9e
fffffaec
fffffba3
fffffe80
0000003d
0000003d
0000003d
0000003d
00000067
00000115
000000db
000001db
0000014f
00000029
ffffff4b
00000103
000000bd
0000003f
fffffbe1
fffff901
fffff729
fffff9eb
fffffe0d
000002cb
000003db
000000fb
fffffd1d
fffffad9
fffffc89
00000007
0000003d
0000003d
0000003d
0000003d
0000003d
0000003d
0000003d
0000003d
0000003d
0000003d
0000003d
0000003d
0000003d
0000003d
0000003d
0000003d
0000003d
0000003d
0000003d
0000003d
0000003d
0000003d
0000003d
0000003d
0000003d
0000003d
0000003d
0000003d
0000003d
0000003d
0000003d
0000003d
0000003d
000003c9
000004aa
ffffff67
fffffead
fffffea0
fffffeaa
fffffeaa
fffffeaa
fffffeaa
fffffe94
ffffffde
000000aa
ffffffda
0000005c
000000cc
00000110
000000c6
0000009c
00000186
000000f6
000000d0
000000e6
00000044
fffffe76
fffffe58
fffffe36
fffffe86
ffffff70
fffffe06
fffffd56
fffffe82
fffffeaa
fffffeaa
fffffeaa
fffffeaa
fffffeaa
fffffeaa
fffffeaa
fffffeaa
fffffeaa
fffffeaa
fffffeaa
fffffeaa
fffffeaa
fffffeaa
fffffeaa
fffffeaa
fffffeaa
fffffeaa
fffffeaa
fffffeaa
fffffeaa
fffffeaa
fffffeaa
fffffeaa
fffffeaa
fffffeaa
fffffeaa
fffffeaa
fffffeaa
fffffeaa
fffffeaa
fffffeaa
fffffeaa
fffffed2
fffffebb
fffffe25
fffffe38
ffffff44
fffffe42
fffffe42
fffffe42
fffffe42
ffffff02
00000030
000001e6
000001b0
0000004c
0000001e
fffffede
fffffeee
fffffd40
fffffb9c
fffffbe4
fffffca0
fffffe9a
0000003e
00000120
ffffff10
fffffbec
fffffb16
fffffc42
ffffff36
000000c0
fffffee6
fffffe42
fffffe42
fffffe42
fffffe42
fffffe42
fffffe42
fffffe42
fffffe42
fffffe42
fffffe42
fffffe42
fffffe42
fffffe42
fffffe42
fffffe42
fffffe42
fffffe42
fffffe42
fffffe42
fffffe42
fffffe42
fffffe42
fffffe42
fffffe42
fffffe42
fffffe42
fffffe42
fffffe42
fffffe42
fffffe42
fffffe42
fffffe42
fffffe42
ffffff38
00000002
fffffe40
ffffff18
ffffff2f
ffffff5e
ffffff5e
ffffff5e
ffffff5e
ffffff56
fffffecc
ffffff1e
00000044
00000008
00000094
000001ac
0000027e
00000184
00000198
00000110
0000005e
fffffec4
ffffff32
00000080
000001ac
000001c8
ffffff04
fffffd5c
ffffff84
00000026
ffffffb8
ffffff5e
ffffff5e
ffffff5e
ffffff5e
ffffff5e
ffffff5e
ffffff5e
ffffff5e
ffffff5e
ffffff5e
ffffff5e
ffffff5e
ffffff5e
ffffff5e
ffffff5e
ffffff5e
ffffff5e
ffffff5e
ffffff5e
ffffff5e
ffffff5e
ffffff5e
ffffff5e
ffffff5e
ffffff5e
ffffff5e
ffffff5e
ffffff5e
ffffff5e
ffffff5e
ffffff5e
ffffff5e
ffffff5e
ffffff91
000000c9
00000163
0000002d
ffffff93
0000001b
0000001b
0000001b
0000001b
ffffffaf
000000a5
00000171
0000021d
00000237
00000379
0000034d
00000261
000000e3
ffffff8f
ffffffc5
ffffff51
ffffff3b
0000000f
000000a3
00000159
0000008d
fffffe17
ffffff5d
000000a1
fffffff3
00000039
0000001b
0000001b
0000001b
0000001b
0000001b
0000001b
0000001b
0000001b
0000001b
0000001b
0000001b
0000001b
0000001b
0000001b
0000001b
0000001b
0000001b
0000001b
0000001b
0000001b
0000001b
0000001b
0000001b
0000001b
0000001b
0000001b
0000001b
0000001b
0000001b
0000001b
0000001b
0000001b
0000001b
0000013a
000000e0
00000467
0000045b
000000f8
00000108
00000108
00000108
00000108
ffffffe0
ffffff9c
ffffff26
fffffe98
ffffff42
ffffffb0
ffffffaa
ffffff98
ffffffa2
fffffefc
fffffebc
ffffff9a
00000114
000001f8
0000028c
000001d0
000001d0
0000004e
ffffffe0
00000156
000001c2
000000f4
00000108
00000108
00000108
00000108
00000108
00000108
00000108
00000108
00000108
00000108
00000108
00000108
00000108
00000108
00000108
00000108
00000108
00000108
00000108
00000108
00000108
00000108
00000108
00000108
00000108
00000108
00000108
00000108
00000108
00000108
00000108
00000108
00000108
00000148
0000008a
00000271
00000143
ffffff43
ffffff04
ffffff04
ffffff04
ffffff04
fffffe9c
fffffe6c
fffffe10
ffffff14
000000b4
000002f8
00000416
00000556
00000654
000007f2
00000922
0000086a
000006d8
0000040e
00000162
ffffff98
ffffffc4
ffffff58
fffffff4
000000e2
0000001a
ffffff0e
ffffff04
ffffff04
ffffff04
ffffff04
ffffff04
ffffff04
ffffff04
ffffff04
ffffff04
ffffff04
ffffff04
ffffff04
ffffff04
ffffff04
ffffff04
ffffff04
ffffff04
ffffff04
ffffff04
ffffff04
ffffff04
ffffff04
ffffff04
ffffff04
ffffff04
ffffff04
ffffff04
ffffff04
ffffff04
ffffff04
ffffff04
ffffff04
ffffff04
fffffe98
fffffd35
fffffd34
fffffcfb
fffffe2b
ffffffde
ffffffde
ffffffde
ffffffde
ffffff9a
ffffff46
ffffffc8
000000c2
00000212
000002dc
0000026c
000000ce
fffffff6
ffffff3e
ffffff26
ffffffba
00000058
ffffffa6
fffffe0c
ffffffe8
000000e0
00000146
00000208
ffffff42
fffffe6e
ffffff56
ffffffde
ffffffde
ffffffde
ffffffde
ffffffde
ffffffde
ffffffde
ffffffde
ffffffde
ffffffde
ffffffde
ffffffde
ffffffde
ffffffde
ffffffde
ffffffde
ffffffde
ffffffde
ffffffde
ffffffde
ffffffde
ffffffde
ffffffde
ffffffde
ffffffde
ffffffde
ffffffde
ffffffde
ffffffde
ffffffde
ffffffde
ffffffde
ffffffde
fffffffc
0000008a
0000007c
00000047
0000001b
0000009d
0000009d
0000009d
0000009d
00000019
00000025
00000021
00000009
00000099
000000d3
ffffff2d
fffffe9f
fffffe89
fffffecd
00000047
0000007b
00000119
000000e3
0000004d
000000a3
ffffff99
ffffff9b
ffffffc9
ffffff99
ffffff5f
00000073
0000009d
0000009d
0000009d
0000009d
0000009d
0000009d
0000009d
0000009d
0000009d
0000009d
0000009d
0000009d
0000009d
0000009d
0000009d
0000009d
0000009d
0000009d
0000009d
0000009d
0000009d
0000009d
0000009d
0000009d
0000009d
0000009d
0000009d
0000009d
0000009d
0000009d
0000009d
0000009d
0000009d
ffffffd2
0000003b
ffffff81
ffffffea
00000093
00000015
00000015
00000015
00000015
0000006b
0000018b
000001cf
0000007f
ffffff4f
fffffdf1
fffffc8d
fffffb93
fffff9d7
fffff7f1
fffff6c3
fffff781
fffff997
fffffc13
fffffe11
ffffff8d
fffffe5d
ffffff53
ffffff67
fffffee5
ffffff9b
0000001f
00000015
00000015
00000015
00000015
00000015
00000015
00000015
00000015
00000015
00000015
00000015
00000015
00000015
00000015
00000015
00000015
00000015
00000015
00000015
00000015
00000015
00000015
00000015
00000015
00000015
00000015
00000015
00000015
00000015
00000015
00000015
00000015
00000015
00000093
00000049
0000016b
000000f9
ffffffbf
ffffff9d
ffffff9d
ffffff9d
ffffff9d
ffffff31
fffffdd9
fffffbc9
fffffa1b
fffff9c1
fffffbcd
fffffdc3
00000101
00000259
000001a1
0000022d
000002e3
000002db
00000331
00000145
00000185
0000016d
0000019b
0000005f
ffffffb5
0000000d
ffffff99
ffffff9d
ffffff9d
ffffff9d
ffffff9d
ffffff9d
ffffff9d
ffffff9d
ffffff9d
ffffff9d
ffffff9d
ffffff9d
ffffff9d
ffffff9d
ffffff9d
ffffff9d
ffffff9d
ffffff9d
ffffff9d
ffffff9d
ffffff9d
ffffff9d
ffffff9d
ffffff9d
ffffff9d
ffffff9d
ffffff9d
ffffff9d
ffffff9d
ffffff9d
ffffff9d
ffffff9d
ffffff9d
ffffff9d
fffffe41
fffffe1b
00000017
0000005f
00000043
ffffffa5
ffffffa5
ffffffa5
ffffffa5
fffffec1
0000005b
000001d5
000002e5
000002bf
00000273
000002f9
00000227
0000031b
00000259
000001ed
00000071
ffffffdb
0000000d
00000043
ffffffc9
0000006d
ffffff87
ffffff85
fffffe89
fffffe71
ffffff11
ffffffa5
ffffffa5
ffffffa5
ffffffa5
ffffffa5
ffffffa5
ffffffa5
ffffffa5
ffffffa5
ffffffa5
ffffffa5
ffffffa5
ffffffa5
ffffffa5
ffffffa5
ffffffa5
ffffffa5
ffffffa5
ffffffa5
ffffffa5
ffffffa5
ffffffa5
ffffffa5
ffffffa5
ffffffa5
ffffffa5
ffffffa5
ffffffa5
ffffffa5
ffffffa5
ffffffa5
ffffffa5
ffffffa5
ffffff56
fffffff1
ffffffca
ffffff6f
ffffffb4
ffffff6b
ffffff6b
ffffff6b
ffffff6b
fffffee9
ffffff95
0000006b
00000031
0000001b
000000a7
000000fd
0000005b
fffffeff
fffffd8f
fffffcef
fffffcb7
fffffe09
fffffdbb
fffffe61
ffffffbf
ffffff3b
ffffff6f
ffffff8b
ffffff1b
ffffff13
ffffff81
ffffff6b
ffffff6b
ffffff6b
ffffff6b
ffffff6b
ffffff6b
ffffff6b
ffffff6b
ffffff6b
ffffff6b
ffffff6b
ffffff6b
ffffff6b
ffffff6b
ffffff6b
ffffff6b
ffffff6b
ffffff6b
ffffff6b
ffffff6b
ffffff6b
ffffff6b
ffffff6b
ffffff6b
ffffff6b
ffffff6b
ffffff6b
ffffff6b
ffffff6b
ffffff6b
ffffff6b
ffffff6b
ffffff6b
ffffff38
fffffecf
00000220
000000e1
ffffffb1
ffffffe3
ffffffe3
ffffffe3
ffffffe3
000000a9
0000001b
ffffff43
ffffff33
fffffe75
fffffc69
fffffebb
fffffec9
fffffe61
00000189
00000315
000004e3
0000056b
000003b5
000001f9
ffffff49
00000019
fffffeff
000002af
000005c3
00000333
ffffffb7
ffffffe3
ffffffe3
ffffffe3
ffffffe3
ffffffe3
ffffffe3
ffffffe3
ffffffe3
ffffffe3
ffffffe3
ffffffe3
ffffffe3
ffffffe3
ffffffe3
ffffffe3
ffffffe3
ffffffe3
ffffffe3
ffffffe3
ffffffe3
ffffffe3
ffffffe3
ffffffe3
ffffffe3
ffffffe3
ffffffe3
ffffffe3
ffffffe3
ffffffe3
ffffffe3
ffffffe3
ffffffe3
ffffffe3
ffffff77
fffffe31
000001a1
00000167
00000184
0000013d
0000013d
0000013d
0000013d
000001d1
000000ed
ffffff1d
fffffe53
fffffc73
fffffba5
fffffc47
fffffb09
fffffc55
fffffd01
fffffd9d
ffffffef
fffffe61
ffffff0b
fffffd95
fffffe57
00000071
00000111
0000011f
00000227
00000155
000000b3
0000013d
0000013d
0000013d
0000013d
0000013d
0000013d
0000013d
0000013d
0000013d
0000013d
0000013d
0000013d
0000013d
0000013d
0000013d
0000013d
0000013d
0000013d
0000013d
0000013d
0000013d
0000013d
0000013d
0000013d
0000013d
0000013d
0000013d
0000013d
0000013d
0000013d
0000013d
0000013d
0000013d
ffffff6b
0000000a
ffffffb9
ffffff8a
fffffe41
fffffec4
fffffec4
fffffec4
fffffec4
fffffe62
ffffff5c
00000098
000000be
000001b4
000000e2
0000001e
0000014e
ffffff40
fffffd6e
fffffc86
fffffda4
ffffff02
fffffe1e
ffffff44
ffffff82
fffffebe
fffffd1c
fffffb98
fffffd42
ffffff3a
ffffff60
fffffec4
fffffec4
fffffec4
fffffec4
fffffec4
fffffec4
fffffec4
fffffec4
fffffec4
fffffec4
fffffec4
fffffec4
fffffec4
fffffec4
fffffec4
fffffec4
fffffec4
fffffec4
fffffec4
fffffec4
fffffec4
fffffec4
fffffec4
fffffec4
fffffec4
fffffec4
fffffec4
fffffec4
fffffec4
fffffec4
fffffec4
fffffec4
fffffec4
fffffebc
fffffe1e
fffffe47
ffffffd8
ffffffff
ffffff1c
ffffff1c
ffffff1c
ffffff1c
fffffef6
ffffff2c
00000014
00000164
000001e6
00000164
00000182
ffffffa2
fffffe72
fffffd3c
fffffb88
fffffaa4
fffffba6
fffffaf0
fffffcc6
fffffe18
ffffff26
fffffe74
fffffcb8
fffffb5a
fffffc90
fffffde8
ffffff1c
ffffff1c
ffffff1c
ffffff1c
ffffff1c
ffffff1c
ffffff1c
ffffff1c
ffffff1c
ffffff1c
ffffff1c
ffffff1c
ffffff1c
ffffff1c
ffffff1c
ffffff1c
ffffff1c
ffffff1c
ffffff1c
ffffff1c
ffffff1c
ffffff1c
ffffff1c
ffffff1c
ffffff1c
ffffff1c
ffffff1c
ffffff1c
ffffff1c
ffffff1c
ffffff1c
ffffff1c
ffffff1c
ffffff72
00000005
00000420
000002e5
000000e1
ffffffce
ffffffce
ffffffce
ffffffce
ffffff70
fffffdf0
fffffcd8
fffffc86
fffffca8
fffffdf6
fffffdb6
fffffd9a
fffffe10
fffffeb2
fffffff2
0000008e
000000ee
0000010c
0000002e
fffffffc
ffffffc8
00000086
0000011e
000000f2
00000044
ffffffa4
ffffffce
ffffffce
ffffffce
ffffffce
ffffffce
ffffffce
ffffffce
ffffffce
ffffffce
ffffffce
ffffffce
ffffffce
ffffffce
ffffffce
ffffffce
ffffffce
ffffffce
ffffffce
ffffffce
ffffffce
ffffffce
ffffffce
ffffffce
ffffffce
ffffffce
ffffffce
ffffffce
ffffffce
ffffffce
ffffffce
ffffffce
ffffffce
ffffffce
fffffccf
fffffb8f
0000033d
000000d4
ffffffba
ffffffab
ffffffab
ffffffab
ffffffab
ffffff3b
ffffff09
fffffedf
fffffd1d
fffffb4f
fffffc5d
fffffe17
fffffd91
fffffcef
fffffccb
00000049
00000117
00000529
000002f7
0000014f
0000021b
fffffb8d
fffffc77
000001cf
00000337
00000275
0000002d
ffffffab
ffffffab
ffffffab
ffffffab
ffffffab
ffffffab
ffffffab
ffffffab
ffffffab
ffffffab
ffffffab
ffffffab
ffffffab
ffffffab
ffffffab
ffffffab
ffffffab
ffffffab
ffffffab
ffffffab
ffffffab
ffffffab
ffffffab
ffffffab
ffffffab
ffffffab
ffffffab
ffffffab
ffffffab
ffffffab
ffffffab
ffffffab
ffffffab
fffffea0
fffffac9
fffffe6b
ffffffc8
0000001c
00000107
00000107
00000107
00000107
000000cd
00000115
00000039
ffffff9b
ffffffa9
0000019d
00000321
000002eb
0000037b
000003d9
000002e7
00000225
ffffff77
ffffff8f
00000041
00000145
0000013b
00000093
00000063
00000045
fffffed9
0000009d
00000107
00000107
00000107
00000107
00000107
00000107
00000107
00000107
00000107
00000107
00000107
00000107
00000107
00000107
00000107
00000107
00000107
00000107
00000107
00000107
00000107
00000107
00000107
00000107
00000107
00000107
00000107
00000107
00000107
00000107
00000107
00000107
00000107
000002dd
000003b5
ffffffca
fffffff1
0000004c
ffffffb9
ffffffb9
ffffffb9
ffffffb9
0000005d
0000006d
fffffffb
00000003
00000115
000001e3
00000237
00000203
000001c1
00000147
ffffff37
ffffffcd
ffffffc3
ffffff1b
ffffff33
fffffe71
fffffe31
ffffff6b
ffffff85
fffffe7d
fffffeef
ffffffa7
ffffffb9
ffffffb9
ffffffb9
ffffffb9
ffffffb9
ffffffb9
ffffffb9
ffffffb9
ffffffb9
ffffffb9
ffffffb9
ffffffb9
ffffffb9
ffffffb9
ffffffb9
ffffffb9
ffffffb9
ffffffb9
ffffffb9
ffffffb9
ffffffb9
ffffffb9
ffffffb9
ffffffb9
ffffffb9
ffffffb9
ffffffb9
ffffffb9
ffffffb9
ffffffb9
ffffffb9
ffffffb9
ffffffb9
ffffff93
ffffffb0
0000000a
ffffffd4
ffffffea
ffffff87
ffffff87
ffffff87
ffffff87
ffffff21
ffffff39
ffffff53
ffffffc9
00000045
00000163
00000239
0000003b
ffffff99
fffffe4b
fffffd8f
fffffd6b
ffffff83
ffffff93
ffffff73
fffffeed
fffffe6f
ffffff35
00000083
ffffffe9
ffffff21
ffffff5d
ffffff87
ffffff87
ffffff87
ffffff87
ffffff87
ffffff87
ffffff87
ffffff87
ffffff87
ffffff87
ffffff87
ffffff87
ffffff87
ffffff87
ffffff87
ffffff87
ffffff87
ffffff87
ffffff87
ffffff87
ffffff87
ffffff87
ffffff87
ffffff87
ffffff87
ffffff87
ffffff87
ffffff87
ffffff87
ffffff87
ffffff87
ffffff87
ffffff87
0000001f
ffffff93
fffffeb1
fffffe59
ffffff81
ffffff87
ffffff87
ffffff87
ffffff87
fffffe71
fffffcd5
fffffaed
fffffd35
00000005
000001c9
00000245
0000014f
000000dd
fffffee5
fffffccf
fffffbfd
fffffbd9
fffffbad
fffffd83
000001ad
0000040f
000002b3
fffffd99
fffffa13
fffffba7
fffffe91
ffffff87
ffffff87
ffffff87
ffffff87
ffffff87
ffffff87
ffffff87
ffffff87
ffffff87
ffffff87
ffffff87
ffffff87
ffffff87
ffffff87
ffffff87
ffffff87
ffffff87
ffffff87
ffffff87
ffffff87
ffffff87
ffffff87
ffffff87
ffffff87
ffffff87
ffffff87
ffffff87
ffffff87
ffffff87
ffffff87
ffffff87
ffffff87
ffffff87
fffffe0e
ffffff67
ffffff0e
fffffd46
ffffff05
ffffffdf
ffffffdf
ffffffdf
ffffffdf
00000079
000000f5
0000014f
00000277
000002fd
00000391
00000349
00000259
00000179
0000022b
00000227
0000026f
0000017d
0000018b
fffffedd
fffffd97
fffffd47
ffffffc3
00000251
000001ad
ffffff47
ffffff8d
ffffffdf
ffffffdf
ffffffdf
ffffffdf
ffffffdf
ffffffdf
ffffffdf
ffffffdf
ffffffdf
ffffffdf
ffffffdf
ffffffdf
ffffffdf
ffffffdf
ffffffdf
ffffffdf
ffffffdf
ffffffdf
ffffffdf
ffffffdf
ffffffdf
ffffffdf
ffffffdf
ffffffdf
ffffffdf
ffffffdf
ffffffdf
ffffffdf
ffffffdf
ffffffdf
ffffffdf
ffffffdf
ffffffdf
fffffe9c
fffffe64
