fffff090
fffffd54
ffffe25d
ffffe9ea
ffffefeb
ffffe91e
000017d2
ffffffbe
fffff5fa
00000065
00000346
000007f1
fffff207
fffff7d7
fffff3a4
ffffed45
ffffe3a4
ffffea67
ffffe2d6
ffffba46
ffffba22
ffff9422
ffffb8aa
ffff6d99
ffffa87d
ffff91f7
ffff83e8
ffffa066
ffff79b0
ffff9f04
ffffaf8b
ffff9685
ffffaf8b
ffff9fdc
ffffe598
00001f84
000020f0
000034c8
00001823
00005ffc
00003f2e
00005f93
00005813
0000789e
00003a12
00000e33
0000090b
000017ad
0000025a
000019f1
00000e54
0000085a
0000184a
ffffc9a7
0000184a
ffffe977
ffffdc27
ffffb48c
ffffd1b8
ffffc1ab
ffffc05d
ffffab8a
ffffa26b
ffff9ca7
0000091c
fffff9bb
fffff6e3
ffffd916
000009e5
00000931
00002b74
0000034f
00000e8a
000007e6
00001ef0
00000c8f
0000209e
00001509
00001ecd
00003401
0000319a
00006398
0000cb84
0000b41c
0000b8b4
0000de23
0000fed6
00013611
00016175
00015c45
00014fe1
00017b29
000179da
0001b5a4
0001bb42
0001bfac
0001bb42
00016c20
00016e24
00014fd6
0001628a
00016813
0000c852
0000c520
0000aca5
0000348b
000012db
00005726
ffffbfd2
ffffe042
ffffebc7
fffff3d0
ffffd79f
ffffcfd6
ffffe150
ffffb533
ffffc5fb
ffffbc64
ffffc5fb
ffffac54
ffffb865
ffffbedd
ffffc4b2
ffffc41d
ffffaf31
ffffbaea
ffffa621
ffffcc04
fffff17b
000037bc
000001b7
000009d6
00001a8e
00003bf8
0000367f
00005700
0000798c
00006598
00007158
000071dd
000089b1
00007f18
00007747
00006a49
000074f0
000059f0
0000249d
00005ab3
00006b75
00006deb
00005560
0000947b
0000b737
0000ce56
0000da34
00016fae
000114e3
00017399
000129c8
00015923
000129c8
00014847
0001210a
0000ba8b
0000bcf7
00009515
00009c5e
00006105
0000910d
00001b29
00000f79
0000137e
fffffd9f
ffffde7d
000018a5
ffffe4f3
00001ecb
00001c4e
fffff66d
00000d89
ffffdb02
000003b2
ffffdb02
ffffd3a9
ffffd3c1
0000278e
00001ea4
0000536d
00003620
00003897
00002224
00001c9b
ffffcfa4
ffffdfcd
ffffce35
ffffe39c
ffffd519
fffffdb5
fffffe56
00000004
ffffea79
000010d8
fffff68a
00001282
00000681
00000304
0000148c
00001452
00001034
00000e2f
00002c9e
000008bf
0000191b
000027bb
0000071e
00002238
ffffc52f
fffff9ae
00000d6c
00000a85
000020d8
fffff5f3
00000357
000006dd
00000357
fffff089
fffff87e
ffffe41c
ffffab13
ffffc08a
00000131
ffffd373
ffffeb45
ffffde5a
0000164c
ffffeb45
fffffc79
ffffd392
ffffcc57
ffffd71f
ffffc7f3
ffffd09f
ffffa89d
ffffbe44
ffff93ca
ffffbcea
ffff93ca
ffffb9e2
ffffb63e
ffffc2c2
ffffa8a0
ffffc2c3
ffffc297
ffffcdef
ffffbdb8
ffffd44c
0000654f
00006b09
00006930
000073e5
00005137
000072d9
0000400c
00008a97
00008bba
0000a201
00009678
0000d4a8
000093bb
0000d2ba
0000acd2
0000cfcc
0000c56f
0000c604
00009673
000078a0
000072a6
00007d0f
000030df
00008f0e
000097f0
0000d333
0000c53b
000106c8
0000fec3
000100c1
000108de
00011057
000108de
0000f9a6
0000e18b
0000dbfd
0000e848
0000daac
00009556
0000b91a
0000abcc
00009df1
00006706
00006cbb
0000748f
000090f8
0000b895
00008c80
0000911d
00006fa3
0000a1e2
00009c67
00009624
00007a55
00009624
0000854a
00009d9c
000090cc
0000896c
000094f0
000096e3
0000627e
000022a5
00002d59
fffff12a
ffffc9b6
ffffd8bc
ffffc9f1
ffffc99b
ffffb68f
ffffad10
ffffcc04
ffffbb6c
ffffdec2
ffffca36
fffffa27
ffffd6ec
ffffe6cf
fffff2a9
ffffffaa
ffffe8e4
ffffd35e
ffffcf16
ffffb0c0
ffffaaaf
ffff8aa9
ffff804e
ffffa6b3
ffff9bac
ffffaf2e
ffffdd5d
fffffb98
00000517
00000b9e
fffffa6e
00000abb
fffffa6e
ffffef41
fffff46c
00004172
00001368
00003eef
fffff8a8
0000582f
ffffe39c
00005d24
0000214e
00007ba5
00001e14
000036f1
00003c72
00003446
0000187a
00001a9e
0000415e
000025fc
0000603f
00000436
0000603f
000012ed
000034ab
fffffb82
00002202
fffffa22
00001a6d
ffffd145
ffffd6b6
ffffbf31
000023d2
00002dd2
000023d0
000024b9
00001915
0000372c
00002416
0000554b
00005a1a
00005271
000054a0
00004c4c
00005b26
00004fa1
00004c7c
00003771
000048a9
00004550
00003132
ffffeafe
00000691
0000076e
ffffca30
ffffaaeb
ffffac98
ffffc4d3
ffffc576
ffff92e6
ffffa39b
ffff8f5d
ffffa5b0
ffff9630
ffffa5b0
ffffb44d
ffffdc1d
fffffda1
ffffccd0
00000126
ffffe53c
0000048c
fffff6b4
00001034
00001729
fffffe99
000023d0
0000448c
000023fe
00002d04
00000cf4
00000b2e
00000ab7
0000244a
0000097a
00002343
0000097a
000026a0
00000a52
00000141
000001ca
00003014
00000382
00002a6c
fffff224
00002b77
000050ec
00002e53
00004a04
0000033b
000034c6
00001c1a
000022e7
00002027
00000158
000019ed
fffffb9c
0000590a
00000d15
000045f1
00001949
0000484d
fffff340
00003bd9
000040bd
00003b50
00001792
00003b74
00004173
000065bf
0000d5b1
0000e9f5
00009297
0000f170
0000d11c
00013713
0001432f
00012eb3
0001432f
0000d79a
0001099a
00011942
0001407e
0001532c
00009111
0000e4a0
0000cad2
0000803b
0000616d
00009d86
fffff22d
0000522d
0000909a
00005735
00004e16
000040a3
000086ef
00005b0a
000062d8
00001320
000062d8
00002679
00002f8e
000006ba
00001dd8
ffffff38
fffff4ba
ffffc04b
ffffa1d0
ffffb053
00006405
00007505
00007931
000086cf
0000680b
00009176
00007eea
0000a565
00009d0b
0000b7d9
0000a840
00008b8c
0000a799
00008ddc
000089ff
00006b63
00008498
00006768
000048b1
000016b2
0000301c
00001a93
00002804
0000086e
00003886
00002bd1
00003808
00006338
00004b70
0000b287
00008de4
00009648
00008de4
00008f16
0000ae92
0000a55b
00009589
0000ba60
00005fb6
0000a6c1
000087d4
000083b7
00005ff7
0000883f
00007660
0000846e
0000b07b
0000a09d
0000958f
00009c23
0000bff7
0000a4bb
0000b979
00009b04
0000b979
0000a788
0000a3e1
00006d1a
00006ad1
00006468
00005c71
00006213
00005cfe
00006add
ffffd44d
ffffc2f8
ffffc6b1
ffffbc2f
ffffc6ad
ffff9c78
ffff93cd
ffff44e8
ffff5047
ffff419f
ffff4a5f
ffff778a
ffff4b34
ffff6a71
ffff7585
ffff936b
ffff8511
ffffc0ea
fffff523
0000016d
ffffe606
ffffee46
fffffca9
fffffa9b
ffffa1ee
ffffc427
ffffc635
ffff8757
ffffce4a
ffff629a
ffffacdd
ffff9216
ffffacdd
ffffa2b3
ffff9981
ffff9b48
ffffbb18
ffffa07a
fffff810
ffffc14b
00001505
fffff06d
00000db4
ffffc230
ffffea43
ffff5216
ffff6b72
ffff64eb
ffff84a0
ffff660e
ffff6e15
ffff62c4
ffff733b
ffff657c
ffff733b
ffff6636
ffff7bec
ffff5871
ffff74d4
ffff5c06
ffff6a96
ffff6d00
ffff8a01
ffff7955
fffff3fa
ffffd1e7
ffffd0c7
ffffd173
ffffd8af
fffff0a0
fffff0b1
ffffd8f4
ffffccd5
ffffd215
ffffce04
ffffbb0f
ffffd883
ffffbf8d
ffffd6dd
ffffc716
ffffd651
fffff53b
000018f4
000010b0
000008e6
00003d53
00000ccc
00001a7b
ffffd296
00000b9f
ffffc9e8
ffffd4c3
ffffee50
ffffa233
ffffcfc0
ffffbe2f
ffffcfc0
ffffba24
ffffd83b
ffffc808
ffffa839
ffffb120
000000c2
ffffdb13
000014ca
ffffed15
00003998
fffffbfa
00000bce
fffff75f
ffffdb97
ffffe9b3
ffffc829
ffffd494
ffffa51f
ffffc09d
ffff91a5
ffffcecd
ffff91a5
ffffc279
ffffb6f6
ffffeff0
ffffd4cd
000001d9
fffff786
00000bf7
00000891
fffff7e4
fffff62f
ffffbaed
ffffcb94
ffff96b6
ffffd90b
ffffb689
ffffca59
ffffa29b
ffffa493
ffffa397
ffffbea4
ffffd114
ffffd0d6
ffffc9d5
ffffe0ec
000003e3
ffffea00
00002215
000091e3
00007ba4
00006f3c
000092f8
0000bd27
0000eefe
0000f6c3
0000e5c7
0000e7a9
0000ea52
0001005c
000101cf
00010e6d
00011b98
00010e6d
0000c9c5
0000b6c9
0000ac7d
0000decd
0000c780
0000715d
00004a55
00006383
ffffffb8
ffffe642
00000e9f
ffffad1c
ffffd3ed
ffffb923
ffffd69e
ffffa1d1
ffffa803
ffffb8de
ffff8cc2
ffffadef
ffff9359
ffffadef
ffff9a76
ffffac7d
ffff9af0
ffffba9a
ffffb36c
ffffa02f
ffffa367
ffffa8f7
ffffa6cf
0000303e
00002328
000033ce
000015bd
00002037
0000279e
00003c70
00001bde
fffffd94
000015cb
00000123
00002abf
00001bc0
0000232e
00002117
00001e89
0000095c
fffff194
ffffe2a2
ffffeb40
ffffcf25
ffff9048
ffff96d4
ffffc51d
ffff9e47
ffffbe88
ffffd77d
fffff239
fffff939
00000027
fffffca2
00000464
fffffca2
ffffd544
ffffdac9
fffffb56
ffffed9b
fffff4ea
ffffe365
fffff168
ffffe6e2
fffff93c
ffffe226
00000b2e
ffffbcbb
ffffe17c
ffffc2af
ffffd1c1
ffffd524
ffffce6b
ffffc362
ffffdf3a
ffffb5b8
ffffdd50
ffffb5b8
ffffcf50
ffffd865
ffffe325
ffffd641
ffffe9a6
fffff8a3
000004af
fffffb41
fffff27d
000016a4
00002900
00000968
fffff7a6
000002ca
00002357
0000270c
00006c27
000096af
00009fd4
00008fac
0000a199
0000a5e5
0000a83b
0000aaef
0000b29d
0000b765
0000c524
000093a7
0000815b
0000828e
0000b1ed
00001c59
00008bbd
0000be50
00011363
0000b57e
00013264
0000eb59
000164f1
000145ae
0001491a
000145ae
00013383
000144c8
00012ef5
00014228
000147bd
0000c1b8
0000f858
0000e272
0000835d
00003f9e
00006a65
ffffe947
ffffd9a5
000007db
ffffde9f
fffff0a7
ffffc293
ffffdc72
ffffeb23
ffffc7f1
ffffeaa0
ffffc7f1
ffffcf69
ffffe3f2
fffff904
ffffeafa
fffffbc7
fffff608
ffffc968
ffffb98e
ffffc842
00002b5c
000020a2
00002ec8
000043e3
00001c15
00002d0c
00001d3f
000045d2
0000208e
00003623
00002a93
0000401d
00002c1b
00003f40
00003e21
00005861
000069da
00005654
000058cb
00002a0c
000024a5
000018b9
000008a1
00004366
0000305d
00003ed1
00003f4a
000035de
000032fe
00000f8c
00002298
000016f9
00002298
00000ab0
ffffed89
00003854
000053bf
00003ef1
00001b9b
00003d4f
000010b6
00006c2a
00005347
00007100
00007a10
00004da3
00004947
000037cc
00003e16
00003013
00003e16
00005e21
00005488
00006b19
00005488
0000512e
00007453
00006de1
000063f0
00006a15
00009476
000061b1
000054d8
00005228
00002971
00007078
00004ff4
000069e1
00005525
00009650
00008127
0000a649
0000bfc4
0000c6d4
00009cef
00009a2d
0000c3ae
0000b68c
0000c328
00009de6
0000f1a2
0000b1b6
0000de28
0000b5cb
0000f3e1
0000ea2e
00010708
00016596
00019762
0001a7a2
0001ab8b
0001f989
0001e2aa
00020f6d
0001f5a7
00020b47
0001f5a7
0001e645
0001a149
00012f13
0001173f
00011bef
0000d5f1
0000b8b8
0000aa76
000073cf
00004229
00005f48
00004d6a
00005102
00006c41
00004c22
0000748f
000056a6
0000599e
00005fec
00003cc6
000064a9
00003cc6
000062f7
00005b38
0000a214
00007a8f
0000a6d3
00008723
0000959b
000055dc
00005b45
000026b1
000056eb
00003fc7
00006c88
00003595
00005647
00003d95
00009163
00008014
00008c0b
00006929
0000686b
000074cb
00008196
00006a86
000066f1
00008fe4
00004fe5
000016af
00001423
00002e4c
00002d05
ffffe449
00000834
000052c6
000072a5
000054d1
00008aef
000069cd
00009527
0000a46e
0000892c
0000a46e
0000a33e
0000b132
00007f0f
0000a59e
0000a07b
00007b27
00008917
000084a4
00007a31
00006ae3
00009085
0000aaa0
000071a7
0000a669
00007bb2
0000a836
0000ac8b
0000aa8f
0000de56
0000b2fa
0000d6d1
0000b2fa
0000ab6e
0000b3a6
0000b13a
0000a765
0000ac3b
0000c97f
0000afda
0000b0f2
0000b06e
000018c8
00000a39
00002331
00001cca
00000f3c
fffff663
ffffe2dd
ffffe69b
ffffe15c
ffffc6c8
ffffda9a
ffffe9fd
ffffd715
fffff433
ffffec83
0000081e
ffffe689
fffffc72
ffffc788
ffffd3fa
ffffa267
ffffbe10
ffffa568
ffffd35d
0000183c
00000b88
ffffd79e
000011e3
fffffad6
00002149
fffffd06
000016df
fffffd06
fffff3f5
ffffe8f5
000015f4
00005253
00003e0d
fffffe90
00003212
000023c0
0000411e
00002dab
0000495a
000059d5
00007c50
00008f03
00006ded
00007ca3
000061d0
00008aab
00008fcd
00006ab8
00008273
00006ab8
000078c0
00007c68
0000aa04
000091c4
000093e0
000085f6
00005be6
000008b4
00000dd6
00001ae9
0000119a
fffffc34
ffffff41
fffffc26
000005fb
000021fb
0000026d
fffff3b8
00000418
000002ea
000010f4
fffff65c
0000099c
00001020
000007e4
ffffeecc
0000118c
000015b6
00003da8
00003af3
00004d90
00005a7a
000097f1
0000b616
0000da84
0000f7f4
00019b70
00016866
0001a625
0001928d
0001af50
0001928d
00017b42
0001488d
000135f8
000135cd
00011f6e
0000d790
0000f55a
0000f183
0000cb7b
0000b102
0000dad6
00008d9b
000087a5
0000a531
0000a56c
000081dd
00009697
0000925e
00005e0a
00009385
00002c77
00009385
0000353d
000045db
00002125
000047dd
00003624
00000a12
fffff2cd
ffffebf1
ffffd793
00002209
00000957
0000263a
00002523
00000cdf
fffff3e8
0000141e
fffffc10
ffffd4ec
ffffe53e
ffffffbb
00001f52
ffffe4a6
00000232
fffff866
00001969
ffffe723
00002a21
00001ad0
00001031
fffff8f4
00000692
00000971
00001c91
000021df
000042ff
00002396
000076ae
0000569e
00005f24
00006274
000062ac
00006274
00005394
00004a9c
000046c9
0000474e
00003745
00003041
00002f99
00004ceb
00005e67
00003c3c
00002785
0000265d
00000c56
fffff29d
000001a8
fffff18b
ffffd84a
ffffee5e
ffffffd6
fffffb41
ffffebdf
fffffb41
000003cf
000003d3
ffffece1
fffff76f
ffffd2c7
fffff693
ffffc6aa
ffffc317
ffffa179
00000077
ffffc8e8
ffffdf80
ffffcddc
ffffd862
ffffc994
ffffe07f
ffffe030
ffffea0a
ffffe2be
00000670
ffffe2e4
fffffd40
ffffdf07
fffffb72
00000e7c
000012e6
00003560
00008a0f
000045c4
00004012
00005c52
00007470
000072f9
0000717a
0000391d
00002f36
ffffdbc8
00001a2f
ffffedf5
ffffecb0
fffffbb7
ffffecb0
ffffbbdd
ffffaa74
ffffd51b
fffff62e
fffffe69
ffffb363
ffffeaf3
ffff9b50
ffffe639
fffff0de
0000043f
fffffd52
ffffe36a
ffffe0cb
ffffe889
ffffdad4
ffffe3a8
ffffe8bb
ffffcbb5
fffff0ee
ffffdb0e
fffff0ee
ffffd9d1
ffffe4e6
ffffd2b0
ffffebc2
ffffc3e8
ffffcda4
ffffc8bd
ffffc7cc
ffffde04
00002d64
00003bd0
000031c4
0000454d
00001f8d
00003f8b
00005591
00004451
0000575f
000044fe
000041a3
00002a4b
000043d9
00003826
000036af
0000217b
00003da9
000032c2
0000626f
00006bea
00008ae9
00009d54
0000755e
0000abb8
00006315
00009628
0000e988
0000d3ea
00010c20
0000eaec
000114c6
000112c9
000114c6
00011b0e
0000e178
0000ac47
0000bdd7
0000a2ea
0000a3e5
00007a2a
0000ac5d
00008b26
0000c8ac
00007449
0000d6cd
00006ff3
0000a5ef
0000914a
0000b78d
0000b3e8
000091b5
00009394
00005b31
000071c9
00005b31
000066a8
0000548c
0000664b
00005305
00004707
000026b0
00001c2f
00000c1b
00000337
0000118e
00001b91
000027db
0000406f
00000bb3
00002523
00001f5a
fffffcc9
fffff4f2
ffffe604
fffff9b2
ffffd906
fffffa16
ffffe21b
fffff2d6
ffffda11
ffffeda9
ffffd6e5
ffffe7b2
fffff667
fffff298
ffffd8b8
ffffd816
ffffc2c9
ffffcbbd
ffffb600
ffffdacf
ffffed7c
fffffc38
ffffd946
ffffebc9
ffffef6c
ffffebc9
000009d6
fffff9d2
fffff2c2
ffffdd04
ffffdbe9
00003245
00000aa1
000040fd
00003699
000049aa
000039c9
000076d2
00002c54
000031c5
000031bb
0000588d
00005758
0000351f
00004bef
000021b0
000049d1
000021b0
00003e6e
00002ba3
00003d78
000037ac
00002526
00001006
00002807
00002713
00000b23
fffff2b7
ffffcb94
ffffddcc
ffffe257
ffffd387
ffffd2ff
ffffb6bb
ffffaec6
ffff8f7a
ffffafbc
ffff9cc0
ffffde7b
ffff9f88
ffffc7b2
ffffbddc
ffffccbe
ffff951d
ffffe129
ffffa04f
ffff8340
ffff4bae
ffff5bfe
ffff4d24
ffff1feb
ffff2899
ffff4c7f
fffefea4
ffff2d88
ffff2436
ffff097a
ffff3628
ffff10bb
ffff3628
ffff1f60
ffff9197
ffffdd98
ffffe93c
00000284
ffffdfc8
000036f8
000042e6
0000509b
0000584c
000047d7
000017f6
000024f2
0000120f
0000136c
ffffd860
ffffcb5a
fffff1bf
fffff0fc
fffffc1b
ffffce50
fffffc1b
ffffed06
ffffe6e1
ffffc9e8
ffffe15c
ffffdc70
ffffd2d0
ffffb939
ffffa121
ffff9870
ffffca0c
fffff26f
ffffc4ec
ffffda4e
ffffebba
fffff546
00001809
ffffebcb
ffffecac
fffff188
ffffee3f
ffffccc5
ffffe29b
ffffe9d4
ffffdb1a
ffffcd67
fffff0aa
ffffe1df
ffffc00d
ffffdb83
fffff2e2
ffffe8f5
ffffba40
ffffd0e9
00002023
00002f09
00001327
0000a125
000027d3
0000cfa2
0000b546
0000abf0
0000b546
0000a9fe
0000c9f5
0000d226
0000f21f
0000ea78
00009fa7
0000eb88
0000e1b4
0000c16d
0000634b
00008189
00003385
ffffd859
ffffe6c3
ffffea15
ffffcb93
ffffcf32
ffffe4ba
ffffc50a
ffffe042
ffffad0d
ffffe042
ffffc121
ffffe097
ffffe146
ffffe06e
fffff52c
ffffea6c
ffffe24a
ffffc2a5
ffffd3f6
00005d81
00007bf4
00007dea
00008c59
00007452
0000b03b
0000a9b5
0000d0b8
0000c2b1
0000b4ce
0000ad58
0000aeaf
0000b7b9
0000b42d
00009640
0000996a
0000785b
000079d2
00006f41
00007742
00005178
00004c0f
00002ef1
00009219
0000bd93
0000d94f
00009429
0000c33e
0000bae6
0000edfa
0000ea0f
0000eada
0000ea0f
0000ad46
0000c751
0000ccf6
00010bcb
00010bc1
00009877
0000c031
0000c902
00009ff8
00008a71
00009fbc
00005f58
00002ef2
00005878
000041f4
000048bb
00003098
0000372b
00005d28
00001451
00005516
00001451
00002f96
00002d4c
0000423d
00001903
00003619
00003d4c
00003161
000028cc
000041cf
00005152
00003ba1
000054a6
00004872
00001e93
00001cc3
0000311d
00003c5b
00003332
000013ab
000031dd
00000e10
00002cdd
00001f07
00001350
00003232
0000203a
0000194a
000047a6
000073ca
00006480
00008ead
000082ee
0000d960
000120ef
00013678
0001139e
00014af5
00014496
000184ad
0001864b
000187fd
0001864b
00014df5
00014837
0001234d
00017ea0
00015998
0000e926
0000e799
0001017c
0000ac0f
0000750b
0000a9b4
000090bf
00008fc6
0000980f
00008b3b
0000a799
0000ae80
000097b2
0000bc63
000086fd
0000ba61
000086fd
00008f54
00007bdc
00009be7
00007e9c
00007c5b
000089e3
00007ba9
00007ef2
00008c98
000014ec
000034f4
00001156
00003861
00001a9c
00004022
00007bda
00005fb5
00005ff0
0000440d
00006a96
00002d7c
00004e46
00003105
000039b1
000035d3
000029ee
0000733f
0000b6b8
0000aa7d
0000a4eb
0000d88c
0000a6c1
0000da81
0000afd9
0000be99
0000d660
0000cc16
00010862
0000c92f
0000f9c7
0000f32c
0000f9c7
0000e485
0000b555
0000d290
0000ec50
0000cca0
0000be3e
0000a460
0000af98
0000be04
0000c5bc
0000b52e
0000b01d
fffffb41
fffff206
00001f28
0000054f
ffffe8a8
ffffd8e8
ffffced8
ffffd76a
ffffe639
ffffd76a
ffffcdc5
ffffcbb5
ffffbe89
ffffd4be
ffffbbc7
ffff9ae9
ffffb509
ffffd101
ffffdb72
ffffdabb
ffffb8c3
ffffbd99
ffffad58
ffffb724
ffffbb8d
ffff9eca
ffffa512
ffff9562
ffffcb9b
ffffb96c
ffffbb45
ffffc6d5
ffffc492
ffffdd78
ffffd115
fffff3e8
ffffd43b
ffffc7b3
ffffb109
ffffd1b3
ffffc602
ffffa3a8
ffff986f
ffff9a58
ffffd657
ffffaa4b
fffff925
ffffd510
ffffdf75
fffff5e5
ffffe0c3
fffff5e5
fffffe67
00001b84
00001019
ffff8e4a
ffffc889
00001dd6
00000480
00000355
ffffdf46
fffff48f
ffffe6a2
ffffcc44
ffffe8f6
ffffdc1c
ffffd2cc
ffffbf54
ffffc374
ffffb3c9
ffffc469
ffffb86e
ffffbab2
ffffb86e
ffffbdb4
ffffc778
fffff2d0
fffff3e7
000009b0
00001316
0000116e
ffffffa8
ffffd71b
fffff99b
ffffefaa
0000091a
0000188d
ffffcfb5
ffffb469
ffffa434
ffffbeee
ffff8f24
ffff90e2
ffffb6e7
ffff9c90
ffff9778
ffff9d77
ffff961d
ffffb7fd
ffff98a5
ffff7e00
ffff5134
ffff7324
ffff5d32
ffff3674
ffff3b64
ffff48d9
ffff7c4d
ffff7fcf
ffff7f68
ffffb12f
ffff96cc
ffffe071
ffffc3ee
ffffcbd7
ffffc3ee
ffffdb8e
ffffec26
00002c1e
00000365
000028a0
ffffb943
00000e82
ffff4e4f
ffffc732
ffff75ce
0000241b
ffffca82
00000d6c
ffffd34d
ffffdd27
fffffc01
000007a7
fffffadf
000028e3
00001747
000055b7
00001747
000028b2
000028a9
00004ce8
0000562a
00001f06
00004261
00003037
00001267
00002460
fffff737
fffffeb2
00000c54
ffffe650
00000643
fffff727
ffffef40
fffff53a
00001e98
00000213
0000173a
0000151f
00003905
000016f4
00002e83
00002083
00001fc4
fffffd89
00000552
fffff4fa
fffff89c
ffffdbc0
ffffe20c
000022b3
00001380
ffffe528
000023dc
00000e39
00001bc4
000018e0
ffffc91a
fffffee2
ffffc91a
ffffcd42
ffff8370
ffffaa23
ffffb6b5
ffffa8dd
ffff6a4f
ffff99b8
ffff5e0e
ffffa457
ffffa1eb
ffffb23e
ffffc60c
00001668
00002016
00000634
000029a1
00002046
00002123
000013e6
ffffe614
00000d80
ffffe614
00000632
ffffeb11
000048c6
00002562
000059f7
00001234
00003bde
ffffe5cb
00000004
00006678
000095ac
00008beb
00009551
00008370
0000af2e
0000c916
0000c190
0000c1c2
0000e1fb
0000d4d3
0000d0c3
0000e080
0000c1f5
0000df12
0000c3ad
0000beb9
0000b355
0000face
0000b742
0000bee9
0000d4ee
0000a735
0000d70f
0000cb3f
0000c105
0000f2b0
0000fa31
000106de
00011aea
0000ffb6
0001247c
0000ffb6
0000e6e5
000065d3
00003e41
00002c15
00000359
00000cec
ffffb353
ffffadd7
ffffa4a7
ffffce7f
ffffa8cc
ffffd8d0
00002cb5
00003f9f
00004411
000055c9
00002a3a
00002b26
00002bed
00000b26
00005ca5
00000b26
0000469c
000029da
00004f03
00003889
00002b63
fffff2eb
0000076a
fffff6cd
ffffe0c2
fffff799
ffffde54
fffffb96
ffffeb5a
ffffff8a
fffff781
ffffcd4d
fffff47e
fffff250
ffffe4c0
ffffff1e
00001da6
000013a0
00001d52
00001c86
000042c5
00002bae
0000473a
00002ddd
00000a50
ffffe93d
ffffe5e0
ffffe1df
fffff1e6
00002287
00001bd9
ffffdd82
ffffc6ee
ffffdb1a
ffffc0bd
ffffab1d
ffffbd3e
ffffab1d
ffff8dc6
ffff7ef6
ffff91de
ffff88d4
ffffa948
ffff807a
ffffa7d1
ffffa647
ffffbcff
ffffbf72
ffff9edb
ffffcf00
00003840
0000437a
00002b28
00000653
fffffb5e
00002cbe
00001377
0000120e
fffffed5
0000120e
00001e3f
00003f66
0000526b
00003d9b
00006d53
00006f06
00005384
fffff870
00000ad0
0000093a
00001f88
00001163
0000114a
00002757
00003729
00003590
00003498
0000419b
00002da0
00003117
0000293f
00003d2c
000033bf
00003b41
000026dc
000028d8
00001bd8
fffffbe3
00001ab1
00001746
000008eb
0000022b
00001583
00002782
0000245d
00003b77
00007470
000059fd
0000692f
00004119
00006231
00004119
000069e5
0000413f
000022cb
fffff96f
00000339
00002f08
000017ab
00004506
00001c94
00003fc4
0000246f
00004c8f
00008e4e
0000b4f7
0000943b
00008ae1
0000b297
0000a763
00007b25
00007a39
00004de9
00007a39
00005a18
0000568d
00006e35
00006e6d
00007fdb
00004d91
00004a66
000025c6
00001acf
00000f46
00001195
00001926
0000109e
00002460
000033a9
000027d7
fffffd20
000005a2
00000d9a
fffffd6f
fffff028
000019db
fffff9fb
000018ef
fffff0a6
00003083
00000975
00002579
ffffefa7
fffffafa
ffffc92b
ffffe62b
ffffaa97
ffffb634
ffff6c88
ffff8d53
ffff8fd8
ffff73ce
ffff8715
ffff9d2a
ffff8b80
ffff9d2a
ffff81c8
ffff7ecb
ffff753e
ffff95e3
ffff8fc8
ffffbf47
ffffb088
ffffe905
ffffd7ee
ffffe538
ffffbea7
fffff358
ffffca3a
fffff0d5
ffffee72
000003fb
ffffff11
00000b73
ffffe26a
ffffeeac
fffffb08
ffffeeac
00000a9d
00000637
000000b4
fffff6af
fffffee9
ffffd730
0000156f
fffffae5
000002c4
0000586a
00008c38
00008607
000086b8
0000940b
0000cd95
0000cf36
0000eff4
0000f872
0000d25d
0000e652
0000a834
0000e840
0000cdcb
0000a7e8
00007f18
00009dad
0000566c
00003665
00001cba
000035aa
00000b23
fffff472
00002083
0000a971
000091cc
00006787
000070a2
00007397
0000a2b0
000092e3
0000901f
000092e3
00005062
000054dc
00004128
0000528c
000078bc
ffffff7f
00004029
fffffb44
fffff5fc
ffffd073
000016fc
ffffeada
00003cd9
00003a03
000034d3
000049a0
000031e8
00003a34
00003af8
00002845
0000492f
00002845
000046d7
00003ac5
00008a89
000075c4
0000b540
00008abf
0000c80a
000089e8
0000b4b5
ffffe5d6
ffffb506
ffffc3b3
ffffb67f
ffff9996
ffff8363
ffff8f30
ffffa411
ffff7a37
ffff8d18
ffff9706
ffff7a2e
ffff6cf6
ffff7348
ffff6276
ffff81b2
ffff7c35
ffff7c2e
ffff757c
ffff7f08
ffff7e95
ffff67e9
ffff7bba
ffff4187
ffff4cce
ffff4018
ffff3457
fffed4de
fffed429
fffee254
fffef118
fffecf7c
fffef118
ffff0b4e
ffff5210
ffffa5e7
ffff7f85
ffffb440
ffff8ca9
ffffe289
ffff6bf7
ffffe1c9
ffffa8b6
00002267
ffffbc4d
ffffb5b9
ffff6dcf
ffff922e
ffff9cee
ffffc346
ffff8f6a
ffffcf9d
ffffc18e
ffffeb71
ffffc18e
ffffd17b
ffffb078
ffffa2eb
ffffba18
ffff88c9
ffffb422
ffffd3a2
fffff80c
fffffc8e
fffff485
ffffcf33
ffffe6da
ffffdee4
ffffca93
ffffbcd5
ffffd05e
ffffa5aa
ffff8ff8
ffff9cb5
ffff91c6
ffff99b4
ffff97e4
ffff9454
ffffaa72
ffff95ff
ffff8614
ffff901c
ffff78fa
ffff9e4d
ffff8793
ffff6ebd
ffff7176
ffff518b
ffff67d1
ffff4e85
ffff7370
ffff70e3
ffff76ed
ffff7c7f
ffff6ec9
ffff7c96
ffff6ec9
ffffa099
ffffb1dc
ffffc5bc
ffffa8a7
ffffcb8a
ffffcba8
fffffca5
ffffb12f
000004e3
00000d90
00002706
00004621
000094fd
0000877c
00008c8f
0000789c
00009ddd
0000976b
000094bb
00006eb4
00005323
00006eb4
000075d3
0000508a
00003706
00003450
ffffffac
ffffde6e
ffffdb18
ffffa267
ffff9849
00002b96
ffffff51
0000263a
fffffabb
ffffdb39
ffffe73a
ffffeae1
ffffe928
fffff61e
ffffefea
fffff638
00001124
fffff568
0000045b
fffff9b4
0000206b
000009f2
fffff389
00001fb2
0000119c
000023fb
0000508a
00003bd4
00005b2a
00006d60
00007132
00006533
00005ce0
00007363
00006138
00007eaf
000070df
00007eaf
00005396
000078b0
00006374
0000970e
0000819a
00006bdf
00005d28
00009a06
00006742
00006f4e
00004991
00006346
00005770
00005e2f
000063b3
000074e7
00007039
000058fc
00007c10
00003770
00003d9d
00003770
000052d3
0000253b
00001708
00000276
fffff108
ffffe58f
ffffe712
ffffa5a4
fffff1a7
000032e8
00001c1d
00002fe9
00001ed0
00000cd2
0000230a
00002d55
00004438
000038cf
000004b8
00003ea0
fffff61c
000021fd
00000b46
ffffec61
fffffd69
ffffe8f1
ffffe8b0
fffff547
00000bf3
00000abf
0000116f
ffffdffc
fffff14f
00001504
0000104d
00001db3
ffffd574
00002076
0000027a
00002d09
00001fa6
00002d09
00002dd2
00005b70
0000885d
00009e82
0000b498
00007806
0000849b
000079b1
00007c0d
000089eb
0000b98f
00008b9c
00004247
000034eb
0000354e
0000512c
000053b1
00003d5d
00006e8a
00003be4
00007ca7
00003be4
00005a7e
0000408b
000037cf
00005050
000051b8
000055bc
000075c3
00009a8b
0000bae2
000016de
000013af
00001090
00001f79
00000913
00002964
00002896
00003447
000023b2
00000d99
000026fd
00000b90
000009c0
0000186b
000001ff
00000a50
000013d4
00001c1a
000030c5
00004bba
00005c5a
00006677
00006a5b
0000996c
0000aead
00009c82
0000cb6b
000077ea
0000d37e
00008adc
0000b12a
0000af94
0000b12a
0000c05a
00009d61
0000ad0a
0000d752
0000b8f7
00008f3d
000077be
0000acd9
00009a21
000075a0
0000841c
000091ca
00002b02
00002ef2
0000277f
00003df2
000049de
000020dd
0000570a
00000c9a
000051ed
00000c9a
00003c8c
00001f13
00003aa9
000035a0
00005295
00004711
000063a6
000054f0
000063df
ffffdc6e
ffffa71c
ffffbc20
ffffbba9
ffffb5c3
ffffb6b1
ffff9383
ffffab0a
ffff9c4b
ffffbe1b
ffffd027
ffffe4fa
ffffc1ab
ffffd4ec
ffffd891
fffff122
ffffcf14
ffffeffa
ffffe9bb
ffffcf61
ffffb9e5
ffffb998
ffffb093
ffffbaa4
00000fb9
fffffbd5
ffffecb9
0000319f
ffffe523
00002d11
00000938
000019bc
00000938
000003b1
fffffd0a
00005ccf
00004e48
0000596a
00000875
0000677a
00000a32
0000658c
000017b0
000057bd
00001d28
00004b07
00002ade
00002a35
fffff140
fffffb00
00001e85
0000000a
00003427
ffffe58f
00003427
00000bbf
0000133b
00000c86
0000268c
00002fcf
00002cd8
fffffcf9
ffffda9b
ffffac99
ffff9c14
ffff93bc
ffff7e34
ffff9145
ffff9238
ffff91ae
ffff9be6
ffff73b7
ffff69f7
ffff7c88
ffff8e22
ffff8b87
ffff764e
ffff8f5d
ffffa212
ffffa874
ffffc6a5
ffffbeac
00000ce9
ffffedc7
ffffedce
fffffbe4
000034f3
00003077
00005d34
00002606
ffffeefc
ffffc4c3
ffffbffb
ffff92e1
ffffbc2d
ffff9145
ffffbc2d
ffff3f03
ffff2b23
ffff464a
ffff64df
ffff6994
ffff3dcd
ffff5c16
ffff1feb
ffff472c
ffff2883
ffff7450
ffff4067
ffff6c95
ffff54f2
ffff8135
ffff60df
ffff6352
ffff6bad
ffff4c0c
ffff7d97
ffff583d
ffff7d97
ffff5e95
ffff7a8f
ffff96e0
ffffb3fb
ffffaf32
ffffa917
ffffb572
ffff89b2
ffff9891
00001b14
00001136
fffff58f
ffffd3ae
00000339
000010fa
00002e74
00001194
00003058
00004b0c
00001517
00002f83
00003ea7
00002f51
00005be1
0000447d
00005db9
00006048
0000a6f3
0000724b
00008d80
00009dc5
00008158
00009da8
00006e39
00007474
000097bc
0000a1b2
00009b82
0000ba48
00008f16
0000bf39
00008f16
0000b22a
00009988
00006658
00000a13
00003fbb
000054cf
00002746
00001b0a
ffffd502
00002a85
00000fc0
fffff8e0
00005ab6
00009ebd
00008843
00007298
0000848a
000097c7
00004e5e
00005f6d
00002618
00005f6d
00003016
000040a4
000011be
00001bd9
000003ed
ffffd531
ffffb9c4
ffffa55d
ffffa636
fffff5fa
fffff481
ffffdee5
ffffef69
ffffee59
fffffa3d
fffffc7e
ffffece4
ffffc7d3
ffffe8cd
ffffcc4e
ffffe6fd
ffffcc49
ffffe72c
ffffdc2b
ffffd849
ffffe5c4
ffffef01
fffff6fb
00001283
00001acd
00000940
000007a4
00002167
ffffc387
000000e6
000024f6
ffffe913
00002840
ffffd07f
00000c72
fffff7bc
00000c72
000019cc
00001af5
00001aad
fffff9ca
0000004a
000030e6
00001dc2
000048cb
00003c5e
000035d9
000022cc
00001ef9
ffffd8a8
ffffb4eb
ffffbcb4
ffffbaae
ffffc4fc
ffff979e
ffffbfdf
ffffa8a4
ffffbef6
ffffa8a4
ffffb806
ffffb9f3
ffffbdd3
ffffc6c5
ffffe023
fffff0ed
000006a8
00001615
fffff7db
fffffd7b
0000209b
000018f2
00002351
00002c6a
00004cca
00004142
000057f5
0000472c
00004eae
00005f59
000052ea
00004b36
00004d66
00004196
00003880
00003410
000055f7
00002791
fffffbd7
00001165
000007ff
000024d8
ffffda47
00004bbc
00003a9b
00004663
0000657e
00008726
0000801e
0000a118
000096d6
0000a118
000089cb
000098be
0000807e
000072bc
00008a26
00003cf9
000057ca
00001f11
00002ba4
0000250f
00004bd4
00000567
fffff1f6
00002bef
0000146e
000015ed
00002190
00001aaa
00001fa9
000028b6
000006ac
000028b6
0000009c
fffff063
fffff817
00000636
00002487
0000080a
00001b74
00000b8a
00001427
ffffe245
000001e4
ffffdf7f
ffffdf31
fffff344
fffff7ef
fffffa73
00000e08
000002f5
00001814
000017d2
00002691
00000ce3
0000269a
00002059
00001d73
00001e45
000006d7
ffffae50
ffffb567
ffffcf5f
ffffb048
ffffc22b
ffffa256
ffffd410
ffffc290
fffff949
00002e53
00001cd1
000029b9
00000d7b
000021c5
00000d7b
0000344d
000019bd
fffff938
ffffb88e
ffffc6b2
ffffdd33
ffffc79d
ffffa326
ffffb2a8
ffffbc05
ffffd363
ffffc910
fffffd22
00001de5
00000abf
000011e7
00003640
00001b67
000018c6
0000126d
fffffae9
0000126d
ffffee66
fffff3bc
000000fe
00000a27
00001111
fffffb89
fffffe19
ffffcf13
ffffefbb
ffffb163
ffffd373
ffffac30
ffffb696
ffffe44f
ffffdaa7
ffffd7d7
00001902
00000cb8
00000f00
00002cd8
00000fe4
0000169d
000010f5
00001283
00001056
00001bce
000027f5
000002b0
ffffefd9
000028d2
0000235d
000047be
0000049e
000081e9
0000401a
000075ba
00007d77
00008020
00005b51
000036e2
000050a5
000036e2
00004cb5
ffffe32e
ffffa6ce
ffff7569
ffff7d7e
ffff9f37
ffff7475
ffff594e
ffff6e97
ffff7423
ffff72bd
ffffab91
ffffcbda
ffffd4fb
ffffd0d9
ffffb6e1
ffffeaad
ffffd5de
ffffd74f
ffffe39e
ffffe18f
ffffe39e
ffffcf20
ffffbe6a
ffffe7d1
fffff768
00002096
ffffffe7
000026d2
00000a1f
00002edc
00002737
00004505
00003b81
00005921
000035ca
0000559f
00003049
0000776a
00006b10
000065e7
0000690f
0000acf6
00008041
00009b50
00008e86
00009686
000063b2
00006748
0000014e
00001935
ffffe90f
ffffe16f
ffff9f8a
fffff476
ffffbbf9
fffff29c
ffffff63
0000007f
00001cb0
fffff6e4
00000b27
00000f0d
00000b27
000008dc
00000fdc
00002d91
00005547
00003a7f
00003055
00002692
0000828e
00006e9c
00004574
0000312e
00004cbc
00001796
000045b3
00001332
000039ce
00002c89
0000172d
0000664b
00000383
0000552b
00000383
000029b1
00002a30
00004d0c
000044eb
00006296
0000751f
00003bb4
00001135
000011d7
00003e2a
00005c3d
00005873
00004cbf
00005e7e
00008715
00006533
00008fe9
00008d1f
00007d51
00007704
000068b0
0000855f
00007527
0000638a
0000604c
00005f2b
000067f5
00005ba1
00007433
00008775
00008967
00008ecb
0000aaab
0001069a
000100be
000106c4
000133f6
000117d9
0001760c
0001483d
000163ac
0001483d
00016030
0001225f
0000cb6f
0000b6fd
0000cff3
0000851c
000077a8
00007c2b
00003a84
000025e9
00002090
00003afe
000079f6
0000d41d
00009e71
00009e8d
0000b00b
0000e396
00009f2a
0000bb76
00007524
0000bb76
00008f58
00009a19
0000746a
00006fe1
00007519
00004429
000047fd
0000248f
00004754
00002d9d
000039c0
0000277f
000049f4
000015a7
000057ae
000047b8
00005046
00002e78
00004dab
000030d3
00003346
0000311f
00003737
000035be
0000298b
0000298f
00000d4e
ffffc26f
ffffdd63
ffffaf5a
ffff8835
ffff8fdb
ffffb3a7
ffffc5f1
ffffb0c4
ffff78ce
ffff9695
ffff5958
ffff8598
ffff6a79
ffff6eab
ffff6a79
ffff4665
ffff96e0
ffffa835
fffff66b
ffffebd6
ffffc7b8
fffffc2e
0000340d
000017b8
ffffef47
00002f5e
00000cc3
00002488
00002fbf
00003389
0000274d
000032c5
0000337f
00004282
000030ef
00004133
000030ef
00003585
00004321
00002ce6
000025b7
00002c7e
00003226
00003788
00001dc1
00002fd8
0000426c
000041fb
000043a7
0000410c
0000399f
0000469a
000068d0
00006d72
00006813
00005450
0000681e
000026f8
00005a7c
000039ca
00003ab7
000026d0
00004037
00002134
0000459e
00002db4
000047f2
000053f4
00003a8c
000047b4
000087c9
00007401
00005d14
00003f18
00006629
000043c2
00006249
00004c8d
00006249
0000262c
00004496
00003dd3
000063c7
000062b4
0000179a
00002218
0000262f
fffffaa5
fffffc81
00003983
0000293d
00003a99
0000288a
00004228
000036fc
00003607
000023c9
00005443
0000415d
00006bc2
0000415d
000041fb
00002c43
00004206
00004b54
00006a56
000060c4
000085f9
000097d1
0000b1a0
00000f20
00001d4c
fffff101
00000502
ffffe0c5
000005c0
00000266
00003352
000034a1
00006ea9
000049ca
00006efd
00004100
00006c63
00006922
00006a31
0000726f
000041ca
00002b5e
000023ce
00005013
000057b1
00000c5d
00004746
000032d9
00007f18
0000df82
000136ea
00011c92
00015907
00016666
000169cd
00016666
0001826c
00017197
000151ce
0000e093
00011b4d
0000dbce
0000f577
00007a2c
00008b37
00007596
0000bfff
00006c3e
00008b5d
0000c509
0000ae2e
0000a934
0000b2cf
0000b161
00008e5f
0000b586
00005518
0000b586
00006138
00008370
000043bd
00006d80
00003504
00003c16
ffffe84e
ffffcb39
ffffcf5a
ffffc889
ffffa4ea
ffffbf0f
ffffbd1f
ffff8f95
ffffa97f
ffff6fc2
ffffb779
ffff9dce
ffff9c7a
ffffd491
ffffdc3d
ffffa88c
ffffc915
ffff9155
ffffe6f3
ffffb7b3
ffffd7e6
ffffc244
ffffb929
ffffe108
fffffad9
fffff19e
ffffd1ec
00000c90
00002854
00003051
000010b5
00002e75
0000511e
000054b4
000049ea
000054b4
0000519b
00008ca7
00008a9e
00006d4f
00008e53
00005140
00005ae8
00000d2f
00001561
fffff2bc
000020c4
ffffd945
ffffb49b
ffffad12
ffffa833
ffffb1b7
ffffbe2b
ffff9cfc
ffffd1ed
ffffbbfc
ffffc697
ffffbbfc
ffffbe7f
ffffbd47
ffffbb75
ffffd040
ffffbea2
ffffeb0b
ffffe60a
ffffd405
000002ca
00000c9e
ffffe03f
000007aa
ffffd9be
fffff667
ffffc5a2
ffffe463
ffffd776
ffffec26
ffffdc00
ffffe284
ffffd9b2
00000192
ffffd70a
00000166
fffffd77
00001b4d
00000ce5
000074a3
0000352d
000049c0
000065aa
000065a9
000087ef
000094c8
00006a27
00005cd5
000035b2
00006a54
0000282c
00001887
00002f01
00001887
fffff4bb
ffffe5ab
ffffcb1d
ffffc28e
ffffdab4
ffffc232
ffffcba2
ffffaaee
ffffc4fe
ffffc857
ffffeec6
ffffe085
00001892
0000020d
000006a7
0000010a
0000077f
00000a1b
fffff677
ffffee7f
fffffd2a
ffffee7f
fffffdcf
fffff9d2
00000a0c
000007e6
fffff778
ffffef86
ffffecd8
ffffe27c
ffffece7
00003281
00001575
00002026
fffffa49
000006e1
00001ec1
00002c8b
000016dc
00001daa
00003ca5
000038ff
00002605
00004b69
00002955
000050ef
00003d7c
00006390
00005735
00008d68
00005103
00006ddf
00007fee
00003a5e
00006d02
000075c4
00008cbe
00008eff
0000fc6f
0000eda4
00010649
0001273f
0001185b
0001273f
0000e56a
0000ec42
0001009e
0000d974
0000e208
00009781
0000a7aa
0000661f
00004f7b
00002c34
0000a40b
ffffd762
fffff91b
ffffe2cf
fffff9c9
ffffefa3
ffffd2f3
ffffd4b7
ffffc4a7
ffffd705
ffffd7fa
ffffd705
ffffd2bb
ffffd10a
fffff9a4
fffffbbd
00000f8e
fffff18e
00000b46
000008d0
00000b07
00003746
0000211d
000030c7
00001c6e
00001a3b
00001c1a
0000319d
00002c05
000039ff
0000261f
00005042
00000e41
0000472b
0000163b
00003775
000024c0
00004d54
00003c5f
00007bf4
00003368
00004b2a
000056db
00001b42
0000111f
000033e1
00000a3e
fffff5b3
ffffc009
00000655
ffffb237
ffffebeb
ffffd327
ffffebeb
ffffb6b5
ffffc010
ffffec76
ffffefa9
00000007
ffffda06
fffff556
ffffc9df
fffff171
fffff2fa
00003b0c
00001a96
0000172c
fffff406
00001904
00000ac0
fffff756
fffff9f4
fffffa4f
000021d7
00001fd6
000021d7
000011a4
000003dd
00000b58
00003208
00002b7a
00000f7e
00002f26
0000440f
0000503e
000066a3
000088b6
00008324
000068ba
00005cb5
0000909d
00009777
0000adaf
0000c72a
0000dd3c
0000b4a2
0000cc5c
0000d637
0000c967
0000ee09
0000bd1d
0000dc84
00009f20
00007a56
000051ae
00006124
0000522c
000032c7
000072c6
00007d3b
00004e49
00008b7f
00009923
0000a118
00009323
000060b4
00009020
000060b4
000074a4
0000352b
00001759
fffff0dd
ffffffb6
00000f13
000001d7
00000bb4
00001f01
0000338e
000034d6
00006eb5
0000bec7
0000f2ae
0000e52b
000107d7
000106c5
0000e87e
0000e887
0000a711
0000aeb6
0000a711
0000baa4
000090c7
0000a4d3
00006f98
00008ab8
00003c74
000051bb
ffffe76b
00001df6
00001ca8
0000422d
00002c5f
000040ff
00002c6c
00005231
0000548c
00005986
00003c4a
0000573c
00002a3b
000066c5
00003887
000063b8
000045c4
00006114
00005537
00004860
00003eaf
000050d7
000028f8
00002c65
00004ce6
00009869
0000d432
0000dbb5
00006912
0000c55e
00007675
0000bcf8
00009d12
0000a5cf
00009d12
000047c5
00006a96
0000495d
0000bb31
0000a170
000037a9
00005e33
0000b64e
00005903
fffffdeb
00004529
fffff02c
ffffe6f7
fffff849
fffff3c8
fffff99a
ffffea1a
000002b0
00000b8a
fffff010
00000eca
fffff010
00000361
00001b27
00001e73
000005e9
000011b1
00001bfd
00002125
fffff693
0000274a
ffffe57c
ffffedc0
ffffeaad
ffffe12c
ffffe614
ffffebfe
ffffdb8d
00000e11
0000032d
fffff0b4
fffffc3b
00000974
000009f1
fffffd48
fffff58f
000007c3
ffffe1bd
00000552
ffffd14e
ffffeee7
ffffd042
ffffd7dd
ffffc04b
ffffb3f0
ffffe235
ffffd33a
ffffae53
ffffc4b1
ffffa3db
ffffc72b
ffffa376
ffffb559
ffffa376
ffffa448
ffffa312
ffffcc4b
ffffcf5b
ffffcdfb
ffffa7cc
ffffcc1f
ffffaf95
ffffcbbe
ffffd855
ffffd8a0
ffffdb8b
ffffe54b
fffff7d8
ffffe420
ffffe8e3
fffff436
ffffe13e
fffffab1
ffffd444
fffff2a6
ffffd444
ffffd91f
ffffcfc3
ffffee71
ffffdc1b
fffffb43
ffffe688
fffff54f
ffffd136
fffffb9b
00005c02
00007495
00006502
0000769e
00004cfe
0000836c
00008304
0000b957
0000bc7f
0000b1f5
0000b683
0000cf49
0000aa0a
0000bea8
0000a255
0000a0ad
000087f4
000080c8
00004969
000036d9
00002dfa
00003523
fffffd22
00003352
000018b6
00003e03
00004ff3
00007638
00006b94
00007570
000089fd
0000841a
000089fd
00007cf5
0000acf7
0000b6b0
0000c349
0000b2bb
0000a589
0000b1db
0000cda1
0000c3ac
0000c125
0000c5e1
0000bf7a
00009394
0000d0b6
0000a1dc
0000d5ce
0000d7be
0000aab1
0000eb9f
0000a074
00009e56
0000a074
000089fc
00006abb
00005ea1
00006141
00005a2f
00005f4d
000026eb
0000135f
00002623
000033a8
00000fcc
00001c17
00001857
ffffedf8
fffffdb5
ffffe6f6
00000bab
ffffe400
fffff983
fffffaaf
000010c8
fffff033
00000344
ffffee05
fffffb46
ffffd32e
ffffcf6c
ffffa8cd
ffff916b
ffff8090
ffff7218
ffff5054
ffff5309
ffff4d23
ffff4ecc
ffff66bb
ffff2ec3
ffff66cd
ffff50e4
ffff5e9c
ffff5d0a
ffff5e9c
ffff6cbb
ffffb150
00000a40
ffffabb7
0000011a
ffffb465
000003b1
ffff9880
0000094b
00000aa4
00006033
000010b4
00003e9e
00002d70
00002438
000023af
00002c5a
00002f27
00004ab3
00004cc0
00004325
00004cc0
0000364d
0000385f
fffffec4
00002531
0000081c
0000171b
000002e3
00000b6e
0000106d
00006fe6
000057e6
00006a93
00004faa
0000470c
00006014
00006815
0000606e
00006639
000077fc
00007287
000072c8
00007a3f
00006fbe
00008315
000080c6
00009ebf
00009a3b
0000ce6b
0000882c
000094d6
0000b8b9
0000a508
0000da5d
00012056
00012bba
0000f0cc
000180b9
000149c4
00018ee0
0001b233
000194fe
0001b233
00014350
00014369
00014bd0
000158bf
00014f94
0000d6f7
0000f956
0000d6cb
0000ac61
00009261
0000d2e3
000051b9
00007fa0
00008d6e
00008b6f
000081b1
00006104
000081ce
0000760c
00007c22
000061c7
00007c22
00006212
00005c4a
0000510f
000054b2
000052f1
00003771
00003930
000027aa
00002b5e
00003d9b
00003198
000015d0
fffffa86
00001d2c
00004202
000041c9
00002272
00000da2
00003ce5
00000c5f
000037b5
00002097
00003612
00004ae0
0000194c
0000360b
0000246c
00002bbb
00002c42
00004fb4
00004a8e
00002f88
00006200
000016a8
00003e64
000043b6
00002d50
00004b0e
000013ad
00002f63
000027a8
00002f63
00003e03
00002972
00000f51
ffffa923
ffffd3aa
fffffcaa
ffffda77
ffffefc2
ffffd7d3
00001731
fffffdf7
000011ba
0000772a
000094a7
00007de4
00006889
00008624
0000635c
00006ec2
00003736
00001c1c
00003736
00003151
00002614
000033ac
00002f97
000075a8
0000408b
00004fcc
00001c77
00000ea2
ffffdedd
ffffbb78
ffffc3cb
ffffb7c9
ffffc36d
ffffb547
ffff8b35
ffffbd16
ffffa71e
ffffaf94
ffffc83e
ffffc70e
ffffbf85
ffffcb40
ffffb573
ffffecbb
ffffc667
00000161
00001164
00004fe8
000042b4
0000585c
000061ca
000082f4
0000b6ab
0000ced3
0000cdc3
0000e080
0000df2f
0000dfe3
0000d249
0000df19
0000d249
0000d5e8
00008fc4
00004df8
00004d13
00003a72
00001bec
fffffc4b
fffff875
ffffc97d
ffff89bd
ffffa677
ffff82a7
ffffc1d7
ffffa85f
ffffa483
ffff96a4
ffffb3ae
ffffb60a
ffffb678
ffffd4e0
ffffd2ec
ffffd4e0
ffffc31b
ffffd46a
ffffdf86
ffffed19
fffff49b
00000a5f
00001552
000029ad
00003432
ffffeb53
fffff320
ffffec32
ffffeca2
00001011
00000fa3
00000b97
00000847
fffffd43
fffff157
0000073f
0000013d
fffffd0c
fffffad0
00000913
fffff7ed
ffffee57
00000305
fffff725
fffff000
fffff9a7
ffffdeff
ffffe9d8
ffffdbbc
fffffa3f
ffffd092
000006b0
fffff84a
00000da5
00000124
ffffe29f
00000435
ffffe29f
00000495
ffffbca8
ffffda04
ffffac27
ffffc926
ffffc199
ffffd34d
ffffbe26
fffff6dc
fffff609
fffff496
000022ef
00003ce2
0000605d
000052e2
00003609
000054fe
00006e50
00002e60
00004ca5
00001264
00004ca5
0000294c
00002b6f
00001ce8
000033f4
00003f0a
00001336
000019a8
fffffde1
fffff69c
0000368b
00004348
0000447a
00005bc1
00004cfb
00003bc5
00005574
0000aca6
0000a638
000097d2
0000ba9e
00002e22
0000a235
00004661
00004fe2
00002ad8
00006be0
000045da
0000493a
000002f2
00003e57
000037f4
000014b5
ffffb64d
000002be
ffffcf63
fffff658
ffffdad1
ffffd15d
00002707
fffffc9b
fffff247
fffffc9b
fffff32d
00001722
00001eb4
fffff21e
00003a44
ffffca3c
00002d0c
ffffb427
fffff2d0
ffffce66
00002fa6
ffffffe0
00000e78
000011d8
0000160d
00001c52
0000294b
00003a30
000043d4
00006faf
00008f5d
00006faf
000055b1
00005365
00003778
00004c91
00003237
00005e87
00006d2c
0000d41d
0000dbd0
00001786
0000268b
0000139a
000008c6
00000dcc
00000f90
0000122a
00001c84
000006d4
00000637
0000177e
00003488
00001ec2
000024cc
00002b78
0000428c
00001e85
000010f5
ffffecc3
ffffeb0e
ffffd325
ffffadec
ffff8da8
fffff622
00000678
000000ed
fffffb6c
00001142
ffffdfee
00001d7d
ffffecf6
00000320
ffffecf6
ffffc802
ffffde7a
00002061
00003465
000028e1
ffffce73
000011ad
fffffe7f
000001b8
ffffd1c6
00001d61
ffffd643
00001aff
00000d4d
fffffeaf
ffffe83b
fffff6dd
ffffef96
fffff9d8
ffffee83
ffffe77f
ffffee83
ffffd2d5
ffffeb6d
fffff17b
000001fc
00002165
000020ff
00000cd4
ffffde9e
ffffef6f
0000066f
00001161
0000139c
0000230c
fffff327
00000b2b
0000279b
000003e6
fffff29d
fffffca5
fffff064
ffffcf56
fffff373
ffffdc82
fffff78b
ffffd88e
ffffe879
ffffb567
ffffb0c5
ffffc5d7
ffffc323
ffffad5b
ffff9de7
ffffa8cc
ffffa633
ffffaaf3
ffffc304
ffffd6a8
ffffcd91
ffffd3a1
ffffad40
ffffce15
ffffad40
ffffdcb6
ffffe0e8
ffffd5f3
ffff8ed3
ffffafd7
ffffe81b
ffffdd96
ffffc077
ffffe98d
000013be
00001ad7
0000658a
0000ad0f
0000a6ca
0000a522
0000a925
0000c7d7
0000a8ff
0000ae1e
00007c2c
00008dc5
00007c2c
00008df9
000074b3
000094e3
000077a6
00006046
00004075
000044d8
00000184
fffffc39
0000151a
00001940
00001990
00000574
fffffc73
000022fb
000019cb
00002c99
00002ff0
00005696
00001947
00004e5b
000032ce
00003cd8
0000585d
000048e1
00003be5
00002b56
000012a2
ffffed4b
fffff9d6
ffffee3a
ffffc7d0
ffffec33
ffffe4a9
fffff522
00001f5f
000035c2
000033f2
000039de
000008d6
000038bd
000008d6
000029e0
00000f29
00001721
ffffa61e
ffffe0bd
ffffec4f
ffffe176
ffffa4d8
ffffd226
000005d4
000010c4
00001fd7
0000ace8
0000cd1c
0000af1a
0000bba1
0000ca3f
0000c0a6
0000ce0a
00009ac8
000090f9
00009ac8
0000a09e
000074d1
0000704e
0000619c
000056ec
00001b11
000010ab
ffffac88
ffffd647
000049d3
00003029
000040a3
00003c41
000012e1
000038c5
00000229
00007e36
000081de
0000a7aa
000085cc
00009c5e
00009b08
00008437
000093ab
000098c4
0000adea
00009c7f
00007995
00000997
000022d9
000032e7
0000065c
ffffcca0
ffffabdb
ffffb4ab
ffffd98b
ffff948d
ffffc687
ffffbb3f
ffffd097
ffffbef9
ffffd097
ffffd235
000012f8
00004ab0
000013a8
00005733
0000256c
00007ff4
0000462f
0000990b
0000a14e
0000c17b
000093cc
00006bdf
0000a4ef
000081f9
00008b6f
000098a6
00009a5d
0000a551
00009a39
00009b7d
00009a39
00008fd2
000078a1
00003ae9
00004696
00002f1e
00004d42
000024f1
00004753
0000621b
00006a8c
0000897e
00007db0
00009933
00007d86
00009280
0000a990
0000bdd5
0000bc82
00009389
0000b61c
00004bbe
00009dc5
00006059
00005a4d
00003771
00005510
00004ee7
00008189
00005a36
00008a47
0000ae60
00009729
00008a79
0000c084
0000c23d
0000cf32
0000e734
0000f7cb
00014857
00013f1c
00013b80
00013f1c
00014d0e
00014f7a
00011bda
00010d1c
00012c15
0000aaed
0000ca2a
00008c3b
00006b84
0000562b
000097c3
00006333
000041e7
00005a47
00005029
0000588d
000061d9
00005b27
00006025
00006ea8
0000822f
00006ea8
00004b32
000045aa
00002db5
00004395
00002d49
0000423c
00004fcd
0000a204
0000b46d
ffffbc8a
ffff92a8
ffff9dc3
ffff7a64
ffff81fc
ffff6f56
ffff9940
ffff61cc
ffff810b
ffff9a41
ffffa501
ffff7079
ffffa5c1
ffff8681
ffffb6c5
ffffadce
fffff7d0
ffffd15a
ffffd4d9
ffff90a0
ffffb94c
ffff9e3f
ffff8ed9
ffff34d2
ffff60c7
ffff4d80
ffff2edf
ffff7890
ffff1d97
ffff654f
ffff9a6a
ffff55c7
ffff9a6a
ffff3544
ffff9f0b
ffff91ef
ffff8c3f
ffff9b4a
ffffd477
ffffd8e9
ffffb30b
ffff9eeb
ffffc37d
ffffd1c9
ffff73a1
ffff56b4
ffff2a20
ffff5adb
ffff53ec
ffff43ad
ffff2757
ffff204a
ffff4394
ffff33b5
ffff4394
ffff3cad
ffff48ec
ffff65ca
ffff6be2
ffff3ebb
ffff358d
ffff5b79
ffff36c0
ffff57c1
00005b75
00007b11
000078a4
00008844
00005504
0000a51a
00007891
0000a5fb
0000b9ab
0000d9aa
00009f49
0000cac7
0000c6d0
0000c92b
0000cb0a
0000b903
0000c240
0000a006
0000a1cb
00008d6b
00008136
00009a02
00007290
0000d27a
0000dda2
00010389
0000d045
00011a1f
0000f755
00012828
00010664
00012023
00010664
0000df65
0000c603
00008d2a
0000a03a
00008db8
00006364
0000433c
00005fa4
00000c97
000014c1
00001a30
00002925
00008238
0000bf99
00009799
0000cf33
0000bf91
0000a926
0000ca6b
00007e61
0000bdf8
00007e61
0000a2bd
00008350
0000b109
00007d4c
000087fa
00005749
00006a3f
000020cc
00003c2c
fffffeba
fffff947
ffffd577
ffffe429
ffffd661
00001363
fffff0df
ffffdd61
ffffd0c0
fffff9a4
ffffd487
ffffefad
ffffd81e
fffff893
00000262
ffffe4d6
000016c3
00000225
0000083e
00000e5f
00004728
00005d33
0000216d
000078cd
00004d79
0000b22a
0000b612
0000dee4
000100dc
0000d5ff
00010f2d
000101c6
00010f2d
00013fa6
00011bd9
0000ed55
0000999b
0000abd0
0000ca63
000084e1
00008eb2
00005e7a
00005380
00007b3c
00003ae1
0000391b
00004591
00003037
0000234e
00003da2
0000089e
0000190c
ffffefab
fffff2f5
ffffefab
fffff5fc
ffffeebd
00000b59
00001e7e
00004921
00002233
00003d48
0000190d
fffff93f
fffffd0e
ffffce3e
ffffd6a7
ffffb43b
ffffddf3
ffffc534
fffff8b9
ffffd082
ffffda1d
ffffdd5f
ffffe9b1
ffffd354
fffff72b
ffffd66f
fffffa4a
fffffaa0
ffffffe4
0000159c
00007147
000044af
00003e7f
00005428
00003f06
00006ee0
00003f88
000037fb
000013b5
fffffa84
000016a2
ffffe0ce
ffffe6f1
ffffeba8
ffffe6f1
ffffa835
ffffb05c
ffffb302
ffffac7d
ffffb624
ffffb082
ffffa5db
ffff9cbe
ffff8afc
ffffbf48
ffffb8ef
ffff94da
ffffd377
ffffb30d
ffffce8e
ffffaade
ffffaa95
ffffa957
ffff8b08
ffff9873
ffff994e
ffff9873
ffff98e6
ffffaba2
ffffc4a8
ffffc7b5
ffffcb6e
ffffb904
ffffb9be
ffffb640
ffffa7c8
00001405
0000264e
00000576
00000773
00001a07
00001736
00001d40
000023e2
00001fd6
00002ba4
00001e6c
0000382f
000021d5
00003b09
000032f5
00003033
00002544
00003bf4
0000202f
00004526
000040a5
00005bbc
00004622
00007b60
0000931e
0000bfcd
0000a7cc
00012a06
0000e943
000126fb
000116bc
000125c5
000116bc
00010b5a
0000debf
0000b6f7
0000c324
00009e64
00008504
00007bc1
000099fb
000058f3
000068b6
0000451c
00004cc3
00004c56
00008dc2
00006524
00005f12
0000692d
00006b81
000049de
00005724
00001e2e
00005724
00001899
00002b63
00002b8a
00003889
00004043
0000224a
ffffff3d
fffff6ff
ffffde1b
fffffead
ffffed5b
ffffcbdf
ffffc449
ffffe1bc
ffffdfb6
ffffe400
ffffe059
ffffda02
fffffe5b
ffffe146
fffffd06
ffffec74
fffffcaa
0000004d
fffff85f
fffff368
fffffd5a
0000121d
00001950
00002794
000040eb
00004d69
000088d4
00009d0d
0000d13f
0000b39a
00016376
00010a0a
00016360
000158ca
00015b08
000158ca
0001366d
00013462
0001220f
00011e04
00011e39
0000bd4d
0000e4cb
0000d080
00008a29
00008233
0000a0ae
00003e6d
00005d75
00009b85
00007758
00004f9e
000055bd
0000789e
000033b8
00007774
fffffa89
00007774
000005af
0000327e
0000072e
00002e96
00001f36
000000f5
ffffd0f5
ffffc0f3
ffffb5d0
000032c7
0000252e
00001b7e
00001776
fffffc89
00000c85
00001d15
ffffd122
ffffaf0a
ffffde83
ffffc103
ffffe0be
ffffb901
ffffe52c
ffffe322
ffffdaab
fffff560
ffffefa8
fffffaa8
0000076b
fffff957
ffffdeaf
000000da
0000091e
ffffd2e2
ffffe2f6
ffffc16c
ffffabb0
ffffb5c7
ffff7569
ffffc235
ffff924c
ffffc235
ffff9f2f
ffffce7a
ffffd0e2
ffffee22
ffffdaf9
fffff9d0
ffffd7a0
000020b8
ffffe7fb
ffffd758
fffff868
ffffd6e1
ffffd795
ffffa723
ffffcf8a
ffffe020
ffffccce
ffffaf7a
ffffe6c3
ffffc5ff
ffffe051
ffffc5ff
ffffe2b5
ffffddfd
ffffda97
ffffd283
ffffddee
ffffd69d
00000b3b
fffff318
fffff33d
00002236
00001de7
000023e2
00000f60
0000245d
00001a87
00001014
000037cc
000020ac
00003225
00001922
000060d6
00003dce
000052ca
00003882
00003f5c
00000837
00002066
ffffd5ac
ffffe003
ffffabbf
ffff9e91
ffffac88
ffff896b
ffffe388
ffffd847
ffff9867
ffffa06a
ffffa059
fffff0ac
ffffe525
ffffe20e
ffffe525
ffffa47a
ffffe813
00000610
00003db6
00005e19
ffffd0ab
00003c08
00002d48
000025df
00001866
00003567
fffff754
00003fed
000064f0
000043c1
00001dc9
00003704
00006044
00004edc
00004962
0000121d
00004962
000028b6
00003e52
00000aee
00000ed7
00002121
0000225e
fffff9d7
ffffe233
ffffe4ad
00003e06
00003c53
00004850
00004be5
00001343
00002acc
00004946
ffffff6c
ffffd7f6
ffffede8
ffffe7e0
ffffe3b3
ffffce7a
ffffe7fc
ffffd378
ffffcc21
ffffb769
ffffafd2
ffff8a84
ffffc456
ffff9a29
ffff67de
ffff7aef
ffff7b95
ffff86a4
ffff68c1
ffff7577
ffff5f74
ffff638c
ffff4ad3
ffff4fe1
ffff57e8
ffff4fe1
ffff67b5
ffff85de
ffff8e35
ffffac9d
ffffac3e
ffffc1ec
ffffcbdf
ffffec16
000008ad
ffffe717
000013b8
000037ec
000038b2
00000a7d
0000378e
00004c12
00004409
00003a7a
0000582b
00003cc4
000040b3
00003cc4
00004fe9
00003c49
0000109b
fffffd53
fffff6ce
ffffeb10
00002202
fffffa26
00000caa
00003d22
0000429e
00004328
000033fe
000062c8
00007f72
00004dff
00003e1e
000035fc
00001759
000029e7
000030d8
00002252
00003003
00001eb6
00000f9a
fffffa6b
00000352
ffffb585
ffffebe2
ffffcfff
ffffe92e
ffff8044
ffff8839
ffff8b2f
ffffa7ea
ffff8a50
ffff99ca
ffff9f14
ffff705b
ffff8100
ffff8625
ffff8100
ffffa98a
ffff8be2
ffffbf4f
ffff933b
ffffa1d0
ffffe9b8
ffffecae
00001cff
000023e4
00005ce1
0000218d
00006c67
0000a3ff
0000cca6
0000c8a7
00007b65
000074b9
0000a70f
000039db
000087e2
00001c58
000087e2
000050f2
00005baf
000033a4
00005196
00007fa8
000012e8
000046a1
000012c1
00003257
000022a2
00002a8d
000041f7
0000380d
0000297f
00002403
00002648
00001c88
000007ff
00000f44
fffffa88
00002738
00001163
000020da
00002166
00002e71
00001d2d
00000adb
ffffea80
ffffe9b9
ffffc2f1
ffffae2e
ffffb554
ffffd7b9
ffffefe3
ffffe031
ffffa598
ffffcf0b
ffffabf4
ffffaddb
ffff9224
ffffa2c4
ffff9224
ffff71d8
ffff8f66
ffff89d3
ffff998d
ffff952d
ffffa427
ffffa554
ffffba62
ffffb96b
ffffb47f
ffffca75
ffffe0ef
00002623
00001c06
00001332
00002fa8
00002d8c
000027f8
00004f65
00000e1e
00003ed8
00000e1e
00003302
000030be
0000468e
00002135
00002ed0
000036b1
00003bc1
000007ee
00002755
0000380c
000043d2
00002cf8
00004021
0000360e
0000468b
000051a5
00007a5b
00006cbf
00007da4
00007420
0000646a
00006a38
00006080
00006b28
00005de7
00007d6e
0000832f
0000cade
00009281
0000d9e7
000106d9
0000db40
0000f266
0000d9bd
0000f584
00014e8a
00014af0
0001792c
00018d24
000192cc
00019ded
000192cc
0001a2f7
0001658f
00016ab4
00010a75
000136ce
0000df87
0000fb71
00009b2d
0000c312
0000b09c
0000da9c
0000a2c1
000084d5
0000b97d
0000a97c
00009a3a
0000a893
00009d0e
00008d2c
00009ef0
000069a0
00009ef0
0000660b
000071b4
0000328a
000051e9
00002a05
0000284c
ffffff71
00000ad7
00001adc
fffffc40
fffffe20
fffff28c
000005ad
ffffd9df
ffffdb6e
ffffb91e
00000dda
000011a4
0000345b
00001982
0000312f
00002279
000030b4
00003048
0000458c
00005402
00003d67
000008b6
000001ad
0000111d
00001358
fffff3b1
fffffad4
00002796
00005745
000046fa
0000a06b
00006008
0000abb5
0000a8f8
00009560
0000a8f8
00009adb
0000a86d
000092b5
00008bd5
00008c46
00007558
00009f52
00007344
00007fb8
000067f3
00008b37
00007805
00005f5c
0000842d
00005e84
00006dbb
0000873d
00007d86
0000941c
000094ed
00007af2
000094ed
00006b5b
000076b3
00005d4e
000068e3
00004e6d
000064f1
00003f43
00004303
00003548
0000096a
000026dd
00001007
00003668
00002121
00005463
00002dea
00002731
00000a73
0000176c
00000958
00001795
000003d2
00002020
00000491
ffffe78e
ffffe300
ffffd44f
ffff98f1
ffffdf0a
ffffde2a
ffffbbbb
ffffb98a
ffffcc70
ffffc66b
00000093
000002cf
00001341
00001155
00000b6c
00004570
00002d4c
00004570
00005aa5
00007fea
00006e59
00008042
000073a1
00007b43
000054c1
0000c2e7
000065cf
00003c52
00004515
00004ef2
00004861
00003fe6
00005072
00002e44
000048fe
00002f20
00004cb2
00002d6e
00002832
00002d6e
000034c4
00002956
00003325
00003462
0000747d
00004c65
00007ae4
00004ae4
000045b6
ffffec3e
ffffe69d
fffff6e7
00000910
fffff3a8
ffffec46
0000202e
00000bfd
000004f4
ffffdf46
00000138
ffffb660
ffffe593
ffffc260
ffffc480
ffffb9c2
ffffc64a
ffffd3a4
fffff57c
ffffef83
000002f6
00001860
ffffeedd
fffff6c2
ffffd05c
ffffe602
fffff505
ffffc1e6
000001c6
ffffbf1a
0000007b
ffffdf10
0000007b
fffffb63
0000040a
00001f40
00002e38
00001f64
000045cf
0000277b
0000474d
000066a4
000083b8
0000525b
00009d8e
ffffdea2
ffffc5c0
ffffddd7
fffff9ea
ffffddb8
ffffc5ba
ffffef2d
ffffc338
00000f78
ffffc338
00000202
ffffd894
000014c0
000001a8
fffffda6
fffffcfc
00001767
0000317d
00001870
ffffd5de
ffffab5a
ffffcc1a
ffffbd24
ffffa898
ffff9662
ffff8ec8
ffffc4be
ffffc565
ffffbc20
ffffdbd0
ffffb182
ffffd092
ffffb207
ffffa885
ffffcaf1
ffffd6b3
ffffcbc4
ffffc8dc
ffff969b
ffffbb68
ffffa5f2
ffff94b1
ffff502e
ffff7bf9
ffff859f
ffff86d8
ffff59ed
ffff5c95
ffff76c5
ffff8402
ffff684e
ffff8402
ffffa7a5
ffffe96f
ffffe3f6
ffffb71f
fffff7d7
ffffe173
00000c20
ffffe1fa
00000daa
fffff587
ffffef4f
fffff841
ffffa62b
ffff92cd
ffff9645
ffffa694
ffffa45f
ffffa4a6
ffffcc84
ffffbdf8
ffffd8c6
ffffbdf8
ffffd926
ffffcf26
ffffbe18
ffffafe7
ffff96e8
ffffc159
ffffcc6c
ffffd335
fffffc0a
00006894
00006273
00005055
00005d18
000045bb
00007652
000070a0
00008cbb
000070f4
0000a5c9
000061d6
00009223
00006ae9
00008539
000088a0
000071f0
00008540
000070c4
000091cc
00004f61
00007a4e
000088d1
00007895
00008fc3
0000782a
0000919b
0000c02a
0000cd93
0000db2d
0000cf0c
0000e5d5
0000e74c
0000e5d5
0000e586
0000c286
0000d7f8
00009b3b
0000ba01
00009065
0000ac2c
00008978
0000abc3
0000bb13
0000b6c9
0000c221
0000d4e7
0000ff9a
0000fb2d
0000c723
0000c03a
0000e50a
0000bf7d
0000e4fd
000099d8
0000e4fd
0000b859
0000bbc9
00005a76
00006b1a
00005cbe
0000447e
0000248c
000010b5
0000250e
000019a2
00002ab0
00002224
000012db
00002462
000036c9
0000601c
0000572f
00007950
00006a02
00007171
000026aa
00007b65
0000401d
00004d5c
00002ec9
0000740f
00003ccf
000088d9
00004428
00006df5
000067bd
000076eb
000078ac
0000f014
0000c29c
00008d5a
0000ca22
00009611
0000f62f
0000f6fe
0000da3c
0000f6fe
0000a56b
0000e7b7
0000cb76
0000f521
00010664
00007a76
0000bcb0
000096ea
00005b56
00000cdd
0000691a
ffffe7d1
ffffdc3f
ffffe63e
ffffe227
fffffabf
fffff037
fffff766
fffff7c0
ffffeecc
fffff3c8
ffffeecc
fffff8c9
ffffe666
fffffe59
ffffe385
00000995
fffff661
000037b7
0000168a
0000613d
000032c4
00000748
00002527
00001143
fffff865
fffff91a
00000c84
00000628
00001a25
00001cee
00000be9
0000237c
00000dc5
00002868
0000122e
0000356b
000029ba
00002cc7
00005feb
00004b3a
00003f3c
000060f2
00008809
0000a163
0000be76
0000b98a
00008590
00007d70
00007ce9
000072f9
00007c4c
00007a89
00007c4c
00003f39
0000139f
00000f16
00007973
00003d77
00001dbf
00001123
00004e23
0000363c
00007024
00001cf1
00008161
00006079
00007c68
0000576d
00008415
0000761a
00007b7e
0000a54e
00005b2a
00007f1f
00005b2a
000082b6
0000671b
00007da2
0000517c
00004fe7
000054be
0000403d
000014f8
00002a66
000004fe
ffffcdf8
fffff08b
fffff687
ffffc490
ffffb2b6
ffffab67
ffffd0ac
ffffc11e
ffffcea0
ffffe8fe
000018df
ffffd2b2
00000356
ffffeb3c
00002ddb
fffffb8c
000031a7
000003c4
0000017d
ffffe329
00000671
000006f5
0000123e
00001d57
00004c92
00000969
0000533e
00002f74
00002ceb
000042b9
0000303b
000042b9
000032d4
00005e21
0000664c
00009ec2
00007062
00007338
00007b20
0000c2ca
0000a78c
00008e04
0000742d
00007f5b
000032ef
00004815
00002549
00003a81
000030b0
00003689
0000788f
0000436d
00003f75
0000436d
000043cf
0000429c
00004365
00003781
00002a58
00006c2c
00001e56
00000b3e
0000013d
0000069c
000022aa
00001190
000037da
000021b9
000032cb
00003cb6
0000724c
0000637b
000086a0
00006d1a
00004b52
000073c4
000051fa
0000605f
00004353
00006fe8
000035c3
0000556a
fffffead
00003068
0000128c
fffffcde
00000786
00000f44
00000b08
0000313a
00000b52
0000148b
00003788
00001b67
00001ad8
00001b67
00001729
000024ed
00003b01
00002aa6
0000460d
fffffd19
00003e4f
fffff577
00003579
fffff934
0000406d
00002755
000024d8
00001653
000020af
0000128b
0000053a
0000255e
00002f6a
000048c8
00004f9d
000048c8
00004363
00004d79
0000243d
00003653
00001c5b
00003888
00002cef
00004440
00004923
00002c62
000019c3
00000887
ffffe503
000003df
00001ac0
000048c2
000035f5
00003769
00004f03
0000362a
000034eb
00004468
00003077
00005306
00004436
00005a40
00005460
000097ad
00005d14
0000845b
00007792
00006102
00005df2
00004e03
000050a3
0000a27f
0000bab4
0000c579
0000cc16
0000c12a
0000d681
0000c12a
0000c83d
0000ae7f
000098d3
00003546
00006d98
00004b7f
000065a0
ffffff73
00001ba4
00006631
0000741a
00003f6e
00007f74
0000ab1b
0000a250
00008fc0
0000aaab
0000a0c0
00006f7a
00007a7b
000031be
00007a7b
000046cc
00003b52
00000fc3
00002c45
fffff978
ffffe085
ffffc319
ffffa89a
ffffbf6b
ffffe044
ffffd9bb
ffffcdcb
ffffdf46
ffffc9be
ffffc5c4
ffffb26e
ffffe8f1
ffffc5db
fffff372
fffff503
ffffe777
ffffed6f
ffffe9f7
ffffec73
fffff7ce
00001e16
000006bb
ffffdb83
ffffa789
ffffc700
ffffb947
ffffb0df
ffff8d47
ffffb389
ffffb110
ffff9360
ffffd7a2
ffffb5e6
ffffdd70
ffffd7d1
ffffc4f5
ffffd7d1
ffffb60d
ffffe21f
ffffd117
ffffb3d1
ffffcfd8
ffffac0d
ffffde47
ffff7900
fffface3
ffff8fdc
fffff9a5
ffff8386
ffff96a0
ffff877d
ffff9284
ffff8746
ffff8d64
ffff8a0f
ffff8fbe
ffffb356
ffffbed7
ffffb356
ffffa581
ffffd11c
ffffd073
ffffe86f
ffffcccf
fffff559
fffffa68
00000fb5
00001842
00004971
00005e34
00005c18
000065fd
00004502
00006d31
00005663
000062dd
0000754d
000064d3
00003c96
0000554e
00004799
00006dd8
00004a55
00004282
000059e5
00004966
000043f5
00004e7c
00005d81
00007ae6
00007ee1
0000b0e8
00011445
000137e3
000111f6
00016b2f
0001665c
00019a13
0001b301
0001afa4
0001b301
0001a27e
0001814e
00015c13
00018ee1
0001837a
00012077
00012ff3
0001385a
0001102c
00010354
0000f25e
000100b0
0000d5c3
00012b65
0000fc8f
00010c20
0000f696
00011bed
000108e7
0000e45f
0000c8a9
0000e45f
0000d437
0000c9ee
0000bee9
0000a067
0000a5e0
00007df0
00006a72
00001808
00003eea
ffffe490
ffffd8cf
fffff1f8
ffffe68b
ffffec29
ffffdf1d
ffffb7d9
ffffe8ae
fffff9cf
ffffe476
000000aa
ffffe591
00000543
fffff2c0
ffffea4f
fffffb8e
000003f9
ffffec70
ffffc91a
ffffbf39
ffffd02a
ffffcfeb
ffffb33a
ffff6556
ffff95ca
ffffae7c
ffffb98c
fffff947
fffff624
ffffdb28
00000b68
fffff5b9
00000b68
0000340f
0000300f
0000143f
ffffce24
ffffdf5a
00003de3
00000337
00001bed
00001005
00003069
0000021a
00002c9b
ffffe940
0000027f
fffff853
00000769
0000116c
00000797
000014ea
00000ee3
00002b50
00000ee3
00000d03
00000576
00001a79
00001412
0000248a
000034b7
0000311a
0000513f
00006a34
00001862
00000a03
00000279
00000a50
00000889
00003fca
00001b19
00003a64
00001dca
000036e4
00003d8d
000033bc
00003433
00003b55
00003269
00002821
00003649
0000371c
00001b93
00000f36
000016d7
00001216
ffffdf8a
00000e27
fffff47e
000012c8
fffff4f8
ffffde71
fffff6e5
ffffb7fe
ffffd89c
ffffc7af
ffffd89c
ffffca0d
ffffd3a5
0000027c
ffffeb53
fffff7c8
ffffec72
00000577
ffffeef5
00000bb9
ffffecec
0000157c
ffffde7f
000016db
ffffd2e1
ffffebdf
ffffc0fc
ffffccb4
ffffadbf
ffffc53f
ffffba34
ffffd860
ffffba34
ffffe0e3
ffffd32f
00000501
000000ae
00004129
0000223f
00005966
00002cf0
00002d96
00001b48
00004689
00004fc9
00004858
000035f0
0000554d
00002ef5
00006579
00008a1a
000074da
0000757c
00006b66
0000a2d3
00006e9a
00009336
0000750a
00008671
00006007
00004e64
0000213f
00001bab
00001177
ffffe9f3
00002464
000023bc
000019ac
00000b8f
00003a6e
0000329b
00002811
ffffee90
00001ae5
ffffee90
fffff0e3
ffffd9b3
ffffcab4
ffff9721
ffffa4e7
ffffb111
ffff9ca6
ffff7cde
ffff9eea
ffffaccf
ffffb87d
ffffcb70
00002714
00003034
00000a32
00004e09
00003681
00001f6c
000053ba
00000491
0000634f
00000491
00004622
00000dfc
00007371
000036d8
00007032
00003837
000075dd
000014d0
00004f95
ffffc199
ffffa4bf
ffffa612
ffffaac6
ffff89d2
ffff8078
ffff89df
ffff8a5a
ffff6a35
ffff88cc
ffff84fb
ffff6cbf
ffff6da0
ffff724a
ffff7460
ffff883e
ffff896e
ffff7df1
ffff4277
ffff4874
ffff49d3
ffff2ed9
ffff2029
fffee7e8
fffefb3b
ffff08f5
fffeefb7
ffff0cde
fffed77d
ffff2881
ffff2906
ffff0f53
ffff2906
ffff1fbd
ffff81ad
ffffb3e2
ffffa6c9
ffffbc46
ffffb5cd
fffff91c
ffff8f2b
ffffd014
ffffbf66
000013f1
ffffb471
ffffbe83
ffff8f77
ffffade7
ffffa82e
ffffca2c
ffff9cdb
ffffb31b
ffffc55f
ffffc73f
ffffc55f
ffffb7d0
ffffc8af
ffffbde9
ffffd23c
ffffa4d3
ffffd1bb
ffffc865
ffffd2ad
ffffe0d6
ffffb292
ffff68cc
ffff7d40
ffff70e8
ffff7cc2
ffff4c44
ffff501a
ffff7776
ffff77ae
ffff93a8
ffff84b8
ffff95b5
ffff8dfc
ffff8c31
ffff929b
ffffa04f
ffff8728
ffffcc58
ffff973d
ffffa03d
ffff860e
ffff9f3a
ffffa340
ffff5c16
ffff5f6c
ffff752b
ffff51de
ffff7c41
ffff5bd1
ffff64bd
ffff63ad
ffff5243
ffff63ad
ffff671f
ffff9cc4
ffffa911
ffffa198
ffff94a9
ffffb8c4
ffffc055
ffffdd60
ffffe3ad
ffffe046
ffffc09e
ffffaddb
ffffa652
ffffa29b
ffff9856
ffff8ddb
ffffa06c
ffff94d7
ffffc5d5
ffffb41e
ffffc3ff
ffffb41e
ffffb53b
ffffb6b8
ffffc27e
ffffcb85
ffffb0b4
ffffe6be
ffffb165
ffffee55
ffffb513
00001a5b
0000039e
000003b4
000000f0
fffff963
000004ee
00002b19
fffff813
ffffe853
ffffef98
0000061e
ffffe68c
ffffee43
ffffe64a
fffff3e1
ffffd101
ffffe28b
fffff45f
ffffdb94
ffffcf8e
ffffc332
ffffa749
ffffc3c9
ffff9105
ffffcf7d
ffff994c
ffff9d12
ffffdbc4
ffffbf64
ffffb6ac
ffffd2c5
ffffc3c7
ffffd2c5
ffffc588
ffffbd28
ffffc857
ffffd7a8
ffffbf8d
ffffdb98
ffffd3ba
000009cb
0000167e
00000392
000007cb
000001e4
ffffeac3
ffffca14
fffff3a9
ffffef64
fffffd0b
ffffdc5e
00000057
ffffe287
ffffedde
ffffe287
fffff991
ffffd739
ffffebc6
ffffe86b
fffff9b6
ffffdfe0
00000f17
fffff45e
fffff651
ffffeda5
ffffeab8
ffffe611
ffffefaa
ffffdb09
ffffe46f
ffffe7d2
ffffe06c
ffffc394
fffff05a
ffffd579
fffff0e9
ffffdcc5
ffffe7fc
fffff0cf
00000293
fffff491
00001565
ffffeafa
ffffcd59
ffffbe47
ffffc9c3
ffffc490
ffffc1c7
ffffc641
ffffd1aa
ffff980f
fffff7c0
ffffbba7
ffffdb24
ffffccfd
ffffca6a
ffffccfd
ffff8fc0
ffffca51
ffffb6dc
ffffc544
ffffb857
ffffc8b3
ffffd578
ffffd25d
ffffcb72
ffffea96
ffffe6a7
ffffc0ff
ffffe9fb
fffff097
ffffee04
ffffe309
fffff298
ffffe2af
fffff6f3
ffffe05d
ffffe2b4
ffffe05d
ffffdc68
ffffeb1f
ffffea4e
ffffd737
ffffdb16
ffffecdb
ffffde9a
ffffbc2d
ffffd3dc
00001d7a
00006abf
00006095
00007601
00006388
0000b279
00009481
0000e5e7
0001076d
0000f8c8
000102c2
0000c191
000122bf
0000de05
0000e2f0
0000b6e3
0000f877
0000a2bc
0000ade6
00008ea8
0000d1f8
0000aa1c
0000dc93
000116cf
00017c56
000145a0
000171d5
0001bfbb
0001a22e
00020f14
0001b055
0001ea20
0001b055
0001af65
00018076
00012287
0001199c
00011be9
00009cf3
00009e55
00006657
000034ae
ffffddfe
000045e3
ffffef5a
00003861
00003e96
00002946
00004e57
00004c90
000034dc
0000378d
00002126
00005383
00002126
00004a75
00003346
0000969c
000065b5
0000b031
0000854d
0000c7b9
00009777
0000b331
00002d34
fffff738
000016f8
ffffccbb
00001159
ffffdc05
ffffff62
ffffdb65
fffffaad
fffff106
00000520
fffff001
00001aa4
fffff3f8
000020fe
00001a6e
00004e67
00005032
0000c6fc
000076ea
00008b2b
0000bb08
000093d7
0000d96e
0000d572
0000bd45
00006bbb
0000961b
000096c1
0000707f
00007c44
000071ac
00007c44
00003193
00000b15
000000c1
00000af6
0000080c
ffffe83a
ffffefd0
ffffe725
ffffd00a
ffffdd3d
ffffe845
ffffb720
ffffd389
ffffc604
ffffcca9
ffffcd51
ffffb0e0
ffffc864
ffffa983
ffffb3cc
ffffbd80
ffffb3cc
ffffc107
ffffb772
ffffeb56
ffffeefa
ffffecc4
ffffcc8a
fffff7be
ffffe731
ffffef9a
fffffb24
000013c4
00000983
00003b15
fffffd02
00001c81
00000b14
00003b7f
00003342
00004d24
000031b1
00002bfc
0000340e
00003b80
0000326b
00003883
00004bb4
00002fbb
ffffe53b
ffffe14a
ffffe0ef
ffffd867
ffffcd6d
ffffddd9
00000a7e
00001aa0
ffffe4bd
00001ffd
ffffe6f7
000017ae
00000bb2
fffff93b
00000bb2
ffffdfd8
00001aa6
fffffc03
00003258
0000259c
000004e3
00001e13
00004497
00002d96
000020e3
00004739
00004b79
00003c78
0000570d
00004acb
000054df
00005444
00005992
0000810b
000071e6
00008404
000071e6
00006377
00007e68
000066d8
000056f7
00004bea
000067bb
00005961
00003692
00005b19
000017fc
ffffe71d
fffff8b2
ffffc7f0
fffff803
fffff0de
ffffdebb
fffff853
ffffe2e6
fffffb45
fffff276
fffff24d
0000002a
fffff45b
fffff09d
fffff063
fffff20f
ffffcbbd
ffffdac5
ffffc13e
ffffd312
ffffa587
ffff9610
ffffab84
ffffa7a8
ffff9d57
ffffd256
ffffa55a
ffffc08c
ffffc4d9
ffffad8a
ffffc099
ffffad8a
ffffc6ed
ffffcf05
000027f0
ffffd655
00000d1d
ffffce17
00000550
ffff98ea
ffffee23
ffffb0d8
0000146c
ffff8d54
ffffda50
ffffb616
ffffb4b3
ffff9a01
ffffa2ab
ffffa6b1
ffff9a35
ffffbf8b
ffffb51a
ffffbf8b
ffffb22e
ffffbc94
ffffc1db
ffffd7ea
ffffef23
fffffad3
000001c1
00001f26
00000f9a
000005d9
ffffe74b
fffffbb2
00000ee4
ffffcd30
ffffd4e9
ffffb671
00000637
ffffdb04
fffffe4e
000008e6
ffffe324
fffff88b
ffffed3c
ffffeb58
fffff938
00000f3c
fffff1c4
ffffa4a0
ffff9434
ffff8c72
ffff7796
ffff5cf3
ffff327b
ffff62e5
ffff4754
ffff3ea5
ffff5c91
ffff3773
ffff74f7
ffff58d9
ffff57b2
ffff58d9
ffff56c1
ffff765e
ffff894f
ffff81b4
ffff8ca1
ffff7f77
ffffb895
ffff5680
ffffb360
ffff9a61
fffff8f2
ffffd083
00000008
ffffe6bf
ffffebef
000001f3
00001eb8
fffff8a1
0000218c
00001d6e
000045d0
00001d6e
000028d0
000034c3
00004fc7
00004c87
00002ab2
00006957
00005af3
00006f81
00005936
00004fb2
000044dc
000044d5
00003739
00002937
00005947
00006e1e
00007536
00008baf
00009bd2
00006fed
00007d88
00007ac1
00007d09
000083c8
000064e3
00008b63
00007c6b
0000d69f
0000ad59
0000ed41
0001193b
00012b58
000174ae
00015ae4
00014b1d
0001940b
00016157
0001b13d
00017769
00018fa1
0001a469
00018fa1
00018900
000116be
0000f29c
0000d2f2
0000d1db
00009df8
00006725
000047ed
00005b72
00007fcf
00005a4c
00009777
0000a037
0000b66a
0000d063
0000b7e1
0000a397
000093eb
00008283
00005f07
00006ba8
00005f07
00007f3a
00005c4d
00004f0b
00002422
000033c2
fffffe8b
0000130e
ffffedb5
00000f63
ffffd321
ffff9dc2
ffffb078
ffff84b8
ffffdf70
ffffbef0
ffffc80a
ffffb242
ffffd147
ffffaa8e
ffffde03
ffffcdd0
ffffeae5
ffffcb5f
fffff9fb
fffffec9
fffff423
00000c51
000024a7
ffffebfa
ffffdda2
ffffec8a
ffffba6d
ffff7326
ffff9edf
ffff2e70
ffff7428
fffef5a8
ffff3366
ffff11ca
ffff0e54
ffff1996
ffff0e54
ffff18fb
ffff0755
ffff453e
ffff2b00
ffff6dcf
ffff73d2
ffff826f
ffff5a7a
ffff6c1d
ffffba50
ffff9ac2
ffffcb67
fffff756
00002f7b
000024e5
00000369
00001395
000041f7
ffffc53d
fffffd95
ffffcbcf
fffffd95
ffffdeff
fffff228
ffffdbec
00000639
ffffef85
ffffafa1
ffffb0df
ffff9b19
ffffa48a
00000fdd
fffff4f6
fffffa7b
fffffa02
ffffe82f
000007ec
00000d9d
fffff82a
00000af2
00000b7e
00000b29
fffff276
00001697
fffff939
00001c77
00001540
000031c9
00003fe5
00007439
00005c39
00005f25
0000773b
0000700b
00009368
000070ea
000077f7
00007302
00007406
00008459
000060c6
000070f6
000074a8
000070f6
00004e23
00003a48
00002912
000043e8
00002f4c
0000318b
00002083
00003062
000016cf
00004d03
00002f07
00005252
00003a93
00004bc8
0000507f
000053d8
00005eca
00003b3a
00003aa4
00001fc3
00003610
00001fc3
000029e1
00001f59
000036be
0000272f
0000202a
00000798
00000dad
ffffeeee
ffffeee0
ffffbe07
000007be
ffffe3bd
fffff63d
000004da
00001e0b
0000121f
00002e15
00003d88
000013fd
00003ff6
0000398d
00005350
00003fe9
00002c2e
00002beb
00001a2a
ffffef8d
ffffc6d7
00000aac
00000514
ffffda57
ffffde58
fffff561
00002284
00001139
00000ec8
00003993
00001eb6
00002bc8
00000eed
00002224
00000eed
00003477
00003318
fffff6fe
000006ba
fffff135
00002c20
fffff46a
00004ad2
ffffe9c0
ffffbe4f
ffffc9a4
ffffd2fe
ffff9103
ffff9147
ffff87b3
ffffa92b
ffffa68e
ffff8b0f
ffffa5a3
ffff71d0
ffffa727
ffff71d0
ffff9858
ffff96da
ffffe08f
ffffd002
00001028
fffffe51
00002f33
00001d44
0000261a
00001b6b
000045fa
0000360a
00005020
0000554c
00007ec5
000096be
0000aaad
0000bb9a
0000a114
0000aa94
00004bc2
0000a296
00006bea
000068e7
0000306b
00006a1f
00004879
00005ea1
00002e45
0000565f
00004025
000037cb
00003b38
00007aa5
00006c6e
000068fc
0000544c
0000674f
00008e01
00007ce7
00007faa
00007ce7
00006d9e
00008f31
00008934
00009f02
0000c6dd
00004be2
00009bca
000077e4
00007115
00002449
000075a3
00003efb
00003968
00003e00
00003bf1
000034c7
000037ee
0000488b
00003505
00003709
0000368e
00003709
00003698
00002958
000029c8
00002679
00004a64
00003095
00005fe0
0000581e
00007d16
00005e96
00004b24
00005869
00003c12
00003b8e
000043ab
000070be
00004a2e
00006b98
0000662d
000074c8
00005032
00007ec5
00005b1a
00008091
00005f0f
00009224
00006561
0000bf0f
000058b5
000073ea
0000926f
000073b8
0000748a
0000917e
00007d81
00004dd6
000074a1
000091a1
0000673f
0000be3c
00009305
0000be3c
000042bd
0000787b
000094bd
0000cc46
0000beb5
00006e6b
00007cda
00008a1e
00005d3f
000070b3
0000ac49
00005e92
000060a2
00004da5
00007630
000069c1
000055fa
00004e7a
00005560
00006656
000050d2
00006656
00004a00
00002daa
0000302a
00004456
000050f3
00002460
00004e6f
00003749
000069e2
fffffe33
fffffd32
fffff868
fffff0de
ffffeb54
ffffdfdf
ffffe91c
fffffb87
fffff77d
00000941
00000ade
ffffec49
0000089a
ffffee21
fffffbf9
00000283
00001441
00000801
00003fd4
00002007
00003c27
00006337
00003274
00004577
00003f96
00005049
00005a59
000063c3
000064c6
00007d57
00008c62
00008113
00008c62
00008733
00007668
00006ded
00004a03
00004e29
00002e77
00001ce9
ffffcad0
ffffd82f
ffffdd7d
00001341
ffffd70c
ffffd875
ffffe503
ffffebf1
fffff9ac
fffff58f
ffffed1d
ffffef8d
00000cc6
0000111d
00000cc6
ffffe9db
fffff99a
ffffe506
fffff885
ffffcc34
ffffe9a9
ffffd35b
00000e40
00000983
00005f23
0000469c
00005635
00003896
00002fe0
000025a2
000040fa
00001e3c
000025ce
00005090
00002730
000024ad
00003c2a
000035a4
00005a0f
00002dfc
00008023
00004535
0000a271
00004590
00006f6a
000081b8
00005f35
00009b81
00008362
00009034
00007e49
00009a1a
0000ba60
000085b7
0000bb0b
0000a1f1
0000bb0b
000081db
00007da4
00007bd0
00007e0d
00007570
00004d33
000043d3
00004145
0000330d
00000b3e
00004e9c
00000337
00001d58
fffff7df
00001450
000027b5
fffff72d
fffffc66
0000209f
000004e3
00003150
000004e3
00002b27
00001c34
000036dd
00001eec
0000227d
00001a4c
00003881
00002341
0000311e
ffffd373
ffffea02
ffffdfff
fffff36a
fffff4e6
000001ce
ffffec90
0000127e
fffffd21
00000763
fffffaf6
fffff792
fffff851
fffffc8c
ffffdfde
ffffeb85
ffffe160
0000026e
ffffc136
ffffe293
ffffcda9
ffffe9f9
ffffd806
ffffb99d
fffffd18
00000ead
ffffc437
00000602
ffffdda1
00001b44
0000238b
00000d74
0000238b
fffff530
00003248
00000b33
00005169
00003d90
00001462
00001430
00005936
000007a2
fffff530
000007d3
ffffc0fa
ffffa91e
ffffd562
ffffcdd5
ffffbcbd
ffffbe21
ffffdd9d
ffffdb7d
ffffe92a
ffffe89d
ffffe92a
ffffcbd9
fffff1c3
ffffcc1a
ffffd30e
ffffcafe
ffffe72f
ffffd20e
ffffee66
000007f3
fffff521
ffffa6b0
ffffdc88
ffffcfcc
ffffb65c
ffff9953
ffffa1c3
ffffb0c0
ffffa5a5
ffff883e
ffffabf3
ffff7f90
ffffb862
ffff7d67
ffff96c2
ffff9fce
ffff8d12
ffffa925
ffffa502
ffffb548
ffff85b5
ffff8048
ffff8da8
ffff46ad
ffff62ef
ffff3b2a
ffff3ae2
ffff4693
ffff3230
ffff6bee
ffff7736
ffff64ec
ffff7736
ffff4e9a
ffff7fb3
ffffbabb
ffffe40c
ffffe18c
ffffd08a
fffffa60
fffffb87
000024b2
00002fc9
000027f7
0000334f
ffffff1f
00000a2f
000001aa
0000172b
000020f2
00001079
00002da6
00000826
00003adc
00000826
00001b6b
0000146a
000022ff
000017d7
ffffe51a
00001b09
fffff11a
00001a11
00000ed4
000005c6
ffffd2aa
0000090f
ffffd5bd
fffff114
ffffc808
ffffe991
ffffdf63
ffffcd9b
ffffcc0a
ffffecb1
ffffc893
ffffe6f5
ffffc128
ffffcd06
ffffcd3b
ffffca21
ffffac4c
ffffdb80
ffffb7d1
ffffddaf
ffffc391
ffffbd7c
ffffb2ab
ffffd0c3
ffffb292
ffffdef5
ffffcd4a
ffffdf90
fffffa15
ffffed7b
ffffedfe
ffffed7b
ffffd858
ffffe8db
00002a70
ffffee83
000024c1
ffffc722
00001437
ffff9618
fffff266
ffffb3d5
00001950
ffffb1c4
ffffcfec
ffffae7f
ffffc14f
ffffc0db
ffffbd78
ffffc159
ffffb63d
ffffc8a7
ffffc6c7
ffffc8a7
ffffcf24
ffffc2bc
ffffd44f
ffffdce5
ffffc5a1
ffffcad3
ffffd0fd
ffffd2e5
ffffe842
00001c75
0000352e
00001416
00001b29
00002996
0000322e
000057cb
00005b2f
00004dea
00005932
00007075
000041f4
000067fc
0000421d
00006618
00005feb
000069d6
000081e7
0000d868
0000a5d5
0000b2e9
0000c945
0000ac51
0000d672
0000cce1
0000b8d4
0000d0ac
0000a7fe
0000d75f
0000b5db
0000aecc
0000c379
0000aecc
0000a042
000079a7
00005a9c
00004132
00003d6f
000021b6
ffffe4e1
ffffc472
ffff876b
ffff8b5c
ffffaf60
ffff8b10
ffffcf38
ffffbdf9
ffffd5d9
ffffbc16
ffffb5ec
ffffb36e
ffffa4a3
ffffc433
ffffd211
ffffc433
ffffb459
ffffc567
ffffc221
ffffe45a
ffffd80c
ffffc1ff
ffffd308
ffffe602
ffffe975
ffffd835
ffffef5b
ffffdd21
ffffddb7
ffffeccb
ffffdec2
ffffd864
00000a25
0000131e
fffff275
000011fb
000013b5
000013f2
00000f26
0000027f
00001853
000008d7
000024d9
000000c2
0000413e
000035da
00005281
00004446
00005907
00004359
00005691
0000500c
00006ea1
00005d9b
00004b39
00004092
00004efc
00004092
00004bf8
000011ff
ffffee3b
ffffef60
ffffcb72
00000b21
ffffd5fc
fffffe12
ffffda0e
0000026c
ffffc8ce
00000804
ffffc686
fffff1ff
ffffc2c4
fffff340
fffff9e6
ffffd32d
ffffffc5
ffffbeb5
fffffe8c
ffffbeb5
ffffc636
ffffc71f
00000a28
fffff574
000017d6
00001ea5
00001e43
00001744
000014e1
00009396
00008c2e
0000a049
0000ac77
00006f41
0000a3fd
00009602
0000bff9
0000bfde
0000d128
0000c291
0000ddfd
0000d0b3
0000d9c4
0000cfd8
0000e033
0000e043
0000cc84
0000dbc7
0000b9b4
0000acac
0000d79a
00009e76
0001021c
000115da
000149da
00011009
00018fce
00016252
0001a50c
0001c330
0001b02f
0001c330
0001561e
00016bb7
00015bde
0001a342
0001814a
00010a42
000128ce
00013e09
0000fed8
0000e59c
00010a38
0000c471
0000b805
0000de51
0000c211
0000ec0e
0000d0d6
0000c25d
0000f149
0000ad1c
0000d880
0000ad1c
0000c2de
0000b30c
0000c607
0000a157
0000a223
0000b31a
0000918e
00007427
000078d1
fffffb65
000026e0
ffffe05b
ffffe4a8
ffffffb6
000035bd
0000361e
00003529
00004d62
00009477
00004b6b
00008a88
0000642b
00008686
0000a78c
00008bc1
0000d6c5
0000c1be
0000bca9
00007e9d
0000b63d
0000bf5f
0000cb51
0000c90a
0000e78f
0000fb16
0000fa8f
00016313
000128d5
0001356d
00016069
0001492b
00016069
00013a91
00011904
0000b046
00006388
000078c6
00008cb0
00004ed3
00004d85
ffffdc2c
000027c6
00001de6
fffff46b
000037f7
0000998f
00007b79
000072d3
00009159
000071e5
000056ad
00004dab
00000a3d
00004dab
00001585
00001eb4
00001c5c
00001f1d
0000282f
fffff85a
ffffee5c
ffff9829
ffffba96
000037e3
ffffef9f
000017d9
ffffd751
00000de7
ffffe896
fffff680
00000760
ffffeb2e
fffffc87
000002fb
00000bd4
000004a4
fffffffc
0000026e
0000134d
00000c34
fffff871
00001bab
ffffddda
fffffabb
fffff7e3
ffffdfbe
00001cde
000019e1
000006d5
00001b9c
ffffd98e
0000195d
ffffec3c
ffffd781
ffffed8a
ffffd781
ffffb0cd
ffffb4d0
fffff584
ffffbaac
ffffee9c
ffff84cd
ffffc4d1
ffff62e8
ffffbf65
ffffb65e
ffffe934
ffff9ced
000010f4
ffffefe2
fffff828
ffffd360
ffffd648
ffffd7a5
ffffd95a
ffffe879
ffffdc8b
ffffe879
ffffd702
ffffdeae
ffffd864
ffffdbc6
fffff9a4
00000e75
00000848
fffffbf4
0000241a
00000f7d
ffffee52
fffffe75
00000073
00000ad6
00001477
00002363
000047a2
00003c0d
00002016
00003bca
fffffa08
00003095
0000017a
00000103
ffffed7c
fffff27e
fffff7e9
00001f44
fffffbe2
00002308
00004148
00001f6a
000010c5
ffffed44
fffff8d8
00001ad9
ffffcb31
0000180b
ffffd57f
0000020e
ffffefbe
0000020e
00000ec7
fffffd52
000009d8
ffffc5d0
fffffe97
fffffea6
fffff358
ffffcce4
00000c76
00003e78
000015d2
00004fa1
000013a3
fffffd84
00001244
ffffefa7
fffff363
fffff205
ffffe577
fffffc44
000004a6
fffffc44
0000082a
0000068a
fffffa43
000004d2
0000095c
0000095e
00001aa1
000041c0
000045e5
ffffded2
ffffd635
ffffe28b
ffffcd7f
ffffc971
ffffdfcf
ffffcc11
ffffef3b
fffff5cf
fffff6f2
ffffffc1
00000b39
fffff678
00000576
ffffe7d7
00000630
00000041
fffffeb8
ffffdf8d
ffff9e26
ffffcc28
ffffcdc3
ffffb46c
ffff7b3a
fffff1da
000007b2
ffffc03c
ffffff94
ffffd76d
00001f50
000037d8
000019ae
000037d8
00002472
00005d11
000057e6
00003ba8
0000578c
00003ce5
00005bf9
00000f86
0000286a
0000451c
00001737
00000345
ffffd143
fffff6e2
ffffe1cd
ffffe375
ffffd630
ffffe2e0
ffffedc3
ffffd4d8
ffffb13d
ffffd4d8
ffffe1b8
ffffce5c
ffffccca
ffffb9e7
ffffcab5
ffffc86d
ffffc5cd
ffff84df
ffffafc0
fffffcb3
fffff69d
000000ff
fffff14c
00000d33
000000f6
00001fa4
00000262
00000c1d
fffffea3
00001bae
ffffefbe
00000df3
ffffe9e9
00000487
fffff62c
00000a59
00000e2f
00005786
0000155a
00003919
00004a12
000036b7
000027a8
00003d27
00001594
0000252e
00000a87
00002e3a
00002547
000031c3
00002f9b
000031c3
00001032
fffff11e
fffff9df
ffffe6ee
0000038a
ffffe4fd
fffff479
ffffcabb
ffffe6bb
fffffa0d
fffffe55
fffffd8f
ffffd23e
ffffe86d
ffffef65
ffffefce
ffffe8cf
fffff58f
ffffc6c4
fffff56e
ffffd510
fffff56e
ffffdc95
ffffd90f
ffffd477
ffffefd1
ffffd1bc
ffffbe09
ffffd20d
ffffdb6e
ffffeb59
00003c8b
00004b73
000046c0
00004499
00003d61
000033c4
00003b88
00002f23
00000a0f
00001b8d
00002617
000039c7
00002050
00002f4f
0000319e
000047d7
00003c90
000050ab
00002f7a
00001edd
fffff780
fffff9c9
ffffde25
fffffae4
000020f5
0000204b
ffffc05a
fffff638
ffffc14e
ffffcd80
ffffe0c7
ffffc98a
ffffe0c7
ffff9c83
ffffc3b4
ffffeca1
00000e7e
fffff374
ffffdad6
ffffeb30
00001555
00000477
00000d0d
00001053
00001cb8
00003d3b
0000299b
000033ce
000012b9
0000085f
00001e81
000028e5
000031a5
00001c07
000031a5
00001e8e
00003388
00002422
000034f5
0000465c
00003f7c
00002fec
00001420
0000056d
00001ab6
000016ea
000026a7
0000045f
000011ac
000006c6
00001213
00001c83
00000e5d
ffffe3ad
fffffdda
ffffeb14
00000b0b
ffffed0b
000008ec
ffffd9c5
00001058
ffffe4d3
ffffd849
ffffd987
ffffcf76
fffff5b5
ffffd85e
ffffff5a
ffffc95a
ffffbd5a
ffffc110
ffffbd8a
ffff6a18
ffffba6a
ffff7d71
ffffd679
ffffb923
ffffe625
ffffbf13
ffffe9e8
fffffb81
0000034c
fffffcde
00001e88
00003018
00001f78
00000450
00000af2
000030c6
000014d5
00001d8c
00002196
000018c8
00004a2d
0000220e
000061b5
00004bb9
000061b5
00005f8e
00005c60
00002fe4
00002b68
000035e9
00003d93
00002842
00003d93
00002b43
00003ae6
ffffea53
000005b8
ffffebc7
fffff022
fffff7bc
000002d6
fffff6de
fffff590
fffff37c
ffffe461
ffffe970
ffffe318
0000047c
ffffef73
00000b94
fffff8bc
00001c1e
000030c8
fffffdb3
000027ad
00001379
000048fa
000024d8
00003a7e
0000211a
00001bbd
00003d74
00002e87
00001b3e
00003cdb
00007614
00005594
00008de6
00009308
00006ced
000059c2
000031f0
0000573b
000077fd
00008499
0000979a
00008346
00004dd3
ffffe2e9
00007041
00000b41
0000319d
ffffe367
fffff9c4
ffffd0f2
ffffea05
ffffc33a
ffffd272
ffffc33a
ffffc671
ffffcbe6
ffffdc87
ffffbabb
ffffd058
ffffaf06
ffffb50f
ffffaf06
ffffb9d6
ffffaf07
00000ac6
000004b2
fffffd36
ffffed2d
00001364
fffff76f
ffffe551
000000ff
000019b1
00000331
00000f31
fffffd98
fffff089
00000b08
00000bf5
00002a26
00001072
000026c9
000006a9
000027b4
0000240a
ffffeefc
00002ac0
ffffe63e
00004527
000021d9
00005566
fffffecc
0000907c
00009102
0000b336
0000bc52
000072dd
00009883
0000b4bb
0000920a
00007012
000026f1
00004029
00001564
00001104
000010db
ffffe1eb
ffffd31b
000009e7
ffffe6da
00000dec
ffffd2a0
000004dc
ffffa5e5
ffffdf7f
ffffce96
ffffce94
ffffce96
ffffc02b
ffffc532
ffffd847
000022a1
000032e9
0000313d
00007284
0000313d
00007cfd
0000312a
ffffe377
00001a42
ffffe0a7
00000d5c
ffffe21a
00001114
00000b58
ffffd570
ffffbf37
ffffcd92
ffffb64c
ffffd8ee
fffffdd7
fffff930
0000440f
000040e8
00004572
00004e92
000081ea
000077cf
0000a599
000081e1
0000a666
00009f16
00009880
0000b47b
00009b1e
00009629
0000a310
00005844
000065de
00002a53
00004ea4
00001c7b
0000130e
00001021
000019ba
000008dd
0000290b
000020a0
00001dd0
00003bf3
000040f8
00004c41
00002c1a
00005133
0000497a
00005b98
00005ada
000014f5
000057b5
00003177
00001eb5
00003177
0000127a
ffffde1f
ffffe2c9
ffffc831
fffff006
ffffe5d6
ffffffaf
ffffe5d6
ffffe248
ffffe0d6
00000c93
ffffefe8
0000364b
ffffd042
00005754
ffffdebf
0000104c
00003a5f
00008001
00007184
00007468
00003a13
000057be
00005c0c
0000628e
00006dce
00006d20
0000abb1
000059a8
00008328
000062fa
00005097
00005815
00005b0b
00005c88
00007b3a
000045a0
000047b1
00005c8a
000048ed
00008168
00006acc
00007348
00008242
0000a627
0000848c
00008bfd
0000717b
00007137
00007a05
00007f32
000066f0
00004693
0000551d
00004107
00002842
00003132
00003d5f
00001770
00003844
000020a7
00004c68
000054e9
00004c68
000052bd
0000672b
000056c8
00006bb8
00006ca9
00007631
00008fd0
00007631
00009d1c
00008bac
ffffac72
ffffd40d
ffffc58f
ffffc79f
ffffae8f
ffffa05f
ffffaca8
ffffb90b
ffffbc0d
ffffb8b8
ffffb223
ffffb253
ffffbec8
ffffc82f
ffffde80
ffffbcda
ffffe45c
ffffc38e
0000045d
fffff423
00003a99
0000221b
0000423d
00002705
00003696
00002d68
00004797
00003d22
000074cb
0000b3d7
000086fd
0000b41d
0000a4b9
0000ecb9
0000a8a3
0000d6da
0000cbe3
0000e5ad
0000e4fc
0000ce69
0000d1ec
0000a628
000067f6
00007be1
0000287f
000034be
00004927
00003bd7
ffffe8c1
00000e05
0000066b
0000173e
00000f92
0000173e
000023b8
0000170a
000005d8
fffff111
000024ab
00000cb6
00001b25
00000cb6
0000103d
00001782
00002105
00003162
00003c5a
00002809
000070c6
00004700
00004035
00002bfa
00006e99
00005864
0000483e
000045ff
00007a04
0000663a
00007ad5
0000696f
0000850d
0000a07b
00003664
00006fcc
00002bfa
000039fb
00002572
00008c14
00001d4b
00007861
00001a25
0000313a
ffffef51
00001eb1
ffffe156
0000134e
fffff4b3
000010e6
fffff30c
000023f5
00004199
000015ed
ffffffc6
000053e2
00001c69
00004ec9
00003bd1
00003313
00003883
00003857
00000355
00004205
000024c0
00004e0e
00002599
0000551a
00004736
0000551a
000040cc
00003bd6
00001ed0
000056e1
000050f8
00006047
000074b1
00006047
00007dfc
00006256
ffff7ab0
ffff9d68
ffffa565
ffff8a02
ffffcc79
ffff89a9
ffffb055
ffffd36e
ffffd9d5
ffffe722
ffffdc74
ffffcc5b
ffffcdef
ffffe026
ffffd7af
ffffc6b6
fffff583
ffffeac5
ffffe337
ffffe230
ffffc8bb
ffffaef7
ffffb997
ffffcebc
ffffbec9
ffffe734
ffffadec
ffff9428
ffff9f04
ffffa691
ffffd151
ffffd5f8
fffffc30
000011d8
000001cd
0000001f
ffffe670
0000119f
000027a6
000050b9
000041c2
00005a74
ffffd765
ffffc16f
00000ab0
00000caa
0000012b
00000821
ffffed3e
00000d72
0000031d
000000a6
00000fac
000000a6
fffffa80
0000124e
0000324b
00002c2b
00004430
00001a0b
00002fe6
00001a0b
00002eb4
00001a6d
00003cb4
0000684b
0000761a
00006654
00006bc2
000076b8
000051f4
000078d6
00008495
00007784
000079e6
00006988
000054c0
00006bc8
0000578d
00008415
000065bb
0000879d
00005298
0000686c
000034e0
00003e50
00003415
00004edc
00003fa8
00004f76
0000473d
0000268b
ffffedd6
00001fee
000015f8
00004bc9
00005da3
00005a47
0000626a
00006082
00005d10
00007392
000090d0
0000831c
0000932d
00006d4a
000065ff
00006ee8
00005069
000044ca
00003b65
00004c2e
000007c7
00004e8a
00001bcf
000047a5
00005332
000047a5
00005bd0
000063dc
00005d37
0000561c
0000613c
00003dc4
00004ffb
00003dc4
00004d7f
0000437b
ffffe685
ffffd165
ffffa75c
ffffcf7d
ffff9eb3
ffffa1eb
ffffa5f7
ffff7d68
ffff766c
ffff6a84
ffff9c53
ffff5e0c
ffff9214
ffff7c33
ffffc24d
ffff85b8
ffffd454
ffffad4c
ffffc240
ffffca26
fffff1f1
00002403
000008cf
fffff65b
ffffd98e
ffffe24e
fffff3aa
0000067d
ffffe795
ffff8cec
ffffe070
ffffa588
ffffde1b
ffff7dde
ffffa417
ffff8533
ffffa95d
ffff9124
ffff9300
ffff808c
ffffa2a6
ffff8911
ffffc38e
ffffd597
ffffc69d
ffffd8a3
ffffcecc
ffffc6ab
ffffc00c
ffffba7d
ffffc838
ffffb905
ffffc710
ffffb905
ffffabf6
ffffa3ea
ffffa60f
ffff9d08
ffffacd7
ffff98d9
ffff9815
ffff98d9
ffff95c2
ffff7e5e
fffff84e
00000d01
fffff5bb
00000729
00000cd6
000025fc
0000242e
ffffe923
fffffa28
fffffbd1
ffffea67
fffffaae
0000221a
0000084f
00002d39
000006f1
00003063
00003663
00001960
000037ba
00001e35
00003d57
000022cb
00003bec
fffff68a
00003982
000002b3
00002120
00000b01
ffffddc6
00000c49
ffffce95
fffffc82
ffffc7b2
ffffbe88
ffffd80b
ffffea67
fffffa64
00001c6a
00003998
00004590
000031ef
00006c93
00006d73
00006ba0
0000714c
00007135
00008291
00006c30
000039f8
00007248
00003143
0000374e
00003143
00000667
ffffdcdf
ffffe63c
ffffa77d
ffffe2d5
ffffbc10
ffffc53d
ffffbc10
ffffc03f
ffffbf3a
ffffda59
fffff607
ffffcf2e
ffffe5c5
ffffd7cf
ffffdbf7
ffffd59e
ffffb519
ffffcf5b
ffffa710
ffffb36b
ffffa911
ffffd095
ffffb3a6
ffffd0a7
ffff9ee5
ffffd9f8
ffffcd81
ffffc5a0
ffffd9b0
fffff951
00002e65
00000b7d
00000fc2
000005d8
fffff812
000023c5
0000231d
00001478
00001e02
00004caf
00003722
000080a5
00006e48
00003fa0
00003d6f
00002752
00004ebf
00005053
00007e50
00007773
000059b7
00005fec
ffffe831
00003b43
ffffd8f9
000010ec
ffffbacb
ffffcb04
ffffa18b
ffffb496
ffff8ad3
ffff9c02
ffff8ad3
ffff8543
ffff9714
ffff8ef3
ffff83bb
ffff9e86
ffff9391
ffff8e7f
ffff9391
ffff8e71
ffff91b1
ffffec5c
00001c3e
ffffe925
00000939
ffffd8e6
fffff892
fffff5ba
ffffed23
ffffdbf9
ffffec85
ffffd9b4
00000f25
ffffffa3
0000345c
00004cf9
0000435f
000062c9
00003541
000076a5
00004b65
0000aa2f
000097a6
0000aa76
00007ab7
0000a450
00008377
00008ea2
000043b1
00002dcc
00000316
000011ad
fffffb4c
0000368e
000024c0
00000bb7
0000067e
00000d2f
00000f91
00001074
00002dd8
000012c5
000022dc
fffffa0d
fffffd04
ffffe8b7
ffffff1d
00000fbb
fffff8bf
ffffd84b
ffffe984
ffffec78
ffffed2a
ffffe693
ffffed2a
ffffee32
ffffd4be
fffff9e9
fffff34f
00000895
ffffd30b
fffffd7b
ffffd30b
ffffed0e
ffffcb17
ffffd5fc
ffffb9f0
ffffda9d
ffffa541
ffffec16
ffffb6c5
ffffd8af
fffffde1
00001774
00001a7e
00001648
000019da
00003d7e
000050ed
000052ce
00005cc6
0000668d
0000b137
00005b14
0000b41f
00004374
00001a8f
00003922
00005328
00004a78
0000835e
00002fa7
fffffcc0
00000ee8
00001955
00005585
00003a08
00002d5c
00005e3d
000088ec
00005a9a
0000445d
00002552
00003e7d
00004d31
00003e18
0000569f
ffffebc2
ffffe4f5
000029b3
00000e91
000011a7
00000a5a
ffffed1b
ffffd385
ffffdda5
ffffed05
ffffed22
ffffed05
ffffe730
ffffd909
00000253
00000f99
000029a3
00002c0a
000050c4
00002c0a
000057b8
00003d45
ffffdc11
fffffcef
fffffefd
fffffbaa
000005f7
fffff53e
0000025f
00000af2
000016ea
00001f54
00001cd7
00001074
00000d99
00003403
00005579
000049f1
00006a66
00008b3f
000078d0
00008e7d
0000ba5a
0000c03a
0000bb7b
0000b464
0000a716
0000b18d
0000c0cc
0000a998
0000bbc3
0000e067
000086e3
00009f51
00007de6
0000cf66
0000a3d9
0000b19a
0000a60f
0000712e
00007e4b
0000683d
00005d98
00006f18
00002b76
000035b4
000025b3
00003ef0
00002556
00002522
00000614
000017de
00001e6e
00002990
00002b7c
00002990
00002131
00000915
000032c2
0000130c
000047f8
000007af
000039eb
000007af
000037ee
0000202c
00001844
0000194f
0000327c
00001eba
000041ea
0000400f
00003472
00005528
000065b9
0000876a
00006bec
00008c03
000063b5
0000a240
00009ba3
0000ca2a
0000b995
0000eb7a
0000bc24
0000ff52
0000d713
0000da64
0000e0bb
0000f25c
0000df6b
0000fb77
0000f1cb
0000e581
00015a6c
000190ab
00017774
00017d3c
0001470f
0001a952
0001671d
00015ad2
00011b25
0000df9a
0000e24e
00007c83
00008390
00008f1d
000022f2
0000339e
000032d8
00002329
00001bee
0000103b
0000325b
00001971
00002af6
00002fff
00002db5
00002fff
00002a2f
00002ab5
00003ed3
00006a1e
00004fc6
00003d8a
00006156
00003d8a
00006d4f
00004b22
fffff8b5
000012a1
00002933
00002d20
00001dff
00000f7c
00000711
00003603
00003f1b
00004c70
00003c80
000025f0
000013b2
00001363
000011fc
00004cf1
00001972
00007a4e
0000187c
00006212
00000ca8
ffffe8e9
fffff8fe
00000a2a
fffff3fc
000023e0
0000004b
ffffe52e
000034e2
0000aea8
000044f5
0000696c
00000009
000063ea
0000660b
000060a5
00003cb9
000018d5
00003d3c
fffff691
000007bd
00002595
00000211
ffffef8c
00000f94
00001178
fffff598
ffffe9e7
00001bd6
ffffec5d
0000068a
00001374
00001158
00001374
00000a4f
00000286
00002b87
000030d8
00005710
000025fb
00006880
000025fb
00006501
0000430b
ffffcb5b
ffffaa10
ffffcc88
ffff9e77
ffffdb41
ffff8bff
ffffad40
ffffde4d
ffffea44
000012a5
00000c6c
ffffe7b7
ffffcc0c
ffffe38f
ffffc309
ffffb80b
ffffc233
ffffb64d
ffffc198
ffffa52d
ffff9a33
ffff82df
ffff7da3
ffff690b
ffff751c
ffff7f22
ffff71ad
ffff566b
ffff5c10
ffffd955
ffffa035
ffffc9ef
ffff9e02
ffffd5ca
ffffd84f
fffffd16
ffffe6ea
ffffed71
fffff9f2
fffffbfa
00000297
ffffea0d
fffff7fe
00000000
fffffde7
fffff809
00001704
fffffafd
fffff562
00001536
00000e12
fffff91d
0000192f
fffff91d
fffff624
00000ef8
000032dc
00002fc8
00002ce0
00000f32
000022d8
00000f32
000028ef
00000ebc
000021ff
00002e8d
000026a9
00000854
000014e2
fffff887
fffff401
0000044d
000029ee
ffffe761
fffff11d
ffffed3b
00000a00
00000202
000013ae
ffffeb9a
00002f9d
00002c67
00001678
00003148
00004385
00005063
00005ce2
000046b8
00004b95
000034ae
00006833
00003e93
0000801f
000088ce
0000ca05
0000d649
0000c411
0000e842
000116fc
0000ee6d
0000f69e
0000eb2f
000109b0
0000ecaf
00010a79
0000b9f8
0000cf85
0000bdc7
0000ae25
00005283
0000a089
0000758b
0000569d
0000607c
00006574
0000721f
000073dc
0000721f
00006dd9
0000677c
00004c0e
00002fb7
00005662
00004958
000032e0
00004958
000038aa
0000478b
00006228
0000449e
000060a7
000028b9
000055c1
00003b58
00005801
00005a1d
000048d8
00003004
0000475e
0000294a
00006c6d
000031d6
0000562d
00002275
00004f83
00002a97
00003b4e
00000d7a
00002ecb
000035b9
000032f9
00003412
00001fdf
000026ca
000018fa
000020c7
fffffcf1
fffffd2e
0000157f
00001903
00002a7b
00002227
0000368c
0000302e
00004138
00002449
00001960
00002241
00001679
0000302e
fffffb53
00004728
fffffc5e
00003197
00001af0
00004af6
00000c0f
000057cd
00002eda
00005c55
00004e35
00005c55
0000582a
00003d7b
00004a48
0000348d
00002f2b
000038f3
000034a5
000038f3
00002b49
000024c8
fffff0ef
fffffd53
fffff537
00000a9e
ffffdd16
fffff962
ffffed0f
fffffb36
ffffdba5
ffffc424
ffffd7af
ffffd311
ffffd2ff
ffffd87d
ffffe4a0
ffffdba1
ffffe865
fffff23e
fffff57a
0000010d
00000ce0
00005406
000027b3
00003d99
000021eb
000021be
00004c0b
000044bd
ffffeaf0
00000eb2
fffffbd0
fffffba6
00002a99
00002c7c
ffffd2fe
00000b87
fffff12b
00002d5b
000026ac
000056d4
000068cb
000010dd
00007f11
00002617
000039cd
ffffea95
00003283
fffff6fb
ffffccb3
ffffe3c8
ffffd610
ffffc832
ffffe2b7
ffffc832
ffffddd5
ffffe8bc
ffffd3ba
ffffb667
ffffde91
ffffcb21
ffffc659
ffffcb21
ffffbd45
ffffcb9f
fffff34c
00000703
00001f04
0000078d
000019f1
00002899
0000164b
00002189
00002d9e
000021f5
000029ed
000025e5
00004670
00003fe2
00007e42
00008784
000071e9
0000a741
000080e2
0000a0bb
00009d11
00009f73
0000ad7a
00009df5
00008f3a
0000a673
0000bdef
0000c728
0000f09c
00009989
0000e47a
000089c3
000097da
0000691b
0000b17e
000059ee
00006717
0000174d
00002b20
ffffeb99
00001a4f
00000c0b
00000935
000009e2
000058bd
000023c2
00002930
00001570
00007124
00005cb3
00005e07
00006eb8
000087af
00006eb8
00005716
0000524e
000048cf
00004730
0000424d
00000cdc
00000dba
00000cdc
000007e9
00000a45
000043e4
00004720
000040b8
00004ffe
00003363
00004f23
00003248
00001b84
00001903
000001cb
00001b8b
000001c9
0000181f
00000e56
0000254d
0000253e
000036d9
00005078
00001b40
00004276
00003060
00005943
00003d50
00003e5a
0000085f
00002def
00002048
00001abb
000018bd
000005e1
00003594
0000173f
00001cef
fffff835
00004145
000019c1
000045df
00002baf
0000528a
00002f14
000040f5
00000f7a
00006f37
00007101
000047f4
00002ec9
0000458b
00002c3a
000021a5
00001f27
00002793
000022c7
00002eeb
000022c7
00001bca
0000112e
000014dc
00001322
0000272f
ffffff9e
0000083e
ffffff9e
00000263
ffffefbc
fffffa1c
fffff681
000000bd
ffffc792
000017bc
ffffcadf
ffffedfb
ffffdc7f
00001121
000002b9
00000a72
ffffdceb
00002f3f
ffffe14d
fffff67b
ffffa966
fffff6e1
ffffddd2
ffffc2af
ffffd3aa
ffff92d9
ffffaef7
ffff809f
ffffe4de
ffff5318
ffffc4c4
ffff2443
ffff5e9b
ffff1176
ffff6ba7
ffff3d08
ffff6832
ffff6458
ffff7cc7
ffff585c
ffffa537
ffffd19e
fffffa70
ffffe833
0000735e
00003ed6
00005571
000026da
00004507
00002cf9
00005930
00003310
0000904f
000039df
000071fc
00006200
00007c59
00005f42
00007c59
00004ece
000041e4
00001fc9
00000e22
000024f4
00003a59
00002c5f
00003a59
000033fc
00003649
ffffd271
ffffdf86
fffff07e
ffffc26c
ffffcbde
ffffc577
ffffd78f
ffffed2a
ffffe7fc
fffff627
ffffd2e2
ffffe7e2
ffffe376
fffffcd6
fffff7e7
00000068
00001978
00002625
ffffe62b
00002613
000007dd
0000069a
00000cdd
00002919
00000ea4
00001f6d
00002838
ffffeb5d
00000609
00008345
000034b3
00009220
00003402
00008ed1
0000a3a6
00008d26
00006bd5
00003cbb
00005aa2
00003b50
00003bf4
000047a6
ffffd248
ffffb3db
ffffeb52
ffffc255
ffffce39
ffffae4f
ffffc7c7
ffffb788
ffffb4c9
ffffe3cc
ffffcd76
ffffe3cc
ffffd49f
ffffc740
ffffd697
ffffc656
ffffdcf9
ffffd8ce
ffffc1a2
ffffd8ce
ffffd2a6
ffffcd16
00000b65
0000352e
00003355
00002a53
000040b4
00005089
00004ec0
000055da
00004098
0000630f
00005e79
000056d7
00003595
0000465e
000066cf
0000936f
00004567
00006f2f
00004e7c
0000544a
00001ef2
00000799
00000b9c
00001912
00000e59
0000247b
00001e50
00001de4
00001579
0000784d
00004b10
00006165
00004689
00009f67
0000664d
00007f99
00004916
00003715
00005bd0
00003d43
000050fa
0000655e
00000744
00000496
00003502
00004b12
00002ab1
00002a95
00002668
00003c72
00003732
000045d4
00005044
000045d4
00003a40
00001d76
00005bf3
00002f75
000050c1
fffff75a
00003f03
fffff75a
00002e1d
000003c0
fffff153
00001083
fffffbd1
000014ca
fffff0e1
00000a31
ffffefab
0000070f
fffff792
0000119b
fffff951
0000033a
ffffe654
fffffbbb
fffff780
0000223d
fffffdd0
00003478
fffffb83
00000033
ffffea09
ffffe003
ffffddf0
ffffd09a
ffffde4b
ffffcfe9
fffff921
fffff8c8
ffffff44
00002653
00003118
000026eb
00002491
000047db
00006f0d
000042f3
000019a3
000006f3
00002ef5
00001c49
000039fe
00003d10
00004f84
ffffff59
000063ce
00002437
000032a1
fffff4ae
00002fc1
fffffac5
00000e75
fffff947
00000cf5
fffff947
00000d1d
000011d4
00002992
0000385c
000042c6
00001655
00003d45
00001655
00003bae
000018eb
000063ef
00007871
0000593d
00007b01
00004922
00009fc6
00006bb7
000059f5
00004283
00001d6e
00002e4e
00002a93
00003bae
00002e34
00005bb1
0000536f
0000439b
000055e2
00003fff
0000708c
00005885
0000782e
00006caa
00009531
000052f8
000072ef
0000a53d
0000d7b6
0000b4be
0000d879
0000eba7
0000f449
00010375
00012882
0000eb7e
0000f9c0
0000f310
0000be58
0000be97
0000b559
0000b732
0000bb99
00008896
00006b8e
00009d2b
0000776a
00006632
000053dd
00005971
00006b5c
0000667f
00007b80
00007e88
00007b80
000061b5
00002f99
00004211
000006e4
0000319f
fffff67e
00000159
fffff67e
ffffead2
00000074
ffffeb76
ffffe139
ffffe0ba
ffffd2d0
ffffebd4
ffffcfa5
ffffdd8f
ffffb8a0
fffff123
ffffecca
ffffcb59
ffffdcd2
000013ef
ffffee5e
000003c8
ffffdf20
00002939
000046a3
00000318
000057b7
00002279
000041a1
00002a2e
00003acb
ffffe722
00003ac1
ffffe177
ffffd79f
00000e5b
00002519
00000fd9
0000195e
fffff5a2
ffffeeaa
00001ea2
00001853
000034c4
00001c90
000051e6
00004918
00004733
00003d6d
00005581
0000534c
00003c52
000032e6
0000376e
00003fe2
0000217f
ffffddf4
0000094f
ffffe04e
ffffde60
ffffe04e
ffffce5c
ffffb507
ffffb160
ffff9e47
ffffc31d
ffffcbb7
ffffd693
ffffcbb7
ffffdafb
ffffcd1f
ffffce45
ffffce08
ffffda56
000007f6
ffffa491
ffffb42d
ffffb192
ffffcb37
ffffbab7
ffffc2ba
ffffc523
ffffb404
ffff9975
ffffb7a1
ffffb2c6
ffffadd8
ffffba2e
ffffb61d
ffffc59e
ffffc26f
ffffc5d3
ffffa9d9
ffffc10b
ffffcdc4
ffff8e04
ffffd19b
ffff9946
ffff8341
ffffc9ae
00007b8f
fffff173
00002f6b
ffffc0d3
0000361b
0000165a
00004db3
00002d4a
000033e1
00004086
00005470
00001c31
00003a67
00000cac
ffffee59
fffff59d
ffffe09e
ffffd933
ffffbcc2
ffff907a
ffff8a02
ffff919c
ffff78e3
ffff8241
ffff78e3
ffff9e7e
ffffa5da
ffffe63f
fffff36c
00000f94
ffffed9b
00001045
ffffed9b
00000131
ffffe2a4
ffffc1ce
ffffb47c
ffffc935
ffffba3f
ffffebe3
ffffaf16
ffffbfa6
ffffd601
00000065
fffff218
fffff5c9
00000fe6
ffffeffe
000034f8
00001597
000026bc
0000224f
00000550
0000424e
0000396e
000071b0
00005dbf
000086ba
000059dd
0000936d
0000785d
000099e3
00005b04
00008a82
0000b7b2
00007582
000099c5
000065ef
0000a86e
00005140
00008897
00006acb
00004f30
00001261
00000df2
ffffde34
ffffef7e
ffff9d2c
ffffb0d9
ffffa642
ffff9326
ffffb19f
ffffa277
ffff9c85
ffffb0c7
ffffa779
ffffaee2
ffffba3b
ffffaee2
ffffab3f
ffffc9c2
ffffc838
000022d3
00000918
0000236f
000031ed
0000236f
00003748
00000f5c
000060f2
000075d7
000094f9
00008c7a
0000a6c2
0000ccb9
0000c008
0000a652
0000af9d
0000a8a4
00009f69
0000a0bd
00008118
0000ad0c
0000c5ca
0000d557
0000a914
0000aaf3
0000ae34
00007cd3
000091f8
000072c8
000095bc
000062c6
0000b62f
00007c72
0000c75a
000091d9
00009107
00000c37
0000a52d
000039ca
000078a8
00002a80
000074bb
00001aa2
00002340
0000041a
fffff88a
ffffd27b
ffffb356
ffffdb0d
ffffb8aa
ffffde5f
ffffc654
ffffe671
ffffcbb8
ffffd1d0
ffffdc29
ffffd398
ffffee02
ffffd218
fffff4f1
ffffd218
fffff07c
00000e36
00005ab9
000051b8
00005431
0000380d
00005a57
0000380d
00003f31
00002e60
ffffda6e
ffffda3d
fffffdf8
ffffb12a
00002fa0
ffffb465
ffffe1a7
ffffea5e
000031e7
0000349b
00003733
00001351
000044a4
00002657
00000d59
fffffe04
00001b11
00002e83
ffffe1b7
fffff740
ffffc13e
ffffe7c4
ffffadf1
ffffcfc7
ffff974c
ffffabfb
ffff75a1
ffff8413
ffff150f
ffff9518
ffff53a2
ffff75a6
ffff715e
ffff8f4f
ffff764c
ffff9982
ffff85c0
ffff88a7
ffff6fc3
ffffa1a7
ffff8a27
ffffbc76
ffffd6a5
ffffe47f
ffffc6ee
ffffcaab
ffffd1f5
ffffc2fe
ffffb486
ffffc16f
ffffb63f
ffffad8e
ffffcaa4
ffffad8e
ffffb0cf
ffffcb35
ffffce47
fffff1f2
fffff13c
fffffa1c
000019e2
fffffa1c
00003a8d
00000976
00001ecf
00001d21
00003c65
00001f5a
00004e30
00002392
0000281f
000022ae
00004d95
00002c8f
00002a71
00002477
00003430
00002612
00001cca
00002952
00001b4b
00003c4a
00000a9a
00002579
00000731
ffffffbb
0000039a
ffffff1f
0000073d
fffffefa
ffffff88
fffff13d
fffff519
fffffe6c
00002c14
000020b1
00000da5
000008bf
0000521e
00002e97
00002f3f
00002144
0000471f
0000274a
00003dcd
00000383
000071d7
00006b43
00004185
000001a8
00004dc6
00002524
00002413
0000102d
00001e08
00000d65
00001f37
00000d65
000001ec
00002698
00000b1d
00002836
000022bc
0000268b
00001582
0000268b
000025eb
00003168
000029e5
00003243
000022f8
00002aab
000033eb
0000333c
00002433
00001520
00002359
00000bcf
0000227e
00000e4f
fffffcb3
00001e55
00000ada
00000f89
000034c8
00003518
00000a7d
0000351b
000034f0
00009542
000059c6
00007092
000069d3
000053a1
000067ef
0000140e
ffffd59d
ffffbc15
ffffced2
ffffc84c
ffffc9b2
ffff8c91
ffffaeed
ffff9de5
ffffc8be
ffffc190
ffffc5af
ffffbe0d
ffffc0d9
ffff8472
ffffe7f5
ffffdafd
ffffcac6
ffffa1cf
ffffc972
ffffae21
ffffbb12
ffffb9f9
ffffbecd
ffffbab0
ffffd279
ffffbab0
ffffc941
ffffea45
ffffd922
fffff404
fffff253
fffffa99
ffffeeb3
fffffa99
fffff9e0
ffffdfef
00005d5e
00007f63
00009733
00009449
0000abfd
0000b306
00009ef5
0000ad65
0000b8bf
0000a368
0000932d
0000aa16
0000638f
00008b78
00003e7e
00009ad8
00003fcc
000071ad
0000081d
00004d3d
fffff425
fffff054
ffffe43e
00001a21
fffff931
000009d2
fffff551
ffffdba0
00000517
000080f4
0000242e
000064ed
000035a3
0000a7cc
00002955
0000607f
0000226c
000033be
00000566
fffff1aa
ffffec34
000001f2
ffff9f68
ffff8438
ffffca80
ffffa6d4
ffffabab
ffff8a54
ffffc184
ffffc6ce
ffffb8ae
ffffd191
ffffd3f1
ffffd191
ffffd791
ffffeee5
00000e47
000036c8
00002ea3
0000104d
000035fd
0000104d
00004a55
000014fe
ffffd85f
ffffe025
ffffc6f1
000009ac
ffffaaa2
ffffdacd
ffffc76f
ffffc781
ffffa8f0
ffffa413
ffffa15d
ffffbad0
ffffa646
ffffa1f6
ffff94b6
ffff72eb
ffff9b3f
ffff65b4
ffff8c6a
ffff6a1e
ffff7f0e
ffff8cdd
ffff83d0
ffff935a
ffff7a60
ffff612f
ffff806e
ffff7e9a
ffff4926
ffffd868
ffff2c70
ffffb6f5
ffff5570
ffffbd91
ffff74a8
ffffc6f9
ffffcbc3
ffffd8b0
ffffc2e7
fffff648
ffffeb87
00000482
00001b7f
fffff5d0
ffffff73
000014c2
ffffe8ab
fffff1f0
ffffcf00
ffffe385
ffffc7e2
ffffe983
ffffd43f
ffffe983
fffff730
ffffdc16
ffffeb0c
ffffe1a3
000002d0
ffffe347
fffff5ad
ffffe347
ffffe4d2
ffffe1c6
ffffdc99
fffffaf7
000006cb
ffffff1e
ffffea71
ffffe14e
ffffe168
ffffe25b
ffffd690
ffffda2c
ffffd3ed
ffffd5b0
fffff1bc
ffffef3d
fffffd3b
ffffd836
000002b9
ffffdc56
fffff926
ffffdad7
00000321
00002741
000016c4
0000275c
00000298
00000dce
000011b8
fffff736
ffffcffb
ffffdca0
ffffd4df
ffffd541
ffffd3dc
ffffc8ec
00000f7d
ffffff1b
000017e7
0000059f
000016a5
000016bd
000006d9
ffffea6d
00001d92
0000101f
fffff83e
ffffe135
ffffe0de
ffffeb12
ffffe6ff
fffffc1c
ffffe05b
ffffeb25
fffff952
ffffeb25
ffffe77f
000011b5
000007ad
00000618
00001663
fffff05a
ffffd298
fffff05a
ffffc49b
ffffd752
ffffabb3
ffffb6c6
ffffb3b6
ffffae4e
ffffcb91
ffffa78a
ffffbfa1
ffffc4dd
ffffbda9
ffffecab
ffffd50e
ffffe02f
ffffeee6
ffffeeec
00000a4c
00001dde
00000b5b
000004f8
00001d6d
fffff24e
fffff68d
ffffba82
ffffd3c9
0000017b
000000a7
00001622
fffff802
00002ad3
00002595
ffffee33
000009cf
000019a9
000063a7
00004c81
00002b93
00001864
00002879
00002ece
00001b39
000037ff
000030c3
00005c87
0000092a
fffff2ce
00003c88
000044cd
000013ff
00003330
00008978
00009b74
00007548
00009fe5
00008b07
00009fe5
00009f5c
000091b2
00005b36
00008ec1
0000612f
00007fff
00007a12
00007fff
00006048
0000619b
fffffaab
00004b22
fffff452
00006a43
000010fb
00005c80
0000064c
00001d8e
00000083
000007b7
ffffeff5
000016fb
ffffe18e
00000ce3
fffffa53
0000370c
00000a20
000045a6
000016c9
00003146
00001759
000017df
000008d6
000042a8
fffffbc6
0000296a
000024a1
0000469a
fffffff4
0000625e
00000774
000036e3
00001b43
0000560c
00003fe8
00005c8a
00005ae4
000047d8
00005c8a
00008c2c
00007f1a
000092c1
0000995d
0000567d
0000903f
00007b40
00006544
00005965
000058d5
000056a2
000059b7
00004d8d
000054bd
00004d8d
0000399b
0000111a
00001797
00001869
00002ca1
ffffda63
00000ffa
ffffda63
00000851
ffffdd3b
000004d8
000032cb
0000171d
000030c5
00001df4
00003373
00000c93
000013ee
000017c6
00001017
0000089b
00000ef9
ffffffd4
00001802
00001f58
00002f6b
000032ad
00005894
00002acc
000053f4
0000498e
00006d7f
000053af
00007e34
00004c4f
00005232
00007e64
0000a421
00007bd5
0000d318
00008cad
0000c2b6
0000a29a
0000e6bb
0000d7cd
0000c810
0000c338
0000835b
000072c8
00004e98
00006b00
00007c80
00004fe4
00003873
00005104
00004796
000026ac
00001025
00002328
0000314d
00002459
00004527
000044f8
00004527
00003339
0000126b
00002003
00001f31
0000375f
ffffee50
00001a9c
ffffee50
000021eb
fffff8b3
ffffee8f
fffff1e2
fffffadf
ffffc44a
000018e3
ffffcd9a
ffffe0cf
fffff539
0000249a
00001062
00000d8e
fffffc5d
00000f2c
00000516
fffff20b
ffffb508
00000d0c
ffffd4ce
ffffdecc
ffffd5ca
fffffed0
000018aa
00001098
00001e59
fffff57e
00000cd5
000012e5
ffffeb99
00002858
00008392
00003155
000079c4
000024ae
00009972
000074a8
00009ce8
00008911
000066d9
000070ba
0000967c
00007eb0
000071e4
00005ed1
000055a7
000036a3
00001a6d
00004365
000029c0
ffffe5c9
000009f3
0000048f
000002fc
00000427
000002fc
ffffffff
0000048f
fffff315
ffffe667
000006f2
00001374
00000a23
00001374
00000949
000014b4
ffffc683
ffffe420
ffffd5f1
ffffda87
ffffb57c
ffffb06a
ffffb147
ffffa211
ffffaebf
ffff7daf
ffff9371
ffff76b5
ffff8134
ffff4d49
ffff6138
ffff2a22
ffff7342
ffff4b0e
ffff3b36
ffff76b0
ffff77d4
ffffcce8
ffff9875
ffffa2ea
ffff9b37
ffff568a
ffffb870
ffffad9b
ffffca40
000038e1
ffffbbdc
000019d3
ffffdda2
0000330b
ffff6c50
ffffd066
ffff8b7e
ffff9dc8
ffff5f32
ffff4bcd
ffff3b53
ffff82f8
fffefe5a
fffedcdb
ffff4ba3
ffff4f1c
ffff28cc
fffeeab9
ffff56a9
ffff255d
ffff3de9
ffff3906
ffff4000
ffff3906
ffff58a2
ffff69b7
ffff7773
ffff63ec
ffff996f
ffff708d
ffff82e7
ffff708d
ffff92b4
ffff75ca
ffffb6c0
ffffe01a
ffffcf8a
ffffdce9
ffffec68
ffffe3c8
ffffe77d
ffffdfb6
fffffad1
ffffeddd
ffffe6a7
ffffed2c
00001a35
000018e6
00004c99
0000203f
00005063
00006714
000050d1
00006b90
000061bd
000076e4
000069ac
00006b7b
00006903
00006fd9
000081b9
00007772
000033d4
fffff46e
000084f5
000021b3
00006d40
00002179
00004df2
00003a78
000034a3
0000610c
000097a4
0000a8d8
0000ba9f
000056e7
0000eb56
00009cf5
0000a3a1
000043bd
00009da6
00006cbf
00005d65
000035b6
00005d22
00001a4c
000044cb
00001a4c
0000251e
00003f56
00002597
00000984
000014aa
00000736
fffff00f
00000736
ffffee29
000023f9
00000686
000027d3
fffffe7c
00002507
000001d4
00002eb8
000019e7
fffff636
fffffd6c
fffff7ec
ffffe98e
000002c3
000001e5
00001be7
00003d2e
0000182b
000054e7
000042b5
000053f5
00005e2e
00009644
0000bb62
0000a796
0000b451
00007649
000098d0
000089ef
00009138
00009554
000054d1
00005d34
0000396e
000053b6
00003fa3
00006063
00003575
0000494a
00001389
0000217f
000013c1
000027e8
00002953
000034e5
00003a62
00001113
0000269a
0000091b
000015fa
00000db4
fffffb8d
00000733
0000031a
ffffffe2
0000031a
ffffe723
ffffbee0
ffffd4bb
ffffbbb3
ffffdb86
ffffba28
ffffd13c
ffffba28
ffffd188
ffffc5a1
00003820
00004926
00005204
00002902
00004e59
00003182
00002f45
00003154
00002c14
000009b7
000014b9
ffffe4b1
fffff5d9
ffffcd40
ffffcdf3
ffffdad6
ffffd806
fffff239
ffff99dd
ffffe141
ffff9d5c
ffffa42a
ffff93bf
ffffc366
ffff8779
ffffc72d
ffffa0e6
ffffa096
fffff8c3
ffffeb36
000001e2
ffffed99
fffff4ab
fffff781
00001176
ffffd240
fffff03b
00001b60
0000383f
fffffd21
00001a08
fffffffd
ffffde7c
ffffc3b5
fffffcfd
ffffebac
ffffe001
ffffd915
00000411
fffffe70
fffff8b5
0000282b
00001a4e
0000282b
00002dc0
00002cf5
000034ff
fffff998
00002bd7
0000046e
00000ee9
0000046e
00000cc3
fffffa9a
fffffc51
fffff4d4
00000972
fffff071
fffff47b
ffffcdb9
ffffdd7b
ffffd4fe
ffffef22
ffffc44c
ffffce06
ffffadce
ffffd13b
ffffbf88
ffffcd42
ffffca7b
ffffd74a
ffffee3e
ffffc031
fffff33d
ffffd3ea
ffffb291
ffffd35d
ffffccd6
ffffc29a
ffffde1c
ffffca2b
ffff9dd9
00000ddb
000030cb
00001202
00003966
00000992
00002463
0000480c
0000220b
00004492
0000505f
00004a28
00002f4a
00002761
00000166
000037ac
00001c60
00000b9d
ffffd591
fffffc17
ffffe7a1
ffffe7cc
ffffc519
ffffd3cb
ffffdf39
ffffd8f2
ffffdf39
ffffe411
fffff58b
ffffe847
fffffd46
00001bc0
00001f2e
00002435
00001f2e
000026ad
00001ea1
00002318
00001f36
00003779
00001bee
00002d8d
fffffc80
fffff417
fffff286
00001db7
ffffd242
ffffdd16
ffffb9ef
fffff014
ffffbe46
ffffc695
ffffb982
ffffda54
fffffdff
ffff9075
fffffcf3
ffffaa9f
ffffcf60
ffffc4ef
ffffee74
ffffb5e6
ffffde41
ffffd954
ffffc2c3
00001962
00005963
000036af
00005add
fffffaa7
00003116
0000606d
000024d5
00004a28
000036d7
00002e44
ffffd45b
ffffdc38
ffffbfeb
00001c72
fffff042
ffffd36d
ffff9cff
ffffaecd
ffff8efb
ffff9c02
ffff72a4
ffff80c8
ffff91ad
ffff8df2
ffff91ad
ffff9a04
ffffaf84
ffffaf76
ffffbe9f
ffffee63
ffffff29
0000002d
ffffff29
00000fc9
0000035e
00002908
00001d05
00003df2
0000075e
00005422
fffff4a4
0000249f
00001d51
0000493d
00004b3c
000060cc
000029af
00003e3f
00004aed
00006d45
00006413
00005668
00005766
00004838
0000394c
00004cc6
0000336d
0000480a
000043e2
000033c2
000051ba
00001d17
0000223b
000018d9
00001f42
000001c5
00002227
000018bd
000019db
00001222
000024cb
00002af0
ffffdd8e
ffffba35
fffffb8f
ffffcda1
000019d6
ffffb4f8
ffffec51
fffff076
0000194f
ffffebd7
000003a4
fffffc17
00001981
00000ae2
00004839
00003803
00004839
00003c46
000030c2
000042c2
00007513
00008fc9
00006090
0000bb84
00006090
0000c51d
000067d6
fffffd54
00001840
0000460d
0000240d
0000511e
000034db
00002663
00003d9e
0000567c
00004691
00005157
0000310e
0000304d
00003040
000027c9
0000524c
000035a1
000063c3
00001184
00003c79
000004ee
fffffdea
0000082f
fffffd61
00001086
00000573
00002b81
0000205a
0000245f
00003e57
00007a55
00007853
000071cb
00007910
0000abd2
00006eb4
000046d8
00002f7f
000042ab
0000004d
000025f3
fffffc72
00000efe
0000091a
0000180d
ffffda7b
000007f5
ffffd4a6
ffffe111
00000573
ffffe0a1
fffff970
00001886
fffff970
000001e7
0000410e
00002baf
000051c0
000042b0
000035c0
000029d3
000035c0
000041b4
00004563
00000c7e
00004971
000030a7
0000474e
00001589
00002b4f
00002863
000015b5
00002171
00002db5
00001dca
00000ee0
ffffe122
fffff10b
ffffecfd
fffff269
ffffe23e
ffffd257
ffffd591
ffffba75
ffffa82e
ffff994c
ffff8fde
ffff9fb1
ffff9900
ffff9684
ffff87ce
ffff79bd
ffff639d
ffffea05
ffff7f9f
ffffc516
ffffac8c
ffffedf5
ffff8ba2
ffffe709
ffffd250
ffffe759
ffffce64
00000437
00000355
fffff6f1
ffffe90b
ffffd47a
ffffdccf
fffffded
fffffe8c
fffff978
000007f8
0000178d
0000126d
00001de4
00001277
00001de4
0000240b
0000261c
00002cad
00002ab3
00004830
00001be5
000036b6
00001be5
000034cc
00002b5f
0000517d
00007f0b
000070d0
00008149
00006743
00009488
00005f0d
000061d8
00005d02
00004831
00003429
000034c0
0000193c
ffffff42
ffffeb6c
0000145a
fffff8bb
00003182
ffffcd22
000012a0
ffffbea3
ffffdcad
ffffb8f7
fffffcaa
ffffc429
ffffe784
ffffd50e
fffff081
000004bc
00005007
00003918
00003f4e
0000323b
00006bc7
00001d40
00004140
0000486e
0000608f
00004dfe
000065c9
00005fb0
00006815
00002507
ffffecd3
00002be5
00001f73
ffffff1a
fffffa6d
00001993
0000153d
000011d4
00001994
0000122b
00001994
000028fb
0000146a
000021e0
000013f2
000030ec
00000d4b
00003079
00000d4b
00003653
00001451
ffffc778
ffffd846
ffffe61e
ffffadda
ffffcb7e
ffffa45b
ffffa245
ffffdd7a
00000120
fffffb80
ffffe907
ffffdec7
fffff66d
0000013d
000030d1
00002c4b
00004016
000063ec
00005eb1
00007f50
000080e6
0000598f
00008e0d
00008989
00007280
00009afe
00008340
00007e2b
00012359
0000ed7e
00011c9d
0000f5c0
0000cd40
0000e04d
00015198
0000f11f
0000fe91
0000da5e
00011738
0000cb97
0000ef3a
0000c191
00008630
000072fa
00009aac
000056a5
00006e08
000060c3
000080ae
00004953
0000671d
0000637c
00006a7b
0000637c
00007953
00006a05
00004860
00002a35
00005355
000030eb
000039b6
000030eb
00003694
00004693
ffffe0d7
ffffde26
ffffc8fe
ffffd147
ffffcff1
ffff9f71
ffffaec1
ffffb05c
ffffa311
ffff95bd
ffffa928
ffff8c5e
ffffdbab
ffff8f52
ffffaaac
ffffb50c
ffffb385
ffffcda3
ffffb4d7
ffffbe5b
ffffaca1
ffff6f16
ffff8eb6
ffff8eeb
ffff82fb
ffff999b
ffff754e
ffffa924
ffffb3e3
ffffde8f
ffffa812
ffffde0c
ffffdccd
fffff28a
ffffebee
fffff029
fffffde7
000026fc
000023a4
00005121
00004d56
00005d09
00006618
00001f8d
00006cca
00003bd3
000043c1
00002eb1
00002fdf
00001415
00000c85
00002d91
00000bae
00002d91
0000271e
00001107
ffffdea4
ffffeffd
fffffddf
00001877
00001b5f
00001877
00001c83
000003b2
ffffff64
fffff3c3
fffff402
00000373
ffffedc9
fffff98c
fffffd06
ffffe0c1
ffffe8ef
ffffd77f
ffffde79
ffffe491
ffffff81
fffff92a
fffffc1f
fffffa31
00000430
00002328
0000040d
0000308a
00001d70
000039f9
00002961
00004900
00002f97
0000465c
00004951
000048e0
0000455d
00003d3f
00006aa2
00005366
000079ca
00008125
00003c15
0000692c
00005fbd
00009203
000095ce
00008847
000095cb
00003c7e
0000b538
00007da0
00002c03
000006eb
000043e5
000018a0
ffffce23
ffffdcbe
ffffde88
ffffb349
ffffc79d
ffffb349
ffffbff9
ffffcf26
ffffca88
ffffea57
ffffeed4
fffff05e
fffff8a1
fffff05e
fffff0d2
ffffe3f4
0000112a
00002ca5
0000073a
00002992
000009ce
00003989
00002570
00000fa1
00001735
ffffef7d
ffffe381
00000f91
000012f4
0000276b
0000301a
00003cc1
00005e72
000079a8
0000708d
0000b6ae
0000b520
0000b733
0000c705
0000d211
0000c050
0000e057
0000d951
00009f1c
0001045a
0000d9d8
0001241d
0000ec81
000121d1
00012f1a
0000f792
0000ece9
0000ff83
00011b0c
0001362c
00013321
000121e1
0001085e
00009373
00007a41
0000892b
0000683a
00008a80
0000640e
00002ca4
00001cc3
00003d14
00002182
000012ed
00002182
00001f0d
fffffaa1
0000091c
ffffdda3
00000435
ffffe3da
ffffeb83
ffffe3da
ffffe61a
ffffd268
00007380
00007ec8
00007567
000093a8
00006b3b
000094f9
000063bb
000050eb
000058e4
00001a8a
000027ff
00001537
00000f9f
0000001d
ffffe59e
fffffe51
000002fb
00003899
ffffe10f
00004640
fffff6c2
000030d8
fffffe53
000058f9
000003d7
00004547
0000278e
00002d1d
00001fd0
00004727
0000466f
0000452b
0000652d
00008c1c
00002978
0000561d
0000726d
0000a06e
000086c3
0000b94d
0000a7ab
00006756
00009ff3
0000489b
0000509c
00001f28
00002e7d
0000114b
ffffecbd
000009b0
fffff0b4
ffffffc3
00000699
ffffffc3
00001be0
000021ac
000007fd
00000fbe
000025a9
00001599
00002018
00001599
00002407
000009d6
000015bd
00001921
00005072
00001be7
00004b85
000020da
000038ba
00004537
000064d3
00006812
00005a4a
0000679d
00004da4
000087d6
00009131
0000aeb8
00009159
00008d6f
0000abe0
00009f5f
0000a074
00005f5b
00009af9
000098d3
0000c12e
0000b8b0
0000bc21
00008c96
0000c11c
0000b539
0000b192
0000bc09
0000cb62
0000dc23
0000a81e
0000a690
0000be08
0000b971
00009657
0000889d
00008393
000053f2
00006616
0000722f
00004a88
00002acb
0000563a
00005f71
00007bda
0000aa01
000090d3
0000be15
0000b5db
0000be15
0000c4b0
0000d586
0000b005
0000f60f
0000d4ab
0000c1cd
0000d007
0000c1cd
0000b7fa
0000afb8
ffffe41d
000008a5
fffff0ed
fffff644
ffffddfc
ffffdfc8
0000002f
fffffd98
ffffe94c
fffffbb8
fffff7a2
fffff33e
ffffe425
ffffe6cb
ffffe86f
fffff305
ffffe929
ffffe57c
ffffece4
ffffc6c9
ffffb0fa
ffff7722
ffff889b
ffff836e
ffffc36d
ffffa085
ffffa2cb
ffff726c
ffff8dae
ffffeed6
ffffbfd4
00000599
fffff4ef
00003d9e
ffffc215
00000944
ffffd1a1
ffffffd3
ffffe428
fffffd5e
0000069d
ffffff3f
ffffce4a
ffffb6af
ffffc618
ffffda0d
ffffe53b
ffffc695
ffffdf8c
fffff074
ffffe17b
00000bac
fffff0e5
00000bac
000011ec
00001295
0000289b
00004042
00004004
00004c07
000060f7
00004c07
000057b5
00004aee
ffffc48f
ffffcbf4
ffffc533
ffffb539
ffffca83
ffffa5d3
ffffad1d
ffffb519
ffffc16c
ffffbb66
ffffc4fa
ffffb95e
ffffcabb
ffffe10f
ffffdc83
ffffdaf1
fffff110
fffff57a
ffffe5a2
0000030c
ffffe5c9
ffffcba5
ffffe2bf
0000042c
ffffd9c6
00001c94
ffffe207
ffffbb8a
ffffb565
ffffe3fe
ffffb4ff
ffffdf9c
ffffb57c
ffffe481
ffffb750
fffff435
fffff2d5
ffffd1de
ffffc4ea
fffff76b
ffffc9fd
ffffe7b1
ffffc95d
ffffb0e4
000000c6
ffffea8d
ffffda88
ffffddc3
ffffe7f6
ffffd7da
ffffd70a
ffffef96
ffffe3e9
ffffef96
ffffe9dd
fffff1bb
ffffedc4
00002688
00004dd9
00004af8
0000667c
00004af8
00006a9c
000045d0
00001b71
0000229f
00004461
000013a5
00005c3d
00002376
00002b5f
00004c3f
000060a5
0000501e
00006618
00003bd3
00004073
00005cff
000087d1
00008d94
00007509
0000860d
0000778f
00006c07
0000789f
00006621
000079bd
00008124
00008397
00007fa9
000069b5
000069ce
000063ae
00003921
00003957
000046a3
00004bff
00004ec2
000059ad
00004f5d
00006596
00002e5e
000029f7
000041d3
000052d9
00005d50
0000190e
00002438
00006c3d
000075ec
00004d1e
00007201
0000a166
0000a9ca
00009834
0000e779
0000d264
0000e779
0000d6ec
0000cd1e
0000a816
0000c61e
0000edad
0000b563
0000f39a
0000b563
0000e7c1
0000b91f
ffffbfbe
00000814
ffffcf65
00000aba
ffffd231
ffffe0ee
ffffc4ac
ffffd04b
ffffd954
ffffdafc
ffffd6fd
ffffd72c
ffffd1af
ffffec59
00000229
fffff4fe
00000f8c
ffffffe3
00001b91
fffffc6b
00001a46
00000bf2
000011b9
000025b5
fffffe68
00000dbc
ffffe93f
fffffa1e
ffffb3e5
000013cd
ffffbbb3
00000019
000008b3
0000409a
ffffefad
000045d0
000049ea
0000751c
00006773
0000bdd3
000080ba
0000a1a9
00007242
0000665a
000044a6
00008277
00004383
00006220
00000381
00004029
00001d25
000039b4
000033e6
000039b4
000046eb
00002bce
00002d4a
0000272e
00004de1
00001446
0000432e
00001446
00003d28
000024c1
00001847
00002f5c
000024d2
000019d3
000039af
0000347c
00002bc9
00003aa1
00004e46
000044ba
00003463
00003e53
00003c0a
000060a7
00005bf7
00006583
000083e7
0000a0e2
00008145
0000ad47
0000a2ca
0000af47
0000a8eb
0000c267
0000b560
0000cb98
0000ba75
00007a0a
0000b202
00008ed0
0000c710
0000c3f9
0000f402
00010ad1
0000e053
0000d663
0000e2c0
0000e05e
0000fa6e
0000f779
0000f4f1
0000ec9e
0000527a
00005651
0000874c
0000759d
00006951
00006cd1
00005e6b
00007b5d
0000747a
00007ccc
000077c1
00007ccc
00007aed
0000729d
00006f71
00005058
000068a2
00003c38
00004cb0
00003c38
00004914
000033da
ffffebcb
00002053
0000379a
000018e5
00004190
000022fa
000027bb
fffff9e8
0000498b
00002b7a
00001299
0000193e
00002451
00003d31
0000619b
00003892
0000919f
00007a97
00008021
0000b07c
0000cb7a
0000f0d7
0000ea44
000116d0
0000d37e
00010d67
0000f6ac
0000ee57
000104ff
00010212
0000d029
0000e70d
0000f9c4
00010264
0000c32b
0000bd36
0000c8d8
000082c5
00005b7e
00008376
00005ed8
00008616
00002d7d
000035cc
000044a3
000040ae
0000236b
00004650
00005e1d
00004d9d
0000617d
0000491c
00005109
0000491c
0000305e
00003668
00001dc9
00002da5
000049dd
00001f19
00002c27
00001f19
0000321a
00001ec5
ffffd463
ffffd009
ffffc816
ffffccba
ffffd6aa
ffffb3ef
ffffbe55
ffffbf54
ffffdcf6
ffffc5ec
ffffc45d
ffffcb3e
fffff8d4
ffffc610
ffffc24d
ffffa7aa
ffffd3ec
ffffe2dd
ffffad56
ffffc406
ffffb6d7
ffffbd13
ffffbb4f
ffffb19a
ffffa456
ffffacc7
ffffbce9
ffffb428
fffff301
ffffe85c
00001794
ffffe436
ffffe7b7
ffffd13e
000024dc
ffffcdc9
ffffc336
ffffc713
ffffc2bc
ffffa954
ffffc2ea
ffffab03
fffff991
ffffba37
ffffcc75
ffff85d8
ffffb006
ffff6aea
ffff84fc
ffff4bea
ffff547a
ffff4d29
ffff5744
ffff4d29
ffff6088
ffff795e
ffff8230
ffff8661
ffff8da9
ffffb899
ffffa649
ffffb899
ffffb4f7
ffffb78b
00002bb1
00003829
0000513d
00003d00
00004f2e
0000248c
000025c0
00001053
00004045
fffffb12
0000131a
ffffed79
00001058
fffff69a
fffff339
ffffd9d4
fffffb74
fffffbe1
ffffcf32
0000042f
fffff7b1
00002864
000015ab
00002722
0000136e
00001122
00002474
000009e6
00000d37
00005cdb
00002e84
00006cbf
00001d1d
0000515f
00004f89
00005fbb
000061e1
00004059
00003a1c
0000261a
00001816
fffff606
000035c7
00002d1b
fffffd17
ffffc152
fffff15a
ffffd247
ffffb2f2
ffffdb04
ffffc206
ffffd980
ffffee23
ffffd980
ffffd688
00000647
ffffec5f
00000322
00000de1
000002d1
ffffec2f
000002d1
fffffced
fffff8f8
000036ec
000063c5
0000812a
00008f20
000051f9
00009b9c
000051c8
0000794e
00007460
0000594b
000046fd
0000550d
00004fb9
000043ee
000023e4
0000668e
00001916
00007b72
ffffff54
0000543b
ffffd62f
00000a63
ffffdc0e
000016c7
ffffd62a
00000898
ffffead8
ffffcbb4
ffffa652
00001233
ffffd822
fffff206
ffffc6cd
fffff1ed
fffff620
fffff8a8
ffffe62a
00001008
00001ba8
000018ff
00000a8d
00001ec4
00000598
ffffd239
00000419
fffff07c
ffffc2e5
ffffc02d
ffffaacd
ffffb582
ffff93cb
ffffc11a
ffffc4fb
ffffc11a
ffffeb00
ffffdc8d
00000e90
ffffe9b0
00001e53
ffffdf34
00001323
ffffdf34
00000b39
ffffee37
fffff500
000005dd
fffffdea
fffffb63
00000912
ffffde33
fffff6c6
ffffdc55
0000092e
fffff989
fffff204
ffffe7eb
ffffda4e
0000142a
000015a9
fffffef7
00003351
000015c2
000023b5
00001fe1
000055ca
0000377e
00004dc4
00004cd8
00005134
00004a16
000049d7
000013d8
0000166e
00007598
00001c25
0000518c
000037b6
0000842f
000036eb
00007384
00005ec2
00004244
00002cb7
00005d45
00003cd9
00004fae
00000ebc
fffffb08
00000306
000004b6
00000c1d
fffff4f0
ffffd394
ffffed95
ffffddc4
ffffeb84
ffffe646
ffffeb84
fffff0e9
fffff43e
fffff9a0
00002478
00004077
000035ff
000062cb
000035ff
0000680b
000035b9
000000df
00001292
000021a2
0000318f
0000097e
0000224d
0000192c
00001d7e
00000a0e
00002186
000004cf
000022b1
000017a9
00002824
00002efa
00003184
0000337e
000038c1
00003498
00002567
00002704
00001a87
00001f42
00001457
fffff7ac
00001956
00001301
fffffe09
00000bb2
00001d0d
00001bed
0000198a
fffff95a
00000010
00003686
0000429a
0000437d
00002e13
00006941
00004b8b
00004b22
000026d3
0000941e
000085f7
00004f6d
00003041
000058e6
000044ce
00003dd7
000032c9
000040bd
0000179a
00002caf
0000179a
00001972
00002538
00003258
0000302b
00003a57
00001f54
000014fe
00001f54
00000508
00001ad8
ffffc460
ffffe7f9
ffffe8a5
ffffe6f6
fffff89a
ffffd104
ffffdd60
ffffedaf
fffffefc
00001f3f
ffffff87
00001126
00000e8b
0000342a
000053df
000040c0
0000588d
000040f9
00008381
0000635a
00007dba
0000474f
000075ea
00007d58
00007a86
00009932
00007a59
00006015
000067bd
0000411c
00005cf7
00003cdc
00004928
000045e4
000055f5
00006053
00007087
000073a9
0000844e
000098c3
000076ee
00005e62
00008464
00007f08
0000532e
00003bdb
00005ce1
00006d95
00005ca4
00005eb3
00006afd
000060ab
00005e49
000060ab
00005d9a
00007bcb
000060df
000088fd
00008f25
00008474
00008598
00008474
00007134
00007a57
00000aa7
000024e8
00001998
00000f5d
00003061
0000067f
fffffb76
0000015b
00003279
000034f0
00002d5a
00001f76
000058be
00003fc5
000057c9
0000617e
00005240
000071b9
000062a9
00006866
00003c5e
0000133c
00002e2e
00005ea5
000043ce
00007554
00002a60
000036e9
00001556
0000143d
ffffc7e2
00001260
0000073d
00001b5b
ffffd802
0000171b
0000432a
000064ee
00006ee1
0000a2a1
0000a8bd
00008a9e
00009805
000096f9
00009e78
0000b33e
00008d7c
0000d9ff
0000accd
0000dd5d
0000bccc
00010baf
0000e924
00010baf
000105b0
0000ea97
00009f74
0000ab22
0000c2e6
00008fc0
0000c80a
00008fc0
0000b11f
000086ea
00006312
00008ee9
00007be7
0000a24a
00006209
0000b547
00005f5e
00008558
0000735c
000058f0
000062c3
000055aa
000050b5
00004760
00004f8d
00008c96
00003f7a
00009733
0000345f
000088ef
00001d78
00003904
00001fc0
00006c79
00001b74
00006d3e
000052b4
00007172
00006401
00009aea
0000ae7b
0000ab87
0000ae54
0000d840
0000e1e1
0000c6d5
0000acd7
0000bb6c
0000df77
0000a9f4
0000bdff
0000ace5
00007861
00004375
000089c9
00005d4e
000034f5
00003717
00001a50
000017ca
00000a81
00001c01
000025f9
00001c01
00002b16
00001e28
000031a9
000003a1
00003efe
ffffe884
00001a2f
ffffe884
00001958
fffff610
ffffd42d
ffffadeb
ffffa515
ffffb36f
ffff824d
ffffa3e9
ffffbcbb
ffff99c3
ffff7648
ffff8598
ffff6836
ffff9bef
ffffbd67
ffffb16c
ffffb5ef
ffffaea2
ffffdfe1
fffff690
ffffc7c7
0000164f
ffffe247
fffff4fd
ffffdd32
fffff3c3
ffffc292
ffffe900
ffffafb3
ffff72ae
ffff976a
ffff8efe
ffff7f24
ffff5e30
ffff5c27
ffff3641
ffff2ae3
ffff3262
ffff66b7
ffff9cb1
ffffb892
ffffcab2
ffffdaf3
ffffa595
ffffc9c8
ffff84cf
fffff18a
ffffc070
ffffe3d2
ffffc643
00001190
ffffbad2
ffffdcc2
ffffc2ab
ffffb059
ffffc2ab
ffffc5c2
ffffad46
ffffa3b5
ffff7fa8
ffff81ff
ffffb41c
ffff8681
ffffb41c
ffff7a45
ffffa39c
fffffaf5
00001b7d
00002979
00000ed3
00003eb6
00001da3
000020ef
00003846
00005849
00006c30
000065f7
00005c80
0000432f
000067a4
0000766d
00009e53
00006bdf
00008b92
00008082
00007ab1
000061c1
00003570
0000518a
000031da
000086b9
00005c9c
00006dd1
0000386d
00003744
fffff6a5
00004ab1
00000602
00002396
0000199a
00002090
fffffaa7
ffffdba6
ffffe2dc
fffff5e1
fffff379
fffff4dc
fffffb9a
fffff061
ffffe183
00001217
00000551
000014db
00000265
0000314c
fffff9da
000021a8
00000f4f
00001914
00000f4f
00001d45
00003f42
0000545d
000083a6
000083e1
00006cae
00009c43
00006cae
00008d9c
00006a5f
000006a6
00004173
00001db0
000048bd
00002e67
00002c96
00001d9c
ffffde2f
000026bb
fffff44a
ffffe94f
fffff244
00001b05
00002532
00005b51
000037b9
00008d59
00009b42
000071f3
0000cb73
0000c9ec
0000ec76
0000e17c
000117b9
0000add5
0000f485
0000c027
0000d3a7
00010028
000124db
00011857
000116ab
00010b9a
000141bc
0001567f
00012abd
000129e8
0000dd76
0000ea01
0000cb22
0000c8e2
0000d6a7
0000b122
000099cd
00008b2b
00006c66
000065ed
0000533c
00004b17
00001381
00003e23
0000208e
000021b2
0000208e
fffff7f6
ffffdf80
ffffcff9
ffffbac9
ffffec94
ffffa9ef
ffffb5c9
ffffa9ef
ffffcd70
ffffc43d
ffffca2c
ffffe03a
ffffde05
ffffe262
ffffe09c
fffffb65
00000026
ffffe318
fffff17f
ffffdd1e
ffffd355
ffffebba
000003d0
fffff983
00000fec
ffffe70b
00000c59
00000c40
fffff994
000010b5
00000fa6
00004137
00002255
00002a7b
000012a4
00001393
000023ae
0000274c
fffffe14
ffffff79
00002a12
ffffe8d0
000021e2
0000086c
ffffc40f
ffffe78d
ffffd63e
0000004a
0000052f
000027cc
0000315b
00000761
0000449c
00000cd2
00001ebf
ffffe8b1
00001f5e
ffffeebe
ffffdca7
ffffc0c1
ffffe0ed
ffff98fd
ffffb85f
ffff98fd
ffff9df8
ffff9651
ffffb238
ffff91a7
ffffaea5
ffffa16d
ffff9dc0
ffffa16d
ffff97d2
ffffab8d
ffffddb6
ffffccfa
ffffedf6
ffffaa2a
fffff2e0
ffffb5a8
ffffc05d
ffffde33
000018b4
ffffecbd
fffffbf9
ffffdf9a
fffff778
ffffed53
fffffff9
ffffdca3
00000a95
000023a1
ffffeed6
00001c00
00000e28
00001ad6
000022b4
ffffff36
000011fd
0000011c
00001ecc
fffff6f6
000028c5
00002c80
00004e81
00005659
000033da
00003f1f
000071b8
000048aa
00003be3
000008d1
00002168
000000a1
00001f8c
fffffc9c
00000172
fffffb83
000030f1
fffff29d
00001859
fffff6c7
00001fa5
fffff743
000005d2
00000fd1
00002584
00000fd1
000004ad
00001449
00001304
00000e3d
00002e64
00001ab0
000023dc
00001ab0
00003620
00002d5e
ffff942f
ffffad88
ffffba53
ffff7dda
ffffc654
ffff849f
ffff9348
ffffb263
fffff6b5
ffffc464
ffffcaef
ffffb5eb
ffffe336
ffffd1ea
fffff289
ffffb742
0000119c
00001b51
fffffa60
00003396
00003e8b
0000631d
000066c3
00004a07
0000540d
00003f0f
0000679b
0000380f
00008d71
0000938c
0000aec4
0000a8e1
000090d7
0000b22e
0000d190
0000af14
00009557
00007e91
0000aca5
000088bf
00009366
00007d3f
000028a7
0000133a
00004c41
000005af
000029f4
00000027
00000fb7
ffffea01
fffffb68
fffff0b7
0000020a
fffff0b7
ffffe556
fffff0c3
fffff247
ffffd5ae
00000794
fffffca5
ffffeb6f
fffffca5
fffff8c8
ffffff0c
00001925
000029bb
0000167f
00002f12
fffff8a2
00001fee
00001e9e
000002ac
fffff889
ffffecac
ffffee53
ffffe588
ffffcf95
ffffe74c
ffffff7f
ffffe203
00002f1b
000010c8
0000215f
00003138
000052d3
00008a28
00005fc3
00007c5e
00004d56
00005bf3
00005a13
0000463b
00001c60
00002db8
fffffdd5
000005e2
000030b9
00002c43
ffffe983
fffff157
00000881
000007aa
ffffe33f
000013d4
fffffa34
0000194c
ffffe4cd
ffffdc17
ffffdfc5
0000027e
ffffd7e9
ffffe952
ffffee7c
fffffc17
fffff2ee
fffff53c
ffffe82c
fffff53c
00000046
ffffe593
000002f6
fffffdcd
00000549
fffff83a
fffff6c3
fffff83a
fffff0f7
ffffe85b
ffff9b03
ffffca94
ffffd6f0
ffffb895
ffffce58
ffffa35e
ffffbf06
ffffd4b5
ffffd7d2
fffff1a8
ffffefa5
ffffde75
ffffce12
ffffe824
ffffd73e
ffffd865
ffffd7d7
ffffc13d
ffffc5a4
ffffad4e
ffff8d98
ffff5d86
ffff6858
ffff6e3b
ffff6fbf
ffff8a08
ffff53c4
ffff36df
fffeeda4
ffff2dac
ffff0014
ffff3cd7
ffff71f3
ffff7387
ffff3112
ffff6056
ffff4abc
ffff86bb
ffff7c37
ffffd393
ffffc259
ffffcc48
ffffb7ce
ffffae03
ffffd789
ffffdfa1
ffffdbb4
ffffe265
ffffc2e0
fffffa4b
ffffd087
ffffe053
fffff02d
ffffe053
ffffe8c7
00000232
0000076c
00001fe2
0000303d
00000e75
00003412
00000e75
00003a66
000022bf
00004c1c
00006a62
00004744
0000652c
00000dc3
00004ecc
00002ab2
00003244
0000078e
00001444
00001099
0000135c
ffffda05
000005fe
00000266
0000053f
00001096
ffffd3e8
fffff898
ffffb2ea
ffffed8e
ffffef3c
ffffe9ba
ffffdeee
ffffe0f7
ffffc8a7
ffffecc2
ffffc33a
ffff9049
ffffe51a
ffff9c8d
ffffe555
ffffd231
fffff497
ffffc9d1
fffff4f3
00000944
000002a4
ffffe3ca
00000ddc
0000035f
ffffde63
00002b12
00001601
ffffe39c
ffffe56f
fffff71b
ffffeeee
ffffe28f
00002771
fffff7c3
0000176b
0000119c
0000176b
00002aff
00002351
0000274d
000045b4
0000349c
00001e6a
00001799
00001e6a
0000056a
00000268
00005a78
00006fcf
0000737f
00007326
0000b079
00008fc7
0000706c
00003cb9
00009531
000047a3
000053ed
00001250
00000a41
fffff153
ffffd8a2
fffff1ed
ffffe439
00000b90
ffffb8fd
ffffe3d3
ffffa21c
ffff99e8
ffff933a
ffffc36c
ffffae9a
ffffd5a6
ffffa148
ffff9bbf
ffff96dc
ffff4d3e
ffffd480
ffffa93c
ffffdafa
ffff8e26
fffffe69
ffffc72a
00000303
ffffe825
00002800
fffffaca
00003d12
ffffef95
00006681
0000aa4c
00005ea3
00005ac9
00005a52
000072ee
000044ae
00007a93
00006b00
00004a3b
000075a2
00004a3b
00003e6e
00006a6f
00002158
000027ec
00001c64
00004afa
00001b7c
00004afa
00003922
000053b9
000001a3
0000120e
00000d29
00001a0a
000000bd
fffff57b
00001186
fffffe6c
ffffea30
000000ef
ffffff5a
fffffa84
fffff7a2
000013a0
000018c0
0000210f
00001fcb
000016fb
00002c91
00000f09
00001bf8
fffff8e6
fffffd8c
00000b5f
000009cd
00001d3b
ffffeff9
ffffcd98
ffffa6ef
ffffd781
ffffa86a
ffffc03c
ffffc935
ffffd2f0
ffff91c5
ffffc4d7
ffffbebd
ffffdcc4
ffffd67a
fffff9ee
ffffe0f5
ffffdccf
fffff883
ffffe7ac
ffffcb5c
ffffd933
ffffec6d
fffff196
ffffe475
ffffe8fb
ffffee9a
ffffe9e5
ffffdf91
ffffe9e5
fffff065
fffff798
00000a4d
0000367e
000036b9
00002a25
00004b19
00002a25
000036ed
00001543
00001028
00001bb8
00003ad8
00000127
00002727
000015d5
00000662
00001890
000047e9
00002798
000025ee
00000e19
00004b21
00003398
000079ef
00006496
0000746d
0000b327
000071d5
0000bd9b
0000a6b7
0000ce3b
0000c792
0000cdbf
0000aecc
0000bb55
0000d8d8
0000f465
0000f935
0000deed
00010eaa
00011772
000125d7
0001290c
000155dd
0001165a
0001233a
000108ea
00010e02
0001033f
00010e99
0000fa07
00009b73
00008614
0000ba95
00008110
000070bd
00006c7b
0000701b
00006c56
00006173
00009b94
00009a86
00009b94
00008e6d
00007e54
000067a8
00003cae
00007b52
000035ae
00004d55
000035ae
00004d13
00004550
ffffd114
ffffc1ca
ffffd64e
ffffb487
ffffc2e3
ffff8bc6
ffff9622
ffffc684
ffffef03
fffff73d
ffffe5fb
ffffe04d
fffffc49
fffffc39
00000479
00000abe
00001e20
00004f10
000028b5
00005a45
0000287c
000002bd
0000212a
00001e0f
00000d7a
00003614
00000e09
fffff2c6
00002c79
00005614
00001b55
00003b30
fffff84d
00001cce
000045af
00002e12
00003416
00001635
00003d4d
00002146
00003c62
0000309e
000041e8
00004033
00004df8
00003b7e
00003ad7
000042c9
0000479a
000015b4
00002d6a
00003804
00002cb8
00003804
000038d7
00002ff9
00001c31
00002804
00004c1d
00003ff7
00005cda
00003ff7
00005336
00005a4d
00003e44
00006680
00006d35
0000583c
00006db3
0000617e
000053e0
00003060
000066c4
00004756
0000426c
00002af2
000022e2
00001eda
000029d5
000028b5
000039f8
00003cc9
fffff14b
0000172f
00000594
0000257e
00001097
0000330a
ffffe613
000010fb
00000576
000011a5
000013bd
00005290
00001ac9
00004946
000021ab
000035b3
00004c5b
000031de
00003efa
ffffef42
ffffe555
00000731
fffff7da
0000397b
fffffa0d
fffff60c
00001e99
0000125c
fffff80c
fffff046
00001756
00001b9d
00000f3d
00002947
00001def
00002947
00001775
00001388
00000c9a
00002142
00002422
00001195
00001386
00001195
00002c5d
00001a79
000014c8
00001b99
00002046
00004de9
00000f8d
00007768
00004f8b
00005221
00000bc5
000010ec
000017b8
0000317a
000012da
00002271
000034fe
00004036
000030d4
00004ca8
0000318e
00005400
0000345c
00005e02
000049e5
0000625a
000013df
00004074
00004e4c
00008317
00005c4a
00008b4d
00006521
0000732b
00004a48
00006b1a
00004f8e
00006ff4
00006800
00001c4d
00002a63
00000cb1
0000173c
00003f39
0000248d
000042ee
00003e04
00005949
00002bbe
00003f69
0000347b
00006966
00005008
0000629b
00006929
0000629b
00004570
00001473
00002c2d
00001219
00000f75
fffff4e3
fffff486
fffff4e3
ffffe981
fffff33d
ffffcae8
ffffbdbf
ffffc86e
ffffc85b
ffffc3f6
ffffc2ec
ffffceaf
ffffdab2
ffffb5d8
ffffbb5c
ffffcc8f
ffffc802
00000b4d
ffffd9e3
fffff72a
fffffcc1
000004ec
000032d9
fffff1db
00000d81
ffffdfad
ffffea56
ffffde41
fffffd94
ffffc93c
fffff06a
ffffd3e5
ffffdf89
ffff9d38
00000676
ffffaf55
ffffdf90
ffffb184
ffffe1d3
ffffca76
ffffde81
ffffe396
ffffea72
ffffdba8
fffff56d
ffffea32
fffff7da
000008ab
00000992
fffff60c
00001173
fffff34d
00000ce9
ffffe673
00001d36
ffffdc06
00002a03
00000f06
00002a03
00002abd
00000bc3
fffffa13
00000b82
fffff865
00002476
000013c9
00002476
00000ece
00000ec0
0000075b
00003046
00003426
0000239c
0000498d
00004244
000039ec
000043bd
00006271
00006179
00005596
0000482c
00003df5
000055a1
00006729
000059e8
0000797a
000088f5
000090e0
0000a4a9
0000a918
0000b6ee
0000b42c
0000e1d7
0000c8e1
0000d89f
0000e04e
0000fd0c
0000e62e
0000cd62
0000edd1
000102e8
00013293
00012c6f
00012902
00010ded
0001302a
00012042
00012893
00011707
00012ad8
0001058c
0000d54a
0000ffdb
0000c715
0000d356
0000ae90
0000f2f6
0000ac55
00010085
0000dfce
0000f9d0
00010028
0000f9d0
0000f62c
0000ea63
0000b346
00008f84
0000a8ad
00009e0b
00009a07
00009e0b
000097db
0000b2ca
ffffe663
00000c27
fffffd5b
00000044
00000034
00002577
00000e4f
00002c7e
00000870
00001378
00000415
00002de5
00001954
00004240
000028eb
00005c03
00005b61
00007d5e
000030bd
000082e0
000039fc
00006c28
00004825
00009373
0000619e
0000731e
00006ec3
00004ec3
00005421
000088db
00006570
000086d5
00007e4b
0000b8fe
00005a56
00007515
00004993
00005ea8
00005e19
00004898
00005848
00005cd6
ffffc2c1
ffff93bf
000001c1
ffffe033
ffffcdb2
ffffbb48
ffffe60c
ffffd561
ffffcdf7
ffffe313
ffffd192
ffffe313
ffffef97
ffffe14f
ffffebac
ffffeddc
fffff93d
ffffe811
fffff41b
ffffe811
fffff897
ffffe01c
ffff7c61
ffff8a80
ffff85cd
ffff8a7d
ffffa701
ffff9b57
ffffa922
ffffef00
ffffc38c
00000588
fffffebe
00001bf8
fffff513
00002307
0000279e
000030c3
00003a96
0000389e
00006b87
000024a9
00004218
00003798
000039b4
00000cb2
00003d65
00001604
00003e19
00002974
fffffb88
fffff069
ffffe0e0
ffffd74b
fffffac7
fffffbea
ffffe56e
ffffe155
ffffcce9
ffffb56f
ffffa3fb
ffffa29b
ffffb248
ffffcdf9
ffffc157
ffffca78
fffff693
00001a37
fffffdc8
fffffd5d
000047c0
000065d7
00004711
000043c5
00005cc1
000043c5
000042b5
00003c6d
00005027
00004475
00002c45
00002166
00001f08
00002166
000013a7
0000319a
ffffe45c
ffffcb36
ffffeea8
ffffb50c
fffff14c
ffffa490
ffffd5cc
fffffd45
ffffec70
fffff26e
00000d41
ffffdea7
00002753
00000310
00002490
000006da
0000362a
00003eaa
00003353
00002035
0000199f
00001496
00000eef
0000218f
ffffe030
000021d8
ffffd3b1
ffffdefd
ffffe39b
00000b88
ffffe00b
ffffff6f
ffffe778
fffffe6d
00000553
00000eee
00001b9f
ffffe688
ffffdc29
0000031b
fffff9c8
00003157
ffffd57c
ffffffe6
00001823
000047bf
00000d4a
00003fcb
000044f3
0000663c
0000482a
00007f5a
0000667c
00007f5a
00006d16
00004abe
00003eef
00003c53
0000513f
00004339
0000545f
00004339
00005448
00003fcf
00002f2a
0000521d
0000629b
00005d61
00004a01
0000653b
00004af1
000052f5
00006c07
00005f5e
00004c1d
000058c0
00006005
00005f52
00005692
00006332
00005672
00007c9d
0000549f
00008544
00006f4a
00009314
000080f3
0000a2af
000074da
00008020
00007d88
000079af
00005745
0000ddb1
000047fd
00009678
00005757
0000bc50
00006a9d
000095da
0000673a
0000574a
00003003
00004cd9
00001896
00005ffd
fffffee7
ffffe075
ffffede8
fffff7c5
ffffc873
ffffce7c
ffffc5e9
ffffd840
ffffc2b5
fffff503
ffffe43e
fffff503
fffffb55
fffff50b
00000eed
00000d11
00002a03
000016cb
00003147
000016cb
00002602
00001f66
ffffd0c6
ffffee5c
fffff02d
ffffe8e5
fffff716
fffff1f1
ffffee4b
00000153
00000936
fffff94b
fffff1f5
fffff969
0000229b
00001e39
000055a7
000028e8
0000683f
00006a77
0000568f
00007482
000068f9
00009d19
000082ec
0000a46e
0000741e
000089bf
0000857e
00007589
00008d86
00006131
0000c157
00007963
000096db
000075c4
0000ac77
00008d5a
00009830
00009d14
0000c5bf
0000aaf7
0000c141
00006cbe
00008fb5
00005747
00008ce2
00003356
00005f25
00003ca5
000064eb
0000570d
0000504a
00004f75
00006a07
00004f75
0000553d
00006f7f
00004ebb
00002c45
000048e4
00002885
0000118a
00002885
000007c2
00002a05
ffffefb6
ffffe811
ffffe868
ffffef9f
ffffb59d
ffffb9ef
ffffc4a7
ffffb33c
ffffc08f
ffffa1c0
ffff9a6f
ffff9c25
ffffce2b
ffffaba9
ffffae41
ffffb2b6
ffffc435
fffff008
ffffc5b0
00000768
ffffd4c3
ffffbea0
ffffc8cf
ffffcd54
ffffb5ee
ffffe09a
ffff9766
ffff710a
ffffacfe
00000d71
ffffc25b
ffffe237
ffffb9d6
ffffe31e
ffffaa73
ffffd58c
ffffeedd
00003647
00001ffb
00003a52
000021f7
00001048
00000ca9
ffffebb0
ffffef5b
ffffe66c
fffff892
ffffe41c
ffffd69d
ffff9277
ffffbce7
ffffac9f
ffff9a44
ffffac9f
ffffbf38
ffffa8a6
ffffb784
ffff982e
ffffd268
ffffce0a
ffffdf53
ffffce0a
ffffd9c5
ffffd337
ffffbab7
ffffc209
ffffe967
ffffb8db
fffff776
ffffc2a9
ffffd1f8
000009e4
00001ca5
00004186
00003f74
000025c7
0000132c
00003673
0000369d
0000551c
000047e0
0000817d
0000295f
00006282
0000229a
00002046
00001663
00003ed0
000002d9
000038db
000021f0
00003134
00003d4a
0000a0d3
00008d46
0000b66e
000096b9
0000e559
0000dfaf
0000c3a1
0000a296
00008cd7
0000acab
00006999
00009725
000079d6
00006049
00005faf
00008c79
000063dc
00006825
00005e87
00007382
0000a6b3
0000869a
0000a4fa
0000bac6
0000a4fa
00008fe9
00009f7c
00008f6a
000098ab
0000811a
00005364
00005569
00005364
00006479
00005df9
000002aa
fffff682
ffffe3a7
fffff34b
fffff8e7
fffff64c
ffffd9c5
ffffd40d
ffffdc03
ffffdab7
ffffe25e
ffffc938
fffff520
ffffc084
ffffc818
fffff3f9
ffffd23b
00002313
ffffb6ad
00000032
ffffa3e8
ffff8d97
ffff965a
ffffb911
ffff7c24
ffffcd78
ffff8326
ffff7284
ffffed10
ffffd384
fffffb50
fffff0ac
ffffbc6a
ffffa089
00000573
ffffcab6
000000b9
fffff296
000036af
000001d5
00001dfe
000003d2
000051e4
00004df1
00004fcf
00002ef0
00002caa
00002e13
00003f57
000001ee
00002699
0000147c
00000f4d
0000147c
00001497
00000969
ffffe936
fffff020
fffff19c
fffff029
00000a8c
fffff029
0000088b
ffffdd5a
0000514a
000061a3
00005ac4
00006367
0000812b
0000778e
000078c4
00004401
00007d4c
000057f2
000045ae
00005634
00004e1c
00005880
00003a57
000033ca
00004dbb
000054e9
00001b76
00004da2
000040fc
00006327
0000473a
00007b82
0000335f
00005444
00003b97
000045f8
0000311a
0000696f
00002600
00004da8
00005175
0000867f
00003dc6
0000645d
000058f8
000047ea
0000261c
00005c0f
000047da
0000644e
0000543d
00003583
00002fca
0000187d
00000e5c
00000c80
ffffe931
ffffe842
ffffe291
ffffe9e5
ffffe24b
ffffe9e5
ffffda20
ffffcd21
ffffcff2
ffffd37f
ffffeb04
fffff0d3
fffffc56
fffff0d3
00000f20
fffffc6d
00001174
00000848
00000c3c
0000186d
0000290c
00001be7
000009f7
000018fa
0000229d
0000385d
0000385b
00004405
000020b5
00006841
00006a23
000092f9
000071e9
00006fc4
00008adc
00008d41
000090e4
00006aab
00009138
0000943b
000098fd
0000b457
00008a03
00005b31
00007b67
0000664c
00006ae7
00004444
000049d8
00004d52
000011e6
0000383b
0000355c
00002dec
00002232
00002789
fffff212
fffffc34
ffffe979
fffffda7
ffffdb93
fffff4fe
fffff69d
000002b5
ffffee15
ffffd0bd
fffff139
ffffd9fd
ffffd477
ffffd9fd
ffffdac0
fffff3e7
000000f7
00005dd0
000053d8
000050eb
00008144
000050eb
00007675
000035d2
ffffd473
ffffd885
ffffc455
ffffe623
ffff887c
ffff9f46
ffffa638
ffff9903
ffff8b4a
ffff9cd6
ffff7c81
ffffa2d1
ffffb048
ffffa32f
ffff974b
ffff830a
ffffa569
ffff9296
ffff9dfe
ffffa230
ffff952d
ffff76c6
ffff8021
ffff90bf
ffff5b93
ffff7f67
ffff43be
ffff34bc
ffff25d2
ffff7ba4
ffff0128
ffff2faf
ffff002e
ffff25ec
ffff10dd
ffff3cf1
ffff461e
ffff8f6a
ffffa323
ffffeb64
ffffdc9a
ffffcda8
00001243
ffffbfd1
00001b5c
ffffd941
00000e3a
ffffecbd
00000eda
ffffb7d0
ffffeae3
ffffcb7e
ffffb2be
ffffcb7e
ffffcfa9
ffffbcf6
ffffc307
ffffac53
ffffcdfd
ffffc18e
ffffb629
ffffc18e
ffffa745
ffffbc05
ffffb9e0
ffff9c6e
ffffac8b
ffff7806
ffff997e
ffff67de
ffff8cef
ffff9dde
ffffa984
ffffae71
ffffa8fe
ffffbf99
00001dea
ffffd876
ffffd417
ffff9a5c
ffffdf2d
ffffdd34
ffffbae1
ffffdb43
ffffa025
ffffba5c
ffff9fb8
ffffbf2a
ffff63e8
ffffb466
ffff5b1d
ffff60eb
ffff6aec
ffff8973
ffff6da4
ffff7825
ffff5ccd
ffff5f45
ffff7231
ffff8420
ffff9a04
ffffa3b7
ffff82f6
ffffd031
ffffa69b
ffffdbb1
ffffabdd
ffffab51
ffffd152
ffffed3d
ffffc819
ffffec4f
ffffed2e
ffffc9f8
ffffce64
ffffe428
ffffc7c4
ffffe428
ffffd23d
ffffb7a5
ffffcaa0
ffffa271
ffffd515
ffffd6f9
ffffd5a0
ffffd6f9
ffffcb1d
ffffdab3
00004b02
00004dd6
00004d69
0000361a
00002da3
00003ce6
00003a2d
0000441b
00002ce9
00000c57
000013f1
00001d7c
000025e5
00001a2a
000024a5
000002d0
00004121
0000135f
00000c7e
00001cd0
000022b3
000060df
00003832
00005ba3
0000368d
000028d5
0000476c
00000f55
ffffd3a2
000022e2
00000b74
000044a3
00003dcc
000048fb
000027a4
00003214
000063ec
00005590
00002210
0000537c
000034e3
0000319e
000005c2
00002b04
fffffed0
fffffd27
00000d1e
fffffef2
fffff086
000032fc
00000a1d
00003c01
000029cf
00003c01
00004031
00002e49
00002a8f
00002077
00002b12
00002d31
0000159c
00002d31
0000191d
00000d6f
ffffd847
fffffe68
fffff19b
ffffe1e6
ffffd82b
ffffca10
ffffec58
ffffcc0d
ffffc45b
ffffd240
ffffb90d
ffffc5d4
00000214
fffff006
0000123a
fffffbf8
000022dc
0000194a
00002306
00001258
00001ad9
fffff6b5
0000051d
00000907
fffff5bb
00000f1a
ffffe049
ffffb36d
ffff9edf
ffff953f
ffff87a4
ffff6a6c
ffff93ea
ffff791e
ffff5229
ffff73c5
ffff7302
ffffb63d
ffffb5ee
ffffe798
ffffd73a
ffffd380
ffffd6a4
ffffa01e
ffffe667
ffffcb73
ffffee40
ffffe7d6
0000150f
ffffd0fb
fffffa19
fffffaa0
ffffddff
fffffaa0
ffffef3a
ffffe1c0
ffffeac1
ffffd051
fffff4a0
ffffe0a1
ffffe8ea
ffffe0a1
ffffd4cb
ffffcadf
00004aa4
00004e20
00005420
0000440b
00006124
00007098
0000402c
000067c9
00007b00
00008b0a
0000720f
0000a918
000058b6
0000aedb
00007595
0000e68d
0000817a
0000b3d4
0000847a
0000af72
00008d1c
00008695
000093a3
000089bb
0000ae93
0000995a
0000b83f
00009033
0000d6d1
00011cca
0000f9c9
0001142b
0000eee6
00013d8c
00011824
0001074c
0000caf8
0000cff7
0000c9e6
00009903
000091b9
00007e01
00003e37
00000bc8
00002d73
ffffec77
000025db
ffffe4a4
fffff63b
ffffb667
ffffd3ac
ffffc285
ffffc059
ffffc285
ffffd086
ffffe230
ffffebfa
000031de
00001be9
000025d2
00004ca8
000025d2
00005cdc
00003ad1
ffffea92
ffffc957
ffffe18c
ffffeb27
ffffed23
fffff529
fffffd9f
fffffc2a
000000ec
ffffcd54
ffffe41c
fffff21a
fffffb68
00001209
000003a5
fffff9fe
000031ed
000042f3
00002d51
00006f6e
000063d2
00009a88
0000829e
000090cd
00009f85
000094ad
000096a4
00005e5e
0000850b
000060a3
0000b547
0000910b
0000b4d5
0000b549
0000573e
00007a02
00007719
00009307
00008ab2
0000694f
00006cf9
00002cda
00001708
00001919
fffff8cb
ffffe2b7
fffffc51
ffffe5a6
ffffb6e2
ffffd936
ffffc405
ffffba4d
ffffcd4f
ffffba4d
ffffbf77
ffffd033
ffffcfcf
ffffd806
ffffdafb
ffffe2c3
ffffd6f3
ffffe2c3
ffffdc27
ffffc62c
fffffd7a
0000139b
0000153e
00000647
fffff579
ffffe8b5
ffffe7db
00000a22
00000b04
0000259d
00001a61
00000bb3
00000c42
00000936
000005b4
00002ee1
00001060
00004b6d
00000c52
0000258e
ffffef74
ffffe44e
ffffdd24
ffffe049
ffffceca
ffffde70
ffffbf52
ffff98d3
ffff9a0c
00001963
ffffa8ac
ffffcacb
ffff8baf
ffffd0fe
ffffa6c3
ffffd05c
ffffaf7b
ffffb04b
ffffb8b2
ffffb762
ffffb404
ffffe313
ffffc6e7
ffffba22
ffffdf05
0000040e
ffffea4c
ffffe626
00000639
fffffa82
fffff8ae
00001240
fffffbf3
00001240
000012c1
00000269
00001be5
000016f3
00002c56
00000f20
00002c1e
00000f20
00002c72
00002944
ffffd94e
fffff740
ffffd1f5
fffffe93
ffffea05
fffffb3a
fffff4fb
ffffd242
fffff265
ffffde82
ffffcb66
fffff55a
ffffe18d
00000619
ffffed7c
ffffec01
00000c0b
00000bae
00001052
000024d6
00004026
00004871
000048de
00005295
00004531
00004345
00004081
00001f73
0000467d
0000884d
00005811
00007203
00006db0
0000ae89
00007ae5
00009746
00008b8d
0000b3a3
0000a1f4
0000c01f
0000b11d
0000900a
00008e9d
000056b4
000035a4
00001efd
00004180
00001747
ffffbf23
ffffcd9e
ffffc3e2
ffffc0e6
ffffbfc7
ffffc0e6
ffffcda1
ffffbd3c
ffffba4b
ffffb6f0
ffffcfb4
ffffd0cc
ffffe17e
ffffd0cc
ffffeb04
ffffd40d
ffffe2b3
ffffe1a2
fffff262
fffffaf4
ffffb727
ffffc897
ffffc9b5
ffffe6bb
ffffd455
ffffe129
ffffcc9c
ffffe14b
ffffceb9
ffffd564
ffffb0c2
ffffc355
ffffbb13
ffffce4b
ffffbbad
ffffbea9
ffff9eac
ffff81af
ffff8729
ffff707e
ffff6d42
ffff79d9
ffff542d
ffff289e
ffff23b2
ffff9255
ffff3d4e
ffff5ef9
ffff3632
ffff5010
ffff4952
ffff6f95
ffff7810
ffffb10d
ffffacb1
ffffc967
ffffd241
ffffad2b
fffffb1c
ffffd6ed
fffff272
ffffdb21
ffffff90
ffffd78a
ffffe3af
ffffb209
ffffc80d
ffffbbe1
ffffb843
ffffbbe1
ffffd482
ffffd32e
ffffed6a
ffffdcb8
00000be6
ffffecd3
000009bd
ffffecd3
000002bf
fffffbf7
ffffd878
fffff219
fffff3c5
ffffd62e
fffffcb0
00001645
fffffecc
000021bd
00001f69
00004647
00003298
0000616d
00003de6
00007af8
00008f15
0000a421
00008f9c
0000930b
0000b7d1
0000b35d
0000d1c8
0000c7a7
0000e559
0000f8ac
0000fb46
000105d1
00013157
00015a91
00019f59
000188b2
00019d79
0001a649
0001ce7c
0001efd8
000187a8
000192e3
00019750
00017117
0001401c
000109a5
00012246
000108a4
00009e4d
0000b8b3
0000c31d
0000b118
000086df
0000b53b
0000ca4d
0000f756
0000de31
0000de9f
0000ec22
0000de9f
0000d99f
0000c9e7
00009b63
00008bce
00007969
00005d0b
00005ced
00005d0b
0000584b
00006f01
fffff38e
00001003
00001d05
0000040b
000039d0
00000932
00000d69
ffffdb34
00000e25
ffffbd16
ffffdc65
ffff92b7
ffffdc8f
ffff9a6a
ffff9543
ffff714b
ffff8813
ffffa1e7
ffff4d6e
ffff7dcc
ffff5af6
ffff9ebe
ffff66fb
ffff9b7f
ffff8ba9
ffff8df3
ffffac96
ffffa0c1
ffff57ed
ffff5ec8
ffff8c12
ffff6f6e
ffff7396
ffff4d40
ffff6e65
ffff60b2
ffff559a
ffff7eb4
ffffa21c
ffffc78a
ffffd557
ffff7227
000039ca
ffffc318
00000101
ffff7176
fffff30f
ffff8cd4
ffffa712
ffff8c74
ffffadb5
ffff78e2
ffffb301
ffff78e2
ffff7af4
ffffcc8f
ffff9c00
ffffa35f
ffffb23e
ffffabae
ffff8331
ffffabae
ffff974e
ffffa48a
fffff995
00000971
00000466
00000a5b
0000074e
00001027
00000913
000002a1
00000ad8
0000051f
00000a04
00000963
00001ab4
00001c61
00003806
0000264a
00003b38
0000451c
000031a3
000040b8
0000424a
00006e03
000053e3
00004a18
00003c91
00003c8e
00005a76
00004bae
00004365
0000245c
00005077
00001cd1
00003967
000029fb
00001dc9
00001e8f
00001ab3
00001fa1
00002ffc
00002e64
0000437f
0000151d
000049dd
0000192a
0000566f
00001245
00004052
00001150
000045e6
0000260e
000038eb
0000226c
00003705
0000226c
00001926
00001ddd
00001660
fffffd19
000014a7
ffffeab9
ffffe364
ffffeab9
ffffdfe1
ffffe930
00002853
00002172
00001360
00001385
00001b35
00001738
00000866
fffffffc
0000012c
ffffeb82
fffffdaa
fffff53b
ffffdcf2
ffffe87c
ffffd6f5
000006e2
ffffd21d
ffffc649
ffffc1e1
ffffc891
ffffbdae
ffff8e8d
ffffb7ef
ffffa085
ffffdcb5
ffffcc12
ffffd6fe
ffffb4af
00002863
00004b4a
000023ce
0000666a
000018b2
00003905
0000331e
000027d8
00001ce5
ffffd537
ffffd947
ffffa52d
ffffa8be
ffffbf08
ffff77ba
ffff96ee
ffff97c6
ffffa701
ffff9e7b
ffff89be
ffffbaf7
ffff870b
ffff9dd5
ffffa0ba
ffff8ffc
ffffa0ba
ffff935e
ffff9693
ffff9203
fffff212
ffffe24c
ffffff9b
00002c4b
ffffff9b
0000318e
ffffef72
00007acb
00009033
00009c49
00008cbe
000092a7
0000b883
00008812
00008b92
00009d4f
00008997
000076c2
000090d2
00008074
000087c4
00005e9d
00009100
00006276
00009f4d
000019b2
00007a09
00001a9a
00005845
000029c2
00007906
00001dfc
0000409d
00002d13
000032f9
0000003c
00008c29
00001b9b
000069c7
00003914
0000a07a
00003ff0
0000807c
000045fd
00004a78
000025d3
00003ffc
00004168
00003fab
00001463
ffffd156
0000169d
ffffd3db
ffffddc6
ffffc2c0
ffffd41d
ffffe10b
ffffc537
fffff557
ffffed78
fffff557
ffffea41
fffff1fd
fffff02e
000004bb
0000147d
ffffea56
fffffe6b
ffffea56
00000b68
fffff588
00004afb
000073ef
0000580d
000070ce
0000577c
000081d1
00004d96
00005347
000051eb
0000223c
0000265c
00002a55
00001c33
00002bd1
0000357b
00005248
00005b90
000087fd
00003325
00008492
00004882
0000849b
00004a56
0000afb2
00006187
000095a2
0000785a
0000654f
00005dae
00006bc2
0000786b
000073ba
0000c2b3
0000cae2
00004141
00007575
0000981d
0000d8bb
0000cdb0
0001089a
0000f6d6
0000ce28
00008d20
00002be2
00008ee4
00005e9d
00005b1b
0000443d
00005cca
00005d56
000058b2
000064f1
00005674
000064f1
0000767b
0000671f
00004684
0000428d
000050b0
00002545
00003700
00002545
00003754
0000229b
ffffec00
ffffe2c2
ffffe109
fffff195
ffffba98
ffffe29f
ffffd0ae
ffffe161
ffffd6e6
ffffd20e
ffffd5b1
ffffd88f
ffffd73c
ffffcd05
ffffd115
ffffd7db
ffffd0ab
ffffe371
fffff096
00000a6d
000003c3
ffffec20
0000072e
fffff589
00000943
ffffffc3
0000209a
00001e29
0000532e
000044e5
00004ef2
00004f9c
00005481
000057bd
00004a06
00003f3c
000032a1
00004b32
00004927
00003fce
00003450
00003577
00000f13
ffffcebc
00002ad5
fffff146
fffffb2f
ffffd3c3
fffff9dd
ffffbf9c
ffffd883
ffffcf50
ffffcb8f
ffffcf50
ffffe5c5
ffffe9a1
ffffec9f
ffffe31f
fffffcce
ffffea33
fffff4be
ffffea33
ffffe758
ffffdbe0
00000c6d
000005e3
000003e3
000010db
fffff430
00001da1
00001bac
00001b2a
000012ea
00001c94
000004de
00003127
00001d19
00005394
00005016
00005cb9
00008aba
0000a5fb
00009f24
0000e3fd
0000e01d
00010c85
0000f658
000119d8
0000f9bb
00011402
00010dea
0000d6ae
000102ac
0000fc58
0000fd0d
0000f94c
000125a3
0001430d
0000d2d2
0000eb7d
0000f18e
0000f909
0000d48b
0000e1fb
0000b827
0000c6be
00004598
0000436d
00003364
00004246
00001982
000026b0
ffffff72
00002172
00000d36
00001daf
000011ae
00001daf
00002c6e
00000c6b
00002fe2
00001f2c
00002805
00000bec
0000212b
00000bec
000011b6
fffff74d
ffffd24e
ffffeaae
ffffe7b4
ffffdaa9
ffffbf50
ffffbeb2
ffffd171
ffffbb77
ffffb767
ffffc86b
ffffbb22
ffffaafb
ffffca0f
ffff97b6
ffff8861
ffffaced
ffff834f
ffffb77b
ffff7180
ffff8c89
ffff3c8f
ffff1420
ffff1eaa
ffff271b
ffff0b6e
ffff3a66
fffeea58
fffedd03
ffff15f7
ffff39b5
ffff2f72
ffff30f0
ffff23e9
ffff278d
ffff1caf
ffff2387
ffff0a03
ffff44f3
ffff448f
ffff6c32
ffff6b5b
ffff8e10
ffff838e
ffff4fbd
ffffbe7a
ffffa7dc
ffffb228
ffff9611
ffffd981
ffffb321
ffffba30
ffffda51
ffffbe41
ffffda51
ffffd4c0
ffffd495
ffffe5c6
ffffc28c
ffffdbb3
ffffc822
ffffcabe
ffffc822
ffffc7a7
ffffca9e
ffffcc1c
ffffc8ca
ffffca80
ffffc2f0
ffffbb3e
ffffb7e6
ffffb9e5
ffffcde7
ffffb349
ffffc6ef
ffffcfca
ffffd6d4
000001af
ffffdf99
ffffea9d
ffffcdc4
ffffe85a
ffffdbb5
ffffe2f0
ffffd02e
ffffcdca
00000741
ffffd787
ffffd834
ffffab5f
ffffbe03
ffffc11b
ffffae74
ffff3f4b
ffff708d
ffff43de
ffff53cf
ffff44da
ffff30e3
ffff45e2
ffff627c
ffff6ad7
ffff5d97
ffff788a
ffffc28a
ffffaa36
ffffc077
ffffdbdd
ffffe0fe
00001e2f
0000193f
00002a1e
00001389
00002178
00002552
00002920
00001c0a
000028dd
00001c0a
00001ad3
00000987
00001640
fffffc4b
0000266e
fffff9b0
00000810
fffff9b0
fffff89a
ffffe4c1
000010ff
00000924
00001f58
00002367
fffffebf
00002372
0000272f
00000d65
fffff1c6
ffffdf14
ffffdee3
ffffff4a
000003cb
000008b2
00000185
00001135
0000127b
0000127e
000013cc
00002323
0000311b
000043bf
00004606
0000521f
00004551
000037c7
00005ae8
000049b1
00004141
00008840
00005386
000088ef
00008596
0000b9ea
00006640
000091f9
000071e8
0000a733
000081de
00009a93
00007c5c
00007f3a
00003f44
00001d7b
00001776
fffff2f3
000013bc
ffffeb74
ffffb11b
ffffe2da
ffffbeda
ffffd795
ffffcef9
ffffd795
fffff70a
ffffe8f0
ffffe7a2
fffffee9
ffffeff7
000002c2
fffffd15
000002c2
fffff722
ffffde27
00005e6a
00006af9
00006a2a
0000764d
00005bff
0000866a
0000625b
00004874
00006907
00002e5e
00002984
000021cb
000033f9
00001f3c
0000309e
00001c9d
00002e35
000055ba
000013fe
00004e1c
00002755
00006219
00003cf3
00005b75
00002dbb
000032db
00004f96
000058e5
00003a02
00004769
0000840c
000031cc
00005771
000040b4
000042e0
00002912
00001412
0000172b
00001e88
0000276d
00001d3f
00001954
000036c7
ffffe8d1
00001552
ffffdc3c
fffff10c
ffffb731
ffffb952
ffff8add
ffffaafc
ffff8276
ffff9964
ffff8276
ffff9ac6
ffffa626
ffffd87e
ffffc845
ffffef3e
ffffe633
fffffa5b
ffffe633
fffff580
fffff002
ffffcbdd
ffffbb75
ffffb5ba
ffffb60b
ffffc447
ffffa739
ffffa4ee
ffffc452
ffffc702
ffffc321
ffffd6e4
ffffc81a
ffffc6d8
fffff160
fffff84a
fffff989
000001cb
00000bcd
00001382
00001c45
00002896
00001591
00003741
00000542
0000241f
0000314d
00003172
fffffdbb
00005459
000015fb
00002a67
0000221d
ffffea54
ffffe36f
00000b9d
fffff60b
fffff469
ffff902b
ffffa65e
ffff8367
ffff7ffd
ffffa763
ffffa35c
ffffb868
ffffe669
ffffe666
ffffd0e0
ffffcdcd
00000344
ffffc61e
ffffe851
ffffd42a
ffffe568
ffffd42a
ffffc399
ffffbc8b
ffffdaa6
0000045d
000023e6
00000772
00004682
00000772
0000464f
00000907
000027e0
0000479f
00005640
000031c2
0000661e
0000519f
000059c3
00006f2e
000073d7
00008543
00007ff0
00006e63
000068c4
00008c3f
0000961f
0000c24a
0000941f
0000c645
0000aa74
00009c58
00009f31
000074d9
00008a0d
0000746a
00009855
00009e04
000093c4
00006294
00008fbd
00004a33
00008399
00006540
000088bd
000098cf
00008bf0
00007151
00006103
00005ae6
00008554
000086ce
00009a3e
00009ab1
00003b8c
00002f96
00008868
00007764
00007015
000068de
00008b76
000085d1
00008c0e
00009ed6
00009dd0
00009ed6
0000a1b0
0000959e
0000a56e
000099af
0000aa0f
0000645a
0000a0fa
0000645a
000092ab
00005bfc
ffffd698
ffffdd26
00001077
ffffb2c2
000016a1
ffffb7c4
ffffef34
fffff1c4
00002688
00000707
000009c6
ffffe359
000025fc
00002039
00005399
000025be
0000819f
0000931a
00004810
0000a852
0000743f
000089b7
00008136
0000b78e
00008821
0000c0b8
00009999
000063f8
0000eb4f
00009d3d
0000d990
00009b93
0000a44e
00009326
0000a4dd
0000662f
00007cd9
00008058
0000a039
00004fcf
000078ac
0000416a
00001e70
fffff495
00005410
00000b04
000013f3
00000f45
00007946
000027dc
00004ff8
00005020
00004bf5
00005020
00005571
000070db
000051b0
000035d3
00005925
00004f6e
00004464
00004f6e
00004aad
000056a4
ffffd035
fffffcc8
ffffe9e9
ffffeafd
ffffef86
fffff4b9
fffff944
ffffcbe5
ffffe9eb
ffffe6aa
ffffc915
ffffe883
fffff7b4
000019fe
00002250
00001cfa
000035a9
00003f88
0000376f
00004057
000065d3
00007409
0000661d
00008bc0
0000715a
00006a65
00007522
0000687a
00003a1a
00008ec7
00004356
00006c19
00009ee7
0000e063
0000678c
0000a2bb
00008e5a
0000cfd7
000094ef
0000c276
00009fb0
000099d1
000077a8
00002c55
000028f3
000024d5
00000fc1
000002ab
ffffca7a
ffffe729
ffffc866
ffffdde8
ffffdac8
ffffdde8
fffff3aa
ffffe0f5
ffffe459
ffffe3d7
fffffe9e
ffffef3e
00000a9e
ffffef3e
00000dce
ffffeccb
fffff027
000026b7
00001687
000042b7
00002721
000071ab
000037b2
00003d6e
00002eb0
00002b6b
00002a8b
000043a8
00003103
00003fcc
000046de
00005a33
00003681
00005a3a
000036a4
000060bb
00004408
000074b2
00005e0c
000096cd
00003572
00007c3c
00007728
0000b62c
00008451
000097e3
00008aaa
00008e80
0000a6b3
0000a6a4
00009a01
000099ec
00009c90
00007f4e
00008d41
00007a6e
00008904
00008eed
00009481
0000a69f
000077c1
00007ee8
00005150
000074a7
000029ea
00006586
00004873
00003a10
00005544
00003a10
00002af4
000006c4
0000094a
ffffe0e4
00000476
ffffd979
ffffeb3c
ffffd979
ffffec5e
fffff467
ffffa4d7
ffff87eb
ffffa499
ffff747e
ffffbca9
ffff8a6c
ffffb6fb
ffffd04d
ffffae8e
ffffd855
ffffdee2
ffffc758
ffffdc96
ffffcd95
ffffd6af
ffffddb6
fffff061
fffff06e
ffffbfc1
ffffe0ba
ffffa16d
ffff7f5f
ffff8e61
ffffa16d
ffff7932
ffffad05
ffff7632
ffff8df5
ffffa6e1
ffffd778
ffffbc55
fffff44a
ffffd8fe
fffff418
ffffd51f
ffffe9fd
fffff925
fffff94f
ffffff15
000003dd
0000109e
00001eb1
ffffe7e5
00000922
0000379b
00003fba
0000416e
000059d1
00005566
000084be
000063b5
00007f24
00006fae
00007f24
00006b0b
0000661c
000030f3
000041ff
000025cf
000058f6
00003c2c
000058f6
000046b0
0000488c
00001de5
000025e9
00002f04
00004503
00001ffd
0000451f
00003741
00002b24
000010c5
ffffe10c
fffffe63
fffff415
fffffa91
ffffff45
0000071d
0000041d
000013a2
00001b2f
000008dc
00003715
00002087
0000558c
00003b46
00005e0a
000040f0
00004c14
0000655f
00004f03
00003cfb
00002b08
000047c0
00003fe0
00005d3a
00005291
00004531
00003947
00003e4f
00005951
00005687
000037ff
00004672
00001094
00002ca4
000008e5
00000f98
ffffe04b
0000006e
ffffdc11
ffffdaad
ffffee93
ffffe0e8
ffffe7e2
fffffaa2
ffffe7e2
fffff7a7
000007ad
000001e5
ffffe955
fffff8a9
fffff0cf
ffffdb1b
fffff0cf
ffffd6ae
ffffdc6e
00003a44
00003e8e
0000454a
00002e0d
00003c8b
00002a53
00002c92
000028c0
00003ea0
00002d8c
00002a3f
00000673
fffffd00
00001467
fffffc0f
ffffefbc
00001dc3
00001773
0000105f
000018b8
00001483
00000978
00000477
0000203c
fffffea4
00002188
fffff01b
ffffc6d9
ffffc500
fffff086
ffffbacd
ffffec01
ffffedb6
000013c1
ffffc91b
00000933
000013b8
ffffff67
fffff50c
000030a2
00001b23
00001d1b
fffffb97
fffff3ce
000005e7
00000d0b
fffffaa7
00000990
fffff77f
00002468
00000797
00001efc
0000188c
00001efc
00002578
000029eb
00003488
00003e5d
00004ce8
00003ebc
00004de5
00003ebc
000051a3
00003d4a
