00000000
00000000
00000000
00000000
00000000
00000000
00000014
00000000
00000000
00000000
00000000
00000000
00000000
00000000
00000000
00000000
00000000
00000000
00000000
00000000
00000000
00000000
00000000
00000000
00000000
00000000
00000000
00000000
00000000
00000000
00000000
00000000
00000000
00000000
00000000
0000001f
00000021
0000003d
00000014
0000007a
0000004c
0000007a
0000006f
0000009d
00000044
00000006
00000000
00000013
00000000
00000017
00000006
00000000
00000014
00000000
00000014
00000000
00000000
00000000
00000000
00000000
00000000
00000000
00000000
00000000
00000000
00000000
00000000
00000000
00000000
00000000
00000017
00000000
00000000
00000000
0000000c
00000000
0000000e
00000004
0000000c
0000001f
0000001d
00000049
000000a5
00000090
00000094
000000b5
000000d2
00000103
00000129
00000125
0000011a
00000140
0000013f
00000174
00000179
0000017d
00000179
00000133
00000135
0000011a
0000012a
0000012f
000000a2
0000009f
0000008a
0000001f
00000002
0000003e
00000000
00000000
00000000
00000000
00000000
00000000
00000000
00000000
00000000
00000000
00000000
00000000
00000000
00000000
00000000
00000000
00000000
00000000
00000000
00000000
00000000
00000000
00000000
00000000
00000000
00000000
00000000
00000009
00000020
00000013
0000001b
0000001b
0000002b
00000024
0000001f
00000016
0000001d
0000000b
00000000
0000000c
00000017
00000018
00000008
00000032
00000048
00000057
0000005f
000000c1
00000085
000000c3
00000093
000000b2
00000093
000000a7
0000008d
0000004a
0000004c
00000032
00000037
00000010
0000002f
00000000
00000000
00000000
00000000
00000000
00000000
00000000
00000000
00000000
00000000
00000000
00000000
00000000
00000000
00000000
00000000
00000000
00000000
00000007
00000000
00000000
00000000
00000000
00000000
00000000
00000000
00000000
00000000
00000000
00000000
00000000
00000000
0000000f
00000000
00000011
00000006
00000003
00000013
00000013
0000000f
0000000d
00000028
00000008
00000017
00000024
00000007
0000001f
00000000
00000000
0000000c
0000000a
0000001e
00000000
00000003
00000007
00000003
00000000
00000000
00000000
00000000
00000000
00000001
00000000
00000000
00000000
00000014
00000000
00000000
00000000
00000000
00000000
00000000
00000000
00000000
00000000
00000000
00000000
00000000
00000000
00000000
00000000
00000000
00000000
00000000
00000000
00000000
00000000
0000004d
00000053
00000051
0000005d
00000038
0000005c
00000025
00000075
00000077
0000008f
00000082
000000c5
0000007f
000000c3
0000009a
000000c0
000000b5
000000b6
00000082
00000062
0000005c
00000067
00000015
0000007a
00000084
000000c4
000000b5
000000fb
000000f3
000000f5
000000fe
00000106
000000fe
000000ed
000000d3
000000cd
000000da
000000cc
00000081
000000a8
00000099
0000008a
0000004f
00000055
0000005e
0000007c
000000a7
00000078
0000007d
00000058
0000008f
00000089
00000082
00000064
00000082
00000070
0000008a
0000007c
00000074
00000081
00000083
0000004a
00000005
00000011
00000000
00000000
00000000
00000000
00000000
00000000
00000000
00000000
00000000
00000000
00000000
00000000
00000000
00000000
00000000
00000003
00000000
00000000
00000000
00000000
00000000
00000000
00000000
00000000
00000000
00000000
00000000
00000000
00000009
00000011
00000000
00000010
00000000
00000000
00000000
0000004e
0000001a
0000004b
00000000
00000068
00000000
0000006d
00000029
00000090
00000026
00000042
00000048
0000003f
0000001f
00000022
0000004e
0000002f
00000071
00000008
00000071
00000019
0000003f
00000000
0000002a
00000000
00000022
00000000
00000000
00000000
00000000
00000000
00000000
00000000
00000000
00000000
00000000
00000022
00000028
0000001f
00000021
00000017
0000002a
0000001b
00000017
00000000
00000012
0000000e
00000000
00000000
00000000
00000000
00000000
00000000
00000000
00000000
00000000
00000000
00000000
00000000
00000000
00000000
00000000
00000000
00000000
00000000
00000000
00000000
00000000
00000000
00000000
00000000
00000000
00000000
00000000
0000000d
00000000
00000000
00000000
00000000
00000000
00000000
00000000
00000000
00000000
00000000
00000000
00000000
00000000
00000000
00000000
00000000
00000000
00000000
00000038
0000001b
00000032
00000000
00000021
0000000c
00000012
00000010
00000000
0000000b
00000000
0000003e
00000000
0000002f
0000000a
00000031
00000000
00000026
0000002a
00000026
00000009
00000026
0000002b
00000049
000000a5
000000b6
0000006e
000000bc
000000a1
000000f5
000000ff
000000ee
000000ff
000000a7
000000d0
000000dd
000000fd
0000010c
0000006d
000000b1
0000009c
0000005f
00000045
00000077
00000000
00000039
0000006c
0000003d
00000035
0000002a
00000064
00000040
00000047
00000005
00000047
00000015
0000001c
00000000
0000000e
00000000
00000000
00000000
00000000
00000000
00000005
0000001c
00000021
00000033
0000000b
00000042
00000029
0000005c
00000051
00000074
00000060
0000003a
0000005f
0000003d
00000038
0000000f
00000031
0000000a
00000000
00000000
00000000
00000000
00000000
00000000
00000000
00000000
00000000
00000004
00000000
0000006d
0000003d
00000048
0000003d
0000003e
00000068
0000005c
00000047
00000078
00000000
0000005e
00000035
0000002f
00000000
00000035
0000001e
00000030
0000006b
00000056
00000047
00000050
0000007f
0000005b
00000076
0000004e
00000076
0000005f
0000005a
00000011
0000000e
00000006
00000000
00000003
00000000
0000000f
00000013
00000000
00000002
00000000
00000002
00000000
00000000
00000000
00000000
00000000
00000000
00000000
00000000
00000000
00000000
00000000
00000000
00000000
0000003a
00000049
00000028
00000032
00000044
00000041
00000000
00000000
00000002
00000000
0000000b
00000000
00000000
00000000
00000000
00000000
00000000
00000000
00000000
00000000
0000003e
00000000
00000061
00000035
00000058
00000000
0000002d
00000000
00000000
00000000
00000000
00000000
00000000
00000000
00000000
00000000
00000000
00000000
00000000
00000000
00000000
00000000
00000000
00000000
00000000
00000000
00000000
00000000
00000000
00000000
00000000
00000000
00000000
00000000
00000000
00000000
00000000
00000000
00000000
00000000
00000000
00000000
00000000
00000000
0000000c
00000003
00000000
00000034
00000000
0000000e
00000000
00000000
00000000
00000000
00000000
00000000
00000000
00000000
00000000
00000000
00000000
00000000
00000000
00000000
00000000
00000000
00000008
00000000
00000030
00000000
00000000
00000000
00000000
00000000
00000000
00000000
00000000
00000000
00000000
00000000
00000000
00000000
00000000
00000000
00000000
00000000
00000000
00000000
00000000
00000000
00000000
00000000
00000000
00000000
00000000
00000000
00000000
00000000
00000000
00000000
00000000
00000000
00000000
00000000
00000000
00000000
00000000
00000019
0000007f
0000006b
00000060
00000080
000000a7
000000d4
000000db
000000cc
000000ce
000000d0
000000e4
000000e6
000000f1
000000fd
000000f1
000000b2
000000a1
00000098
000000c6
000000b0
00000062
0000003e
00000055
00000000
00000000
00000007
00000000
00000000
00000000
00000000
00000000
00000000
00000000
00000000
00000000
00000000
00000000
00000000
00000000
00000000
00000000
00000000
00000000
00000000
00000000
00000000
00000024
00000015
00000028
00000006
00000012
0000001a
00000032
0000000d
00000000
00000006
00000000
0000001e
0000000d
00000015
00000013
00000010
00000000
00000000
00000000
00000000
00000000
00000000
00000000
00000000
00000000
00000000
00000000
00000000
00000000
00000000
00000000
00000000
00000000
00000000
00000000
00000000
00000000
00000000
00000000
00000000
00000000
00000000
00000000
00000000
00000000
00000000
00000000
00000000
00000000
00000000
00000000
00000000
00000000
00000000
00000000
00000000
00000000
00000000
00000000
00000000
00000000
00000000
00000000
00000000
00000018
00000026
0000000e
00000001
0000000a
00000021
00000024
00000057
00000076
0000007c
00000071
0000007e
00000081
00000083
00000085
0000008a
0000008e
00000098
00000074
00000066
00000067
0000008a
0000001c
0000006e
00000093
000000d1
0000008c
000000e8
000000b4
0000010d
000000f6
000000f8
000000f6
000000e8
000000f5
000000e5
000000f3
000000f7
00000095
000000bd
000000ad
00000068
00000036
00000055
00000000
00000000
0000000d
00000000
00000000
00000000
00000000
00000000
00000000
00000000
00000000
00000000
00000000
00000002
00000000
00000004
00000000
00000000
00000000
00000000
00000019
0000000c
0000001d
00000037
00000007
0000001b
00000008
00000039
0000000c
00000026
00000018
00000032
0000001a
00000031
00000030
00000050
00000065
0000004d
00000050
00000018
00000011
00000003
00000000
00000036
0000001f
00000031
00000031
00000026
00000023
00000000
0000000f
00000001
0000000f
00000000
00000000
00000029
0000004a
00000031
00000006
0000002f
00000000
00000068
0000004a
0000006e
00000079
00000043
0000003e
00000028
00000030
0000001f
00000030
00000057
0000004b
00000067
0000004b
00000047
00000072
0000006a
0000005e
00000065
00000099
0000005b
0000004c
00000048
00000000
00000008
00000000
00000002
00000000
0000002b
00000018
0000003a
00000051
00000057
00000031
0000002f
00000054
00000048
00000054
00000032
0000007e
00000044
0000006d
00000048
00000080
00000078
00000092
000000e8
00000116
00000125
00000128
0000016f
0000015b
00000183
0000016c
00000180
0000016c
0000015e
0000011f
000000b7
000000a1
000000a5
00000065
0000004a
0000003d
0000000c
00000000
00000000
00000000
00000000
00000005
00000000
0000000c
00000000
00000000
00000000
00000000
00000000
00000000
00000000
00000000
00000036
00000012
0000003a
0000001d
0000002a
00000000
00000000
00000000
0000002f
00000018
00000045
0000000d
0000002e
00000015
00000069
00000058
00000064
00000041
00000040
0000004d
0000005a
00000042
0000003f
00000068
00000028
00000000
00000000
00000006
00000005
00000000
00000000
0000002b
0000004b
0000002d
00000063
00000042
0000006d
0000007d
00000061
0000007d
0000007b
00000089
00000057
0000007e
00000079
00000053
00000061
0000005d
00000052
00000043
00000069
00000083
0000004a
0000007f
00000054
00000080
00000085
00000083
000000b7
0000008b
000000af
0000008b
00000084
0000008c
00000089
00000080
00000084
000000a2
00000088
00000089
00000089
00000037
00000027
00000042
0000003b
0000002d
00000012
00000000
00000002
00000000
00000000
00000000
00000005
00000000
00000010
00000008
00000025
00000002
00000019
00000000
00000000
00000000
00000000
00000000
00000000
00000036
00000029
00000000
0000002f
00000017
00000040
00000019
00000035
00000019
00000010
00000004
00000034
00000074
0000005e
0000001b
00000051
00000042
00000061
0000004d
0000006a
0000007c
000000a0
000000b4
00000091
000000a0
00000084
000000af
000000b5
0000008d
000000a6
0000008d
0000009c
000000a0
000000d0
000000b7
000000b9
000000aa
0000007e
00000026
0000002b
00000000
00000000
00000000
00000000
00000000
00000000
00000000
00000000
00000000
00000000
00000000
00000000
00000000
00000000
00000000
00000000
00000000
00000000
00000000
00000000
00000000
00000002
0000000c
0000003f
00000058
00000077
0000008f
00000117
000000ed
00000120
00000110
00000128
00000110
000000fc
000000d2
000000c3
000000c3
000000b0
00000074
0000008d
0000008a
0000006a
00000054
00000077
00000037
00000032
0000004a
0000004b
0000002d
0000003e
0000003b
0000000f
0000003c
00000000
0000003c
00000000
00000000
00000000
00000000
00000000
00000000
00000000
00000000
00000000
0000001b
00000000
00000021
0000001f
00000000
00000000
00000007
00000000
00000000
00000000
00000000
00000017
00000000
00000000
00000000
0000000e
00000000
00000026
00000010
00000001
00000000
00000000
00000000
00000013
0000001a
00000049
0000001d
00000093
00000065
00000071
00000076
00000076
00000076
00000061
00000054
0000004f
0000004f
00000039
0000002f
0000002e
00000057
00000070
00000040
00000022
00000021
00000000
00000000
00000000
00000000
00000000
00000000
00000000
00000000
00000000
00000000
00000000
00000000
00000000
00000000
00000000
00000000
00000000
00000000
00000000
00000000
00000000
00000000
00000000
00000000
00000000
00000000
00000000
00000000
00000000
00000000
00000000
00000000
00000000
00000000
00000006
0000000a
00000029
00000076
00000038
00000033
0000004c
00000062
00000061
00000060
0000002c
00000023
00000000
00000010
00000000
00000000
00000000
00000000
00000000
00000000
00000000
00000000
00000000
00000000
00000000
00000000
00000000
00000000
00000000
00000000
00000000
00000000
00000000
00000000
00000000
00000000
00000000
00000000
00000000
00000000
00000000
00000000
00000000
00000000
00000000
00000000
00000000
00000000
00000000
0000002a
0000003b
0000002f
00000046
0000001a
0000003f
00000058
00000045
0000005b
00000045
00000042
00000027
00000044
00000037
00000035
0000001c
0000003d
00000030
00000067
00000072
00000096
000000ab
0000007d
000000bc
00000068
000000a3
00000103
000000ea
0000012b
00000105
00000135
00000133
00000135
0000013c
000000fa
000000bc
000000d1
000000b2
000000b3
00000083
000000bd
00000096
000000dd
0000007c
000000ed
00000077
000000b5
0000009d
000000c9
000000c5
0000009e
000000a0
0000005f
00000079
0000005f
0000006c
00000057
0000006c
00000056
00000048
00000022
00000016
00000004
00000000
00000000
00000000
00000000
0000000d
00000000
00000000
00000000
00000000
00000000
00000000
00000000
00000000
00000000
00000000
00000000
00000000
00000000
00000000
00000000
00000000
00000000
00000000
00000000
00000000
00000000
00000000
00000000
00000000
00000000
00000000
00000000
00000000
00000000
00000000
00000000
00000000
00000000
00000000
00000000
00000000
0000000e
00000002
00000018
00000006
0000004b
00000000
00000000
00000000
00000029
00000027
00000001
0000001a
00000000
00000018
00000000
0000000b
00000000
0000000a
00000003
00000000
00000000
00000000
00000000
00000000
00000000
00000000
00000000
00000000
00000000
00000000
00000000
00000000
00000000
00000000
00000000
00000000
00000000
00000000
00000000
00000000
00000000
00000000
00000000
00000000
00000000
00000000
00000000
00000000
00000000
00000000
00000000
00000000
00000000
00000000
00000000
00000000
00000000
00000000
00000000
00000000
00000000
00000000
00000000
00000024
0000002e
0000003a
00000041
00000033
00000008
00000014
00000003
00000004
00000000
00000000
00000000
00000000
00000000
00000000
00000000
00000000
00000000
00000000
00000000
00000000
00000000
00000000
00000000
00000000
00000000
00000000
00000000
00000000
00000000
00000000
00000007
00000000
00000000
00000000
00000000
00000000
00000000
00000000
00000000
00000000
00000000
00000000
00000000
00000000
00000000
00000000
00000000
00000000
0000000d
0000001a
00000002
0000007c
00000014
000000a4
0000008d
00000085
0000008d
00000083
0000009f
000000a6
000000c1
000000bb
0000007b
000000bb
000000b3
00000097
00000047
00000061
0000001e
00000000
00000000
00000000
00000000
00000000
00000000
00000000
00000000
00000000
00000000
00000000
00000000
00000000
00000000
00000000
00000000
00000000
00000000
00000000
00000031
00000049
0000004b
00000057
00000043
00000074
0000006e
0000008e
00000082
00000077
00000071
00000072
0000007a
00000077
0000005f
00000061
00000047
00000048
0000003f
00000046
00000027
00000023
0000000c
0000005b
0000007e
00000095
0000005d
00000083
0000007c
000000a5
000000a2
000000a3
000000a2
00000071
00000086
0000008b
000000bd
000000bd
00000060
00000080
00000087
00000066
00000055
00000066
00000032
0000000c
0000002d
0000001b
00000020
0000000d
00000012
00000031
00000000
0000002a
00000000
0000000c
0000000a
0000001b
00000000
00000011
00000017
0000000d
00000007
0000001b
00000022
0000000e
00000025
0000001a
00000000
00000000
00000004
0000000f
00000006
00000000
00000005
00000000
00000001
00000000
00000000
00000005
00000000
00000000
00000019
00000042
00000034
0000005b
00000050
000000a0
000000e2
000000f6
000000d5
00000108
00000103
0000013e
0000013f
00000141
0000013f
0000010b
00000106
000000e4
00000138
00000116
000000ae
000000ad
000000c5
00000076
00000043
00000074
0000005d
0000005c
00000063
00000058
00000072
00000078
00000063
00000085
00000054
00000083
00000054
0000005b
00000049
00000067
0000004c
0000004a
00000056
00000049
0000004c
00000059
00000015
00000033
00000011
00000036
0000001a
0000003e
00000077
0000005c
0000005c
00000042
00000066
0000002c
0000004b
0000002f
00000038
00000034
00000029
0000006f
000000af
000000a3
0000009e
000000cf
000000a0
000000d1
000000a9
000000b7
000000cd
000000c3
000000fd
000000c1
000000ef
000000e9
000000ef
000000db
000000ae
000000ca
000000e2
000000c4
000000b6
0000009e
000000a8
000000b6
000000bd
000000ae
000000a9
00000000
00000000
0000001e
00000006
00000000
00000000
00000000
00000000
00000000
00000000
00000000
00000000
00000000
00000000
00000000
00000000
00000000
00000000
00000000
00000000
00000000
00000000
00000000
00000000
00000000
00000000
00000000
00000000
00000000
00000000
00000000
00000000
00000000
00000000
00000000
00000000
00000000
00000000
00000000
00000000
00000000
00000000
00000000
00000000
00000000
00000000
00000000
00000000
00000000
00000000
00000000
00000000
00000000
00000011
00000005
00000000
00000000
00000013
00000000
00000000
00000000
00000000
00000000
00000000
00000000
00000000
00000000
00000000
00000000
00000000
00000000
00000000
00000000
00000000
00000000
00000000
00000000
00000000
00000000
00000008
00000006
00000000
00000000
00000016
0000000c
00000027
00000037
00000000
00000000
00000000
00000000
00000000
00000000
00000000
00000000
00000000
00000000
00000000
00000000
00000000
00000000
00000000
00000000
00000000
00000000
00000000
00000000
00000000
00000000
00000000
00000000
00000000
00000000
00000000
00000000
00000000
00000000
00000008
0000004c
00000021
00000048
00000000
0000002d
00000000
00000000
00000000
00000044
00000000
0000002b
00000000
00000000
00000019
00000025
00000018
00000049
00000036
00000078
00000036
00000049
00000048
0000006f
00000079
0000003e
00000064
00000051
00000031
00000044
00000000
00000000
00000000
00000000
00000000
00000000
00000000
00000000
00000002
00000000
00000000
00000000
00000016
00000000
0000000e
00000003
00000002
00000000
00000000
00000000
00000000
00000000
00000000
00000005
00000000
00000000
00000006
00000000
00000000
00000000
00000000
00000000
00000000
00000000
00000000
00000000
00000000
00000000
00000000
00000000
00000000
00000000
00000000
00000000
00000000
00000000
00000003
00000000
0000000a
00000003
00000004
00000000
00000000
00000000
00000000
00000000
00000000
00000023
00000007
00000030
00000000
00000019
00000000
00000000
0000004f
0000006e
00000068
0000006e
00000062
0000007f
00000090
0000008b
0000008c
000000a1
00000098
00000096
000000a0
0000008c
0000009f
0000008d
0000008a
00000082
000000b2
00000085
0000008a
00000098
0000007a
0000009a
00000092
0000008b
000000ac
000000b1
000000ba
000000c7
000000b5
000000cd
000000b5
000000a4
0000004e
00000034
00000028
0000000d
00000013
00000000
00000000
00000000
00000000
00000000
00000000
00000028
00000035
00000038
00000044
00000027
00000027
00000028
00000012
00000048
00000012
0000003a
00000026
0000003f
00000030
00000027
00000002
0000000f
00000004
00000000
0000000d
00000000
00000011
00000000
00000015
0000000d
00000000
00000009
00000007
00000000
00000015
00000035
0000002a
00000034
00000033
0000005c
00000043
00000060
00000046
00000020
00000000
00000000
00000000
00000007
0000003a
00000033
00000000
00000000
00000000
00000000
00000000
00000000
00000000
00000000
00000000
00000000
00000000
00000000
00000000
00000000
00000000
00000000
00000000
00000000
00000000
00000051
0000005c
00000043
0000001c
00000011
00000044
0000002a
00000028
00000014
00000028
00000035
00000058
0000006c
00000056
00000088
0000008a
0000006d
0000000e
00000021
00000000
00000000
00000000
00000000
00000000
00000000
00000000
00000000
00000004
00000000
00000000
00000000
00000000
00000000
00000000
00000000
00000000
00000000
00000000
00000000
00000000
00000000
00000000
00000000
00000000
00000000
00000000
00000046
00000023
00000037
00000003
0000002e
00000003
00000038
00000003
00000000
00000000
00000000
00000000
00000000
00000008
00000000
00000002
00000000
00000012
00000067
00000099
0000006f
00000063
00000096
00000087
0000004e
0000004d
00000014
0000004d
00000024
0000001f
0000003d
0000003e
00000054
00000013
0000000f
00000000
00000000
00000000
00000000
00000000
00000000
00000000
00000000
00000000
00000000
00000000
00000000
00000000
00000000
00000000
00000000
00000000
00000000
00000000
00000000
00000000
00000000
00000000
00000000
00000000
00000000
00000000
00000000
00000000
00000000
00000000
00000000
00000000
00000000
00000000
00000000
00000000
00000000
00000000
00000000
00000000
00000000
00000000
00000000
00000000
00000000
00000000
00000000
00000000
00000000
00000000
00000000
00000000
00000000
00000000
00000000
00000000
00000000
00000000
00000000
00000000
00000000
00000000
00000000
00000000
00000000
00000016
00000047
00000041
00000042
0000004f
00000086
00000087
000000a7
000000af
0000008a
0000009e
00000062
0000009f
00000086
00000062
0000003b
00000058
00000014
00000000
00000000
00000000
00000000
00000000
00000000
00000063
0000004d
00000024
0000002d
00000030
0000005d
0000004e
0000004b
0000004e
0000000e
00000012
00000000
00000010
00000034
00000000
00000000
00000000
00000000
00000000
00000000
00000000
00000000
00000000
00000000
00000007
00000000
00000000
00000000
00000000
00000007
00000000
00000005
00000000
00000046
00000032
0000006e
00000046
00000081
00000045
0000006e
00000016
00000000
00000000
00000000
00000000
00000000
00000000
00000000
00000000
00000000
00000000
00000000
00000000
00000000
00000000
00000000
00000000
00000000
00000000
00000000
00000000
00000000
00000000
00000000
00000000
00000000
00000000
00000000
00000000
00000000
00000000
00000000
00000000
00000000
00000000
00000000
00000000
00000000
00000000
00000013
00000000
00000013
00000000
0000004b
00000000
00000000
00000000
00000000
00000000
00000000
00000000
00000003
00000000
0000001b
00000000
00000004
00000000
00000000
00000000
00000000
00000000
00000006
00000026
0000002a
00000000
00000000
00000000
00000000
00000000
00000000
00000000
00000000
00000000
00000000
00000000
00000000
00000000
00000000
00000000
00000000
00000000
00000000
00000000
00000000
00000000
00000000
00000000
00000000
00000000
00000000
00000000
00000000
00000000
00000000
00000000
00000000
00000000
00000000
00000000
00000000
00000000
00000000
00000000
00000002
00000000
0000000d
00000018
0000003a
00000064
000000cd
000000bb
000000c2
000000a7
000000d9
000000d1
000000cd
0000009a
00000075
0000009a
000000a4
00000072
00000050
0000004c
00000006
00000000
00000000
00000000
00000000
00000040
0000000c
0000003a
00000006
00000000
00000000
00000000
00000000
00000001
00000000
00000001
00000021
00000000
00000012
00000005
00000033
00000018
00000000
00000032
00000021
00000037
0000006c
00000053
00000078
0000008e
00000092
00000084
0000007a
00000095
0000007f
000000a2
00000092
000000a2
0000006f
0000009b
00000082
000000bf
000000a5
0000008c
0000007a
000000c2
00000086
00000090
00000063
00000082
00000074
0000007c
00000082
00000096
00000091
00000075
0000009f
0000004e
00000055
0000004e
0000006e
00000038
00000028
0000000f
00000000
00000000
00000000
00000000
00000000
00000000
00000000
00000000
00000000
00000000
00000000
00000000
0000000b
00000001
00000000
00000006
00000000
00000000
00000000
00000000
00000000
00000000
00000000
00000000
00000000
00000000
00000000
00000000
00000000
00000000
00000000
00000000
00000000
00000000
00000000
00000000
00000000
00000000
00000000
0000001e
00000044
00000056
00000069
00000036
00000041
00000038
0000003a
00000045
0000006d
00000047
00000009
00000000
00000000
00000016
00000018
00000005
0000002e
00000004
0000003a
00000004
0000001e
00000008
00000001
00000015
00000016
0000001a
00000034
00000053
0000006e
00000000
00000000
00000000
00000000
00000000
00000004
00000003
0000000e
00000000
00000000
00000001
00000000
00000000
00000000
00000000
00000000
00000000
00000000
0000000b
00000025
00000035
0000003f
00000043
00000070
00000085
00000073
000000a1
00000050
000000a9
00000062
00000087
00000086
00000087
00000096
00000074
00000083
000000ac
0000008f
00000066
00000050
00000083
00000071
0000004e
0000005c
00000069
00000005
00000009
00000002
00000018
00000023
00000000
00000030
00000000
0000002b
00000000
00000016
00000000
00000014
00000010
0000002c
00000020
0000003c
0000002e
0000003c
00000000
00000000
00000000
00000000
00000000
00000000
00000000
00000000
00000000
00000000
00000000
00000000
00000000
00000000
00000000
00000000
00000000
00000000
00000000
00000000
00000000
00000000
00000000
00000000
00000004
00000000
00000000
00000024
00000000
00000020
00000000
0000000e
00000000
00000000
00000000
0000004d
00000040
0000004a
00000000
00000058
00000000
00000056
0000000c
00000049
00000011
0000003d
0000001e
0000001d
00000000
00000000
00000012
00000000
00000027
00000000
00000027
00000000
00000007
00000001
0000001a
00000023
00000020
00000000
00000000
00000000
00000000
00000000
00000000
00000000
00000000
00000000
00000000
00000000
00000000
00000000
00000000
00000000
00000000
00000000
00000004
00000009
00000022
0000001b
0000005c
00000042
00000042
0000004e
0000007c
00000079
0000009d
00000070
00000043
00000020
0000001c
00000000
00000019
00000000
00000019
00000000
00000000
00000000
00000000
00000000
00000000
00000000
00000000
00000000
00000000
00000000
00000000
00000000
00000000
00000000
00000000
00000000
00000000
00000000
00000000
00000000
00000000
00000000
00000000
00000000
00000013
0000000f
0000000a
00000014
00000000
00000000
00000000
00000000
00000000
00000000
00000000
00000000
0000000a
00000000
0000000c
00000020
00000000
0000000b
00000016
0000000b
0000002d
0000001b
0000002e
00000030
00000066
0000003e
00000052
0000005f
00000049
0000005f
0000003b
0000003f
0000005a
00000062
0000005d
00000074
00000054
00000078
00000054
0000006e
0000005c
00000035
00000000
00000017
00000027
00000005
00000000
00000000
00000007
00000000
00000000
0000002c
0000005f
0000004e
0000003e
0000004c
0000005a
00000022
0000002f
00000004
0000002f
0000000b
00000018
00000000
00000000
00000000
00000000
00000000
00000000
00000000
00000000
00000000
00000000
00000000
00000000
00000000
00000000
00000000
00000000
00000000
00000000
00000000
00000000
00000000
00000000
00000000
00000000
00000000
00000000
00000000
00000000
00000000
00000000
00000008
00000000
00000000
0000000d
00000000
00000011
00000000
00000000
00000000
00000000
00000000
00000000
00000000
00000000
00000000
0000001d
00000003
0000003e
0000002d
00000024
0000000a
00000004
00000000
00000000
00000000
00000000
00000000
00000000
00000000
00000000
00000000
00000000
00000000
00000000
00000000
00000000
00000000
00000000
00000000
00000000
00000000
00000000
00000000
00000000
00000002
0000000c
0000002f
00000023
0000003c
00000029
00000032
00000044
00000036
0000002e
00000030
00000023
00000019
00000014
0000003a
00000006
00000000
00000000
00000000
00000003
00000000
0000002e
0000001b
00000028
0000004b
00000070
00000068
0000008c
00000081
0000008c
00000073
00000083
00000068
00000059
00000073
0000001e
0000003c
00000000
0000000b
00000004
0000002e
00000000
00000000
0000000b
00000000
00000000
00000000
00000000
00000000
00000008
00000000
00000008
00000000
00000000
00000000
00000000
00000003
00000000
00000000
00000000
00000000
00000000
00000000
00000000
00000000
00000000
00000000
00000000
00000000
00000000
00000000
00000000
0000000d
00000000
0000000d
00000007
00000004
00000005
00000000
00000000
00000000
00000000
00000000
00000000
00000000
00000000
00000000
00000000
00000014
00000004
00000010
00000000
00000008
00000000
00000019
00000001
00000000
00000000
00000000
00000000
00000000
00000000
00000000
00000000
00000000
00000000
00000000
00000005
00000000
00000000
0000001b
00000003
00000000
00000000
00000000
00000000
00000000
00000000
00000000
00000000
00000000
00000000
00000000
00000000
00000000
00000000
00000000
00000000
00000000
00000000
00000000
00000000
00000000
00000000
00000000
00000002
00000000
00000000
00000000
00000000
00000000
00000000
00000000
00000000
00000000
00000000
00000000
00000019
00000000
0000004b
00000013
00000040
00000047
00000049
0000002a
0000000b
00000021
0000000b
0000001d
00000000
00000000
00000000
00000000
00000000
00000000
00000000
00000000
00000000
00000000
00000000
00000000
00000000
00000000
00000000
00000000
00000000
00000000
00000000
00000000
00000000
00000000
00000000
00000000
00000000
00000000
00000000
00000000
00000000
00000004
00000004
00000021
00000017
00000034
00000012
00000031
0000000d
00000051
00000045
00000040
00000043
00000085
0000005a
00000074
00000068
0000006f
0000003e
00000042
00000000
00000000
00000000
00000000
00000000
00000000
00000000
00000000
00000000
00000000
00000000
00000000
00000000
00000000
00000000
00000000
00000000
0000000a
00000030
00000016
0000000d
00000003
0000005c
00000049
00000021
0000000d
00000028
00000000
00000021
00000000
00000016
00000009
00000000
00000041
00000000
00000030
00000000
00000006
00000007
00000028
00000020
0000003d
0000004f
00000018
00000000
00000000
00000000
0000001e
0000001a
0000000d
00000021
0000004f
00000028
00000059
00000056
00000044
0000003d
0000002c
0000004d
0000003b
00000027
00000023
00000022
0000002c
0000001e
0000003a
00000050
00000052
00000058
00000078
000000e1
000000da
000000e1
00000115
000000f5
00000161
0000012c
0000014b
0000012c
00000148
00000101
0000009d
00000086
000000a3
0000004d
0000003e
00000043
00000000
00000000
00000000
00000000
00000040
000000a7
0000006a
0000006a
0000007e
000000b9
0000006b
0000008b
0000003b
0000008b
00000059
00000065
0000003a
00000035
0000003b
00000003
00000007
00000000
00000006
00000000
00000000
00000000
00000001
00000000
0000000e
00000000
00000007
00000000
00000004
00000000
00000000
00000000
00000000
00000000
00000000
00000000
00000000
00000000
00000000
00000000
00000000
00000000
00000000
00000000
00000000
00000000
00000000
00000000
00000000
00000000
00000000
00000000
00000000
00000000
00000000
00000000
00000000
00000000
00000000
00000000
00000000
00000000
00000000
00000000
00000000
00000000
00000000
00000000
00000000
00000000
00000000
00000000
00000000
00000000
00000000
00000000
00000000
00000000
00000000
00000000
00000000
00000000
00000000
00000000
00000000
00000001
00000000
00000000
00000004
0000002a
0000002f
00000029
00000013
0000002a
00000000
0000001a
00000000
00000000
00000000
00000000
00000000
00000003
00000000
00000006
00000013
00000000
00000005
0000004d
00000037
0000001d
00000000
00000027
00000001
00000023
0000000b
00000023
00000000
00000002
00000000
00000025
00000023
00000000
00000000
00000000
00000000
00000000
00000000
00000000
00000000
00000000
00000000
00000000
00000000
00000000
00000013
00000000
0000002e
00000000
00000000
00000000
00000000
00000009
0000002c
00000021
0000004b
0000005f
0000007c
00000003
00000010
00000000
00000000
00000000
00000000
00000000
00000025
00000027
0000005e
0000003b
0000005e
00000032
0000005b
00000058
00000059
00000061
00000033
0000001e
00000017
00000041
00000048
00000000
00000038
00000025
0000006d
000000c8
0000011b
00000102
0000013c
00000148
0000014b
00000148
00000163
00000153
00000135
000000c9
00000101
000000c5
000000dd
00000068
00000079
00000064
000000ab
0000005b
00000079
000000af
0000009a
00000095
0000009e
0000009d
0000007c
000000a1
00000045
000000a1
00000051
00000071
00000035
0000005c
00000027
0000002e
00000000
00000000
00000000
00000000
00000000
00000000
00000000
00000000
00000000
00000000
00000000
00000000
00000000
00000000
00000005
00000000
00000000
00000000
0000000f
00000000
00000001
00000000
00000000
0000000a
00000023
0000001a
00000000
00000034
00000050
00000057
00000038
00000056
00000078
0000007b
00000070
0000007b
00000078
000000b2
000000b0
00000093
000000b4
00000078
00000081
00000035
0000003d
0000001b
00000048
00000002
00000000
00000000
00000000
00000000
00000000
00000000
00000000
00000000
00000000
00000000
00000000
00000000
00000000
00000000
00000000
00000013
0000000e
00000000
0000002b
00000000
00000000
00000000
00000000
00000000
00000000
00000000
00000000
00000000
00000000
00000000
00000000
00000000
00000000
00000000
00000000
00000000
00000000
0000004b
00000014
00000026
0000003e
0000003e
0000005b
00000066
00000042
00000036
00000015
00000042
00000009
00000000
0000000f
00000000
00000000
00000000
00000000
00000000
00000000
00000000
00000000
00000000
00000000
00000000
00000000
00000000
00000000
00000000
00000000
00000000
00000000
00000000
00000000
00000000
00000000
00000000
00000000
00000000
00000000
00000000
00000000
00000000
00000000
00000000
00000000
00000007
00000000
00000000
00000000
00000000
00000000
00000002
00000000
00000000
00000011
0000000e
00000000
0000001f
00000000
00000025
00000012
00000037
0000002b
0000005f
00000025
00000041
00000052
0000000f
00000040
00000048
0000005e
00000060
000000ca
000000bc
000000d3
000000f3
000000e5
000000f3
000000b4
000000ba
000000ce
000000a8
000000b0
00000069
00000078
00000039
00000023
00000001
00000075
00000000
00000000
00000000
00000000
00000000
00000000
00000000
00000000
00000000
00000000
00000000
00000000
00000000
00000000
00000000
00000000
00000000
00000000
00000000
00000000
00000001
00000000
00000000
00000000
00000000
00000000
00000000
00000000
00000003
00000000
0000001b
00000000
00000011
00000000
00000001
00000000
00000018
00000006
00000048
00000000
00000015
00000022
00000000
00000000
00000000
00000000
00000000
00000000
00000000
00000000
00000000
00000000
00000000
00000000
00000000
00000000
00000000
00000000
00000000
00000000
00000000
00000000
00000000
00000005
00000000
00000000
00000000
00000000
00000000
00000000
00000000
00000000
00000000
00000000
00000000
00000000
00000000
00000000
00000000
00000000
00000000
00000000
0000000e
0000001b
0000000c
0000002a
00000025
0000000d
00000003
00000031
00000037
0000004b
00000061
00000075
00000051
00000066
0000006f
00000063
00000084
00000058
00000074
0000003e
0000001d
00000000
00000007
00000000
00000000
00000016
00000020
00000000
0000002c
00000038
0000003f
00000033
00000006
00000030
00000006
00000018
00000000
00000000
00000000
00000000
00000000
00000000
00000000
00000000
00000000
00000000
00000013
0000005a
00000088
0000007c
0000009b
0000009a
0000007f
0000007f
00000045
0000004b
00000045
00000056
00000031
00000043
00000013
0000002c
00000000
00000000
00000000
00000000
00000000
00000003
00000000
00000002
00000000
0000000f
00000011
00000015
00000000
00000013
00000000
0000001f
00000000
0000001d
00000006
0000001b
00000012
00000008
00000000
0000000e
00000000
00000000
0000000b
00000045
00000072
00000078
00000021
00000067
0000002b
00000060
00000048
0000004f
00000048
00000007
00000022
00000009
0000005f
0000004b
00000000
00000018
0000005b
00000014
00000000
00000005
00000000
00000000
00000000
00000000
00000000
00000000
00000000
00000000
00000000
00000000
00000000
00000000
00000000
00000000
00000000
00000000
00000000
00000000
00000000
00000000
00000000
00000000
00000000
00000000
00000000
00000000
00000000
00000007
00000000
00000000
00000000
00000002
00000003
00000000
00000000
00000001
00000000
00000000
00000000
00000000
00000000
00000000
00000000
00000000
00000000
00000000
00000000
00000000
00000000
00000000
00000000
00000000
00000000
00000000
00000000
00000000
00000000
00000000
00000000
00000000
00000000
00000000
00000000
00000000
00000000
00000000
00000000
00000000
00000000
00000000
00000000
00000000
00000000
00000000
00000000
00000000
00000000
00000000
00000000
00000000
00000000
00000000
00000000
00000000
0000001a
00000035
00000024
00000037
00000009
00000046
00000045
00000081
00000085
00000079
0000007e
0000009a
00000070
00000087
00000068
00000066
0000004b
00000043
00000005
00000000
00000000
00000000
00000000
00000000
00000000
00000000
0000000c
00000037
0000002b
00000036
0000004d
00000046
0000004d
0000003e
00000074
0000007f
0000008d
0000007a
0000006b
00000079
00000098
0000008d
0000008a
0000008f
00000088
00000057
0000009b
00000067
000000a1
000000a3
00000071
000000b9
00000066
00000063
00000066
0000004d
0000002a
0000001d
00000020
00000018
0000001d
00000000
00000000
00000000
00000022
00000000
0000000b
00000007
00000000
00000000
00000000
00000000
00000000
00000000
00000000
00000000
00000000
00000000
00000000
00000000
00000000
00000000
00000000
00000000
00000000
00000000
00000000
00000000
00000000
00000000
00000000
00000000
00000000
00000000
00000000
00000000
00000000
00000000
00000000
00000000
00000000
00000000
00000000
00000000
00000000
00000000
00000000
0000004f
00000000
0000002d
0000001c
00000013
00000012
0000001b
0000001e
0000003a
0000003c
00000032
0000003c
00000025
00000027
00000000
00000014
00000000
00000006
00000000
00000000
00000000
00000027
0000000d
00000021
00000004
00000000
00000016
0000001f
00000016
0000001d
00000030
0000002a
0000002a
00000032
00000027
0000003c
0000003a
0000005a
00000055
0000008e
00000042
00000050
00000077
00000061
0000009c
000000e8
000000f4
000000b4
00000151
00000115
00000161
00000187
00000167
00000187
0000010e
0000010e
00000117
00000126
0000011c
00000098
000000bd
00000098
00000069
0000004d
00000093
00000006
00000038
00000047
00000045
0000003b
00000017
0000003b
0000002e
00000035
00000018
00000035
00000018
00000012
00000005
00000009
00000008
00000000
00000000
00000000
00000000
00000000
00000000
00000000
00000000
00000000
00000000
00000000
00000000
00000000
00000000
00000000
00000000
00000000
00000000
00000000
00000000
00000000
00000000
00000000
00000000
00000000
00000000
00000000
00000009
00000000
00000000
00000000
00000000
00000000
00000000
00000000
00000000
00000000
00000000
00000000
00000000
00000000
00000000
00000000
00000000
00000000
00000000
00000000
00000000
00000000
0000001b
00000035
00000021
0000000e
00000028
0000000a
00000014
00000000
00000000
00000000
00000000
00000000
00000000
00000000
0000001a
00000000
00000000
00000000
00000000
00000000
00000000
00000000
00000000
00000000
00000000
00000000
00000000
00000000
00000000
00000000
00000000
00000000
00000000
00000000
00000000
00000000
0000000d
00000021
00000070
0000005f
0000007b
00000087
000000b1
000000f2
00000111
0000010f
00000127
00000126
00000126
00000115
00000125
00000115
0000011a
000000c1
0000006e
0000006c
00000055
0000002e
00000006
00000001
00000000
00000000
00000000
00000000
00000000
00000000
00000000
00000000
00000000
00000000
00000000
00000000
00000000
00000000
00000000
00000000
00000000
00000000
00000000
00000018
00000026
00000040
0000004d
00000000
00000000
00000000
00000000
00000000
00000000
00000000
00000000
00000000
00000000
00000000
00000000
00000000
00000000
00000000
00000000
00000000
00000000
00000000
00000000
00000000
00000000
00000000
00000000
00000000
00000000
00000000
00000000
00000000
00000000
00000000
00000000
00000000
00000000
00000000
00000000
00000000
00000000
00000000
00000000
00000000
00000000
00000000
00000000
00000000
00000008
00000039
00000026
00000000
00000029
0000004c
00000000
0000001d
00000000
0000001d
00000000
00000000
00000000
00000000
0000000b
00000000
00000000
00000000
00000000
00000000
00000004
00000005
00000019
0000000c
00000000
00000013
0000005f
00000059
0000004d
0000006b
00000000
00000056
00000007
0000000f
00000000
00000027
00000006
00000009
00000000
00000000
00000000
00000000
00000000
00000000
00000000
00000000
00000000
00000000
00000000
00000000
00000000
00000000
00000000
00000000
00000000
00000000
00000000
00000000
00000000
00000000
00000000
00000000
00000000
00000000
00000000
00000000
00000000
00000000
00000000
00000000
00000004
0000002a
00000045
0000002a
00000014
00000012
00000000
0000000c
00000000
0000001b
00000028
00000081
00000087
00000000
00000001
00000000
00000000
00000000
00000000
00000000
00000000
00000000
00000000
00000000
0000000d
00000000
00000000
00000005
0000001a
00000000
00000000
00000000
00000000
00000000
00000000
00000000
00000000
00000000
00000000
00000000
00000000
00000000
00000000
00000000
00000000
00000000
00000000
00000000
00000000
0000000d
00000003
00000000
00000000
00000000
00000000
00000000
00000000
00000000
00000000
00000000
00000000
00000000
00000000
00000000
00000000
00000000
00000000
00000000
00000000
00000000
00000000
00000000
00000000
00000000
00000000
00000000
00000000
00000000
00000000
00000000
0000000c
00000000
00000000
00000011
00000000
00000000
00000000
00000000
00000000
00000000
00000000
00000000
00000000
00000000
00000000
00000000
00000000
00000000
00000000
00000000
00000000
00000000
00000000
00000000
00000000
00000000
00000000
00000000
00000000
00000000
00000000
00000000
00000000
00000000
00000000
00000000
00000000
00000000
00000000
00000000
00000002
0000005d
000000b3
000000ac
000000aa
000000af
000000d4
000000af
000000b5
00000078
0000008d
00000078
0000008e
0000006f
00000096
00000073
00000056
00000030
00000035
00000000
00000000
00000000
00000000
00000000
00000000
00000000
00000008
00000000
00000012
00000016
0000003f
00000000
00000036
00000019
00000024
00000041
00000031
00000023
00000011
00000000
00000000
00000000
00000000
00000000
00000000
00000000
00000000
00000004
0000001c
0000001a
00000020
00000000
0000001f
00000000
0000000f
00000000
00000000
00000000
00000000
00000000
00000000
00000000
00000000
00000000
00000000
00000004
0000009c
000000bf
0000009f
000000ac
000000bc
000000b1
000000c0
00000089
0000007e
00000089
0000008f
00000060
0000005b
0000004b
00000040
00000000
00000000
00000000
00000000
00000007
00000000
00000000
00000000
00000000
00000000
00000000
0000003b
0000003e
00000064
00000042
00000059
00000057
00000041
00000050
00000055
0000006a
00000059
00000036
00000000
00000000
00000000
00000000
00000000
00000000
00000000
00000000
00000000
00000000
00000000
00000000
00000000
00000000
00000000
00000000
00000008
00000000
00000015
00000000
0000003d
00000004
00000055
0000005d
0000007d
00000050
00000029
00000061
0000003f
00000048
00000055
00000057
00000061
00000056
00000058
00000056
0000004c
00000035
00000000
00000004
00000000
0000000b
00000000
00000005
0000001f
00000022
00000040
00000035
0000004f
00000035
00000049
0000005f
00000073
00000072
0000004a
0000006b
00000004
00000054
00000018
00000012
00000000
0000000d
00000007
00000039
00000012
00000041
00000064
0000004d
00000041
00000076
00000077
00000084
0000009b
000000ab
000000f9
000000f0
000000ed
000000f0
000000fe
00000100
000000ce
000000c0
000000de
00000061
0000007f
00000043
00000023
0000000e
0000004e
0000001b
00000000
00000012
00000009
00000011
0000001a
00000013
00000018
00000026
00000039
00000026
00000004
00000000
00000000
00000000
00000000
00000000
00000008
00000058
0000006a
00000000
00000000
00000000
00000000
00000000
00000000
00000000
00000000
00000000
00000000
00000000
00000000
00000000
00000000
00000000
00000000
0000001c
00000003
00000005
00000000
00000000
00000000
00000000
00000000
00000000
00000000
00000000
00000000
00000000
00000000
00000000
00000000
00000000
00000000
00000000
00000000
00000000
00000000
00000005
00000008
00000000
00000000
00000000
00000003
00000000
00000000
00000000
00000000
00000000
00000000
00000000
00000000
00000000
00000000
00000000
00000000
00000000
00000000
00000000
00000000
00000000
00000000
00000000
00000000
00000031
00000051
0000004e
0000005e
0000002b
0000007b
0000004e
0000007c
0000008f
000000b0
00000075
000000a1
0000009d
0000009f
000000a1
0000008f
00000098
00000076
00000078
00000063
00000057
00000070
00000048
000000a8
000000b4
000000da
000000a6
000000f0
000000cd
000000fe
000000dc
000000f6
000000dc
000000b5
0000009c
00000063
00000076
00000063
00000039
00000019
00000035
00000000
00000000
00000000
00000000
00000058
00000095
0000006d
000000a5
00000095
0000007f
000000a0
00000054
00000094
00000054
00000079
00000059
00000087
00000053
0000005e
0000002d
00000040
00000000
00000012
00000000
00000000
00000000
00000000
00000000
00000000
00000000
00000000
00000000
00000000
00000000
00000000
00000000
00000000
00000000
00000000
00000000
00000000
00000000
00000000
0000001c
00000030
00000000
0000004a
00000021
0000007f
00000083
000000a9
000000c9
000000a1
000000d6
000000ca
000000d6
00000103
000000e2
000000b7
00000069
0000007a
00000096
00000055
0000005e
00000031
00000027
0000004c
00000010
0000000e
0000001a
00000006
00000000
00000013
00000000
00000000
00000000
00000000
00000000
00000000
00000000
00000000
00000000
0000001d
00000000
00000012
00000000
00000000
0000000a
00000000
00000000
00000000
00000000
00000000
00000005
00000000
00000000
00000000
00000000
00000000
00000004
00000000
00000007
00000007
0000000c
00000022
0000007b
00000050
0000004a
0000005f
0000004a
00000079
0000004b
00000043
00000020
00000007
00000023
00000000
00000000
00000000
00000000
00000000
00000000
00000000
00000000
00000000
00000000
00000000
00000000
00000000
00000000
00000000
00000000
00000000
00000000
00000000
00000000
00000000
00000000
00000000
00000000
00000000
00000000
00000000
00000000
00000000
00000000
00000000
00000000
00000000
00000000
00000000
00000000
00000011
00000000
00000000
00000004
00000001
00000007
0000000e
0000000a
00000017
00000009
00000024
0000000c
00000027
0000001e
0000001b
00000010
00000028
0000000a
00000032
0000002d
00000049
00000033
0000006b
00000084
000000b3
0000009a
00000124
000000df
00000121
00000110
0000011f
00000110
00000103
000000d4
000000aa
000000b7
00000090
00000075
0000006b
0000008b
00000047
00000057
00000032
0000003a
00000039
0000007e
00000053
0000004d
00000058
0000005a
00000037
00000045
00000008
00000045
00000002
00000016
00000016
00000024
0000002c
0000000d
00000000
00000000
00000000
00000000
00000000
00000000
00000000
00000000
00000000
00000000
00000000
00000000
00000000
00000000
00000000
00000000
00000000
00000000
00000000
00000000
00000000
00000000
00000000
00000000
0000000e
00000019
00000049
00000059
00000084
0000006b
000000fa
000000b2
000000fa
000000f2
000000f3
000000f2
000000d6
000000d4
000000c5
000000c2
000000c2
00000073
00000093
00000083
0000004a
00000043
0000005c
0000000c
00000026
00000058
0000003b
0000001a
0000001f
0000003c
00000004
0000003b
00000000
0000003b
00000000
00000003
00000000
00000000
00000000
00000000
00000000
00000000
00000000
00000014
00000004
00000000
00000000
00000000
00000000
00000000
00000000
00000000
00000000
00000000
00000000
00000000
00000000
00000000
00000000
00000000
00000000
00000000
00000000
00000000
00000000
00000000
00000000
00000000
00000000
00000000
00000000
00000000
00000000
00000000
00000000
00000000
00000000
00000000
00000000
00000000
00000000
00000000
00000000
00000000
00000000
00000000
00000000
00000000
00000000
00000000
00000000
00000000
00000000
00000000
00000000
00000000
00000000
00000000
00000000
00000000
00000000
00000000
00000000
00000000
00000000
00000000
00000000
00000014
00000010
00000015
00000002
00000016
0000000d
00000003
00000028
00000012
00000023
0000000b
00000050
0000002e
00000042
00000029
00000030
00000000
00000012
00000000
00000000
00000000
00000000
00000000
00000000
00000000
00000000
00000000
00000000
00000000
00000000
00000000
00000000
00000000
00000000
00000000
00000000
0000002e
0000004d
00000000
0000002c
0000001e
00000017
0000000b
00000026
00000000
00000030
00000053
00000034
00000010
00000028
0000004f
0000003e
00000039
00000005
00000039
0000001a
0000002f
00000000
00000001
00000013
00000014
00000000
00000000
00000000
00000014
00000012
00000021
00000025
00000000
00000000
00000022
00000000
00000000
00000000
00000000
00000000
00000000
00000000
00000000
00000000
00000000
00000000
00000000
00000000
00000000
00000000
00000000
00000000
00000000
00000000
00000000
00000000
00000000
00000000
00000000
00000000
00000000
00000000
00000000
00000000
00000000
00000000
00000000
00000000
00000000
00000000
00000000
00000000
0000000c
0000000d
00000000
0000000c
00000025
0000001b
00000010
00000034
00000012
00000017
00000012
0000002a
00000012
00000000
00000000
00000000
00000000
00000000
00000000
00000000
00000037
0000003c
0000003d
00000030
00000058
00000070
00000046
00000038
00000031
00000017
00000027
0000002d
00000021
0000002c
0000001e
00000011
00000000
00000006
00000000
00000000
00000000
00000000
00000000
00000000
00000000
00000000
00000000
00000000
00000000
00000000
00000000
00000000
00000000
00000000
00000000
00000000
00000000
00000000
00000000
00000000
0000001c
00000022
00000053
00000020
00000060
0000008f
000000b2
000000ae
0000006d
00000067
00000092
00000035
00000077
0000001c
00000077
00000048
00000052
0000002f
00000049
00000070
00000013
00000040
00000013
0000002e
00000000
00000008
00000025
00000019
00000007
00000000
00000003
00000000
00000000
00000000
00000000
00000004
00000000
00000000
00000000
0000000d
00000000
00000000
00000000
00000000
00000000
00000000
00000000
00000000
00000000
00000000
00000000
00000000
00000000
00000000
00000000
00000000
00000000
00000000
00000000
00000000
00000000
00000000
00000000
00000000
00000000
00000000
00000000
00000000
00000000
00000003
00000000
00000000
0000000e
0000000c
00000005
00000035
00000000
00000021
00000000
00000013
00000010
0000002b
00000000
0000000d
00000017
0000001d
00000000
00000004
0000000c
00000018
00000000
00000014
0000000a
0000001b
00000026
00000050
00000042
00000053
00000049
00000039
0000003f
00000035
00000040
00000033
00000053
00000059
000000a2
00000069
000000b2
000000e0
000000b3
000000cb
000000b2
000000ce
0000012a
00000126
00000155
0000016a
00000170
0000017b
00000170
00000180
00000141
00000146
000000e4
00000111
000000b8
000000d4
00000071
0000009a
00000087
000000b3
00000079
0000005b
00000091
00000080
00000070
0000007f
00000073
00000063
00000075
0000003f
00000075
0000003b
00000047
00000006
00000026
00000000
00000000
00000000
00000000
00000000
00000000
00000000
00000000
00000000
00000000
00000000
00000000
00000004
00000009
0000002f
00000011
0000002c
0000001b
0000002b
0000002b
00000042
00000052
00000039
00000000
00000000
00000008
0000000b
00000000
00000000
00000021
00000056
00000044
000000a7
0000005f
000000b3
000000b0
0000009b
000000b0
000000a1
000000b0
00000098
00000090
00000091
00000077
000000a6
00000075
00000083
00000068
0000008f
0000007a
0000005f
00000088
0000005e
0000006f
0000008b
00000080
00000099
0000009a
0000007d
0000009a
0000006c
00000079
0000005c
00000069
0000004c
00000065
0000003b
0000003f
00000030
00000000
00000000
00000000
00000000
00000000
00000006
00000000
00000000
00000000
00000000
00000000
00000000
00000000
00000000
00000000
00000000
00000000
00000000
00000000
00000000
00000000
00000000
00000000
00000000
00000000
00000000
00000000
00000000
00000000
00000000
00000000
00000000
00000000
0000000d
00000031
00000020
00000032
00000025
0000002d
00000007
00000074
00000018
00000000
00000000
00000001
00000000
00000000
00000002
00000000
00000000
00000000
00000000
00000000
00000000
00000000
00000000
00000000
00000000
00000000
00000026
00000000
0000002c
00000000
00000000
00000000
00000000
00000000
00000019
00000000
00000000
00000038
0000001d
00000013
00000000
0000000e
00000000
00000000
00000000
00000000
00000000
00000000
00000000
00000000
00000000
00000011
0000002e
00000000
00000000
00000000
00000000
00000000
00000000
0000000f
00000000
0000000d
00000000
0000000d
00000006
00000012
00000037
0000004c
00000037
0000006c
00000042
0000006e
00000099
000000c0
0000007d
000000e4
00000000
00000000
00000000
00000004
00000000
00000000
00000000
00000000
00000022
00000000
0000000f
00000000
00000029
0000000f
00000009
00000008
0000002c
00000050
0000002e
00000000
00000000
00000000
00000000
00000000
00000000
00000000
00000000
00000000
00000000
00000000
00000000
00000000
00000000
00000000
00000000
00000000
00000000
00000000
00000000
00000000
00000000
00000000
00000000
00000000
00000000
00000000
00000000
00000000
00000000
00000000
00000000
00000000
00000000
00000002
00000000
00000000
0000000e
00000000
00000020
00000000
00000021
0000000c
00000007
0000000f
00000000
00000000
00000000
00000000
00000000
00000000
00000000
00000000
00000000
00000000
00000000
00000000
00000000
00000000
00000000
00000000
00000000
00000000
00000012
0000002b
00000024
0000000d
0000001d
00000000
0000003d
00000035
00000059
00000036
00000078
00000023
00000060
0000002e
0000004f
00000054
00000037
0000004f
00000036
0000005f
0000000c
00000042
00000054
00000040
0000005d
0000003f
0000005f
0000009a
000000aa
000000bc
000000ac
000000c9
000000cb
000000c9
000000c9
0000009d
000000b8
0000006b
00000092
0000005d
00000080
00000055
00000080
00000093
0000008e
0000009c
000000b4
000000e9
000000e4
000000a2
0000009a
000000c8
00000099
000000c8
00000069
000000c8
00000090
00000094
0000001a
0000002f
0000001c
00000000
00000000
00000000
00000000
00000000
00000000
00000000
00000000
00000000
00000000
0000000d
00000006
00000022
00000015
0000001b
00000000
00000023
00000000
00000000
00000000
0000001d
00000000
0000002e
00000000
00000018
00000013
00000020
00000021
00000082
0000005d
00000032
00000063
00000039
00000087
00000088
00000071
00000088
00000046
0000007c
00000065
00000087
00000095
00000022
00000058
0000003a
00000009
00000000
00000014
00000000
00000000
00000000
00000000
00000000
00000000
00000000
00000000
00000000
00000000
00000000
00000000
00000000
00000000
00000000
00000000
00000000
00000000
00000000
0000000e
0000004d
00000023
00000040
0000002c
00000014
00000015
00000028
00000022
00000035
00000038
00000027
0000003e
00000029
00000043
0000002d
0000004f
00000044
00000047
00000078
00000064
00000059
00000079
0000009f
000000b8
000000d4
000000cf
0000009d
00000095
00000094
0000008b
00000094
00000092
00000094
00000059
0000002f
0000002a
00000091
00000057
00000038
0000002c
00000067
00000050
00000088
00000038
00000099
00000079
00000094
00000070
0000009b
0000008e
00000093
000000bb
00000074
00000097
00000074
0000009a
0000007f
00000095
0000006a
00000069
0000006e
0000005a
00000030
00000045
00000000
00000000
00000000
00000000
00000000
00000000
00000000
00000000
00000000
00000000
00000000
00000000
00000000
00000000
00000000
00000016
00000000
0000001a
00000000
00000000
00000000
00000000
00000000
00000000
00000005
00000036
00000000
0000003d
00000018
00000015
0000002c
00000018
0000002c
0000001b
00000048
00000051
0000008c
0000005c
0000005e
00000067
000000b2
00000095
0000007b
00000060
0000006b
0000001b
00000031
0000000d
00000023
00000019
0000001f
00000064
0000002c
00000028
0000002c
0000002d
0000002c
0000002c
00000020
00000012
00000057
00000006
00000000
00000000
00000000
00000000
00000000
00000008
00000000
00000002
0000000f
00000055
00000041
00000070
0000004e
00000022
00000057
0000002a
0000003d
00000017
00000052
00000005
0000002f
00000000
00000000
00000000
00000000
00000000
00000000
00000000
00000000
00000000
00000000
00000008
00000000
00000000
00000000
00000000
00000000
0000000c
00000000
0000001b
00000000
00000011
00000000
00000005
00000000
00000013
00000000
00000000
00000000
00000000
00000000
00000000
00000000
00000000
0000001e
00000027
0000001e
00000017
00000025
00000000
00000006
00000000
00000009
00000000
00000018
0000001f
0000000c
00000000
00000000
00000000
00000000
00000000
0000002b
00000017
00000018
00000031
00000017
00000015
00000026
00000011
00000036
00000026
0000003d
00000037
0000007f
00000040
0000006a
0000005d
00000045
00000041
00000030
00000033
0000008b
000000a5
000000b0
000000b7
000000ac
000000c2
000000ac
000000b3
00000098
00000080
00000016
00000052
0000002e
0000004a
00000000
00000000
0000004a
00000059
00000021
00000065
00000094
0000008b
00000077
00000093
00000089
00000054
00000060
00000012
00000060
00000029
0000001c
00000000
0000000c
00000000
00000000
00000000
00000000
00000000
00000000
00000000
00000000
00000000
00000000
00000000
00000000
00000000
00000000
00000000
00000000
00000000
00000000
00000000
00000000
00000000
0000001b
00000005
00000000
00000000
00000000
00000000
00000000
00000000
00000000
00000000
00000000
00000000
00000000
00000000
00000000
00000000
00000000
00000000
00000000
00000000
00000000
00000000
00000000
00000000
00000000
00000000
00000000
00000000
00000000
00000000
00000000
00000000
00000000
00000000
00000000
00000000
00000000
00000000
00000000
00000000
00000000
00000000
00000000
00000000
00000000
00000000
0000000e
00000015
00000021
00000033
00000031
0000003a
0000001d
00000040
0000002c
00000037
00000047
00000039
00000015
0000002b
0000001f
00000040
00000021
0000001b
0000002f
00000021
0000001c
00000025
00000032
0000004c
0000004f
0000007b
000000d1
000000f0
000000cf
0000011d
00000119
00000146
0000015b
00000159
0000015b
0000014d
00000130
00000110
0000013c
00000132
000000dc
000000e9
000000f1
000000ce
000000c3
000000b4
000000c0
0000009b
000000e5
000000bd
000000ca
000000b7
000000d8
000000c7
000000a8
0000008f
000000a8
00000099
00000091
00000087
0000006c
00000071
0000004e
0000003d
00000000
00000018
00000000
00000000
00000000
00000000
00000000
00000000
00000000
00000000
00000000
00000000
00000000
00000000
00000000
00000000
00000000
00000000
00000000
00000000
00000000
00000000
00000000
00000000
00000000
00000000
00000000
00000000
00000000
00000000
00000000
00000000
00000003
00000000
00000003
0000002a
00000026
0000000c
00000000
00000000
00000033
00000000
00000013
00000008
00000026
00000000
00000023
00000000
00000000
00000000
00000000
00000009
00000000
0000000c
00000007
00000021
00000007
00000005
00000000
00000011
0000000b
0000001b
0000002a
00000027
00000045
0000005d
00000000
00000000
00000000
00000000
00000000
0000001d
00000000
00000015
00000000
00000010
0000001a
0000000b
0000000c
00000017
00000009
00000000
0000000f
00000010
00000000
00000000
00000000
00000000
00000000
00000000
00000000
00000000
00000000
00000000
00000000
00000000
00000000
00000000
00000000
00000000
00000000
00000000
00000000
00000000
00000000
00000000
00000000
00000000
00000000
00000000
00000000
00000000
00000000
00000000
00000000
00000000
00000000
00000000
00000000
00000000
00000000
00000000
00000000
00000000
00000000
0000001f
00000000
00000043
00000001
00000002
00000000
00000002
0000000a
00000003
00000000
0000000e
00000000
0000001c
0000003b
00000029
00000029
00000021
00000050
00000024
00000042
00000029
00000038
00000017
00000008
00000000
00000000
00000000
00000000
00000000
00000000
00000000
00000000
00000000
00000000
00000000
00000000
00000000
00000000
00000000
00000000
00000000
00000000
00000000
00000000
00000000
00000000
00000000
00000000
00000000
00000000
00000000
00000000
00000000
00000008
00000000
00000000
0000000d
00000000
0000001a
00000000
00000001
00000000
00000028
00000000
00000025
00000000
0000002a
00000000
00000009
00000000
00000000
00000000
00000000
00000000
00000000
00000000
00000000
00000000
00000000
00000000
00000000
00000000
00000000
00000000
00000000
00000000
00000000
00000000
00000000
00000000
00000000
00000000
00000000
00000000
00000000
00000000
00000000
00000000
00000000
00000000
00000000
00000000
00000000
00000000
00000000
00000000
00000000
00000000
0000003f
00000000
0000000e
00000000
0000005e
00000000
00000000
00000000
00000000
00000000
00000007
00000000
00000000
00000001
00000004
00000001
00000000
00000005
00000000
00000011
00000000
00000010
00000005
00000011
00000022
00000000
00000000
00000000
00000000
00000000
00000000
00000000
00000000
00000000
00000000
00000000
00000000
00000000
00000000
00000000
00000000
00000000
00000000
00000000
00000000
00000000
00000000
00000000
00000000
00000000
00000000
00000000
00000000
00000000
00000000
00000000
00000000
00000000
00000000
00000000
00000000
00000000
00000000
00000000
00000000
00000000
00000002
00000000
00000000
00000000
00000000
00000000
00000000
00000000
00000000
00000000
00000000
00000000
00000000
00000000
00000000
00000000
00000000
00000000
00000000
00000006
00000000
0000000f
00000000
00000000
00000000
00000000
00000000
00000000
00000000
00000000
00000000
00000000
00000000
00000000
00000000
00000000
00000000
00000000
00000000
00000000
00000000
00000000
00000000
00000000
00000000
00000000
00000000
00000000
00000000
00000000
00000000
00000000
00000000
00000000
00000000
00000000
00000000
00000000
00000000
00000000
00000000
00000000
00000000
00000000
00000000
00000000
00000000
00000000
00000000
00000000
00000000
00000000
00000000
00000000
00000000
00000000
00000000
00000000
00000000
00000000
00000000
00000000
00000000
00000000
00000000
00000000
00000000
00000000
00000000
00000000
00000000
00000000
00000000
00000000
00000000
00000000
00000000
00000000
00000000
00000000
00000000
00000000
00000000
00000000
0000000e
00000000
00000000
00000000
00000000
00000000
00000000
00000000
00000000
00000000
00000000
00000000
00000000
00000000
00000000
00000000
00000000
00000000
00000000
00000000
00000000
00000000
00000000
00000000
00000000
00000000
00000000
00000000
00000000
00000000
00000000
00000000
00000000
00000000
00000000
00000000
00000000
00000000
00000000
00000000
00000000
00000000
00000000
00000000
00000000
00000000
00000000
00000000
00000000
00000000
00000000
00000000
0000001b
00000006
00000040
00000057
0000004d
00000054
00000026
0000006b
0000003a
0000003e
0000001e
0000004d
00000010
00000018
00000002
00000032
00000015
00000039
00000062
000000aa
00000083
000000a3
000000da
000000c5
00000112
000000cf
000000f8
000000cf
000000ce
000000ad
0000006b
00000064
00000066
0000000c
0000000d
00000000
00000000
00000000
00000000
00000000
00000000
00000000
00000000
00000000
00000000
00000000
00000000
00000000
00000000
00000000
00000000
00000000
00000007
00000000
0000001a
00000000
0000002a
00000008
0000001c
00000004
00000000
00000000
00000000
00000000
00000000
00000000
00000000
00000000
00000000
00000000
00000000
00000000
00000000
00000000
00000000
0000001e
0000001f
0000007c
0000003e
0000004e
00000073
00000054
0000008b
00000088
00000075
00000035
00000056
00000057
00000039
00000042
0000003a
00000042
00000007
00000000
00000000
00000000
00000000
00000000
00000000
00000000
00000000
00000000
00000000
00000000
00000000
00000000
00000000
00000000
00000000
00000000
00000000
00000000
00000000
00000000
00000000
00000000
00000000
00000000
00000000
00000000
00000000
00000000
00000000
00000000
00000000
00000000
00000021
00000000
00000000
00000000
00000021
00000018
00000035
00000016
00000010
00000019
00000021
00000017
0000001e
00000033
00000014
00000000
00000000
00000000
00000000
00000000
00000000
00000000
00000000
00000000
00000002
00000000
00000000
00000000
00000000
00000000
00000000
00000000
00000000
00000017
00000008
00000000
00000000
0000002b
00000011
00000003
0000002e
00000033
00000022
00000040
00000032
0000003e
0000003d
00000043
00000070
0000005f
00000073
0000005f
0000004e
0000006d
00000052
00000040
00000034
00000053
00000043
0000001c
00000045
0000001b
00000000
00000000
00000000
00000000
00000000
00000000
00000000
00000000
00000000
00000000
00000000
00000000
00000000
00000000
00000000
00000000
00000000
00000000
00000000
00000000
00000000
00000000
00000000
00000000
00000000
00000000
00000000
00000000
00000000
00000000
00000000
00000000
00000000
00000000
00000033
00000000
0000000a
00000000
00000000
00000000
00000000
00000000
00000015
00000000
00000000
00000000
00000000
00000000
00000000
00000000
00000000
00000000
00000000
00000000
00000000
00000000
00000000
00000000
00000000
00000000
00000000
00000026
0000000e
0000001e
00000000
00000010
0000002a
00000000
00000000
00000000
0000001e
00000000
00000014
00000022
00000000
0000000c
00000000
00000000
0000000d
0000002b
00000003
00000000
00000000
00000000
00000000
00000000
00000000
00000000
00000000
00000000
00000000
00000000
00000000
00000000
00000000
00000000
00000000
00000000
00000000
00000000
00000000
00000000
00000000
00000000
00000000
00000000
0000000c
00000000
00000016
00000000
00000000
00000019
00000040
0000000c
00000044
0000003e
00000075
0000003e
0000004d
0000005e
00000082
0000007e
00000050
000000a5
00000091
000000ad
0000008f
0000002d
00000024
00000024
00000019
0000000e
00000034
00000045
0000004a
0000005c
00000069
00000046
00000051
0000004f
00000050
00000056
0000003d
0000005c
00000050
00000097
00000076
000000a9
000000cc
000000da
00000114
000000ff
000000f3
0000012c
00000104
00000143
00000116
00000129
00000139
00000129
00000124
000000ca
000000ad
00000094
00000093
0000006a
0000003f
00000026
00000036
00000053
00000035
00000065
0000006c
0000007e
00000092
0000007f
0000006f
00000062
00000055
00000039
00000043
00000039
00000052
00000037
0000002c
0000000a
00000017
00000000
00000000
00000000
00000000
00000000
00000000
00000000
00000000
00000000
00000000
00000000
00000000
00000000
00000000
00000000
00000000
00000000
00000000
0000000c
00000010
00000007
0000001a
0000002e
00000001
00000000
00000001
00000000
00000000
00000000
00000000
00000000
00000000
00000000
00000000
00000000
00000000
00000000
00000000
00000000
00000000
00000000
00000000
00000000
00000000
00000000
00000000
00000000
00000000
00000000
0000000a
00000037
0000002e
00000013
00000020
00000045
00000000
0000000f
00000000
0000000f
00000000
00000005
00000000
00000016
00000003
00000000
00000000
00000000
00000000
00000000
00000000
00000000
00000000
00000000
00000000
00000000
00000000
00000000
00000000
00000000
00000000
00000000
00000000
00000006
00000000
00000023
00000036
0000007b
0000005b
0000005f
0000007f
00000076
000000a5
00000077
00000080
0000007a
0000007b
00000091
00000061
00000077
0000007c
00000077
00000049
0000002e
00000017
0000003b
0000001f
00000022
0000000c
00000021
00000000
00000047
0000001f
0000004e
0000002e
00000045
0000004c
00000050
0000005f
0000002f
0000002f
0000000b
00000028
0000000b
00000018
0000000a
00000029
00000015
0000000b
00000000
00000000
00000000
00000000
00000000
00000000
00000000
00000000
00000000
00000000
00000000
00000000
00000005
00000000
00000007
00000002
00000015
00000007
00000000
00000000
00000000
00000000
00000000
00000000
00000000
00000000
00000000
00000000
00000000
00000000
00000000
00000002
00000000
00000000
00000000
00000000
00000000
00000000
00000000
00000000
00000000
00000000
00000000
00000000
0000000f
00000000
00000000
00000000
00000000
00000000
00000000
00000000
00000000
00000000
00000000
00000000
00000000
00000000
00000000
00000000
00000000
00000000
00000000
00000000
00000000
00000000
00000000
00000000
00000000
00000000
00000000
00000000
00000000
0000001e
00000035
00000049
00000059
0000003f
00000049
00000000
00000041
0000000b
00000008
00000000
00000009
00000000
00000000
00000000
00000000
00000000
00000000
00000000
0000001a
0000000c
00000008
00000000
00000006
0000002d
0000001c
0000001e
0000001c
0000000d
0000002e
00000028
0000003d
00000064
00000000
0000003a
00000017
00000010
00000000
00000015
00000000
00000000
00000000
00000000
00000000
00000000
00000000
00000000
00000000
00000000
00000000
00000000
00000000
00000000
00000000
00000000
00000000
00000000
00000000
0000001c
0000000b
00000000
00000005
00000000
00000000
00000000
0000001b
00000000
00000016
00000011
0000001e
00000000
00000027
00000008
00000029
0000000b
00000038
00000011
00000060
00000005
0000001e
00000039
0000001d
0000001e
00000038
00000026
00000000
0000001e
00000038
00000012
00000060
00000039
00000060
00000000
00000022
0000003b
0000006c
00000060
00000019
00000026
00000031
00000009
0000001b
00000050
0000000b
0000000c
00000000
00000020
00000015
00000003
00000000
00000002
00000012
00000000
00000012
00000000
00000000
00000000
00000000
00000000
00000000
00000000
00000000
00000015
0000003e
0000003d
00000036
0000002b
00000023
00000012
00000020
0000003a
00000034
0000004e
00000050
00000024
0000004d
00000027
0000003b
00000044
0000005e
0000004c
0000009c
0000006f
00000097
000000cf
00000089
000000a5
0000009c
000000b4
000000c3
000000d0
000000d2
000000f5
0000010b
000000fa
0000010b
00000103
000000eb
000000df
000000ab
000000b1
00000084
0000006a
00000000
00000007
0000000f
0000005c
00000006
00000008
0000001a
00000024
00000038
00000032
00000026
00000029
00000053
00000059
00000053
00000021
00000037
0000001a
00000036
00000000
00000021
00000000
00000055
0000004e
00000020
00000008
00000017
00000000
00000000
00000000
00000003
00000000
00000000
00000012
00000000
00000000
00000000
00000000
0000001b
00000000
0000003f
00000007
00000060
00000007
0000002f
00000041
00000020
00000059
00000042
0000004e
0000003d
00000058
00000076
00000044
00000077
0000005f
00000077
00000041
0000003d
0000003b
0000003d
00000035
0000000f
00000006
00000003
00000000
00000000
00000010
00000000
00000000
00000000
00000000
00000000
00000000
00000000
00000000
00000000
00000000
00000000
00000000
00000000
00000000
00000000
00000000
00000000
00000000
00000000
00000000
00000000
00000000
00000000
00000000
00000000
0000000d
00000000
0000001c
00000008
00000012
00000006
00000003
00000004
00000008
00000000
00000000
00000000
0000000d
00000000
00000000
00000000
00000000
00000000
00000000
00000008
00000019
00000000
00000011
00000000
00000025
0000002d
00000018
0000002d
00000001
0000003b
00000016
00000058
00000045
0000001e
0000001e
00000060
00000012
00000001
00000012
00000000
00000000
00000000
00000000
00000000
00000000
00000000
00000000
00000000
00000000
00000000
00000000
00000000
00000000
00000000
00000000
00000000
00000000
00000000
00000012
00000000
00000000
00000000
00000000
00000000
00000000
00000000
00000000
00000000
00000000
00000000
00000000
00000000
00000000
00000000
00000000
00000000
00000000
00000000
00000000
00000000
00000000
00000000
00000000
00000000
00000000
00000000
00000000
00000000
00000000
00000000
00000000
00000000
00000000
00000000
00000000
00000000
00000000
00000000
00000000
00000000
0000001f
0000002a
00000022
0000002e
00000000
00000003
00000000
00000011
0000001b
0000000a
00000028
00000001
00000036
00000001
00000015
0000000e
0000001d
00000012
00000000
00000015
00000000
00000014
00000008
00000013
00000000
00000018
00000000
00000000
00000000
00000000
00000000
00000000
00000000
00000000
00000000
00000000
00000000
00000000
00000000
00000000
00000000
00000000
00000000
00000000
00000000
00000000
00000000
00000000
00000000
00000000
00000000
00000000
00000001
00000000
00000000
00000000
00000000
00000000
0000004a
00000000
00000041
00000000
00000029
00000000
00000000
00000000
00000030
00000000
00000000
00000000
00000000
00000000
00000000
00000000
00000000
00000000
00000000
00000000
00000000
00000000
00000000
00000000
00000000
00000000
00000000
00000000
00000000
0000000a
00000027
00000000
00000009
00000019
00000023
0000004f
00000053
00000043
00000051
0000006c
00000036
00000062
00000036
00000060
00000058
00000064
00000080
000000e4
000000aa
000000b9
000000d3
000000b1
000000e2
000000d7
000000c0
000000db
000000ac
000000e3
000000bc
000000b4
000000cc
000000b4
000000a3
00000076
00000052
00000035
00000030
00000010
00000000
00000000
00000000
00000000
00000000
00000000
00000000
00000000
00000000
00000000
00000000
00000000
00000000
00000000
00000000
00000000
00000000
00000000
00000000
00000000
00000000
00000000
00000000
00000000
00000000
00000000
00000000
00000000
00000000
00000000
00000000
00000000
00000000
00000005
00000000
00000004
00000006
00000006
00000002
00000000
0000000a
00000000
00000014
00000000
0000002a
00000021
00000038
0000002d
0000003d
0000002c
0000003b
00000036
0000004f
00000041
00000032
0000002a
00000035
0000002a
00000033
00000005
00000000
00000000
00000000
00000000
00000000
00000000
00000000
00000000
00000000
00000000
00000000
00000000
00000000
00000000
00000000
00000000
00000000
00000000
00000000
00000000
00000000
00000000
00000000
00000000
00000009
0000000f
0000000e
00000009
00000007
00000038
00000032
00000043
0000004e
00000018
00000047
0000003a
0000005f
0000005f
0000006f
00000062
0000007a
0000006e
00000076
0000006d
0000007c
0000007c
0000006a
00000078
0000005a
0000004e
00000074
00000042
0000009a
000000ab
000000d9
000000a6
00000117
000000ef
0000012a
00000145
00000134
00000145
000000e4
000000f7
000000e9
00000128
0000010a
000000a1
000000bc
000000cf
00000097
00000081
000000a1
00000063
00000058
0000007a
00000061
00000086
0000006e
00000061
0000008b
0000004f
00000075
0000004f
00000062
00000054
00000065
00000044
00000045
00000054
00000036
0000001c
00000020
00000000
00000000
00000000
00000000
00000000
00000000
00000000
00000000
00000009
00000038
00000007
00000031
00000018
0000002e
00000044
00000032
00000063
00000055
00000052
00000029
0000004e
00000054
0000005c
0000005a
0000006e
0000007b
0000007b
000000c0
00000099
000000a2
000000be
000000af
000000be
000000a5
0000008f
0000004a
00000017
00000025
00000032
0000000a
00000009
00000000
00000000
00000000
00000000
00000000
0000003b
00000027
00000021
00000035
00000021
0000000f
00000009
00000000
00000009
00000000
00000000
00000000
00000000
00000000
00000000
00000000
00000000
00000000
00000028
00000000
00000001
00000000
00000000
00000000
00000000
00000000
00000000
00000000
00000000
00000000
00000000
00000000
00000000
00000000
00000000
00000000
00000005
00000000
00000000
00000000
00000000
00000007
00000003
00000000
00000005
00000000
00000002
00000000
00000000
00000000
00000000
00000000
00000000
00000000
00000000
00000000
00000000
00000000
00000000
00000000
00000000
00000000
00000000
00000000
00000000
00000000
00000000
00000000
00000000
00000000
00000000
00000000
00000000
00000000
00000000
00000000
00000000
00000000
00000000
00000000
00000000
00000010
00000000
00000000
00000000
00000000
00000000
00000000
00000012
0000003e
00000030
0000000e
00000030
00000000
00000022
00000000
00000000
00000000
00000000
00000000
0000000d
00000000
00000011
00000036
0000000d
00000000
00000000
00000000
00000007
00000000
00000004
00000000
00000000
00000000
00000000
00000000
00000000
00000000
00000000
00000000
00000000
00000000
00000000
00000000
00000033
00000001
00000048
00000000
00000000
00000000
00000000
00000000
00000000
00000000
00000000
00000000
00000000
00000000
00000000
00000000
00000000
00000000
00000000
00000007
00000037
0000003c
00000007
00000000
0000000b
00000000
00000000
00000008
00000000
00000019
00000020
00000021
0000002b
00000037
00000021
00000031
00000011
00000031
0000002b
00000029
00000008
00000000
00000000
00000000
00000000
00000000
0000001c
00000033
00000000
0000002a
00000000
0000004c
00000066
00000046
00000066
00000052
0000008e
00000089
0000006b
00000088
0000006c
0000008d
0000003b
00000056
00000075
00000044
0000002e
00000000
00000021
0000000b
0000000c
00000000
0000000c
00000017
00000000
00000000
00000000
0000000b
00000000
00000000
00000000
00000000
00000000
00000000
00000000
00000000
00000000
00000000
00000000
00000000
00000011
00000000
0000002d
00000000
0000000f
00000000
00000027
00000000
00000012
00000000
00000003
00000000
0000000c
00000012
00000084
0000001d
00000055
0000006f
00000051
0000003a
0000005b
0000001e
00000036
0000000d
00000044
00000036
00000049
00000046
00000049
00000015
00000000
00000000
00000000
00000002
00000000
00000000
00000000
00000000
00000000
00000000
00000000
00000000
00000000
00000000
00000000
00000000
00000000
00000000
00000000
00000000
00000000
00000000
00000000
00000000
00000000
00000000
00000000
00000000
00000000
00000000
00000008
0000001b
00000015
00000012
00000009
00000000
00000006
00000000
00000000
00000000
00000000
00000004
00000000
00000000
00000000
00000016
00000008
00000021
00000000
00000000
00000000
00000000
00000000
00000000
00000000
00000000
00000000
00000000
00000000
00000000
00000000
00000000
00000000
00000000
00000000
00000000
00000000
00000000
00000000
00000000
00000000
00000000
00000000
00000000
00000000
00000009
00000000
00000000
00000000
00000000
00000000
00000000
00000000
00000000
00000000
00000000
00000000
00000000
00000000
00000014
0000000b
00000000
00000000
00000000
00000018
00000012
00000029
00000000
0000000b
00000000
0000000b
0000001a
00000006
00000000
00000000
00000000
00000001
00000000
00000000
00000000
00000009
00000000
00000000
00000000
00000000
00000000
00000000
00000000
00000000
00000000
00000000
00000000
00000000
00000000
00000000
00000000
00000000
00000000
00000000
00000000
00000000
00000000
00000000
0000001d
00000036
0000001e
00000000
00000001
00000037
0000000f
0000001c
00000021
00000015
0000005b
00000022
0000007d
0000005d
0000007d
0000007a
00000075
00000036
0000002f
0000003e
00000049
0000002b
00000049
0000002f
00000045
00000000
00000000
00000000
00000000
00000000
00000000
00000000
00000000
00000000
00000000
00000000
00000000
00000000
00000000
00000000
00000000
0000000a
0000001c
00000000
00000014
00000002
00000031
00000011
00000025
0000000e
00000009
00000027
0000001a
00000009
00000027
00000059
0000003d
0000006e
00000073
00000051
00000040
0000001d
0000003e
0000005b
00000066
00000077
00000065
00000036
00000000
00000054
00000000
0000001d
00000000
00000000
00000000
00000000
00000000
00000000
00000000
00000000
00000000
00000000
00000000
00000000
00000000
00000000
00000000
00000000
00000000
00000000
00000000
00000000
00000000
00000000
00000000
00000000
00000000
00000000
00000000
00000000
00000000
00000000
00000000
00000000
00000000
00000000
00000000
00000000
00000000
00000000
00000000
00000000
00000000
00000000
00000000
00000008
00000000
0000002f
0000002f
00000046
0000004c
0000001c
00000034
00000047
00000030
0000001a
00000000
00000000
00000000
00000000
00000000
00000000
00000000
00000000
00000000
00000000
00000000
00000000
00000000
00000000
00000000
00000000
00000000
00000000
00000000
00000000
00000000
00000000
00000000
0000001b
00000000
00000022
00000000
00000000
00000018
00000000
0000000c
00000000
00000010
0000000b
00000000
00000000
00000000
00000000
00000000
00000000
00000000
0000003d
0000003a
0000003f
00000047
00000075
0000006c
00000095
00000075
00000095
0000008f
00000089
000000a2
0000008b
00000087
00000092
0000004f
0000005c
00000026
00000047
0000001a
00000011
0000000f
00000017
00000008
00000025
0000001e
0000001b
00000036
0000003b
00000045
00000028
00000049
00000042
00000052
00000052
00000013
0000004f
0000002d
0000001c
0000002d
00000011
00000000
00000000
00000000
00000000
00000000
00000000
00000000
00000000
00000000
00000000
00000000
0000001b
00000000
0000003e
00000000
00000000
0000001f
0000006a
0000005a
0000005e
0000001f
0000003f
00000043
0000004a
00000056
00000056
00000099
00000041
0000006d
0000004b
00000037
0000003f
00000042
00000044
00000065
0000002b
0000002d
00000044
0000002f
0000006c
00000053
0000005c
0000006d
00000093
0000006f
00000077
0000005a
0000005a
00000064
00000069
0000004f
0000002c
0000003c
00000026
0000000b
00000015
00000022
00000000
0000001d
00000003
00000032
0000003c
00000032
00000039
0000004f
0000003e
00000054
00000055
0000005f
0000007b
0000005f
00000089
00000077
00000000
00000000
00000000
00000000
00000000
00000000
00000000
00000000
00000000
00000000
00000000
00000000
00000000
00000000
00000000
00000000
00000000
00000000
00000009
00000000
00000046
0000002a
0000004f
00000030
00000041
00000037
00000055
00000049
00000088
000000cf
0000009d
000000d0
000000be
00000110
000000c3
000000f7
000000eb
00000108
00000107
000000ed
000000f1
000000c0
00000079
00000090
00000032
0000003f
00000057
00000047
00000000
00000014
0000000b
0000001e
00000015
0000001e
0000002c
0000001e
0000000a
00000000
0000002d
00000012
00000022
00000012
00000016
0000001e
00000000
00000000
00000003
00000000
00000044
00000010
00000008
00000000
00000042
00000026
00000012
0000000f
00000050
00000037
00000051
0000003b
0000005e
00000080
00000000
00000043
00000000
00000000
00000000
00000067
00000000
0000004e
00000000
00000000
00000000
00000000
00000000
00000000
00000000
00000000
00000000
00000000
0000000a
00000000
00000000
00000020
00000000
0000001a
00000002
00000000
00000000
00000000
00000000
0000000a
00000000
00000019
00000000
00000022
00000011
00000022
00000009
00000002
00000000
00000024
0000001d
00000030
00000049
00000030
00000055
00000032
00000000
00000000
00000000
00000000
00000000
00000000
00000000
00000000
00000000
00000000
00000000
00000000
00000000
00000000
00000000
00000000
00000000
00000000
00000000
00000000
00000000
00000000
00000000
00000000
00000000
00000000
00000000
00000000
00000000
00000000
00000000
00000000
00000000
00000004
00000000
00000000
00000000
00000004
00000016
00000038
0000002b
00000040
00000000
00000000
00000000
00000000
00000000
00000000
00000000
00000000
00000000
00000000
00000002
00000000
00000000
00000004
0000001f
0000001a
0000002d
0000000b
0000001d
0000000b
0000001c
0000000b
00000000
0000000b
0000001d
00000009
00000010
0000001e
00000000
00000021
00000031
0000001f
00000022
0000000d
00000000
00000010
00000000
00000030
00000008
00000035
00000000
0000000b
00000000
00000000
00000000
00000000
00000000
00000000
00000000
00000000
00000000
00000000
00000000
00000000
00000000
00000000
00000003
00000001
00000000
0000001a
00000041
0000002f
00000044
00000012
00000008
00000014
00000000
00000000
00000000
00000000
00000000
00000000
00000000
00000000
00000000
00000000
00000000
00000005
00000000
00000000
00000002
00000000
00000000
00000000
00000000
00000000
00000029
0000000f
00000000
0000000d
00000000
00000000
00000000
00000000
00000000
00000000
00000000
00000000
00000000
00000000
00000000
00000000
00000013
00000000
00000000
00000006
00000037
00000073
00000052
0000003c
00000019
00000024
00000039
0000004f
0000002a
00000000
00000021
00000000
0000001f
00000000
00000000
00000000
00000000
00000000
00000000
00000000
00000000
00000000
00000000
00000014
00000002
00000018
0000000c
00000002
00000000
00000000
00000004
00000000
00000003
00000000
00000000
00000000
00000000
00000000
00000000
00000000
00000000
00000000
00000000
00000000
00000000
00000000
00000000
00000000
00000000
0000001a
00000018
00000000
00000000
00000000
00000000
00000000
00000016
00000000
00000022
00000000
00000026
0000002c
0000000d
0000002e
00000012
00000034
00000017
00000032
00000000
0000002f
00000000
00000015
00000000
00000000
00000000
00000000
00000000
00000000
00000000
00000000
00000000
00000000
00000010
00000030
0000003d
00000027
00000067
00000068
00000066
0000006c
0000006c
0000007f
00000067
00000030
0000006d
00000026
0000002d
00000026
00000000
00000000
00000000
00000000
00000000
00000000
00000000
00000000
00000000
00000000
00000000
00000000
00000000
00000000
00000000
00000000
00000000
00000000
00000000
00000000
00000000
00000000
00000000
00000000
00000000
00000000
00000000
00000000
00000000
00000000
00000000
00000024
00000004
00000008
00000000
00000000
0000001b
0000001a
0000000d
00000015
00000040
0000002c
0000006f
0000005f
00000034
00000032
0000001e
00000042
00000043
0000006d
00000067
0000004c
00000052
00000000
00000030
00000000
00000009
00000000
00000000
00000000
00000000
00000000
00000000
00000000
00000000
00000000
00000000
00000000
00000000
00000000
00000000
00000000
00000000
00000000
00000000
0000000d
00000000
00000000
00000000
00000000
00000000
00000000
00000000
00000000
00000000
00000000
00000000
00000029
00000045
0000003a
0000005d
0000002a
00000074
00000043
000000ae
00000099
000000af
00000079
000000a8
00000082
0000008f
0000003a
00000021
00000000
00000001
00000000
0000002b
00000017
00000000
00000000
00000000
00000000
00000000
00000021
00000003
00000015
00000000
00000000
00000000
00000000
00000000
00000000
00000000
00000000
00000000
00000000
00000000
00000000
00000000
00000000
00000000
00000000
00000000
00000000
00000000
00000000
00000000
00000000
00000000
00000000
00000000
00000000
00000000
00000000
00000000
00000006
00000019
0000001b
00000018
0000001a
00000035
00000043
00000044
0000004b
00000053
00000089
0000004a
0000008b
00000039
0000001b
00000031
00000044
0000003e
00000068
0000002a
00000005
00000012
0000001a
00000046
00000032
00000029
0000004c
0000006c
0000004a
0000003a
00000023
00000035
00000040
00000035
00000047
00000000
00000000
00000026
00000012
00000014
0000000f
00000000
00000000
00000000
00000000
00000000
00000000
00000000
00000000
00000009
00000013
00000026
00000028
00000043
00000028
00000048
00000034
00000000
00000000
00000000
00000000
00000000
00000000
00000000
00000000
00000001
0000000b
00000008
00000000
00000000
00000024
0000004c
0000003e
00000066
0000008e
00000077
00000091
000000c7
000000ce
000000c8
000000bf
000000af
000000bc
000000ce
000000b2
000000c8
000000f5
00000088
000000a6
0000007d
000000e0
000000ab
000000bc
000000ae
0000006e
0000007e
00000063
00000056
0000006b
00000019
00000026
00000012
00000031
00000012
00000012
00000000
00000002
0000000a
00000017
00000019
00000017
0000000d
00000000
00000022
00000000
0000003c
00000000
0000002b
00000000
00000029
0000000c
00000000
00000000
00000000
00000000
00000000
00000000
00000000
00000000
00000000
0000001d
00000004
00000022
00000000
00000036
00000030
0000005a
0000004b
00000079
0000004e
0000008b
00000066
00000069
0000006f
0000007f
0000006e
00000087
0000007f
00000073
000000de
00000110
000000f9
000000fe
000000cc
00000126
000000ea
000000de
000000a4
0000006e
00000070
00000013
0000001a
00000024
00000000
00000000
00000000
00000000
00000000
00000000
00000000
00000000
00000000
00000000
00000000
00000000
00000000
00000000
00000000
00000003
00000000
00000000
00000000
00000000
00000006
00000000
00000000
00000000
00000001
00000005
00000000
00000000
00000000
0000000e
00000017
00000024
00000014
00000000
00000000
00000000
00000000
00000025
00000000
00000052
00000000
0000003a
00000000
00000000
00000000
00000000
00000000
00000000
00000000
00000000
0000000d
00000087
0000001d
00000041
00000000
0000003c
0000003e
00000039
00000015
00000000
00000015
00000000
00000000
00000000
00000000
00000000
00000000
00000000
00000000
00000000
00000000
00000000
00000000
00000000
00000000
00000000
00000000
00000000
00000003
00000009
0000002f
00000000
00000040
00000000
0000003d
0000001b
00000000
00000000
00000000
00000000
00000000
00000000
00000000
00000000
00000005
00000030
0000002a
00000003
00000000
00000000
00000000
00000000
00000000
00000000
00000000
00000000
00000000
00000000
00000000
00000000
00000000
00000000
00000000
00000000
00000000
00000000
00000000
00000000
00000000
00000000
00000000
00000019
00000002
00000009
00000016
00000018
0000001f
00000005
00000014
0000001c
0000001a
00000014
00000035
00000017
00000011
00000033
0000002b
00000015
00000037
00000015
00000012
0000002c
00000052
0000004f
0000004c
0000002d
00000041
0000002d
00000048
0000002c
00000000
00000000
00000000
00000000
00000000
00000000
00000000
00000000
00000000
00000000
00000000
00000000
00000000
00000000
00000000
00000000
00000000
00000000
00000000
00000000
00000000
00000004
0000000e
00000000
00000000
00000000
00000018
00000000
0000002c
00000033
00000069
00000073
00000064
00000082
000000a9
00000087
0000008e
00000085
0000009e
00000086
0000009f
0000005c
0000006e
0000005f
00000052
00000006
00000046
00000023
00000009
00000011
00000015
00000020
00000021
00000020
0000001c
00000017
00000000
00000000
00000009
00000000
00000000
00000000
00000000
00000000
00000076
0000004c
00000073
00000024
00000064
0000003e
00000067
0000006a
00000052
0000002e
00000050
00000025
00000084
00000031
00000065
0000001b
0000005b
00000027
0000003e
00000000
0000002d
00000037
00000033
00000034
00000017
00000021
0000000e
00000019
00000000
00000000
00000009
0000000e
00000027
0000001b
00000038
0000002f
00000047
0000001e
0000000e
0000001b
0000000a
0000002f
00000000
0000004f
00000000
00000031
00000010
00000055
00000000
00000067
0000002d
0000006d
00000059
0000006d
00000067
00000042
00000054
00000035
0000002d
0000003b
00000035
0000003b
00000028
0000001e
00000000
00000000
00000000
00000002
00000000
00000000
00000000
00000000
00000000
00000000
00000000
00000000
00000000
00000000
00000000
00000000
00000000
00000000
00000000
00000000
00000004
00000045
0000001d
00000030
00000017
00000017
0000003e
00000037
00000000
00000006
00000000
00000000
0000001f
00000021
00000000
00000003
00000000
00000022
0000001c
00000047
00000058
00000008
0000006c
0000001b
0000002d
00000000
00000026
00000000
00000000
00000000
00000000
00000000
00000000
00000000
00000000
00000000
00000000
00000000
00000000
00000000
00000000
00000000
00000000
00000000
00000000
00000000
0000001a
00000000
00000014
00000025
00000010
0000001d
0000002a
0000001d
00000026
00000022
00000047
0000003f
00000087
00000092
00000079
000000b7
0000008a
000000af
000000ab
000000ae
000000be
000000ac
0000009b
000000b6
000000d1
000000db
0000010b
000000a7
000000fd
00000095
000000a5
0000006f
000000c2
0000005e
0000006d
00000011
00000028
00000000
00000014
00000004
00000000
00000001
0000005c
0000001f
00000025
0000000f
00000078
00000061
00000062
00000075
00000092
00000075
0000005a
00000055
0000004a
00000048
00000042
00000005
00000006
00000005
00000000
00000002
00000011
00000015
0000000e
0000001f
00000000
0000001e
00000000
00000000
00000000
00000000
00000000
00000000
00000000
00000000
00000000
00000000
00000002
00000020
00000000
00000010
00000000
0000002a
0000000a
0000000b
00000000
00000000
00000000
00000000
00000000
00000000
00000001
00000000
00000000
00000000
0000000e
00000000
00000014
00000000
00000022
00000000
0000000e
00000000
00000043
00000045
00000016
00000000
00000013
00000000
00000000
00000000
00000000
00000000
00000000
00000000
00000000
00000000
00000000
00000000
00000000
00000000
00000000
00000000
00000000
00000000
00000000
00000000
00000000
00000000
00000008
00000000
00000000
00000000
00000002
00000000
00000000
00000000
0000001d
00000000
00000000
00000000
00000000
00000000
00000000
00000000
00000000
00000000
00000000
00000000
00000000
00000000
00000000
00000000
00000000
00000000
00000000
00000000
00000000
00000000
00000000
00000000
00000000
00000000
00000000
00000059
0000002b
0000003f
00000015
00000030
0000001b
00000042
00000020
00000073
00000026
00000058
0000004a
00000061
00000047
00000061
00000039
0000002d
0000000f
00000000
00000014
00000027
0000001a
00000027
00000021
00000023
00000000
00000000
00000000
00000000
00000000
00000000
00000000
00000000
00000000
00000000
00000000
00000000
00000000
00000000
00000000
00000000
00000008
00000013
00000000
00000013
00000000
00000000
00000000
00000015
00000000
0000000d
00000014
00000000
00000000
00000062
0000001f
0000006f
0000001e
0000006c
0000007e
0000006b
0000004e
00000026
0000003f
00000025
00000025
0000002f
00000000
00000000
00000000
00000000
00000000
00000000
00000000
00000000
00000000
00000000
00000000
00000000
00000000
00000000
00000000
00000000
00000000
00000000
00000000
00000000
00000000
00000000
00000000
00000011
0000000f
00000008
0000001a
00000027
00000025
0000002b
0000001a
00000035
00000032
0000002c
00000011
0000001e
00000038
0000005c
0000001e
0000003f
00000025
0000002a
00000000
00000000
00000000
00000000
00000000
00000003
00000000
00000000
00000000
00000047
00000022
00000034
0000001e
00000066
00000038
0000004c
00000021
00000012
00000030
00000017
00000027
00000037
00000000
00000000
00000010
00000022
00000008
00000008
00000005
00000016
00000012
0000001e
00000026
0000001e
00000015
00000000
00000030
0000000c
00000027
00000000
00000018
00000000
0000000b
00000000
00000000
00000000
00000000
00000000
00000000
00000000
00000000
00000000
00000000
00000000
00000000
00000000
00000000
00000000
00000000
00000000
00000000
00000008
00000000
00000000
00000000
00000000
00000000
00000000
00000000
00000000
00000000
00000000
00000000
00000000
00000004
00000000
00000000
00000019
0000003e
00000015
00000000
00000000
00000003
00000000
0000000d
00000010
00000021
00000000
00000033
00000000
00000006
00000000
00000003
00000000
00000000
00000000
00000000
00000000
00000000
00000000
00000000
0000000b
00000015
00000000
00000010
00000000
0000000e
00000000
00000060
00000074
00000056
00000076
00000046
00000099
00000067
00000057
00000040
0000001d
0000002d
00000029
0000003a
0000002d
00000058
00000050
00000041
00000053
0000003e
0000006c
00000055
00000073
00000068
0000008f
00000050
0000006e
0000009e
000000cf
000000ad
000000cf
000000e2
000000ea
000000f8
0000011c
000000e1
000000ef
000000e9
000000b6
000000b7
000000ae
000000b0
000000b4
00000083
00000067
00000097
00000073
00000062
00000051
00000056
00000067
00000062
00000077
00000079
00000077
0000005e
0000002e
00000040
00000007
00000030
00000000
00000002
00000000
00000000
00000001
00000000
00000000
00000000
00000000
00000000
00000000
00000000
00000000
00000000
00000000
00000000
00000000
00000009
00000000
00000000
00000000
0000001f
0000003e
00000000
00000050
00000018
00000039
00000020
00000032
00000000
00000032
00000000
00000000
00000003
0000001b
00000005
0000000f
00000000
00000000
00000014
0000000e
0000002b
00000012
0000004a
00000041
0000003f
00000034
0000004e
0000004b
00000033
00000029
0000002e
00000037
00000017
00000000
00000000
00000000
00000000
00000000
00000000
00000000
00000000
00000000
00000000
00000000
00000000
00000000
00000000
00000000
00000000
00000000
00000000
00000026
00000000
00000000
00000000
00000000
00000000
00000000
00000000
00000000
00000000
00000000
00000000
00000000
00000000
00000000
00000000
00000000
00000000
00000000
00000000
00000000
00000000
00000000
00000000
00000000
00000000
000000a1
0000000e
00000050
00000000
00000057
00000035
00000070
0000004d
00000054
00000062
00000077
0000003b
0000005b
0000002b
0000000a
00000012
00000000
00000000
00000000
00000000
00000000
00000000
00000000
00000000
00000000
00000000
00000000
00000002
00000010
0000002e
0000000a
0000002f
0000000a
0000001e
00000000
00000000
00000000
00000000
00000000
00000000
00000000
00000000
00000000
00000000
00000000
00000000
00000000
00000000
00000013
00000000
00000008
00000004
00000000
0000001e
00000017
00000043
00000033
00000053
00000030
0000005d
00000048
00000062
00000031
00000056
0000007a
00000046
00000062
0000003a
0000006e
00000029
00000055
0000003d
00000028
00000000
00000000
00000000
00000000
00000000
00000000
00000000
00000000
00000000
00000000
00000000
00000000
00000000
00000000
00000000
00000000
00000000
00000000
00000000
00000005
00000000
00000005
00000011
00000005
00000015
00000000
0000004b
00000059
0000006e
00000068
0000007a
00000093
0000008a
00000079
0000007f
0000007b
00000075
00000076
00000060
0000007e
0000008e
00000099
0000007b
0000007c
0000007f
0000005e
0000006c
00000057
0000006e
0000004c
00000084
0000005d
0000008f
0000006c
0000006b
00000013
00000079
00000031
0000005b
00000027
00000058
0000001c
00000022
0000000d
00000005
00000000
00000000
00000000
00000000
00000000
00000000
00000000
00000000
00000000
00000000
00000000
00000000
00000000
00000003
00000000
00000000
00000014
00000047
00000041
00000043
00000030
00000047
00000030
00000035
00000029
00000000
00000000
00000013
00000000
00000047
00000000
00000000
00000000
0000004a
0000004d
0000004f
0000002a
0000005e
0000003e
00000024
00000013
00000032
00000046
00000000
0000000c
00000000
00000000
00000000
00000000
00000000
00000000
00000000
00000000
00000000
00000000
00000000
00000000
00000000
00000000
00000000
00000000
00000000
00000000
00000000
00000000
00000000
00000000
00000000
00000000
00000000
00000000
00000000
00000000
00000000
00000000
00000000
00000000
00000000
00000000
00000000
00000000
00000000
00000007
00000006
0000000f
00000031
0000000f
00000053
0000001f
00000000
00000000
00000000
00000000
00000014
00000000
00000000
00000000
00000013
00000000
00000000
00000000
00000000
00000000
00000000
00000000
00000000
00000000
00000000
00000000
00000000
00000000
00000000
00000000
00000000
00000000
00000000
00000000
00000000
00000000
00000000
00000000
00000000
00000000
00000019
00000000
00000000
00000000
0000000b
00000000
00000000
00000000
00000042
0000003a
00000004
00000000
00000014
00000000
00000000
00000000
00000000
00000000
00000000
00000000
00000000
00000000
00000000
00000000
00000000
00000000
00000000
00000000
00000000
00000000
00000000
00000000
00000000
00000000
00000000
00000000
00000000
00000000
00000000
00000000
00000000
00000000
00000000
00000000
00000000
00000000
00000000
00000000
00000000
00000000
00000000
00000046
00000012
00000026
00000020
0000000d
0000001e
00000000
00000000
00000000
00000000
00000000
00000000
00000000
00000000
00000000
00000000
00000000
00000000
00000000
00000000
00000000
00000000
00000000
00000000
00000000
00000000
00000000
00000000
00000000
00000000
00000000
00000000
00000000
00000000
00000000
00000000
00000000
00000000
00000000
00000000
00000000
00000000
00000000
0000001a
0000003b
00000052
0000004f
00000066
0000006c
00000059
00000067
00000072
0000005d
0000004e
00000064
00000020
00000046
00000000
00000055
00000000
0000002e
00000000
0000000b
00000000
00000000
00000000
00000000
00000000
00000000
00000000
00000000
00000000
0000003c
00000000
00000021
00000000
00000062
00000000
0000001d
00000000
00000000
00000000
00000000
00000000
00000000
00000000
00000000
00000000
00000000
00000000
00000000
00000000
00000000
00000000
00000000
00000000
00000000
00000000
00000000
00000000
00000000
00000000
00000000
00000000
00000000
00000008
00000000
0000000a
00000011
00000000
00000036
00000000
0000000c
00000000
00000000
00000000
00000000
00000000
00000000
00000000
00000000
00000000
00000000
00000000
00000000
00000000
00000000
00000000
00000000
00000000
00000000
00000000
00000000
00000000
00000000
00000000
0000000a
00000000
00000000
00000000
00000000
00000000
00000000
00000000
0000000b
00000000
00000025
0000001b
00000031
00000045
00000024
0000002d
0000003f
00000019
00000021
00000002
00000014
00000000
00000019
00000007
00000019
00000025
0000000d
0000001b
00000012
00000030
00000014
00000024
00000014
00000015
00000012
00000000
00000000
0000000f
00000005
00000000
00000000
00000000
00000000
00000000
00000000
00000000
00000000
00000000
00000000
00000002
00000000
0000000a
00000000
00000000
00000000
0000000a
0000003b
00000025
0000003b
0000000a
00000019
0000001e
00000000
00000000
00000000
00000000
00000000
00000000
00000000
0000001b
00000005
00000026
0000000e
00000024
00000025
0000000f
00000000
0000002e
0000001c
00000000
00000000
00000000
00000000
00000000
00000001
00000000
00000000
00000000
00000000
00000000
0000001e
00000010
0000000e
00000024
00000000
00000000
00000000
00000000
00000000
00000000
00000000
00000000
00000000
00000000
00000000
00000000
00000000
00000000
00000000
00000000
00000000
00000000
00000000
00000019
00000030
0000001a
00000012
0000002f
00000000
00000001
00000000
00000000
0000000e
0000000d
00000027
00000003
0000003f
00000039
00000000
00000018
0000002b
00000082
00000067
00000040
00000029
0000003c
00000044
0000002d
0000004f
00000046
0000007a
00000017
00000000
00000054
0000005e
00000024
00000049
000000af
000000c4
00000097
000000c9
000000b1
000000c9
000000c9
000000b8
00000078
000000b5
0000007f
000000a4
0000009d
000000a4
0000007e
00000080
00000000
00000011
00000000
0000002b
00000000
0000001f
00000000
00000000
00000000
00000000
00000000
00000000
00000000
00000000
00000000
00000000
00000000
0000000c
00000000
00000000
00000000
00000000
00000000
0000000a
00000000
00000000
00000000
0000000d
00000000
00000024
00000000
00000000
00000000
0000001a
00000007
0000001f
0000001e
0000000e
0000001f
00000047
0000003c
0000004d
00000052
0000001a
0000004a
00000039
00000027
0000001d
0000001c
0000001a
0000001d
00000013
00000019
00000013
00000002
00000000
00000000
00000000
00000000
00000000
00000000
00000000
00000000
00000000
00000000
0000000d
00000000
0000000b
00000000
0000000d
00000000
00000000
00000000
00000000
00000000
00000000
00000000
00000000
00000000
0000000a
0000000d
00000031
00000005
0000002d
00000023
00000046
0000002d
00000056
00000026
0000002b
00000056
0000007b
00000054
000000a8
00000064
00000098
00000079
000000bb
000000ad
0000009d
00000099
0000005b
0000004b
00000028
00000043
00000054
00000029
00000012
0000002a
00000021
00000001
00000000
00000000
0000000b
00000000
0000001f
0000001e
0000001f
0000000d
00000000
00000000
00000000
00000011
00000000
00000000
00000000
00000000
00000000
00000000
00000000
00000000
00000000
0000000d
00000000
00000000
00000000
00000018
00000005
00000002
00000000
00000004
00000000
00000000
00000000
00000002
00000000
00000000
00000000
00000000
0000000d
00000005
00000012
00000000
00000001
00000007
00000000
0000001c
00000072
00000024
00000069
00000018
00000087
00000064
0000008a
00000077
00000057
00000060
00000084
0000006e
00000061
0000004f
00000047
00000029
0000000e
00000035
0000001d
00000000
00000000
00000000
00000000
00000000
00000000
00000000
00000000
00000000
00000000
00000000
00000008
00000000
00000008
00000000
00000009
00000022
0000003a
0000002e
00000032
00000014
00000010
00000010
00000004
0000000e
00000000
00000000
00000000
00000000
00000000
00000000
00000000
00000000
00000000
00000000
00000000
00000000
00000027
00000000
00000005
00000000
00000000
00000016
0000000d
00000025
00000080
00000019
00000066
00000035
0000007b
00000000
0000002a
00000000
00000000
00000000
00000000
00000000
00000000
00000000
00000000
00000000
00000000
00000000
00000000
00000000
00000000
00000000
00000000
00000000
00000000
00000000
00000000
00000000
00000000
00000000
00000000
00000000
00000000
00000000
00000000
00000000
00000000
00000000
00000000
00000000
00000000
00000000
00000000
00000000
00000000
00000000
00000000
00000000
00000000
00000021
00000000
00000024
00000035
00000024
00000039
00000031
00000041
00000037
00000039
00000037
0000003c
00000049
00000042
0000000e
00000000
0000004c
00000000
0000003a
00000000
00000022
00000013
0000000f
00000031
0000005a
00000067
00000075
00000029
0000009a
0000005e
00000063
0000001a
0000005f
00000039
0000002e
00000010
0000002e
00000000
0000001b
00000000
00000003
00000017
00000003
00000000
00000000
00000000
00000000
00000000
00000000
00000002
00000000
00000011
00000000
0000000d
00000000
0000001a
00000000
00000000
00000000
00000000
00000000
00000000
00000000
00000000
0000002e
00000000
0000004f
00000036
0000004e
0000005c
000000aa
000000de
000000c2
000000d4
0000007e
000000ae
00000099
000000a3
000000a9
0000004f
0000005b
00000029
0000004e
00000032
0000005f
00000024
0000003f
00000000
00000008
00000000
00000011
00000013
00000023
0000002a
00000000
0000000f
00000000
00000000
00000000
00000000
00000000
00000000
00000000
00000000
00000000
00000000
00000000
00000000
00000000
00000000
00000000
00000000
00000000
00000000
00000019
0000002b
00000035
00000008
00000031
00000011
0000000f
00000011
0000000b
00000000
00000000
00000000
00000000
00000000
00000000
00000000
00000000
00000000
00000000
00000000
00000000
00000000
00000000
00000000
00000000
00000000
00000000
00000000
00000000
00000000
00000000
00000000
00000000
00000000
00000000
00000000
00000000
00000000
00000019
00000000
00000000
00000000
00000000
00000000
00000000
00000000
00000000
00000000
00000000
00000000
00000000
00000007
00000000
00000007
0000000d
0000000c
00000015
00000000
0000000b
00000000
00000000
00000000
00000000
00000000
00000000
00000000
00000000
00000000
00000000
00000000
00000000
00000000
00000000
00000000
00000000
00000000
00000000
00000000
00000000
00000000
00000000
00000000
00000000
00000000
00000000
00000000
00000000
00000000
00000000
00000000
00000000
00000000
00000000
00000016
00000000
0000001e
00000000
0000000b
0000002c
00000009
00000028
00000033
0000002d
00000015
0000000e
00000000
0000001d
00000004
00000000
00000000
00000000
00000000
00000000
00000000
00000000
00000000
00000000
00000000
00000000
00000000
00000000
00000000
00000003
00000006
0000000b
00000006
0000000d
00000006
00000000
00000000
0000000b
00000000
00000003
00000000
00000000
00000000
00000000
00000000
00000000
00000000
00000000
00000000
00000000
00000000
00000000
00000000
00000000
00000000
00000000
00000000
00000000
00000000
00000000
00000000
00000000
00000000
00000000
00000028
0000000b
00000029
00000000
00000006
0000002e
00000000
0000001b
0000000b
00000003
00000000
00000000
00000000
00000000
00000000
00000000
00000000
00000000
00000000
00000000
00000000
00000000
00000000
00000000
00000000
00000000
00000000
00000000
00000000
00000000
00000000
00000000
00000000
00000000
00000000
00000005
00000000
0000001a
00000000
0000002f
00000000
00000001
00000000
00000025
00000027
0000003b
00000006
0000001a
00000026
00000047
0000003f
00000031
00000032
00000024
00000015
00000028
00000010
00000023
0000001f
00000010
0000002d
00000000
00000000
00000000
00000000
00000000
00000000
00000000
00000000
00000000
00000001
00000007
00000000
00000000
00000000
00000000
00000000
00000000
00000000
00000000
00000000
00000000
00000000
00000000
00000000
00000000
00000024
00000014
00000024
00000018
0000000d
0000001e
0000004f
00000069
0000003b
00000093
0000003b
0000009c
00000042
00000000
00000000
00000005
00000000
00000012
00000000
00000000
00000000
00000018
00000005
00000012
00000000
00000000
00000000
00000000
00000013
00000000
00000027
00000000
00000000
00000000
00000000
00000000
00000000
00000000
00000000
00000000
00000000
00000000
00000000
00000041
0000003e
00000037
0000003f
00000079
00000033
00000006
00000000
00000001
00000000
00000000
00000000
00000000
00000000
00000000
00000000
00000000
00000000
00000000
00000000
00000000
00000000
00000000
00000000
00000000
00000000
00000000
00000012
00000001
00000000
00000000
00000000
00000000
00000004
00000000
00000000
00000000
00000000
00000000
00000000
00000000
00000000
00000000
00000000
00000000
00000000
00000000
00000000
00000000
00000000
00000000
00000000
00000000
00000000
00000000
00000000
00000000
00000000
00000000
00000000
00000000
00000000
00000000
00000000
00000000
00000000
00000000
00000000
00000000
00000000
00000000
00000000
00000000
00000000
00000000
00000000
00000000
00000000
00000000
00000000
00000000
00000000
00000000
00000000
00000000
00000000
00000000
00000000
00000000
00000000
00000000
00000000
00000000
00000000
00000000
00000000
00000000
00000000
00000010
00000043
00000033
00000046
00000029
0000005b
0000001f
00000023
0000001d
00000006
00000000
00000000
00000000
00000000
00000000
00000000
00000000
00000000
00000000
00000000
00000000
00000000
00000000
00000000
00000000
00000000
00000000
00000000
00000000
0000000f
00000000
00000000
00000000
0000002e
00000000
00000000
00000006
00000021
0000000c
00000027
00000020
0000002a
00000000
00000000
00000000
00000000
00000000
00000000
00000000
00000000
00000000
00000000
00000000
00000000
00000000
00000000
00000000
00000000
00000000
00000000
00000000
00000000
00000000
00000000
00000000
00000000
00000000
00000000
00000000
00000000
00000000
00000000
00000000
00000000
00000000
00000000
00000000
00000000
00000023
0000001f
00000031
00000053
0000004e
0000006d
0000006f
0000004a
0000007b
00000077
00000061
00000088
00000071
0000006c
00000109
000000d6
00000102
000000dd
000000b7
000000c9
00000134
000000d9
000000e6
000000c4
000000fd
000000b6
000000d7
000000ac
00000074
00000062
00000087
00000047
0000005d
00000050
0000006f
0000003a
00000056
00000053
0000005a
00000053
00000068
00000059
00000039
0000001d
00000044
00000023
0000002b
00000023
00000028
00000038
00000009
00000007
00000000
00000000
00000000
00000000
00000000
00000000
00000000
00000000
00000000
00000000
00000004
00000000
00000000
00000000
00000000
00000000
00000000
00000000
00000000
00000000
00000000
00000000
00000000
00000000
00000000
00000000
00000000
00000007
00000000
00000007
00000005
0000001b
00000014
00000018
00000026
0000004e
0000004b
00000078
00000074
00000083
0000008c
00000047
00000093
00000063
0000006a
00000056
00000057
0000003c
00000034
00000055
00000033
00000055
0000004e
00000039
00000007
00000018
00000026
00000040
00000043
00000040
00000044
0000002c
00000000
00000000
00000000
00000000
00000000
00000000
00000000
00000000
00000000
00000000
00000000
00000000
00000000
00000000
00000000
00000000
00000000
00000005
00000000
00000010
00000000
00000018
0000000a
00000025
00000010
00000023
00000026
00000025
00000022
0000001b
00000042
0000002e
0000004f
00000055
0000001a
00000041
00000039
00000064
00000067
0000005b
00000067
0000001b
00000082
00000052
0000000c
00000000
00000021
00000000
00000000
00000000
00000000
00000000
00000000
00000000
00000000
00000000
00000000
00000000
00000000
00000000
00000000
00000000
00000000
00000000
00000000
00000002
00000000
00000000
00000000
0000000e
00000000
00000000
00000000
00000000
00000000
00000000
00000000
00000000
00000005
00000011
00000032
0000004c
00000043
00000087
00000085
00000087
00000096
000000a1
00000090
000000af
000000a8
00000070
000000d2
000000a9
000000f0
000000bb
000000ee
000000fb
000000c5
000000bb
000000cd
000000e7
00000102
000000ff
000000ee
000000d5
00000065
0000004c
0000005b
0000003b
0000005c
00000037
00000002
00000000
00000012
00000000
00000000
00000000
00000000
00000000
00000000
00000000
00000000
00000000
00000000
00000000
00000000
00000000
0000003f
0000004b
00000041
00000061
00000037
00000062
0000002f
0000001b
00000024
00000000
00000000
00000000
00000000
00000000
00000000
00000000
00000000
00000002
00000000
00000010
00000000
00000000
00000000
00000024
00000000
0000000f
00000000
00000000
00000000
00000011
00000010
0000000f
00000031
00000059
00000000
00000021
0000003e
0000006e
00000054
00000088
00000076
00000033
0000006e
00000013
0000001b
00000000
00000000
00000000
00000000
00000000
00000000
00000000
00000000
00000000
00000000
00000000
00000000
00000000
00000000
00000000
00000000
00000000
00000000
00000000
00000000
00000000
00000000
00000000
00000000
00000000
00000000
00000000
0000000a
0000000d
00000001
0000000c
00000000
00000029
00000031
0000004b
00000031
0000002e
00000049
0000003e
0000003f
00000005
0000003a
00000038
0000005c
00000054
00000057
0000002d
0000005c
00000051
0000004e
00000057
00000065
00000074
00000046
00000044
00000059
00000055
00000036
0000002a
00000025
00000000
0000000b
00000016
00000000
00000000
00000000
00000005
0000001e
00000047
00000031
00000059
00000052
00000059
0000005f
0000006e
0000004d
0000008b
0000006d
0000005c
00000069
0000005c
00000054
0000004c
00000000
00000000
00000000
00000000
00000000
00000000
00000000
00000000
00000000
00000000
00000000
00000000
00000000
00000000
00000000
00000000
00000000
00000000
00000000
00000000
00000000
00000000
00000000
00000000
00000000
00000000
00000000
00000000
00000000
00000000
00000000
00000000
00000000
00000000
00000000
00000000
00000000
00000000
00000000
00000000
00000000
00000000
00000000
00000000
00000000
00000000
00000000
00000000
00000000
00000000
00000000
00000000
00000000
00000000
00000000
00000000
00000000
00000002
00000001
0000000b
0000001a
0000000b
00000013
0000000a
00000000
00000000
00000000
00000000
00000000
00000000
00000000
00000000
00000000
00000000
00000000
00000000
00000000
00000000
00000000
00000000
00000000
00000000
00000000
00000000
00000000
00000000
00000000
00000000
00000000
00000016
00000000
00000000
00000000
00000000
00000000
00000000
00000000
00000000
00000000
00000000
00000000
00000000
00000000
00000000
00000000
00000000
00000000
00000000
00000000
00000000
00000000
00000000
00000000
00000000
00000000
00000000
00000000
00000000
00000000
00000000
00000000
00000020
00000048
00000045
00000062
00000045
00000066
00000040
00000000
00000000
00000000
00000000
0000001a
00000000
00000000
00000008
0000001f
0000000c
00000025
00000000
00000000
0000001b
0000004a
00000051
00000036
00000048
00000038
0000002b
00000039
00000025
0000003b
00000043
00000046
00000041
00000029
00000029
00000022
00000000
00000000
00000002
00000008
0000000b
00000017
0000000c
00000024
00000000
00000000
00000000
0000000f
0000001b
00000000
00000000
0000002c
00000036
00000009
00000032
00000067
00000070
0000005d
000000b5
0000009d
000000b5
000000a2
00000097
0000006e
00000090
000000bc
0000007d
000000c2
0000007d
000000b5
00000081
00000000
00000000
00000000
00000000
00000000
00000000
00000000
00000000
00000000
00000000
00000000
00000000
00000000
00000000
00000000
00000000
00000000
00000000
0000000a
00000000
00000009
00000000
00000000
00000014
00000000
00000000
00000000
00000000
00000000
00000002
00000000
00000000
00000000
0000002f
00000000
00000035
00000039
00000064
00000057
000000ae
00000070
00000091
00000062
00000056
00000034
00000072
00000032
00000051
00000000
0000002f
0000000c
00000029
00000023
00000029
00000036
0000001b
0000001c
00000016
0000003d
00000003
00000032
00000003
0000002c
00000013
00000000
00000000
00000000
00000000
00000000
00000000
00000000
00000000
00000002
00000000
00000000
00000000
00000000
00000017
00000011
0000001c
0000003d
0000005d
0000003a
0000006a
0000005f
0000006c
00000065
00000081
00000073
0000008b
00000079
00000032
0000006f
00000049
00000086
00000083
000000b8
000000d0
000000a2
00000097
000000a5
000000a2
000000bf
000000bb
000000b9
000000af
00000007
0000000b
00000041
0000002d
00000020
00000024
00000014
00000034
0000002c
00000035
00000030
00000035
00000033
0000002a
00000027
00000005
0000001f
00000000
00000001
00000000
00000000
00000000
00000000
00000000
00000000
00000000
00000000
00000000
00000000
00000000
00000000
00000000
00000000
00000000
00000000
00000000
00000008
00000000
00000033
0000001e
00000023
0000004e
00000066
00000087
00000081
000000a8
0000006d
000000a0
0000008c
00000084
00000098
00000096
0000006a
0000007e
0000008e
00000096
0000005e
00000059
00000063
00000026
00000003
00000026
00000006
00000028
00000000
00000000
00000000
00000000
00000000
00000000
00000005
00000000
00000008
00000000
00000000
00000000
00000000
00000000
00000000
00000000
00000000
00000000
00000000
00000000
00000000
00000000
00000000
00000000
00000000
00000000
00000000
00000000
00000000
00000000
00000000
00000000
00000000
00000000
00000002
00000000
00000000
00000000
00000000
00000000
00000000
00000000
00000000
00000000
00000000
00000000
00000000
00000000
00000000
00000000
00000000
00000000
00000029
00000000
00000000
00000000
0000003a
00000000
00000000
00000000
00000000
00000000
00000000
00000000
00000003
00000000
00000000
00000000
00000000
00000000
00000000
00000000
00000000
00000000
00000000
00000000
00000000
00000000
00000000
00000000
00000000
00000000
00000000
00000000
00000000
00000000
00000000
00000001
00000024
00000008
00000021
00000000
00000000
00000000
0000000c
00000000
00000000
00000000
00000000
00000000
00000000
00000000
00000000
00000000
00000000
00000000
00000000
00000000
00000000
00000000
00000000
00000000
00000000
00000000
00000000
00000034
00000000
0000004a
00000000
00000024
00000021
00000038
0000003b
0000000c
00000004
00000000
00000000
00000000
00000000
00000000
00000000
00000000
00000000
00000000
00000000
00000000
00000000
00000000
00000000
00000000
00000000
00000000
00000000
00000000
00000000
00000000
00000000
00000000
00000000
00000000
00000000
00000020
00000039
00000045
00000010
00000050
00000010
00000032
0000002e
00000017
00000007
00000013
0000000f
00000004
00000000
00000022
00000000
00000034
00000000
00000012
00000000
00000000
00000000
00000000
00000000
00000000
00000000
00000000
00000000
00000000
00000000
00000000
00000000
00000000
00000000
00000000
00000000
00000000
00000000
00000000
00000000
00000000
00000000
00000000
00000000
00000000
00000000
00000000
00000000
00000000
00000000
00000000
00000000
00000000
00000000
00000000
00000000
00000000
00000000
00000000
00000000
00000000
00000000
00000000
00000000
00000000
00000000
00000000
00000000
00000000
00000000
00000000
00000000
00000000
00000000
00000000
00000000
00000000
00000000
00000000
0000000c
00000000
00000000
00000000
0000002b
00000010
00000024
00000023
00000027
00000021
00000020
00000000
00000000
00000047
00000000
00000027
00000010
00000054
00000010
00000045
00000033
0000001a
00000007
00000032
00000015
00000026
00000000
00000000
00000000
00000000
00000000
00000000
00000000
00000000
00000000
00000000
00000000
00000000
00000000
00000000
00000000
00000000
00000018
0000000f
00000037
0000000f
0000003b
0000000f
00000000
00000000
0000000a
0000001e
00000000
0000000b
00000000
00000005
00000000
0000000a
00000000
0000000b
00000000
00000012
0000001a
0000001d
00000020
00000026
00000021
0000000f
00000011
00000002
00000007
00000000
00000000
00000000
00000000
00000000
00000000
00000005
00000003
00000000
00000000
00000000
00000024
00000032
00000033
00000019
00000061
0000003d
0000003d
00000010
00000095
00000084
00000042
0000001c
0000004d
00000035
0000002c
0000001f
00000030
00000000
00000018
00000000
00000000
0000000f
0000001e
0000001c
00000028
00000007
00000000
00000007
00000000
00000002
00000000
00000000
00000000
00000000
00000000
00000000
00000000
00000000
00000000
00000004
00000000
00000000
00000000
0000001a
0000003c
00000028
00000041
00000028
00000070
0000004d
00000069
0000002f
00000061
00000069
00000066
00000087
00000066
0000004a
00000052
00000028
00000046
00000024
00000031
0000002d
0000003f
0000004a
0000005b
0000005f
00000070
00000086
00000062
00000048
00000071
0000006b
0000003c
00000023
00000046
00000058
00000046
00000048
00000055
0000004a
00000048
0000004a
00000047
00000067
0000004a
00000076
0000007c
00000071
00000072
00000071
0000005c
00000066
00000000
00000000
00000000
00000000
00000000
00000000
00000000
00000000
00000000
00000000
00000000
00000000
00000016
00000000
00000015
0000001f
00000010
0000002f
00000020
00000025
00000000
00000000
00000000
0000001c
00000001
00000032
00000000
00000000
00000000
00000000
00000000
00000000
00000000
00000000
00000000
00000000
00000001
00000022
0000002c
0000005f
00000065
00000047
00000054
00000053
0000005b
0000006f
0000004a
00000095
00000069
00000098
00000078
000000c6
000000a4
000000c6
000000c0
000000a5
0000005c
00000067
0000007e
0000004c
00000083
0000004c
0000006d
00000043
0000001b
00000045
00000033
00000058
0000001a
0000006b
00000017
0000003c
0000002b
00000011
0000001b
0000000e
00000009
00000000
00000008
00000043
00000000
0000004e
00000000
00000040
00000000
00000000
00000000
00000024
00000000
00000025
0000000b
00000029
0000001c
00000051
00000064
00000061
00000064
0000008d
00000096
0000007c
00000062
00000071
00000094
00000060
00000073
00000063
00000030
00000000
00000041
00000015
00000000
00000000
00000000
00000000
00000000
00000000
00000000
00000000
00000000
00000000
00000000
00000000
00000000
00000000
00000000
00000000
00000000
00000000
00000005
00000000
00000000
00000000
00000000
00000000
00000000
00000000
00000000
00000000
00000000
00000000
00000000
00000000
00000000
00000000
0000000c
0000001b
00000000
00000030
0000000e
0000001a
0000000b
00000019
00000000
00000012
00000000
00000000
00000000
00000000
00000000
00000000
00000000
00000000
00000000
00000000
00000000
00000000
00000000
00000000
00000009
00000000
00000000
00000000
00000018
00000000
0000000f
00000000
0000002c
00000000
0000000a
00000000
00000000
00000000
00000000
00000000
00000000
00000000
00000000
00000000
00000000
00000000
00000000
00000000
00000000
00000000
00000000
00000000
00000014
00000000
00000000
0000000e
0000002e
00000042
0000003c
00000032
00000019
0000003d
0000004c
00000074
00000042
00000061
00000056
00000050
00000037
0000000b
00000027
00000007
0000005c
00000032
00000043
0000000e
0000000d
00000000
00000020
00000000
00000000
00000000
00000000
00000000
00000000
00000000
00000000
00000000
00000000
00000000
00000000
00000000
00000000
00000000
00000000
00000000
00000007
00000000
00000000
00000000
00000000
00000000
00000000
00000015
0000002a
00000059
0000005a
00000042
00000072
00000042
00000063
00000040
00000000
00000016
00000000
0000001d
00000004
00000003
00000000
00000000
00000000
00000000
00000000
00000000
00000000
00000000
0000002e
0000000d
0000005d
0000006a
00000044
00000097
00000096
000000b6
000000ac
000000de
0000007b
000000bd
0000008c
0000009f
000000c8
000000ea
000000df
000000dd
000000d3
00000105
00000119
000000f0
000000ef
000000a8
000000b4
00000097
00000095
000000a1
0000007e
00000069
0000005b
0000003e
00000038
00000027
0000001f
00000000
00000013
00000000
00000000
00000000
00000000
00000000
00000000
00000000
00000000
00000000
00000000
00000000
00000000
00000000
00000000
00000000
00000000
00000000
00000000
00000008
0000000d
00000000
00000000
00000000
00000000
00000000
00000010
00000006
0000001c
00000000
00000019
00000018
00000006
0000001d
0000001c
0000004c
0000002e
00000036
0000001f
00000020
0000002f
00000033
0000000b
0000000c
00000036
00000000
0000002e
00000015
00000000
00000000
00000000
0000000d
00000012
00000033
0000003d
00000014
00000050
00000019
0000002b
00000000
0000002b
00000000
00000000
00000000
00000000
00000000
00000000
00000000
00000000
00000000
00000000
00000000
00000000
00000000
00000000
00000000
00000000
00000000
00000000
00000000
00000000
00000000
00000000
00000000
00000000
00000000
00000002
00000000
00000000
00000000
00000000
00000000
00000000
00000000
00000000
0000000e
00000000
00000006
00000000
00000005
0000000d
00000000
00000000
00000000
00000009
00000000
00000014
00000017
0000003b
00000044
0000001f
0000002b
00000061
00000035
00000028
00000000
0000000c
00000000
0000000a
00000000
00000000
00000000
0000001c
00000000
00000002
00000000
0000000a
00000000
00000000
00000000
00000010
00000000
00000000
00000000
00000000
00000000
00000019
00000005
0000000e
00000005
00000022
00000018
00000000
00000000
00000000
00000000
00000000
00000000
00000000
00000000
00000000
00000000
00000000
00000000
00000000
00000000
00000000
00000000
00000000
00000000
00000000
00000004
0000000c
0000002a
0000002d
00000016
0000001e
0000000d
0000002e
00000007
0000004d
00000051
00000068
00000063
0000004f
0000006a
00000084
00000068
00000053
00000040
00000066
00000049
00000051
0000003f
00000000
00000000
00000018
00000000
00000000
00000000
00000000
00000000
00000000
00000000
00000000
00000000
00000000
00000000
00000000
00000000
00000000
00000000
00000000
00000000
00000000
00000000
00000000
00000009
00000000
0000000f
00000000
00000000
00000000
00000000
00000000
00000000
00000000
00000000
00000000
00000000
00000000
00000000
0000000f
00000000
00000000
00000012
00000039
00000079
00000048
00000069
00000032
00000043
00000041
0000002a
00000000
0000000e
00000000
00000000
00000011
0000000c
00000000
00000000
00000000
00000000
00000000
00000000
00000000
00000000
00000000
00000000
00000000
00000000
00000000
00000000
00000000
00000000
00000000
00000000
00000000
00000000
00000000
00000000
00000000
00000000
00000000
00000000
00000000
00000000
00000000
00000000
00000000
00000000
00000000
00000000
00000000
00000000
00000000
00000000
00000000
00000000
00000000
00000000
00000000
00000000
00000000
00000000
00000000
00000000
00000000
00000000
00000000
00000000
00000000
00000000
00000000
00000000
00000000
00000000
00000000
00000000
00000000
00000000
00000000
00000000
00000000
00000000
00000000
00000000
00000000
00000000
00000000
00000000
00000000
00000000
00000000
00000000
00000000
00000000
00000000
00000000
00000000
00000000
00000000
00000000
00000000
00000000
00000000
00000012
00000021
00000001
00000025
00000001
0000002b
00000014
00000025
0000004b
0000001f
00000045
00000000
00000029
00000000
00000005
00000000
00000000
00000000
00000000
00000000
00000000
00000000
00000000
00000000
00000000
00000000
00000000
00000000
00000000
00000000
00000000
00000000
00000000
00000000
00000000
00000000
00000000
00000000
00000000
00000000
00000000
00000000
00000000
00000000
00000000
00000000
00000000
00000000
00000000
00000000
00000000
00000000
00000000
00000000
00000000
00000000
00000000
00000000
00000000
00000000
00000000
00000000
00000000
00000000
0000001d
00000008
00000000
00000000
00000000
00000000
00000000
00000050
00000063
00000066
00000066
0000009a
0000007e
00000063
00000037
00000083
00000040
0000004b
00000013
0000000c
00000000
00000000
00000000
00000000
0000000d
00000000
00000000
00000000
00000000
00000000
00000000
00000000
00000000
00000000
00000000
00000000
00000000
00000000
00000000
00000000
00000000
00000002
00000000
00000006
00000000
00000025
00000000
00000037
00000000
0000005b
00000094
00000054
00000051
00000050
00000065
0000003e
0000006c
0000005f
00000043
00000068
00000043
00000039
0000005e
00000020
00000025
0000001c
00000043
0000001b
00000043
00000034
0000004b
00000000
00000000
00000000
00000000
00000000
00000000
00000000
00000000
00000000
00000000
00000000
00000000
00000000
00000000
00000000
00000000
00000000
00000000
0000000b
00000000
00000000
00000000
00000000
00000000
00000000
00000000
00000000
00000000
00000000
00000000
00000000
00000000
00000000
00000000
00000000
00000000
00000000
00000000
00000000
00000000
00000000
00000000
00000000
00000000
00000000
00000000
00000000
00000000
00000000
00000000
00000000
00000000
00000000
00000000
00000000
00000000
00000000
00000017
00000017
00000008
00000030
00000008
00000017
00000000
00000000
00000000
0000000f
00000000
00000000
00000000
00000000
00000000
0000001c
00000000
00000000
00000000
0000001f
00000007
0000004f
00000039
0000004a
0000008a
00000047
00000095
0000007d
000000a6
0000009f
000000a5
00000086
00000092
000000b1
000000cd
000000d2
000000b7
000000e8
000000f1
00000100
00000103
00000131
000000f0
000000fd
000000e2
000000e7
000000dc
000000e8
000000d3
00000072
0000005c
00000092
00000057
00000046
00000042
00000045
00000041
00000036
00000072
00000071
00000072
00000064
00000054
0000003d
00000010
00000051
00000009
00000022
00000009
00000021
00000019
00000000
00000000
00000000
00000000
00000000
00000000
00000000
00000000
00000000
00000000
00000000
00000000
00000000
00000000
00000000
00000001
00000016
0000004d
00000022
00000059
00000022
00000000
0000001a
00000016
00000004
00000031
00000005
00000000
00000026
00000054
00000013
00000037
00000000
00000015
00000042
00000028
0000002f
0000000e
00000039
0000001a
00000038
0000002b
0000003e
0000003c
0000004b
00000037
00000036
0000003f
00000044
0000000d
00000027
00000033
00000027
00000033
00000034
0000002a
00000014
00000021
00000049
0000003c
0000005c
0000003c
00000051
00000059
00000000
00000018
0000001f
0000000a
0000001f
00000013
00000006
00000000
00000019
00000000
00000000
00000000
00000000
00000000
00000000
00000000
00000000
00000000
00000000
00000000
00000000
00000000
00000000
00000000
00000000
00000000
00000000
00000000
00000000
00000005
00000000
00000000
00000000
00000000
00000000
00000000
00000000
00000000
00000000
00000000
00000000
00000000
00000000
00000000
00000000
00000000
00000000
00000000
00000000
00000000
00000000
00000000
00000000
00000000
00000000
00000000
00000000
00000000
00000000
00000000
00000000
00000000
00000000
00000000
00000029
00000032
00000039
00000077
00000022
000000af
00000079
0000007d
0000001d
00000024
0000002d
00000050
00000026
0000003c
00000055
00000064
0000004f
00000075
00000050
0000007f
00000054
0000008d
00000071
00000093
00000028
00000064
00000077
000000bf
0000008a
000000cb
00000097
000000aa
00000072
0000009f
00000079
000000a5
0000009a
00000033
00000046
0000001e
0000002c
00000063
0000003e
00000068
00000061
00000086
00000048
00000063
00000054
0000009c
0000007a
00000093
0000009c
00000093
0000006b
00000028
00000049
00000025
00000022
00000000
00000000
00000000
00000000
00000000
00000000
00000000
00000000
00000000
00000000
00000000
00000000
00000000
00000000
00000000
00000000
00000000
0000001f
00000000
0000000e
00000013
0000001a
00000042
00000009
00000021
00000000
00000003
00000000
00000013
00000000
00000008
00000000
00000000
00000000
0000001b
00000000
00000000
00000000
00000000
00000000
00000000
00000000
00000003
00000000
0000000c
00000002
0000000e
0000001d
0000001e
0000000d
00000025
0000000a
00000021
00000000
0000002f
00000000
0000003a
00000023
0000003a
0000003b
00000020
00000010
00000020
0000000f
00000035
00000027
00000035
00000022
00000022
00000000
00000000
00000000
00000000
00000004
00000000
00000000
00000000
00000024
00000022
00000013
00000003
00000000
00000014
0000002a
00000019
00000041
00000054
0000005e
00000077
0000007d
0000008e
0000008a
000000c4
000000a5
000000b8
000000c2
000000e6
000000c9
000000aa
000000d3
000000ee
0000012a
00000122
0000011e
000000fb
00000127
00000113
0000011d
00000107
00000120
000000f1
000000b4
000000ea
000000a2
000000b2
00000083
000000da
00000081
000000eb
000000c1
000000e2
000000ea
000000e2
000000de
000000cf
00000089
0000005c
0000007c
0000006f
0000006a
0000006f
00000067
00000089
00000000
00000000
00000000
00000000
00000000
00000000
00000000
00000000
00000000
00000000
00000000
00000000
00000000
00000000
00000000
0000000a
00000009
00000025
00000000
00000029
00000000
00000017
00000000
00000037
0000000e
0000001c
00000019
00000000
00000003
0000002e
00000011
0000002d
00000026
00000055
00000008
0000001e
00000000
0000000c
0000000b
00000000
00000007
0000000a
00000000
00000000
00000000
00000000
00000000
00000000
00000000
00000000
00000000
00000000
00000000
00000000
00000000
00000000
00000000
00000000
00000000
00000000
00000000
00000000
00000000
00000000
00000000
00000000
00000000
00000000
00000000
00000000
00000000
0000000b
00000000
00000021
0000001b
00000037
00000011
0000003e
00000042
0000004b
00000054
00000052
00000084
0000003f
0000005c
00000051
00000053
00000028
00000057
00000031
00000058
00000044
00000017
0000000d
00000000
00000000
00000017
00000018
00000002
00000000
00000000
00000000
00000000
00000000
00000000
00000000
00000000
00000000
00000013
00000035
0000001a
00000019
00000061
0000007e
00000060
0000005d
00000075
0000005d
0000005c
00000056
00000069
0000005e
00000047
0000003c
0000003a
0000003c
0000002f
0000004c
00000000
00000000
00000000
00000000
00000000
00000000
00000000
00000000
00000000
00000000
00000000
00000000
0000000f
00000000
0000000c
00000000
0000001f
00000028
0000001c
00000008
00000001
00000000
00000000
00000009
00000000
00000009
00000000
00000000
00000000
00000000
00000000
00000000
00000000
00000000
00000000
00000000
00000003
00000000
00000000
00000000
00000000
0000001a
00000000
00000000
00000000
00000031
00000000
00000029
0000002e
00000051
00000031
0000006b
00000051
0000006b
00000058
00000034
00000028
00000025
0000003b
0000002c
0000003e
0000002c
0000003e
00000029
00000000
0000002b
00000040
00000039
00000020
00000044
00000021
0000002c
0000004d
0000003c
00000023
00000033
0000003d
0000003c
00000030
00000041
00000030
00000062
0000002e
0000006e
00000051
00000080
00000068
00000094
00000058
00000067
00000064
0000005f
00000031
000000e2
0000001d
00000084
00000031
000000b6
0000004b
00000084
00000046
00000031
00000000
00000024
00000000
0000003d
00000000
00000000
00000000
00000000
00000000
00000000
00000000
00000000
00000000
00000000
00000000
00000000
00000000
00000000
00000000
00000000
00000000
00000000
00000000
00000000
00000000
00000000
00000000
00000000
00000000
00000000
00000000
00000000
00000000
00000000
00000000
00000000
00000000
00000000
00000002
00000000
00000038
00000009
0000004c
0000004f
00000039
00000059
0000004d
00000085
00000069
0000008d
00000059
00000070
0000006c
0000005b
00000074
00000045
000000ac
0000005f
0000007e
0000005b
00000095
00000074
00000080
00000085
000000b0
00000094
000000ac
00000051
00000077
0000003a
00000074
00000014
00000043
0000001e
00000049
0000003a
00000033
00000032
0000004e
00000032
00000038
00000054
00000031
0000000c
0000002b
00000008
00000000
00000008
00000000
0000000a
00000000
00000000
00000000
00000000
00000000
00000000
00000000
00000000
00000000
00000000
00000000
00000000
00000000
00000000
00000000
00000000
00000000
00000000
00000000
00000006
00000000
00000000
00000000
00000000
00000000
00000000
00000000
00000000
00000000
0000000c
00000000
00000000
00000000
00000000
00000000
00000000
00000000
00000031
0000001c
00000034
0000001e
0000000e
0000000b
00000000
00000000
00000000
00000000
00000000
00000000
00000000
00000000
00000000
00000000
00000000
00000000
00000000
00000000
00000000
00000000
00000000
00000000
00000000
00000000
00000000
00000000
00000000
00000000
00000000
00000000
00000000
00000000
00000000
00000000
0000001a
00000018
00000002
00000000
00000010
00000010
0000002b
0000001f
00000051
00000005
00000037
00000000
00000000
00000000
00000017
00000000
00000012
00000000
0000000c
00000016
0000006d
0000005c
00000080
00000064
000000a8
000000a3
0000008b
0000006e
0000005b
00000077
0000003d
00000064
0000004b
00000035
00000034
0000005b
00000038
0000003b
00000033
00000045
00000072
00000056
00000070
00000083
00000070
0000005e
0000006c
0000005e
00000066
00000051
00000029
0000002b
00000029
00000038
00000033
00000000
00000000
00000000
00000000
00000000
00000000
00000000
00000000
00000000
00000000
00000000
00000000
00000000
00000000
00000000
00000000
00000000
0000001a
00000000
00000000
00000000
00000000
00000000
00000000
00000000
00000000
00000000
00000000
00000000
00000000
00000000
00000000
00000000
00000000
00000000
00000000
00000000
00000000
0000002c
00000000
00000015
00000000
00000046
00000042
00000044
00000025
00000023
00000024
00000034
00000000
0000001d
0000000c
00000007
0000000c
0000000c
00000001
00000000
00000000
00000000
00000000
00000002
00000000
00000001
00000000
00000037
0000004f
00000045
00000052
0000007e
00000070
00000072
00000024
00000078
00000041
00000026
0000003e
00000032
00000042
00000015
0000000c
00000032
0000003d
00000000
00000032
0000001f
00000052
00000028
00000076
0000000b
0000003c
00000017
00000026
00000008
0000005b
00000000
00000032
00000037
00000086
0000001a
00000053
00000043
00000029
00000000
00000047
00000029
00000053
0000003c
0000000e
00000006
00000000
00000000
00000000
00000000
00000000
00000000
00000000
00000000
00000000
00000000
00000000
00000000
00000000
00000000
00000000
00000000
00000000
00000000
00000000
00000000
00000000
00000000
00000000
00000000
00000000
00000000
00000000
00000000
00000000
00000000
00000000
00000000
0000001e
00000020
00000042
00000026
00000025
0000003b
0000003d
00000040
00000020
00000041
00000043
00000047
0000005e
0000003b
00000013
0000002e
0000001d
00000020
00000000
00000005
00000008
00000000
00000000
00000000
00000000
00000000
00000000
00000000
00000000
00000000
00000000
00000000
00000000
00000000
00000000
00000000
00000000
00000000
00000000
00000000
00000000
00000000
00000000
00000000
00000015
0000000d
0000000b
00000033
0000000b
0000002a
00000000
00000013
00000018
00000000
00000028
00000000
00000000
00000000
00000000
00000000
00000000
00000000
00000000
00000000
00000000
00000000
00000000
00000000
00000000
00000000
00000000
00000000
00000000
00000000
00000000
00000000
00000000
00000000
00000000
00000000
00000000
00000000
00000000
00000000
00000000
00000000
00000000
00000000
00000000
00000000
0000002e
0000001d
0000000b
0000005c
00000000
00000067
00000019
00000058
00000030
00000058
00000000
0000002e
00000009
00000000
00000009
0000000e
00000000
00000000
00000000
0000000c
00000000
00000000
00000000
00000000
00000000
00000000
00000000
00000000
00000000
00000000
00000000
00000000
00000000
00000000
00000000
00000000
00000000
00000048
00000000
00000000
00000000
00000000
00000000
00000000
00000000
00000000
00000000
00000000
00000000
00000000
00000000
00000000
00000000
00000000
00000000
00000000
00000000
00000000
00000000
00000000
00000000
00000000
00000000
00000000
00000000
00000000
00000000
00000000
00000000
00000000
0000000d
00000000
0000000c
0000000d
00000000
00000000
00000003
00000000
00000003
00000000
00000000
00000000
00000000
00000000
00000000
00000000
00000000
00000000
00000000
00000006
00000009
00000009
00000000
00000000
00000000
00000000
00000000
00000000
00000000
00000000
00000000
00000000
00000000
00000000
00000000
00000000
00000000
00000000
00000000
00000000
0000001c
00000000
00000017
00000000
00000000
00000003
00000000
00000000
00000000
00000000
00000000
00000000
00000004
00000000
00000000
0000001f
00000011
00000000
0000000f
00000000
00000000
00000000
00000000
00000000
00000000
00000000
00000000
00000000
00000000
00000000
00000000
00000000
00000000
00000000
00000000
00000000
00000000
00000000
00000000
00000000
00000000
00000000
00000000
00000000
00000000
00000000
00000000
00000000
00000000
00000000
00000000
00000000
00000000
00000000
00000000
00000000
00000000
0000000b
00000000
0000001b
00000012
0000001b
0000000b
00000013
00000000
00000000
00000002
00000000
00000008
00000000
00000000
00000000
00000000
00000000
00000000
00000000
00000000
00000000
00000000
00000000
00000000
00000000
00000000
00000000
00000000
00000000
00000000
00000000
00000000
00000000
00000000
0000000e
00000000
00000000
00000000
00000000
00000000
00000000
00000000
00000000
00000000
00000000
00000000
00000000
00000000
00000000
00000000
00000000
00000000
00000000
00000000
00000000
00000000
00000000
00000000
00000000
00000000
00000000
00000015
00000000
00000019
00000000
00000040
00000000
0000001c
00000000
00000019
00000001
00000000
00000005
00000000
00000018
00000009
0000001f
00000003
00000035
00000067
0000004e
00000060
00000046
0000007e
00000063
00000057
0000002d
00000030
0000002c
00000009
00000004
00000000
00000000
00000000
00000000
00000000
00000000
00000000
00000000
00000000
00000000
00000000
00000000
00000000
00000000
00000000
00000000
00000000
00000000
00000000
00000000
00000000
00000000
00000000
00000000
00000000
00000000
00000000
00000000
00000000
00000000
00000000
00000000
00000000
00000000
00000000
00000000
00000000
00000000
00000000
00000008
00000015
00000004
00000038
0000002f
0000005a
00000047
00000052
0000005e
00000055
00000057
0000002a
00000049
0000002c
0000006f
00000052
0000006e
0000006f
00000025
00000040
0000003e
00000054
0000004d
00000033
00000036
00000004
00000000
00000000
00000000
00000000
00000000
00000000
00000000
00000000
00000000
00000000
00000000
00000000
00000000
00000000
00000000
00000000
00000000
00000000
00000000
00000000
00000000
00000000
00000000
00000000
00000000
00000000
00000000
00000000
00000000
00000000
00000000
00000008
00000000
00000000
00000000
00000000
00000000
00000013
00000000
00000033
00000000
00000008
00000000
00000000
00000000
00000000
00000000
00000000
00000000
00000000
00000000
00000000
00000000
00000000
00000000
00000000
00000000
00000000
00000000
00000000
00000000
00000000
00000000
00000000
00000000
00000000
00000000
00000000
00000000
00000000
00000000
00000000
00000000
00000000
00000000
00000000
00000000
00000000
00000000
00000000
00000010
00000000
00000010
00000000
00000010
0000000d
00000000
00000000
00000000
00000000
00000000
00000000
00000000
00000000
00000000
00000000
00000000
00000000
00000000
00000000
00000000
00000000
00000009
00000008
0000000f
0000002e
00000058
00000065
00000066
00000074
00000060
0000005d
00000059
00000026
00000062
000000c6
0000007d
000000a4
0000009e
00000101
000000b2
000000dd
000000cb
00000109
000000ee
0000011c
00000105
000000d2
000000d0
0000007b
00000048
00000026
0000005a
0000001a
00000000
00000000
00000000
00000000
00000000
00000000
00000000
00000000
00000000
00000000
00000000
00000000
00000000
00000000
00000000
00000000
00000000
00000000
00000004
0000000f
00000000
00000000
00000000
00000000
00000000
00000000
00000000
00000000
00000000
00000000
00000000
00000000
00000000
00000000
00000000
00000000
00000000
00000000
00000000
00000000
00000000
00000000
00000000
00000000
00000000
00000000
00000000
00000000
00000000
00000000
00000000
00000000
00000000
00000000
00000000
00000000
00000000
00000000
0000000f
00000000
00000004
00000000
00000015
00000000
00000000
00000000
00000000
00000000
00000000
00000000
00000000
00000000
00000000
00000000
00000026
00000000
00000023
00000000
0000001a
00000011
00000000
00000000
00000000
00000000
00000000
00000000
00000000
00000008
00000006
00000025
00000016
0000003b
0000001f
0000004f
0000005f
0000006f
0000005f
00000062
0000007f
0000007b
00000093
0000008b
000000a3
000000b2
000000b4
000000bc
000000df
000000ff
00000135
00000123
00000134
0000013b
0000015b
00000175
00000123
0000012c
0000012f
00000111
000000ea
000000bf
000000d3
000000be
0000006b
0000007f
00000088
00000079
00000058
0000007d
0000008d
000000b1
0000009d
0000009d
000000a8
0000009d
00000099
0000008d
00000068
0000005c
0000004d
00000037
00000037
00000037
00000033
00000045
00000007
0000001d
00000028
00000014
0000003f
00000018
0000001b
00000000
0000001c
00000000
00000000
00000000
00000000
00000000
00000000
00000000
00000000
00000000
00000000
00000000
00000000
00000000
00000000
00000000
00000000
00000000
00000000
00000000
00000000
00000000
00000000
00000000
00000000
00000000
00000000
00000000
00000000
00000000
00000000
00000000
00000000
00000000
0000003f
00000000
00000011
00000000
00000006
00000000
00000000
00000000
00000000
00000000
00000000
00000000
00000000
00000000
00000000
00000000
00000000
00000000
00000000
00000000
00000000
00000000
00000000
00000000
00000000
00000000
00000000
00000000
00000000
00000000
00000000
00000000
00000000
00000000
00000004
00000006
0000002b
00000013
0000002f
0000003c
00000023
00000037
00000039
00000073
00000050
00000043
00000031
00000031
00000059
00000045
0000003a
00000011
0000004c
00000007
0000002d
00000018
00000008
00000009
00000004
0000000b
00000020
0000001e
0000003a
00000000
00000043
00000002
00000054
00000000
00000036
00000000
0000003e
00000013
0000002c
0000000e
0000002a
0000000e
00000002
00000008
00000000
00000000
00000000
00000000
00000000
00000000
00000000
00000000
00000000
00000000
00000000
00000000
00000000
00000000
00000000
00000000
00000000
00000000
00000000
00000000
00000000
00000000
00000000
00000000
00000000
00000000
00000000
00000000
00000000
00000000
00000000
00000000
00000000
00000000
00000000
00000000
00000000
0000000f
00000000
00000024
00000000
00000002
00000000
00000000
00000000
00000000
00000000
00000000
00000000
00000000
00000000
00000000
00000000
00000000
00000000
00000000
00000000
00000000
00000000
00000000
00000000
00000000
00000000
00000000
00000000
00000000
00000000
00000000
00000000
00000000
00000000
00000000
0000001a
0000002f
0000003b
0000002b
00000031
00000056
00000027
0000002a
0000003c
00000028
00000016
0000002f
0000001f
00000026
00000000
0000002f
00000002
0000003e
00000000
00000019
00000000
00000000
00000000
00000018
00000000
00000000
00000000
00000000
00000000
0000002b
00000000
00000009
00000000
0000003f
00000000
0000001f
00000000
00000000
00000000
00000000
00000000
00000000
00000000
00000000
00000000
00000000
00000000
00000000
00000000
00000000
00000000
00000000
00000000
00000000
00000000
00000000
00000000
00000000
00000000
00000000
00000000
00000000
00000000
00000000
00000000
0000001e
00000005
0000001b
00000004
0000002a
00000000
00000001
00000000
00000000
00000000
00000000
00000000
00000000
00000000
00000000
00000008
0000002f
00000000
0000002c
00000000
0000002c
00000000
00000053
0000000d
0000003c
00000022
00000011
0000000a
00000016
00000022
0000001d
00000064
0000006b
00000000
0000001f
0000003e
00000077
0000006d
000000a2
00000092
0000006e
00000034
00000000
00000036
0000000b
00000008
00000000
00000009
00000009
00000005
00000010
00000003
00000010
00000020
00000012
00000000
00000000
00000000
00000000
00000000
00000000
00000000
00000000
00000024
00000017
00000014
0000002c
00000000
00000016
00000000
00000015
00000006
00000000
00000004
00000008
00000006
00000000
00000000
00000007
00000000
00000018
0000002b
00000050
00000046
00000024
0000004b
00000032
0000004e
00000040
00000070
0000006c
000000b8
000000a4
000000b2
000000b3
000000ba
000000bf
000000ab
0000009c
0000008a
000000ad
000000aa
0000009c
0000008c
0000008e
00000056
00000000
0000007e
0000002c
0000003a
00000001
00000038
00000000
00000008
00000000
00000000
00000000
0000001b
00000021
00000025
00000017
0000003c
00000021
00000030
00000021
0000001d
0000000d
00000000
00000000
00000000
00000000
00000000
00000000
00000000
00000000
00000000
00000000
00000000
00000000
00000000
00000015
00000011
0000001d
00000049
00000063
0000005d
0000009e
0000009a
000000c5
000000af
000000d1
000000b3
000000cc
000000c6
00000091
000000bb
000000b5
000000b6
000000b2
000000dc
000000f8
0000008e
000000a5
000000ab
000000b2
0000008f
0000009c
00000074
00000082
00000007
00000005
00000000
00000004
00000000
00000000
00000000
00000000
00000000
00000000
00000000
00000000
00000000
00000000
00000000
00000000
00000000
00000000
00000000
00000000
00000000
00000000
00000000
00000000
00000000
00000000
00000000
00000000
00000000
00000000
00000000
00000000
00000000
00000000
00000000
00000000
00000000
00000000
00000000
00000000
00000000
00000000
00000000
00000000
00000000
00000000
00000000
00000000
00000000
00000000
00000000
00000000
00000000
00000000
00000000
00000000
00000000
00000000
00000000
00000000
00000000
00000000
00000000
00000000
00000000
00000000
00000000
00000000
00000000
00000000
00000000
00000000
00000000
00000000
00000000
00000000
00000000
00000000
00000000
00000000
00000000
00000000
00000000
00000000
00000000
00000000
00000000
00000000
00000000
00000000
00000000
00000000
00000000
00000000
00000000
00000000
00000000
00000000
00000000
00000000
00000000
00000000
00000000
00000000
00000000
00000000
00000000
00000000
00000000
00000000
00000000
00000000
00000000
00000000
00000000
00000000
00000000
00000000
00000000
00000000
00000000
00000000
00000000
00000000
00000000
00000000
00000000
00000000
00000000
00000000
00000018
00000013
00000024
0000000d
0000001b
0000001f
00000023
00000016
00000023
00000016
00000015
00000003
00000010
00000000
00000021
00000000
00000001
00000000
00000000
00000000
00000024
00000018
00000039
0000003f
00000008
00000040
00000045
0000001e
00000000
00000000
00000000
00000009
00000010
00000017
0000000c
00000024
00000026
00000026
00000028
0000003f
00000054
00000070
00000074
00000086
00000072
0000005e
00000093
00000079
0000006c
000000d7
00000088
000000d8
000000d3
00000122
000000a4
000000e6
000000b6
00000106
000000ce
000000f3
000000c5
000000ca
00000069
00000037
0000002d
00000000
00000028
00000000
00000000
00000000
00000000
00000000
00000000
00000000
00000000
00000000
00000000
00000009
00000000
0000000e
00000006
0000000e
00000000
00000000
00000057
00000065
00000064
00000072
00000054
00000085
0000005b
0000003d
00000063
0000001f
00000019
00000010
00000025
0000000d
00000021
0000000a
0000001f
0000004d
00000000
00000044
00000017
0000005b
00000030
00000053
0000001e
00000024
00000045
00000050
0000002c
0000003c
00000082
00000023
0000004f
00000034
00000037
00000019
00000000
00000004
0000000c
00000017
0000000b
00000006
00000029
00000000
00000002
00000000
00000000
00000000
00000000
00000000
00000000
00000000
00000000
00000000
00000000
00000000
00000000
00000000
00000000
00000000
00000000
00000000
00000000
00000000
00000000
00000000
00000000
00000000
00000000
00000000
00000000
00000000
00000000
00000000
00000000
00000000
00000000
00000000
00000000
00000000
00000000
00000000
00000006
0000000d
00000017
00000007
00000022
00000000
00000013
0000001e
0000001e
00000000
0000003a
00000008
00000018
00000011
00000000
00000000
00000000
00000000
00000000
00000000
00000000
00000000
00000000
00000000
00000000
00000000
00000000
00000000
00000000
00000000
00000000
00000000
00000000
00000000
00000000
00000000
00000000
00000000
00000000
00000000
00000013
00000000
0000002f
00000000
0000002e
00000000
00000000
00000000
00000002
00000000
00000010
00000000
00000005
00000018
0000001c
0000002b
00000027
00000017
00000012
00000032
0000003a
00000061
00000039
00000065
0000004c
00000040
00000042
0000001d
00000030
0000001c
0000003c
00000041
00000038
0000000d
00000035
00000000
0000002a
0000000f
0000002e
0000003d
00000031
0000001a
0000000b
00000006
0000002b
0000002d
0000003e
0000003e
00000000
00000000
0000002e
0000001f
00000019
00000012
00000031
0000002c
00000031
00000042
00000041
00000042
00000045
0000003a
00000048
0000003d
0000004c
0000000e
00000044
0000000e
00000037
00000007
00000000
00000000
00000000
00000000
00000000
00000000
00000000
00000000
00000000
00000000
00000000
00000000
00000000
00000000
0000000d
00000000
0000002b
00000037
00000005
00000045
00000022
00000030
0000002b
0000004f
0000002f
00000055
0000003b
00000018
00000071
0000003d
00000065
0000003c
00000042
00000037
00000042
00000019
00000028
0000002a
0000003f
0000000a
00000025
00000001
00000000
00000000
0000000d
00000000
00000000
00000000
00000026
00000000
0000000a
0000000a
00000008
0000000a
0000000e
00000020
0000000b
00000000
00000010
0000000a
00000003
0000000a
00000007
0000000f
00000000
00000000
00000000
00000000
00000000
00000000
00000000
00000000
00000000
00000000
00000000
00000000
00000000
00000003
0000000e
00000007
00000026
00000032
00000028
00000033
00000061
00000073
00000062
00000090
0000006f
00000067
00000074
00000064
0000002b
00000094
00000036
00000069
000000a8
000000f9
00000063
000000ad
00000093
000000e5
0000009c
000000d4
000000a9
000000a2
00000077
0000001a
00000016
00000011
00000000
00000000
00000000
00000000
00000000
00000000
00000000
00000000
00000000
00000000
00000000
00000000
00000000
00000000
00000000
00000000
00000000
00000000
00000000
00000016
00000002
00000038
00000016
00000071
0000002b
00000032
00000020
0000001c
0000001a
00000039
00000022
00000034
0000003d
00000055
00000029
00000055
00000029
0000005d
0000003a
00000075
00000059
0000009f
00000028
0000007e
00000078
000000c5
00000088
000000a0
00000090
00000094
000000b2
000000b2
000000a2
000000a2
000000a6
00000082
00000093
0000007c
0000008e
00000095
0000009c
000000b2
00000079
00000081
0000004a
00000075
0000001a
00000062
0000003f
0000002d
0000004f
0000002d
0000001b
00000000
00000000
00000000
00000000
00000000
00000000
00000000
00000000
00000000
00000000
00000000
00000000
00000000
00000000
00000000
00000000
00000000
00000000
00000000
00000007
00000000
00000005
00000000
00000000
00000006
0000001a
0000001a
00000000
00000009
00000000
00000000
00000000
00000000
00000000
00000000
00000000
00000000
00000000
00000000
00000000
0000001e
00000001
0000001e
00000000
00000013
00000024
00000024
0000002a
0000002f
0000003d
0000004c
00000011
00000035
00000066
0000006f
00000071
0000008b
00000086
000000b9
00000095
000000b3
000000a2
000000b3
0000009d
00000098
0000005f
00000071
00000053
0000008a
0000006b
0000008a
00000076
00000078
0000002b
00000037
00000045
00000067
0000002e
00000067
00000052
0000003f
00000016
00000000
00000000
00000000
00000000
00000000
00000007
00000003
0000001b
00000026
0000000a
00000052
0000002f
00000081
00000058
0000008e
00000061
00000072
00000099
00000076
0000005b
0000003f
0000006b
0000005f
0000008c
0000007c
00000067
00000055
0000005d
00000086
00000082
00000053
00000069
00000016
00000041
0000000a
00000015
00000000
00000000
00000000
00000000
00000000
00000000
00000000
00000000
00000000
00000000
00000008
00000000
00000000
00000000
00000000
00000000
00000000
00000000
00000000
00000005
0000000a
00000013
00000000
00000008
00000000
00000000
00000000
0000000a
00000000
00000000
00000000
00000000
00000000
00000000
00000000
00000000
00000000
00000000
00000000
00000000
00000000
00000000
00000000
00000000
00000000
00000000
00000000
00000000
00000000
00000000
00000000
00000000
00000000
00000000
00000000
00000000
00000000
00000000
00000000
00000000
00000000
00000000
00000000
00000000
00000000
00000000
00000000
00000000
00000000
00000000
00000000
00000000
00000000
00000000
00000000
00000000
0000000a
0000001c
0000000a
0000001e
0000000a
00000022
00000009
