fffffc55
fffffd41
fffffe83
ffffffc1
ffffffc1
ffffffc1
ffffffc1
ffffffc1
ffffffc1
ffffffc1
ffffffc1
ffffffc1
ffffffc1
ffffffc1
ffffffc1
ffffffc1
ffffffc1
ffffffc1
00000041
00000703
00000a27
0000095f
0000064f
00000167
0000003d
00000015
0000006d
000000cf
ffffffed
fffffeeb
fffffeb3
fffffdcf
fffffd61
fffffbab
fffff9d1
0000009f
0000024b
00000193
0000018b
ffffffc7
fffffed9
fffffec1
fffffe4d
fffffc6f
fffffc13
fffffc95
fffffe23
ffffff5d
ffffffc1
ffffffc1
ffffffc1
ffffffc1
ffffffc1
ffffffc1
00000073
ffffffcf
ffffff07
ffffff57
fffffec1
ffffff5d
ffffffc1
ffffffc1
00000386
00000435
fffff9de
fffffb78
fffffddb
ffffff46
ffffff46
ffffff46
ffffff46
ffffff46
ffffff46
ffffff46
ffffff46
ffffff46
ffffff46
ffffff46
ffffff46
ffffff46
ffffff46
ffffff46
ffffff20
fffffd2c
000001ce
00000896
000006d4
0000022a
fffffeb4
ffffffaa
0000004c
ffffff0a
fffffdc6
fffffc18
fffffa0a
fffff6b8
fffff968
fffffa02
fffffa9e
fffffae6
0000030c
00000802
000003b8
000000c6
fffffdc2
fffffe82
fffffdae
fffffd86
fffffd86
fffffee4
0000002a
ffffffac
ffffff46
ffffff46
ffffff46
ffffff46
ffffff46
ffffff46
00000018
0000004e
ffffff1a
fffffe80
ffffff92
ffffffac
ffffff46
ffffff46
ffffff5a
000002f7
0000008f
fffffff2
0000001c
000001cd
000001cd
000001cd
000001cd
000001cd
000001cd
000001cd
000001cd
000001cd
000001cd
000001cd
000001cd
000001cd
000001cd
000001cd
00000207
fffffd5b
fffffde9
fffffe5d
00000011
00000079
fffffd99
fffffd81
fffffe0f
00000029
000000bf
00000115
00000511
000005b5
000006dd
0000035b
ffffff11
fffffac9
00000183
00000489
000004af
00000781
000006af
000007f5
000007b3
00000705
000005b3
000003b3
000002af
000001d9
000001cd
000001cd
000001cd
000001cd
000001cd
000001cd
000001df
00000241
000002fb
0000022f
00000289
000001d9
000001cd
000001cd
fffffe57
0000001a
fffffd4f
fffffd6e
fffffe98
00000068
00000068
00000068
00000068
00000068
00000068
00000068
00000068
00000068
00000068
00000068
00000068
00000068
00000068
00000068
000000aa
000003f4
00000548
000005fa
00000506
0000027e
0000001a
ffffff9e
ffffff9c
fffffe34
fffffcec
fffffc24
fffffa5a
fffff9c4
fffffb06
fffffbe2
fffffc38
fffffdc0
fffffe9e
ffffff82
ffffffb8
fffffea4
fffffc48
ffffffe8
000000ec
000001b6
00000188
000000ee
00000094
00000084
00000068
00000068
00000068
00000068
00000068
00000068
ffffffec
0000008e
000000ce
000000da
000000c2
00000084
00000068
00000068
000002b8
000002f0
fffffd9b
fffffd53
ffffff55
000000b3
000000b3
000000b3
000000b3
000000b3
000000b3
000000b3
000000b3
000000b3
000000b3
000000b3
000000b3
000000b3
000000b3
000000b3
0000009f
00000315
00000437
000004ef
0000049b
000000ef
00000039
ffffff4d
fffffeef
fffffecd
fffffe0d
fffffce5
fffffd37
fffffde3
fffffcb1
fffffb43
fffffb55
fffffe51
0000003f
000002bb
00000331
ffffffd7
ffffffad
00000279
0000034f
00000239
000001bd
00000051
00000049
000000ad
000000b3
000000b3
000000b3
000000b3
000000b3
000000b3
000000e3
00000099
000000f3
00000119
000000cb
000000ad
000000b3
000000b3
00000208
00000245
fffffe6a
ffffff29
fffffec7
00000112
00000112
00000112
00000112
00000112
00000112
00000112
00000112
00000112
00000112
00000112
00000112
00000112
00000112
00000112
000000c6
000000fa
00000048
0000012c
00000150
00000332
00000054
ffffff12
fffffea2
fffffe6e
ffffff88
00000074
fffffe72
fffffcea
fffffd8a
ffffff24
fffffff4
00000392
00000482
000004c0
0000039c
0000034c
ffffff56
fffffd9c
fffffda2
fffffd12
fffffe0a
ffffff2a
00000026
000000ae
00000112
00000112
00000112
00000112
00000112
00000112
000000d8
00000096
000000c8
0000008e
000000a6
000000ae
00000112
00000112
00000190
000001ec
fffff89f
fffff771
fffffc1f
ffffffd9
ffffffd9
ffffffd9
ffffffd9
ffffffd9
ffffffd9
ffffffd9
ffffffd9
ffffffd9
ffffffd9
ffffffd9
ffffffd9
ffffffd9
ffffffd9
ffffffd9
ffffff6d
00000423
000009fb
00000f71
00001035
00000b6d
000003bd
000000d3
ffffffef
fffffe21
fffffd7f
fffffd13
fffff779
fffff5ff
fffff633
fffff6b7
fffff83b
fffffd55
000000ab
00000241
000004bd
fffffdc7
fffff8fb
fffffcf7
fffffd2b
fffffdc7
fffffd6b
fffffda3
fffffd33
ffffff2b
ffffffd9
ffffffd9
ffffffd9
ffffffd9
ffffffd9
ffffffd9
ffffffeb
0000004d
0000005d
00000059
fffffefb
ffffff2b
ffffffd9
ffffffd9
00000343
00000629
000000a7
0000009c
0000008d
ffffffd9
ffffffd9
ffffffd9
ffffffd9
ffffffd9
ffffffd9
ffffffd9
ffffffd9
ffffffd9
ffffffd9
ffffffd9
ffffffd9
ffffffd9
ffffffd9
ffffffd9
ffffffb9
ffffffb7
fffffe7f
fffffda7
fffffdbb
fffffd27
fffffdfb
ffffff2f
00000005
0000002d
000000c9
00000147
ffffffbd
ffffff0f
fffffe63
ffffff15
00000037
00000105
ffffff2d
fffffe3f
fffffed3
00000009
00000109
000001c9
0000026f
00000111
00000007
0000005f
0000005f
ffffffcf
ffffffd9
ffffffd9
ffffffd9
ffffffd9
ffffffd9
ffffffd9
ffffffe1
ffffffe7
ffffffd9
ffffff9b
00000003
ffffffcf
ffffffd9
ffffffd9
00000029
ffffffc1
fffffbc4
fffffc12
fffffd3e
fffffe2d
fffffe2d
fffffe2d
fffffe2d
fffffe2d
fffffe2d
fffffe2d
fffffe2d
fffffe2d
fffffe2d
fffffe2d
fffffe2d
fffffe2d
fffffe2d
fffffe2d
fffffe7d
00000755
00000a09
000008a5
0000078b
00000431
000003e5
00000289
00000217
000000d1
ffffff45
fffffef1
fffffcd9
fffffdab
fffffc87
fffffcab
fffffd73
00000565
000004c7
ffffffeb
ffffffc9
ffffff95
fffffeeb
ffffff47
fffffed5
fffffe1b
fffffe91
fffffebf
fffffed1
fffffe8b
fffffe2d
fffffe2d
fffffe2d
fffffe2d
fffffe2d
fffffe2d
fffffedb
fffffe87
fffffe3f
fffffe35
fffffe5b
fffffe8b
fffffe2d
fffffe2d
000004e1
0000048e
000000e7
ffffff88
fffffff0
ffffffbb
ffffffbb
ffffffbb
ffffffbb
ffffffbb
ffffffbb
ffffffbb
ffffffbb
ffffffbb
ffffffbb
ffffffbb
ffffffbb
ffffffbb
ffffffbb
ffffffbb
ffffff99
fffffc4d
fffffb8f
fffffdb1
fffffef3
fffffe71
ffffff1b
0000006d
00000055
000000a3
0000009f
00000065
0000021b
00000325
000002a9
00000167
ffffffc5
fffffa89
fffffb37
0000005f
00000471
00000203
ffffffa7
ffffff7d
ffffff29
0000000f
ffffffdb
ffffff99
ffffff3b
ffffff83
ffffffbb
ffffffbb
ffffffbb
ffffffbb
ffffffbb
ffffffbb
ffffff05
ffffff83
00000025
00000005
ffffff77
ffffff83
ffffffbb
ffffffbb
fffffd4f
fffffcf0
0000046b
0000047a
000001d7
ffffffe3
ffffffe3
ffffffe3
ffffffe3
ffffffe3
ffffffe3
ffffffe3
ffffffe3
ffffffe3
ffffffe3
ffffffe3
ffffffe3
ffffffe3
ffffffe3
ffffffe3
ffffffc1
fffffc0d
fffffb4f
fffff9a5
fffff88d
fffffbbb
ffffffc3
ffffff75
00000021
ffffff5d
fffffee1
ffffff1d
ffffff19
000002d7
0000068f
00000a25
0000097b
0000024f
ffffff6d
fffffb89
fffffa55
00000061
00000451
00000313
000002e9
0000049f
000005cd
00000487
00000281
00000077
ffffffe3
ffffffe3
ffffffe3
ffffffe3
ffffffe3
ffffffe3
fffffef7
ffffffa9
0000000d
00000089
000000e7
00000077
ffffffe3
ffffffe3
fffffe57
fffffd2f
fffffe5b
fffffed9
ffffff5a
00000013
00000013
00000013
00000013
00000013
00000013
00000013
00000013
00000013
00000013
00000013
00000013
00000013
00000013
00000013
ffffffc5
ffffffd9
00000461
0000046f
000001f9
0000003b
ffffff3d
00000035
00000003
00000129
000003d9
0000062d
0000046b
00000209
ffffff43
fffffdc5
fffffd33
fffffdab
0000058b
00000819
00000663
00000313
0000002f
ffffffb7
fffffea5
fffffdaf
fffffbf3
fffffd73
fffffed7
ffffffcf
00000013
00000013
00000013
00000013
00000013
00000013
00000051
00000157
fffffff7
ffffff57
ffffff95
ffffffcf
00000013
00000013
ffffff84
0000014b
00000282
000001f4
000000ea
ffffffe6
ffffffe6
ffffffe6
ffffffe6
ffffffe6
ffffffe6
ffffffe6
ffffffe6
ffffffe6
ffffffe6
ffffffe6
ffffffe6
ffffffe6
ffffffe6
ffffffe6
00000000
fffffa18
fffff9f2
fffffb2e
fffffb7a
fffffe98
000000d8
ffffffde
ffffffd6
00000138
000003b4
00000578
000007da
00000894
0000071e
000005d6
000003f4
ffffff04
ffffffc6
000002e8
00000330
00000208
000001f2
000000c0
000000ae
00000126
00000050
ffffffb4
fffffffe
ffffffcc
ffffffe6
ffffffe6
ffffffe6
ffffffe6
ffffffe6
ffffffe6
ffffffe6
0000007e
fffffffe
ffffff6e
ffffffda
ffffffcc
ffffffe6
ffffffe6
fffffbd8
fffffc0a
fffffbdb
fffffb07
fffffdb8
00000086
00000086
00000086
00000086
00000086
00000086
00000086
00000086
00000086
00000086
00000086
00000086
00000086
00000086
00000086
0000000e
ffffff28
00000462
00000990
00000c0a
00000782
000001ae
ffffff9c
ffffff52
000000c8
000000f8
000000be
fffffe62
fffffac6
fffffc02
fffffcb0
fffffc44
fffffdd0
000003ac
00000480
0000050e
ffffffce
fffffb74
fffffda0
fffffdfc
fffffd8c
fffffc98
fffffe4e
ffffff3e
0000002e
00000086
00000086
00000086
00000086
00000086
00000086
00000116
000000fe
00000058
00000022
00000038
0000002e
00000086
00000086
fffffffa
0000033e
000000d8
fffffd5b
fffffd74
ffffffc4
ffffffc4
ffffffc4
ffffffc4
ffffffc4
ffffffc4
ffffffc4
ffffffc4
ffffffc4
ffffffc4
ffffffc4
ffffffc4
ffffffc4
ffffffc4
ffffffc4
ffffffc6
fffffffa
ffffff76
ffffffda
000002a8
00000452
000002ae
fffffff6
fffffff2
ffffffda
ffffffb2
00000184
ffffff06
fffffe1e
0000022c
00000220
fffffeec
ffffff30
fffffe90
fffffe0a
0000019c
00000044
fffffc50
fffffd16
fffffe70
ffffff26
0000001a
00000042
ffffffc8
ffffff96
ffffffc4
ffffffc4
ffffffc4
ffffffc4
ffffffc4
ffffffc4
ffffff54
ffffff62
ffffff6c
ffffffdc
fffffffc
ffffff96
ffffffc4
ffffffc4
00000039
fffffed4
0000065e
00000539
00000169
000000e6
000000e6
000000e6
000000e6
000000e6
000000e6
000000e6
000000e6
000000e6
000000e6
000000e6
000000e6
000000e6
000000e6
000000e6
00000116
fffffc36
fffff95c
fffff7cc
fffff8be
fffffc38
fffffd5e
fffffed8
ffffff52
fffffec6
fffffe4e
ffffff1a
0000044c
000008be
00000e40
00000e1e
000008b0
fffffdb0
fffff862
fffff93c
fffffe62
0000062c
00000760
0000048c
000003a6
000004e6
00000464
000001e2
0000005e
0000007a
000000e6
000000e6
000000e6
000000e6
000000e6
000000e6
000000b8
000000c8
000000f6
00000162
000000de
0000007a
000000e6
000000e6
fffffd96
fffffbb4
00000007
ffffff87
00000040
ffffff6e
ffffff6e
ffffff6e
ffffff6e
ffffff6e
ffffff6e
ffffff6e
ffffff6e
ffffff6e
ffffff6e
ffffff6e
ffffff6e
ffffff6e
ffffff6e
ffffff6e
ffffff30
fffffba8
fffffa9a
fffffddc
ffffff6c
fffffeb0
fffffea0
ffffff52
00000096
00000144
000001dc
0000018c
0000026e
0000034c
000003ce
0000034c
00000108
fffffbc0
fffffcea
0000027e
00000202
0000002c
00000232
0000012e
0000012c
0000002a
fffffffa
ffffff5e
ffffff2a
ffffff6a
ffffff6e
ffffff6e
ffffff6e
ffffff6e
ffffff6e
ffffff6e
ffffff7c
ffffff92
fffffff6
ffffffba
ffffff38
ffffff6a
ffffff6e
ffffff6e
fffffc87
fffffc8b
00000136
00000283
000002aa
00000244
00000244
00000244
00000244
00000244
00000244
00000244
00000244
00000244
00000244
00000244
00000244
00000244
00000244
00000244
00000270
00000190
0000029e
000002de
000000a2
fffffd6a
fffffd7e
fffffda6
fffffda8
fffffce8
fffffc26
fffffc9a
fffffd7e
00000024
0000035e
00000242
000001ac
00000134
00000202
000000cc
000000b4
000000c6
00000032
00000152
00000318
00000430
0000039a
000002e2
00000280
0000026e
00000244
00000244
00000244
00000244
00000244
00000244
00000232
0000027a
0000026c
0000022e
00000216
0000026e
00000244
00000244
0000021b
0000023e
0000010b
00000065
000000b1
00000146
00000146
00000146
00000146
00000146
00000146
00000146
00000146
00000146
00000146
00000146
00000146
00000146
00000146
00000146
0000007c
fffffe62
fffffed6
fffffef8
ffffff94
00000074
ffffff0a
fffffe66
fffffe4a
fffffe0c
fffffdf4
fffffd12
fffffc14
fffffb6a
fffffadc
fffffc5c
fffffde6
fffffcfe
fffffe84
00000152
000002e8
ffffff9c
fffffd78
fffffd72
fffffc6e
fffffcce
fffffdd0
00000012
00000078
0000010c
00000146
00000146
00000146
00000146
00000146
00000146
00000102
0000015e
00000142
00000126
0000009a
0000010c
00000146
00000146
0000005a
00000077
fffffd08
fffffdce
fffffeab
ffffff1f
ffffff1f
ffffff1f
ffffff1f
ffffff1f
ffffff1f
ffffff1f
ffffff1f
ffffff1f
ffffff1f
ffffff1f
ffffff1f
ffffff1f
ffffff1f
ffffff1f
fffffef7
000000cd
00000477
000006c5
000005cd
00000419
000002d1
0000018d
0000010f
ffffff45
fffffe77
fffffe97
fffffd0b
fffffc57
fffffd4d
fffffdb5
fffffe69
00000153
00000313
00000223
0000009f
ffffff47
fffffed9
ffffff4b
fffffe27
fffffdeb
fffffe97
fffffebd
ffffff01
ffffff33
ffffff1f
ffffff1f
ffffff1f
ffffff1f
ffffff1f
ffffff1f
ffffff4b
fffffefb
ffffff43
ffffff27
ffffff07
ffffff33
ffffff1f
ffffff1f
00000173
000002ae
fffffbf9
fffffc72
fffffe3e
ffffff3c
ffffff3c
ffffff3c
ffffff3c
ffffff3c
ffffff3c
ffffff3c
ffffff3c
ffffff3c
ffffff3c
ffffff3c
ffffff3c
ffffff3c
ffffff3c
ffffff3c
ffffff68
0000074e
0000073e
00000742
0000062e
00000160
ffffff10
000000a8
00000130
ffffff3e
fffffd26
fffffab0
fffff5a4
fffff4c2
fffff3aa
fffff3f6
fffff6e8
00000102
fffffeb2
fffffaa4
fffffa8c
fffff850
fffff8f6
fffffc76
fffffeb4
ffffff4c
00000032
ffffffa4
fffffee4
fffffeda
ffffff3c
ffffff3c
ffffff3c
ffffff3c
ffffff3c
ffffff3c
ffffff14
fffffe2a
fffffeca
ffffff74
ffffff66
fffffeda
ffffff3c
ffffff3c
00000496
000003d4
0000000e
00000028
000000ab
0000007f
0000007f
0000007f
0000007f
0000007f
0000007f
0000007f
0000007f
0000007f
0000007f
0000007f
0000007f
0000007f
0000007f
0000007f
000000c1
0000034d
0000051f
0000034d
000001ab
0000012d
00000055
fffffeed
ffffff91
fffffe2d
fffffe0d
fffffe6f
fffffa67
fffff959
fffffe13
00000053
00000169
0000046d
0000037d
fffffcfb
fffffb9b
fffffecf
0000003f
fffffff5
ffffffd1
00000111
0000013f
0000013d
00000151
000000cf
0000007f
0000007f
0000007f
0000007f
0000007f
0000007f
00000015
000000b5
00000051
00000025
000000f1
000000cf
0000007f
0000007f
0000036a
000002dc
ffffff76
ffffff79
fffffe1d
fffffddf
fffffddf
fffffddf
fffffddf
fffffddf
fffffddf
fffffddf
fffffddf
fffffddf
fffffddf
fffffddf
fffffddf
fffffddf
fffffddf
fffffddf
fffffddd
fffffecd
fffffe17
fffffea1
fffffe05
ffffff53
00000227
00000273
00000257
000002bb
000003cd
0000048b
000002ff
fffffed7
fffffc89
fffffc45
fffffd63
fffffec5
fffffed9
fffffed3
fffffedb
ffffffe5
00000097
000001db
00000157
ffffff3b
fffffdf1
fffffdb5
fffffdd9
fffffddf
fffffddf
fffffddf
fffffddf
fffffddf
fffffddf
fffffddf
fffffe79
fffffdc5
fffffd8b
fffffda3
fffffdcb
fffffddf
fffffddf
fffffddf
fffffe59
fffffe49
00000284
000002dc
000001d1
00000115
00000115
00000115
00000115
00000115
00000115
00000115
00000115
00000115
00000115
00000115
00000115
00000115
00000115
00000115
0000012b
00000181
000000e5
ffffff49
fffffe2b
fffffdad
fffffde7
fffffec3
ffffff17
fffffddf
fffffc7f
fffffd77
fffffd0b
ffffff93
00000299
000002f3
000002ad
00000293
ffffff35
fffff90d
fffff9f7
fffffdcf
ffffff5b
000000a3
00000337
0000055d
0000042f
000002a5
00000147
000000f3
00000115
00000115
00000115
00000115
00000115
00000115
00000097
000000eb
00000107
00000159
0000011d
000000f3
00000115
00000115
000001dc
00000175
fffffbd9
fffffbd5
fffffd7d
0000005a
0000005a
0000005a
0000005a
0000005a
0000005a
0000005a
0000005a
0000005a
0000005a
0000005a
0000005a
0000005a
0000005a
0000005a
ffffffca
0000030c
0000090a
00000b10
00000b68
00000750
0000025a
0000008a
ffffffb0
ffffffca
ffffffaa
ffffffb4
fffffbb0
fffff95a
fffffa28
fffffbee
fffffab0
ffffffec
00000312
00000332
000004ea
ffffff74
fffffbfe
fffffd30
fffffd8c
fffffc7a
fffffbc8
fffffc3a
fffffd2a
ffffffb6
0000005a
0000005a
0000005a
0000005a
0000005a
0000005a
00000104
000000ba
ffffffb2
00000004
ffffff20
ffffffb6
0000005a
0000005a
00000328
00000524
00000212
00000221
0000013b
0000004e
0000004e
0000004e
0000004e
0000004e
0000004e
0000004e
0000004e
0000004e
0000004e
0000004e
0000004e
0000004e
0000004e
0000004e
fffffff6
fffffe62
fffffe76
fffffe4a
fffffe82
ffffff86
00000006
00000014
ffffff7e
fffffed6
fffffed4
00000082
000000d4
000000d0
00000134
00000226
00000266
000001b2
00000222
00000106
000001ae
000002dc
0000041a
00000238
00000080
ffffff58
fffffea4
fffffe82
ffffff3e
00000006
0000004e
0000004e
0000004e
0000004e
0000004e
0000004e
000000ce
000000aa
00000054
00000026
00000000
00000006
0000004e
0000004e
00000018
00000020
000003d3
000002d9
00000167
ffffffb8
ffffffb8
ffffffb8
ffffffb8
ffffffb8
ffffffb8
ffffffb8
ffffffb8
ffffffb8
ffffffb8
ffffffb8
ffffffb8
ffffffb8
ffffffb8
ffffffb8
0000000c
000000b6
fffffe22
fffff880
fffff80c
fffffa52
fffffd98
fffffffe
0000005a
fffffffc
000000c8
0000014a
0000024a
000004ac
00000472
000003de
00000382
00000078
fffffc4a
fffff966
fffffc9e
ffffffd8
000000d0
ffffff98
0000010e
0000027c
000002de
00000176
ffffffec
ffffff74
ffffffb8
ffffffb8
ffffffb8
ffffffb8
ffffffb8
ffffffb8
fffffee4
ffffff36
ffffff92
0000000e
ffffff98
ffffff74
ffffffb8
ffffffb8
ffffff78
fffffd0d
fffffbc1
fffffcb9
fffffd4c
ffffff08
ffffff08
ffffff08
ffffff08
ffffff08
ffffff08
ffffff08
ffffff08
ffffff08
ffffff08
ffffff08
ffffff08
ffffff08
ffffff08
ffffff08
ffffff5c
000000f8
0000054e
0000060a
000004e0
00000300
00000172
00000170
00000110
0000020e
ffffff88
ffffff22
000001b0
ffffff8c
fffffd86
fffff960
fffff7bc
fffff90e
00000076
00000368
0000028e
000000a2
fffffd5c
fffffd64
fffffcb8
fffffc1e
fffffbba
fffffc4c
fffffdb6
fffffeb6
ffffff08
ffffff08
ffffff08
ffffff08
ffffff08
ffffff08
ffffff64
ffffff92
ffffff22
fffffe76
fffffea8
fffffeb6
ffffff08
ffffff08
ffffff2b
000002ca
ffffff4c
ffffffb9
ffffff7f
ffffff42
ffffff42
ffffff42
ffffff42
ffffff42
ffffff42
ffffff42
ffffff42
ffffff42
ffffff42
ffffff42
ffffff42
ffffff42
ffffff42
ffffff42
ffffffa2
00000162
00000134
000000e0
ffffffbe
ffffffac
0000013a
000001ca
000000dc
00000064
ffffffc8
ffffff30
fffffdc2
fffffed8
fffffffa
00000014
0000009a
0000015a
000000f2
0000013a
0000016a
000003b6
00000396
000002d0
000000be
ffffff88
ffffff42
fffffe9a
ffffff7e
ffffff96
ffffff42
ffffff42
ffffff42
ffffff42
ffffff42
ffffff42
ffffff18
ffffff86
ffffff70
ffffff06
ffffff4a
ffffff96
ffffff42
ffffff42
00000072
0000002f
fffffcd2
fffffd8c
00000007
0000004c
0000004c
0000004c
0000004c
0000004c
0000004c
0000004c
0000004c
0000004c
0000004c
0000004c
0000004c
0000004c
0000004c
0000004c
00000078
000002f6
00000402
00000696
000005dc
00000286
000000c2
ffffffb0
fffffffc
fffffec4
fffffd9e
fffffda0
fffffd6e
fffffe08
fffffe68
fffffe74
fffffeea
00000076
000000d8
000001de
00000234
fffffede
fffffe5a
0000002c
000000cc
0000014c
000001c4
00000162
000000a0
00000056
0000004c
0000004c
0000004c
0000004c
0000004c
0000004c
ffffffa0
ffffffac
00000086
000000d8
00000098
00000056
0000004c
0000004c
0000022f
00000264
00000072
00000046
ffffff71
ffffffcf
ffffffcf
ffffffcf
ffffffcf
ffffffcf
ffffffcf
ffffffcf
ffffffcf
ffffffcf
ffffffcf
ffffffcf
ffffffcf
ffffffcf
ffffffcf
ffffffcf
ffffffb7
ffffff73
ffffff09
ffffff43
00000007
000000cb
000000e7
0000001f
00000005
000000b3
000001f1
0000032b
00000465
000004c9
000004a5
00000439
00000375
00000339
00000267
00000357
00000661
0000081b
000007df
0000074f
000005ff
0000045b
0000029b
000001b7
000000ab
ffffffd1
ffffffcf
ffffffcf
ffffffcf
ffffffcf
ffffffcf
ffffffcf
ffffff57
ffffff85
ffffffdd
0000002b
00000041
ffffffd1
ffffffcf
ffffffcf
ffffff52
ffffff76
ffffffb0
00000026
0000002d
ffffff9c
ffffff9c
ffffff9c
ffffff9c
ffffff9c
ffffff9c
ffffff9c
ffffff9c
ffffff9c
ffffff9c
ffffff9c
ffffff9c
ffffff9c
ffffff9c
ffffff9c
ffffffbc
ffffff80
fffffff6
fffffe78
fffffdd2
ffffff88
00000050
000000c2
00000052
0000011a
0000009c
000000c6
0000028a
000001a0
fffffea2
fffffdd8
fffffb8c
fffffa9c
00000024
0000019e
fffffe98
fffffcda
fffffc1c
fffffba2
fffffc2e
fffffe7a
fffffe82
fffffed4
ffffffe2
ffffffe2
ffffff9c
ffffff9c
ffffff9c
ffffff9c
ffffff9c
ffffff9c
fffffee8
0000007c
ffffff4c
fffffeee
ffffff7e
ffffffe2
ffffff9c
ffffff9c
fffffea8
ffffff65
fffffddf
fffffe27
fffffe44
ffffff39
ffffff39
ffffff39
ffffff39
ffffff39
ffffff39
ffffff39
ffffff39
ffffff39
ffffff39
ffffff39
ffffff39
ffffff39
ffffff39
ffffff39
ffffff69
0000013b
0000033d
000003d3
00000391
000002d3
00000073
000000f3
00000117
ffffffdd
fffffe1d
fffffe85
fffffe39
fffffe27
ffffff47
fffffedb
fffffd9b
fffffd2f
fffffe9b
fffffe27
fffffe8f
fffffe9d
fffffbf5
fffffc57
fffffc09
fffffb83
fffffb8f
fffffd09
fffffe3f
fffffed9
ffffff39
ffffff39
ffffff39
ffffff39
ffffff39
ffffff39
ffffff39
fffffedf
fffffdc9
fffffdc9
fffffe89
fffffed9
ffffff39
ffffff39
0000008d
000001e1
fffffee2
fffffea0
fffffe57
fffffede
fffffede
fffffede
fffffede
fffffede
fffffede
fffffede
fffffede
fffffede
fffffede
fffffede
fffffede
fffffede
fffffede
fffffede
fffffef0
fffffe5c
ffffff16
fffffec8
fffffdb8
00000070
000002c2
0000016c
0000011e
0000012e
000001ea
000000b4
ffffffca
ffffff84
fffffcb6
fffffb7e
fffffc02
fffffe9c
000000bc
ffffffd0
000001e8
0000011e
0000007c
000001ba
000001de
00000348
00000134
ffffffe2
fffffef8
fffffec0
fffffede
fffffede
fffffede
fffffede
fffffede
fffffede
fffffd78
ffffff42
ffffff84
ffffff7e
ffffff22
fffffec0
fffffede
fffffede
ffffff0a
ffffff96
0000004c
0000022a
ffffffce
fffffe8e
fffffe8e
fffffe8e
fffffe8e
fffffe8e
fffffe8e
fffffe8e
fffffe8e
fffffe8e
fffffe8e
fffffe8e
fffffe8e
fffffe8e
fffffe8e
fffffe8e
fffffeba
fffffde6
fffffe96
fffffdb4
fffff99e
fffffb08
ffffff64
00000190
00000152
00000124
000000e4
000000c0
fffffeec
fffffbfa
fffffeda
fffffe26
fffffdfa
ffffffb4
0000010a
fffffdb0
fffff82c
fffffc7c
ffffffcc
fffffeee
fffffe7c
fffffed6
ffffff00
fffffee2
ffffff54
fffffec2
fffffe8e
fffffe8e
fffffe8e
fffffe8e
fffffe8e
fffffe8e
ffffff00
fffffeb0
fffffe6c
fffffe20
ffffff0c
fffffec2
fffffe8e
fffffe8e
fffffec6
00000042
000003b9
000001fb
00000046
ffffffc7
ffffffc7
ffffffc7
ffffffc7
ffffffc7
ffffffc7
ffffffc7
ffffffc7
ffffffc7
ffffffc7
ffffffc7
ffffffc7
ffffffc7
ffffffc7
ffffffc7
ffffff7f
fffffbaf
fffff8b9
fffff6c9
fffffabd
fffffe39
ffffff85
ffffff87
00000093
000002c3
0000026d
000000f3
000001dd
00000267
000002db
00000429
00000327
fffffc93
fffffaad
fffff91f
fffff823
fffffde9
00000071
00000127
0000012f
000002b1
000002bf
0000022f
00000145
00000043
ffffffc7
ffffffc7
ffffffc7
ffffffc7
ffffffc7
ffffffc7
ffffff1b
fffffecf
fffffedf
ffffffdd
0000007f
00000043
ffffffc7
ffffffc7
fffffbe2
fffffb56
0000025c
00000134
ffffff69
ffffff1e
ffffff1e
ffffff1e
ffffff1e
ffffff1e
ffffff1e
ffffff1e
ffffff1e
ffffff1e
ffffff1e
ffffff1e
ffffff1e
ffffff1e
ffffff1e
ffffff1e
fffffe5c
fffffc3e
fffff9bc
fffffb08
fffffe58
00000112
0000024a
0000012a
0000006e
00000224
0000037c
00000522
0000055e
000004dc
0000057a
00000782
000007a4
00000560
000000b4
00000278
000003a4
00000718
00000760
00000852
0000077e
00000450
00000358
0000029c
00000242
0000001c
ffffff1e
ffffff1e
ffffff1e
ffffff1e
ffffff1e
ffffff1e
000000ba
00000084
ffffffe8
fffffefa
ffffff72
0000001c
ffffff1e
ffffff1e
fffffd39
fffffc46
00000158
ffffffe3
ffffff8e
fffffff7
fffffff7
fffffff7
fffffff7
fffffff7
fffffff7
fffffff7
fffffff7
fffffff7
fffffff7
fffffff7
fffffff7
fffffff7
fffffff7
fffffff7
fffffff7
fffff8cd
fffff801
fffffa25
fffffd43
ffffffb3
ffffff69
00000081
fffffff3
0000019d
0000022d
000001df
00000403
00000423
00000383
00000243
0000020f
fffffc8f
000000a1
000002f5
00000305
000001d3
fffffdd5
fffffe67
fffffdc5
fffffea1
fffffe57
fffffec7
ffffffa1
00000005
fffffff7
fffffff7
fffffff7
fffffff7
fffffff7
fffffff7
fffffec7
ffffffef
0000007f
ffffff9b
ffffffd5
00000005
fffffff7
fffffff7
fffffbd2
fffffcbb
00000088
00000040
0000001b
000000d4
000000d4
000000d4
000000d4
000000d4
000000d4
000000d4
000000d4
000000d4
000000d4
000000d4
000000d4
000000d4
000000d4
000000d4
000000b4
ffffff2a
ffffff9c
ffffff96
ffffff90
fffffeec
fffffe3c
fffffeb8
fffffefc
ffffff5a
ffffffcc
00000042
0000028e
00000498
0000053c
0000046a
0000032a
0000019e
000001f6
000002f4
000003b2
000003cc
000001c6
0000017a
000001fa
000001a6
00000160
000001b4
00000164
000000ca
000000d4
000000d4
000000d4
000000d4
000000d4
000000d4
00000092
000000b2
000000be
000000c2
00000100
000000ca
000000d4
000000d4
00000001
00000024
000000ea
00000332
00000209
0000022b
0000022b
0000022b
0000022b
0000022b
0000022b
0000022b
0000022b
0000022b
0000022b
0000022b
0000022b
0000022b
0000022b
0000022b
00000227
0000021f
00000315
0000024b
fffffd6f
fffffbef
fffffc09
fffffd6d
fffffe1b
fffffd6b
fffffd4d
fffffc45
fffffec3
000002e1
0000046b
00000397
000001d1
000000af
ffffff8b
fffffc3b
fffffaa5
fffffe45
ffffffa1
fffffe11
ffffffdb
00000101
00000373
000003e9
00000305
00000209
0000022b
0000022b
0000022b
0000022b
0000022b
0000022b
0000016d
0000007f
0000017f
00000235
000002f7
00000209
0000022b
0000022b
000001a3
00000283
000001c8
ffffff82
ffffff6e
ffffffd8
ffffffd8
ffffffd8
ffffffd8
ffffffd8
ffffffd8
ffffffd8
ffffffd8
ffffffd8
ffffffd8
ffffffd8
ffffffd8
ffffffd8
ffffffd8
ffffffd8
ffffffc6
fffff9c0
fffff8e0
fffffc50
ffffff9c
000001be
000001e0
00000088
ffffff9a
00000084
0000029e
000003ee
00000318
000001b0
0000018a
00000488
000003a6
ffffff98
00000004
0000039a
00000366
fffffddc
fffffbae
fffffd26
fffffd38
fffffdd0
fffffe84
fffffef4
ffffff8a
ffffffd2
ffffffd8
ffffffd8
ffffffd8
ffffffd8
ffffffd8
ffffffd8
ffffffe8
0000003a
ffffffea
fffffff2
ffffffe8
ffffffd2
ffffffd8
ffffffd8
fffffcbd
fffffc84
fffffddb
fffffd7f
ffffff25
0000003b
0000003b
0000003b
0000003b
0000003b
0000003b
0000003b
0000003b
0000003b
0000003b
0000003b
0000003b
0000003b
0000003b
0000003b
00000099
ffffffed
00000081
00000371
00000577
0000049f
000001ad
ffffff61
ffffff81
0000004f
00000065
0000008d
ffffffa9
ffffffc3
0000002f
ffffff5d
fffffe8d
fffffde1
000000fb
00000411
0000022f
fffffdf9
fffffbe7
fffffbf5
fffffcc9
fffffe0d
ffffff6b
fffffff3
ffffffeb
00000033
0000003b
0000003b
0000003b
0000003b
0000003b
0000003b
00000001
00000067
00000065
fffffff7
ffffffc9
00000033
0000003b
0000003b
ffffff42
0000001e
0000039b
0000036e
000002ac
00000092
00000092
00000092
00000092
00000092
00000092
00000092
00000092
00000092
00000092
00000092
00000092
00000092
00000092
00000092
00000008
00000020
ffffff88
fffffbc8
fffffa54
fffffb96
fffffeb8
ffffff06
ffffff6a
fffffec0
fffffe98
00000144
0000006c
fffffee4
00000044
00000312
00000558
00000518
000002dc
fffffd12
fffffe5c
ffffff28
0000027e
00000190
0000006c
0000006a
000000de
000001ec
00000178
000000cc
00000092
00000092
00000092
00000092
00000092
00000092
000000ca
00000062
0000000a
00000074
000000e2
000000cc
00000092
00000092
00000119
0000004d
ffffff15
ffffff5b
ffffff4a
ffffff6e
ffffff6e
ffffff6e
ffffff6e
ffffff6e
ffffff6e
ffffff6e
ffffff6e
ffffff6e
ffffff6e
ffffff6e
ffffff6e
ffffff6e
ffffff6e
ffffff6e
fffffef2
000002a0
0000025a
00000048
fffffed4
fffffe6e
fffffe96
000000c6
00000080
fffffeb4
fffffc76
fffffa84
fffff872
fffff880
fffff740
fffff960
fffffc16
ffffffc0
fffffd78
fffffaf8
ffffff24
00000004
fffffe6e
fffffbb0
fffffc4c
fffffc64
fffffd34
fffffdee
fffffe28
ffffff2c
ffffff6e
ffffff6e
ffffff6e
ffffff6e
ffffff6e
ffffff6e
0000002c
ffffffb6
ffffff50
ffffff94
ffffff44
ffffff2c
ffffff6e
ffffff6e
00000274
0000020a
fffffc07
fffffc33
ffffff50
0000002b
0000002b
0000002b
0000002b
0000002b
0000002b
0000002b
0000002b
0000002b
0000002b
0000002b
0000002b
0000002b
0000002b
0000002b
00000059
00000201
00000353
00000643
00000795
000004af
000001d1
ffffffe5
ffffffef
fffffeb3
fffffcdf
fffffba3
fffff921
fffff93f
fffffa97
fffffc23
ffffff63
000001ad
00000199
ffffff2d
fffffc71
fffffa6b
fffffb43
fffffe05
fffffe7f
00000061
00000255
000002bb
000001c9
000000b5
0000002b
0000002b
0000002b
0000002b
0000002b
0000002b
ffffff33
ffffff65
00000033
000000b1
00000117
000000b5
0000002b
0000002b
000001ef
00000318
ffffff88
00000172
000001b2
0000012b
0000012b
0000012b
0000012b
0000012b
0000012b
0000012b
0000012b
0000012b
0000012b
0000012b
0000012b
0000012b
0000012b
0000012b
00000117
00000071
0000021f
000001d7
00000027
ffffff27
ffffff0b
ffffff5d
fffffecd
fffffeab
fffffea7
fffffe95
0000002d
ffffff67
fffffe1d
fffffeb1
ffffffcb
00000013
000001a5
00000453
0000020d
ffffff21
00000071
00000137
00000105
0000001f
ffffffe5
00000039
000000ad
00000109
0000012b
0000012b
0000012b
0000012b
0000012b
0000012b
000001d3
000001d9
00000157
00000113
000000a7
00000109
0000012b
0000012b
000000cb
000001aa
fffffe1f
fffffc9d
fffffdeb
ffffff26
ffffff26
ffffff26
ffffff26
ffffff26
ffffff26
ffffff26
ffffff26
ffffff26
ffffff26
ffffff26
ffffff26
ffffff26
ffffff26
ffffff26
fffffed4
fffffed0
fffffe88
000003a8
000007a4
00000580
00000244
00000054
000000a6
0000024c
00000484
00000674
0000036e
00000142
ffffff04
fffffe8a
fffffc3e
fffffc22
ffffffea
000004ba
0000057c
ffffffaa
fffffb62
fffffc2e
fffffd04
fffffe68
fffffe1c
fffffd20
fffffd18
fffffec4
ffffff26
ffffff26
ffffff26
ffffff26
ffffff26
ffffff26
ffffff00
ffffff00
ffffff74
ffffff44
fffffe42
fffffec4
ffffff26
ffffff26
fffffe3a
fffffdfb
ffffff85
fffffea9
fffffe6d
fffffebb
fffffebb
fffffebb
fffffebb
fffffebb
fffffebb
fffffebb
fffffebb
fffffebb
fffffebb
fffffebb
fffffebb
fffffebb
fffffebb
fffffebb
fffffe9f
ffffffc3
ffffffa1
00000009
000000fb
00000113
00000247
0000014b
0000011f
00000225
00000187
00000155
000000cd
fffffe01
fffffdcf
fffffe33
fffffdfb
00000189
0000021d
ffffffed
ffffff05
fffffd37
fffffc01
fffffc97
fffffc83
fffffdbd
ffffff51
ffffffa1
ffffff49
fffffebd
fffffebb
fffffebb
fffffebb
fffffebb
fffffebb
fffffebb
fffffeb7
fffffdff
fffffe53
fffffecb
fffffeed
fffffebd
fffffebb
fffffebb
ffffff65
ffffffba
00000291
0000022a
000001d3
000000ed
000000ed
000000ed
000000ed
000000ed
000000ed
000000ed
000000ed
000000ed
000000ed
000000ed
000000ed
000000ed
000000ed
000000ed
00000105
000001af
00000013
fffffe75
fffffe05
fffffe8b
ffffff51
fffffedf
fffffee7
fffffecf
fffffe4d
fffffef7
fffffd7f
fffffb2f
fffffb75
0000009b
00000241
000000cd
fffffffb
fffffd7d
fffffc2b
fffffb4d
fffffd45
fffffba5
fffffa4f
fffffbf9
fffffd0f
fffffe97
ffffffb5
0000010d
000000ed
000000ed
000000ed
000000ed
000000ed
000000ed
000000ed
0000014f
0000009f
000000bb
000000dd
0000010d
000000ed
000000ed
00000202
000000c9
fffffc4c
fffffd4a
fffffde0
ffffff35
ffffff35
ffffff35
ffffff35
ffffff35
ffffff35
ffffff35
ffffff35
ffffff35
ffffff35
ffffff35
ffffff35
ffffff35
ffffff35
ffffff35
00000033
000000d3
000005f5
000005ad
00000527
00000339
0000022b
00000133
00000105
000001f9
fffffee5
fffffde3
ffffffe5
ffffff41
ffffff49
fffffe31
fffffcad
fffffc6d
00000213
ffffffed
fffffd61
fffffe69
fffffe5f
000000ab
00000163
0000014b
00000131
0000010b
00000075
ffffff87
ffffff35
ffffff35
ffffff35
ffffff35
ffffff35
ffffff35
ffffff0f
ffffff77
ffffff29
ffffff0f
ffffff7b
ffffff87
ffffff35
ffffff35
ffffffc2
00000414
0000006e
000000b0
00000058
00000053
00000053
00000053
00000053
00000053
00000053
00000053
00000053
00000053
00000053
00000053
00000053
00000053
00000053
00000053
0000004d
0000009b
0000006b
fffffefd
fffffc87
fffffd95
ffffff4b
ffffff07
fffffffb
00000087
000001fd
00000283
000003f7
00000601
000005e5
0000046f
00000379
000002c7
0000010b
000002b5
0000048f
000005e3
00000599
0000046d
000002bb
00000157
000000cd
000000a1
000000ab
00000063
00000053
00000053
00000053
00000053
00000053
00000053
ffffffff
00000031
0000004f
0000005b
0000004d
00000063
00000053
00000053
00000062
00000057
00000361
00000206
00000043
ffffff37
ffffff37
ffffff37
ffffff37
ffffff37
ffffff37
ffffff37
ffffff37
ffffff37
ffffff37
ffffff37
ffffff37
ffffff37
ffffff37
ffffff37
ffffff4b
fffffc37
fffff90b
fffff761
fffffa49
fffffd09
fffffe8d
ffffffb5
000000c5
000001f5
000002ef
000002bb
000003c9
00000421
00000491
000004bd
00000253
fffffc99
fffffccf
fffffd6f
fffffecb
0000001d
ffffffb7
fffffd53
fffffdb9
fffffeb3
ffffffbf
00000035
fffffffd
ffffff71
ffffff37
ffffff37
ffffff37
ffffff37
ffffff37
ffffff37
fffffedd
fffffe9b
fffffe9d
fffffedf
ffffff4d
ffffff71
ffffff37
ffffff37
fffffc7a
fffffbaf
ffffffc1
0000012a
000000f6
000000b8
000000b8
000000b8
000000b8
000000b8
000000b8
000000b8
000000b8
000000b8
000000b8
000000b8
000000b8
000000b8
000000b8
000000b8
000000d6
0000027a
0000038e
000002f6
ffffff5e
fffffc96
fffffd94
ffffff36
ffffff60
00000004
000000da
00000100
00000050
0000003e
ffffffbe
ffffff86
fffffea2
fffffec4
ffffffa8
0000000e
ffffffe2
000000bc
00000146
0000010c
00000002
ffffff64
fffffeae
ffffff9e
00000038
000000a2
000000b8
000000b8
000000b8
000000b8
000000b8
000000b8
000000e8
000000b4
00000060
00000072
000000a0
000000a2
000000b8
000000b8
000000f8
0000010e
0000001e
ffffffaa
0000006d
00000162
00000162
00000162
00000162
00000162
00000162
00000162
00000162
00000162
00000162
00000162
00000162
00000162
00000162
00000162
000000f0
000001d4
000001b2
00000076
000001a6
000002ec
0000005c
fffffe9a
fffffea0
fffffe7e
fffffd9c
fffffd68
fffffd0c
fffffd74
fffffd48
fffffdbc
ffffffa6
0000012e
00000244
00000252
00000340
000002ba
0000006a
00000042
ffffff74
fffffe7e
ffffff3c
00000078
00000144
00000130
00000162
00000162
00000162
00000162
00000162
00000162
0000024c
000001a2
00000146
00000152
00000156
00000130
00000162
00000162
00000188
00000188
000005dd
0000053d
00000242
0000006c
0000006c
0000006c
0000006c
0000006c
0000006c
0000006c
0000006c
0000006c
0000006c
0000006c
0000006c
0000006c
0000006c
0000006c
00000028
fffffc88
fffff834
fffff53c
fffff694
fffffa06
fffffd04
fffffebc
ffffff7c
fffffff4
00000052
00000078
00000216
000005ce
0000079c
00000a62
00000892
000001de
fffffd80
fffff9bc
fffffa3e
00000088
000003fc
0000042a
000004f0
000006e4
00000720
00000474
000001d2
000000ca
0000006c
0000006c
0000006c
0000006c
0000006c
0000006c
ffffff5e
00000024
000000be
000001b2
0000014a
000000ca
0000006c
0000006c
fffffd93
fffffb0f
fffffc5c
fffffd11
fffffd80
ffffff44
ffffff44
ffffff44
ffffff44
ffffff44
ffffff44
ffffff44
ffffff44
ffffff44
ffffff44
ffffff44
ffffff44
ffffff44
ffffff44
ffffff44
ffffffa6
00000140
00000530
000004aa
000003fe
0000040a
00000120
000000e2
000000bc
00000272
ffffffb2
fffffff8
0000020e
ffffff7e
fffffd10
fffffafc
fffff85e
fffff9e4
0000028c
000002c8
000001c2
000000ce
fffffe84
fffffe60
fffffd2c
fffffc52
fffffb46
fffffc30
fffffde6
ffffff1c
ffffff44
ffffff44
ffffff44
ffffff44
ffffff44
ffffff44
ffffff4e
0000002a
ffffff48
fffffe82
fffffee4
ffffff1c
ffffff44
ffffff44
ffffff65
000002e4
000003c5
00000332
0000030e
00000175
00000175
00000175
00000175
00000175
00000175
00000175
00000175
00000175
00000175
00000175
00000175
00000175
00000175
00000175
00000085
00000071
fffffac1
fffff9d1
fffffa21
fffffae5
fffffda3
fffffe6b
fffffe51
fffffe8f
000001bf
0000021f
00000135
00000155
000001cf
000002e7
0000040f
000004e5
fffffec5
0000016d
00000395
0000014b
0000032b
000001c3
00000213
00000197
000001b1
0000019f
00000161
00000193
00000175
00000175
00000175
00000175
00000175
00000175
000001e5
00000103
00000169
000001d1
00000153
00000193
00000175
00000175
000000b8
fffffd03
0000024e
000001c0
00000189
000000d2
000000d2
000000d2
000000d2
000000d2
000000d2
000000d2
000000d2
000000d2
000000d2
000000d2
000000d2
000000d2
000000d2
000000d2
00000094
fffffeb4
fffffdce
fffffd3a
fffffdda
fffffe92
fffffeb0
fffffeca
ffffff36
ffffff3a
fffffee4
fffffe86
fffffee6
fffffee8
00000174
00000342
00000290
fffffcc0
fffffbe6
fffffcaa
fffffcb4
fffffd2c
fffffe74
ffffff18
ffffffb4
00000162
00000202
00000190
000000ec
000000dc
000000d2
000000d2
000000d2
000000d2
000000d2
000000d2
00000066
00000070
000000fe
000000f8
00000108
000000dc
000000d2
000000d2
fffffe88
fffffe01
fffffe07
ffffffc0
ffffffff
ffffff1b
ffffff1b
ffffff1b
ffffff1b
ffffff1b
ffffff1b
ffffff1b
ffffff1b
ffffff1b
ffffff1b
ffffff1b
ffffff1b
ffffff1b
ffffff1b
ffffff1b
ffffffab
0000026d
00000501
00000501
00000363
000000bb
00000093
000000e9
000000fd
ffffffdd
00000081
0000018b
fffffffb
fffffedd
00000023
ffffff13
fffffeb9
00000297
0000038f
fffffe63
fffffa83
fffff94f
fffffa95
fffff937
fffff8ed
fffffa6d
fffffc5d
fffffe7b
ffffff55
ffffff73
ffffff1b
ffffff1b
ffffff1b
ffffff1b
ffffff1b
ffffff1b
ffffff4d
fffffe87
fffffe61
fffffe91
ffffff0d
ffffff73
ffffff1b
ffffff1b
000001f1
0000032a
00000510
000002af
000000cf
ffffff7c
ffffff7c
ffffff7c
ffffff7c
ffffff7c
ffffff7c
ffffff7c
ffffff7c
ffffff7c
ffffff7c
ffffff7c
ffffff7c
ffffff7c
ffffff7c
ffffff7c
ffffff3e
fffffb92
fffff6ac
fffff4b4
fffff8aa
fffffd5a
fffffeb6
ffffff50
0000003e
ffffff6a
0000002c
00000108
000002ea
000005b2
00000752
00000714
00000802
ffffff3c
fffffa84
fffffa98
fffffc8e
0000004c
000000c2
000000de
000001f4
0000034c
00000414
000003b4
000001de
00000034
ffffff7c
ffffff7c
ffffff7c
ffffff7c
ffffff7c
ffffff7c
fffffeca
fffffe62
ffffff98
ffffffd4
00000078
00000034
ffffff7c
ffffff7c
fffffc86
fffffa15
ffffff58
ffffff52
ffffff64
00000000
00000000
00000000
00000000
00000000
00000000
00000000
00000000
00000000
00000000
00000000
00000000
00000000
00000000
00000000
0000008a
00000076
000000ec
000000d8
00000138
0000010a
fffffff6
00000014
00000004
000000fc
00000132
0000012c
ffffff2e
fffffcea
fffffc68
fffffb9a
fffffbd8
fffffcbc
fffffed4
fffffd2a
fffffa34
fffff8c4
fffff7d8
fffff88a
fffffae4
fffffcd6
fffffe20
fffffed8
ffffff6e
00000004
00000000
00000000
00000000
00000000
00000000
00000000
ffffff92
ffffff88
ffffffbe
ffffffac
ffffffd0
00000004
00000000
00000000
00000030
000000b9
fffffc02
fffffc2d
fffffc32
fffffcb3
fffffcb3
fffffcb3
fffffcb3
fffffcb3
fffffcb3
fffffcb3
fffffcb3
fffffcb3
fffffcb3
fffffcb3
fffffcb3
fffffcb3
fffffcb3
fffffcb3
fffffcc5
000000ed
00000343
0000043f
00000479
000002c3
00000157
00000335
00000319
0000022d
000002b5
000000c5
fffffe13
fffffd39
fffffb31
fffff88b
fffff73b
fffffca9
fffffdbf
fffffeb1
ffffff5f
fffffc57
fffff945
fffffa47
fffffa9d
fffff9f9
fffffad1
fffffb71
fffffc1f
fffffc51
fffffcb3
fffffcb3
fffffcb3
fffffcb3
fffffcb3
fffffcb3
fffffd4b
fffffcab
fffffc83
fffffc5d
fffffc81
fffffc51
fffffcb3
fffffcb3
ffffffc3
00000074
000000fb
000000b6
000000de
fffffea1
fffffea1
fffffea1
fffffea1
fffffea1
fffffea1
fffffea1
fffffea1
fffffea1
fffffea1
fffffea1
fffffea1
fffffea1
fffffea1
fffffea1
fffffe6b
ffffffe3
ffffffb7
ffffff3d
fffffe1b
fffffd07
ffffffd1
000000e7
00000169
000001ab
00000155
0000013f
ffffffb3
0000006f
0000024d
0000033d
0000027f
000000eb
fffffd5b
fffffb05
fffffc03
fffffbcf
ffffff0d
fffffd39
fffffda5
fffffe9b
fffffeeb
ffffff77
fffffebf
fffffe9d
fffffea1
fffffea1
fffffea1
fffffea1
fffffea1
fffffea1
fffffe47
fffffe21
fffffdfd
fffffebf
fffffea3
fffffe9d
fffffea1
fffffea1
ffffffee
fffffebe
ffffff09
fffffdbc
fffffe28
fffffe86
fffffe86
fffffe86
fffffe86
fffffe86
fffffe86
fffffe86
fffffe86
fffffe86
fffffe86
fffffe86
fffffe86
fffffe86
fffffe86
fffffe86
fffffec8
ffffff2c
fffffe64
fffffe7c
000000d2
0000013e
000000e8
000000f4
00000176
0000014a
000000c4
00000096
0000011a
00000298
0000028e
00000136
fffffea4
fffffdda
fffffc72
fffffb90
00000000
fffffea0
fffffe5a
fffffd78
fffffdd2
fffffea8
fffffe98
fffffe24
fffffd3e
fffffe52
fffffe86
fffffe86
fffffe86
fffffe86
fffffe86
fffffe86
fffffe2a
fffffe14
fffffe3a
fffffef8
fffffe7c
fffffe52
fffffe86
fffffe86
fffffebd
fffffea3
fffffc79
fffffb11
fffffcfb
fffffef7
fffffef7
fffffef7
fffffef7
fffffef7
fffffef7
fffffef7
fffffef7
fffffef7
fffffef7
fffffef7
fffffef7
fffffef7
fffffef7
fffffef7
ffffff35
ffffff43
00000001
00000303
00000531
00000437
0000020d
00000169
00000113
0000026b
0000035b
00000273
000002b9
0000033d
fffffff7
fffffbfb
fffff8ff
fffff9f5
fffffde5
000003e1
00000605
000000cf
fffffce7
fffffd7b
fffffe11
fffffddd
fffffd7b
fffffd29
fffffd5b
fffffeb1
fffffef7
fffffef7
fffffef7
fffffef7
fffffef7
fffffef7
ffffff21
ffffff33
ffffff3d
ffffff11
fffffe3f
fffffeb1
fffffef7
fffffef7
fffffe48
fffffe6a
0000018d
000000bd
00000048
ffffff05
ffffff05
ffffff05
ffffff05
ffffff05
ffffff05
ffffff05
ffffff05
ffffff05
ffffff05
ffffff05
ffffff05
ffffff05
ffffff05
ffffff05
fffffe9d
fffffce7
fffffb4b
fffffab3
fffffc55
fffffe03
ffffff31
ffffffd3
000000ab
00000107
0000024d
000003ab
000004db
0000045f
000002df
000001ef
0000016f
ffffff6b
ffffff57
00000057
00000117
ffffff8f
fffffed9
fffffd61
fffffd07
fffffd23
fffffd69
fffffed5
fffffeef
fffffed9
ffffff05
ffffff05
ffffff05
ffffff05
ffffff05
ffffff05
ffffff4f
fffffef3
fffffeb1
fffffe8b
fffffec1
fffffed9
ffffff05
ffffff05
fffffdad
fffffd7e
fffffcc2
fffffd47
fffffdde
fffffedb
fffffedb
fffffedb
fffffedb
fffffedb
fffffedb
fffffedb
fffffedb
fffffedb
fffffedb
fffffedb
fffffedb
fffffedb
fffffedb
fffffedb
ffffff03
000001cb
00000505
00000649
0000060d
0000042b
000001fd
00000199
00000157
ffffff63
fffffdff
fffffdbf
fffffdff
fffffe77
ffffff0f
fffffec7
fffffdeb
ffffff43
00000073
ffffff5d
ffffffb3
ffffffe9
fffffe83
ffffff89
ffffff3b
ffffffc7
ffffffe7
ffffff5f
ffffff05
fffffefb
fffffedb
fffffedb
fffffedb
fffffedb
fffffedb
fffffedb
fffffe5d
fffffe99
fffffed7
fffffeff
fffffef5
fffffefb
fffffedb
fffffedb
00000184
000002bb
fffffc13
fffffb75
fffffb9f
fffffcce
fffffcce
fffffcce
fffffcce
fffffcce
fffffcce
fffffcce
fffffcce
fffffcce
fffffcce
fffffcce
fffffcce
fffffcce
fffffcce
fffffcce
fffffc5c
fffffe78
00000008
000001ce
000004ce
0000066c
000003e4
00000356
000002ec
00000210
000000ce
0000001c
fffffc98
fffffa9c
fffff976
fffffb24
fffffda0
ffffff4c
fffffefa
00000110
000000fa
ffffff34
fffffd8a
fffffe8c
fffffdfa
fffffcd4
fffffc72
fffffc2c
fffffcba
fffffcea
fffffcce
fffffcce
fffffcce
fffffcce
fffffcce
fffffcce
fffffd0e
fffffd32
fffffd6c
fffffd22
fffffd1c
fffffcea
fffffcce
fffffcce
fffffe3f
fffffeb5
0000006e
0000009b
00000235
0000034f
0000034f
0000034f
0000034f
0000034f
0000034f
0000034f
0000034f
0000034f
0000034f
0000034f
0000034f
0000034f
0000034f
0000034f
00000325
00000213
00000209
0000039b
000003a7
0000013d
fffffe29
fffffd9d
fffffc9d
fffffd0f
fffffdc7
ffffff47
00000003
0000007f
fffffd99
fffffe1b
ffffffa5
0000000d
0000031b
00000609
000008eb
0000063f
000001d9
000003b7
00000335
00000225
000001f1
000001d7
0000028f
0000033d
0000034f
0000034f
0000034f
0000034f
0000034f
0000034f
00000309
0000036d
000003a5
0000039f
00000337
0000033d
0000034f
0000034f
000002e6
00000256
00000217
0000019d
00000291
000001bb
000001bb
000001bb
000001bb
000001bb
000001bb
000001bb
000001bb
000001bb
000001bb
000001bb
000001bb
000001bb
000001bb
000001bb
000000f7
fffffc27
fffffa27
fffffb0b
fffffcdb
fffffc2f
fffffd7f
fffffd91
fffffe13
000000a1
00000107
0000003d
000001a5
00000283
00000287
00000305
000001b3
fffff8d3
fffffb9f
000000ff
000002a5
000000a5
ffffffff
fffffead
fffffe85
fffffed9
fffffd95
fffffdcd
ffffff5f
00000115
000001bb
000001bb
000001bb
000001bb
000001bb
000001bb
0000010d
0000028d
00000259
00000075
0000005f
00000115
000001bb
000001bb
fffffd41
fffffd8a
00000037
00000024
ffffffd2
00000088
00000088
00000088
00000088
00000088
00000088
00000088
00000088
00000088
00000088
00000088
00000088
00000088
00000088
00000088
00000032
00000344
0000044c
00000140
ffffffbe
00000066
fffffff0
0000005c
ffffff68
fffffe44
fffffe44
fffffef6
0000008c
0000040a
000002ee
00000052
fffffebe
00000108
000000e0
fffffeb4
000001b6
000004a8
0000037a
00000508
00000446
0000030a
0000019e
00000054
0000006a
0000007a
00000088
00000088
00000088
00000088
00000088
00000088
000000fa
000000ac
00000058
000000ae
000000ea
0000007a
00000088
00000088
00000227
000001c2
00000117
00000172
00000171
000000ae
000000ae
000000ae
000000ae
000000ae
000000ae
000000ae
000000ae
000000ae
000000ae
000000ae
000000ae
000000ae
000000ae
000000ae
000000e6
000001ee
000002bc
ffffff90
fffffdec
fffffd6c
ffffff2e
ffffffcc
ffffff30
ffffff7c
ffffffac
ffffffb0
000000a2
0000019e
00000120
0000006a
00000126
00000052
00000172
00000048
00000032
000000ee
00000294
000001f0
00000092
0000005a
ffffffc6
fffffffa
00000080
000000a8
000000ae
000000ae
000000ae
000000ae
000000ae
000000ae
000000c8
00000102
000000c2
0000006c
000000a8
000000a8
000000ae
000000ae
000000d2
0000011e
0000002e
00000026
0000005b
00000073
00000073
00000073
00000073
00000073
00000073
00000073
00000073
00000073
00000073
00000073
00000073
00000073
00000073
00000073
00000045
ffffff99
ffffffdf
00000207
000001f5
ffffff17
fffffe09
fffffee9
ffffff5d
fffffe37
fffffe09
fffffeaf
ffffff61
000001d9
00000485
00000515
000003d1
ffffffdb
fffffcfb
ffffff0f
000001d1
0000041f
0000033d
00000317
000003f3
00000373
00000287
000001cd
000000e9
0000003d
00000073
00000073
00000073
00000073
00000073
00000073
0000003f
000000ab
000000a1
0000009f
000000f3
0000003d
00000073
00000073
000000e0
000000ca
fffffef2
ffffff0d
fffffd5c
fffffc67
fffffc67
fffffc67
fffffc67
fffffc67
fffffc67
fffffc67
fffffc67
fffffc67
fffffc67
fffffc67
fffffc67
fffffc67
fffffc67
fffffc67
fffffc4d
ffffffdf
fffffe5f
fffffd27
fffffccd
ffffffcf
00000379
00000361
00000383
00000249
000002a9
0000046f
0000040f
00000265
fffffd93
fffffd59
fffffe31
00000087
fffffc95
fffffc5f
fffffeb7
fffffec7
000000df
fffffe61
fffffd37
fffffc8d
fffffcd7
fffffd11
fffffd15
fffffc75
fffffc67
fffffc67
fffffc67
fffffc67
fffffc67
fffffc67
fffffcc5
fffffc2b
fffffc13
fffffc61
fffffccd
fffffc75
fffffc67
fffffc67
ffffff1a
fffffd73
fffffcde
fffffee1
ffffffd6
fffffe96
fffffe96
fffffe96
fffffe96
fffffe96
fffffe96
fffffe96
fffffe96
fffffe96
fffffe96
fffffe96
fffffe96
fffffe96
fffffe96
fffffe96
fffffeda
000005da
00000702
0000052e
00000226
fffffebe
ffffff0c
00000048
000001a6
000000ac
000000e4
00000110
fffffcf0
fffffaa8
fffff7bc
fffff974
fffffdda
00000504
000002ec
fffffd10
fffff80e
fffff8b2
fffffc18
fffffe58
00000096
000000dc
000001bc
00000192
00000088
fffffefe
fffffe96
fffffe96
fffffe96
fffffe96
fffffe96
fffffe96
fffffea2
fffffe06
fffffdf4
fffffeb8
ffffff40
fffffefe
fffffe96
fffffe96
0000030b
0000030b
ffffffda
00000416
0000034c
000000bf
000000bf
000000bf
000000bf
000000bf
000000bf
000000bf
000000bf
000000bf
000000bf
000000bf
000000bf
000000bf
000000bf
000000bf
0000009d
0000008d
00000065
ffffff85
fffffbab
fffffbeb
fffffd3b
fffffefd
ffffff1f
fffffe83
fffffe3f
fffffdaf
ffffff3d
ffffff0f
fffffc43
ffffff13
000001fb
000003fb
00000471
00000329
fffffb47
fffffbe3
00000029
ffffff65
ffffffeb
ffffffbd
00000191
00000185
000001f7
0000012f
000000bf
000000bf
000000bf
000000bf
000000bf
000000bf
000000bd
0000008b
0000007d
00000025
000000ed
0000012f
000000bf
000000bf
000000c5
00000177
0000005f
00000115
00000122
00000047
00000047
00000047
00000047
00000047
00000047
00000047
00000047
00000047
00000047
00000047
00000047
00000047
00000047
00000047
0000005b
ffffffd5
00000093
ffffff85
fffffdf7
fffffc0f
fffffe47
ffffff63
ffffff8b
0000002d
0000016f
00000177
00000227
000002c7
00000215
0000019d
000000f9
00000089
000000eb
00000179
00000201
00000367
0000050b
0000045b
000002db
0000008f
00000079
0000008d
000000f7
00000071
00000047
00000047
00000047
00000047
00000047
00000047
000000e1
00000051
0000004f
00000001
000000bb
00000071
00000047
00000047
00000014
00000033
fffffd11
fffffe27
fffffdee
fffffee3
fffffee3
fffffee3
fffffee3
fffffee3
fffffee3
fffffee3
fffffee3
fffffee3
fffffee3
fffffee3
fffffee3
fffffee3
fffffee3
fffffee3
fffffed7
fffffe0d
0000021b
00000353
0000032f
00000343
000001c3
00000169
00000119
00000159
0000005d
ffffff99
ffffffe1
fffffe99
fffffcfd
fffffdef
fffffd13
fffffdaf
00000461
000004a3
000002e1
0000025d
ffffff7f
fffffdb3
fffffbd9
fffffbd9
fffffc9d
fffffdc7
ffffff23
ffffff0d
fffffee3
fffffee3
fffffee3
fffffee3
fffffee3
fffffee3
fffffeeb
ffffff3b
fffffec5
fffffeb7
ffffff2f
ffffff0d
fffffee3
fffffee3
fffffed5
000001a6
000001ac
00000255
0000019a
0000002f
0000002f
0000002f
0000002f
0000002f
0000002f
0000002f
0000002f
0000002f
0000002f
0000002f
0000002f
0000002f
0000002f
0000002f
00000017
0000012b
00000085
ffffff53
fffffc91
fffffc7b
ffffffd9
ffffffa3
ffffffc7
fffffe77
fffffc5d
fffffc73
fffffcf9
fffffdff
00000015
0000026d
0000035d
000002a9
000000d3
000000c1
0000014f
000002c9
000003d3
0000005d
fffffff3
ffffffbb
ffffff13
fffffff5
0000013b
0000009f
0000002f
0000002f
0000002f
0000002f
0000002f
0000002f
000000fd
00000105
0000003b
ffffff9d
000000a3
0000009f
0000002f
0000002f
00000252
000000a3
fffffea9
fffffd4a
fffffe35
ffffff87
ffffff87
ffffff87
ffffff87
ffffff87
ffffff87
ffffff87
ffffff87
ffffff87
ffffff87
ffffff87
ffffff87
ffffff87
ffffff87
ffffff87
ffffff57
fffffe51
fffffddb
fffffec5
0000049b
000005a3
00000249
000000e1
00000065
0000018b
0000015d
000000ad
ffffffa1
ffffff49
fffffed7
ffffffc3
ffffffe9
ffffff9d
000000c9
000001c3
00000489
00000215
ffffff09
fffffd6f
fffffbe7
fffffb99
fffffb3d
fffffc67
fffffd2d
fffffef3
ffffff87
ffffff87
ffffff87
ffffff87
ffffff87
ffffff87
ffffffeb
0000005f
0000002b
ffffffdf
fffffecd
fffffef3
ffffff87
ffffff87
fffffef0
ffffff57
fffffc86
fffffde3
000000fb
00000048
00000048
00000048
00000048
00000048
00000048
00000048
00000048
00000048
00000048
00000048
00000048
00000048
00000048
00000048
00000082
00000076
00000076
00000620
00000612
00000082
ffffffa2
ffffffc8
ffffff96
00000036
ffffff68
fffffe46
ffffff58
000000e4
00000002
00000112
0000000c
fffffb9c
fffffc22
00000244
00000214
fffffea4
00000224
00000238
000002a0
00000230
000000c0
ffffff1a
fffffe1c
ffffff8a
00000048
00000048
00000048
00000048
00000048
00000048
00000042
000000c2
00000154
000000e6
ffffffa0
ffffff8a
00000048
00000048
ffffff7f
0000006e
ffffffc4
00000075
00000026
ffffff29
ffffff29
ffffff29
ffffff29
ffffff29
ffffff29
ffffff29
ffffff29
ffffff29
ffffff29
ffffff29
ffffff29
ffffff29
ffffff29
ffffff29
ffffffaf
0000015d
0000013f
ffffff67
fffffce5
fffffd1d
ffffffbb
00000155
000000ef
000000ab
000000e1
00000087
0000013b
00000159
0000002b
fffffee5
ffffffa3
ffffff1f
00000009
0000001d
fffffe7b
fffffeb7
ffffffc1
00000043
ffffff75
fffffeed
ffffff03
ffffff2f
ffffff7f
ffffff79
ffffff29
ffffff29
ffffff29
ffffff29
ffffff29
ffffff29
fffffeed
ffffff31
ffffff71
ffffff2f
ffffff3b
ffffff79
ffffff29
ffffff29
ffffffb1
ffffffd1
00000399
00000324
00000226
00000125
00000125
00000125
00000125
00000125
00000125
00000125
00000125
00000125
00000125
00000125
00000125
00000125
00000125
00000125
0000012f
fffffbfb
fffff7bb
fffff7b3
fffff941
fffffbfd
fffffdd1
fffffeab
fffffea5
ffffffdb
0000011b
000001a3
000001ab
ffffffc7
ffffff85
00000161
000001ef
ffffff0f
fffffd9b
ffffffb1
fffffef1
ffffff3d
000000e7
0000022d
0000022b
00000301
000002d7
00000221
00000197
00000159
00000125
00000125
00000125
00000125
00000125
00000125
00000091
00000115
000001d3
00000189
00000157
00000159
00000125
00000125
fffffe0d
fffffca9
00000039
00000093
ffffffc0
ffffff10
ffffff10
ffffff10
ffffff10
ffffff10
ffffff10
ffffff10
ffffff10
ffffff10
ffffff10
ffffff10
ffffff10
ffffff10
ffffff10
ffffff10
ffffff18
fffffe8e
fffffee6
ffffffe2
ffffffaa
fffffed8
ffffff10
000000da
000000fa
00000152
0000012c
0000014e
0000016c
00000152
00000208
0000019a
ffffffd0
fffffef8
0000009e
ffffffcc
fffffdbe
fffffd62
fffffcc6
fffffaac
fffffade
fffffd34
ffffff08
ffffff9e
fffffee6
fffffeca
ffffff10
ffffff10
ffffff10
ffffff10
ffffff10
ffffff10
fffffece
fffffea4
fffffe8e
ffffff3a
ffffff0c
fffffeca
ffffff10
ffffff10
fffffe95
ffffff27
ffffff1d
ffffff32
fffffef3
fffffee0
fffffee0
fffffee0
fffffee0
fffffee0
fffffee0
fffffee0
fffffee0
fffffee0
fffffee0
fffffee0
fffffee0
fffffee0
fffffee0
fffffee0
ffffff1c
00000070
0000000e
ffffffce
ffffff0c
000000b4
000001f8
000001a0
0000011a
00000122
000000b8
00000086
000001a0
000001cc
00000068
ffffff70
ffffff62
00000068
fffffef2
fffffeb4
fffffe30
ffffff9e
00000082
00000100
0000009e
00000020
ffffffc2
ffffff78
ffffff80
ffffff06
fffffee0
fffffee0
fffffee0
fffffee0
fffffee0
fffffee0
fffffea0
fffffece
fffffed2
fffffebe
ffffff20
ffffff06
fffffee0
fffffee0
ffffff6b
ffffff3e
ffffff07
00000046
00000020
ffffff2c
ffffff2c
ffffff2c
ffffff2c
ffffff2c
ffffff2c
ffffff2c
ffffff2c
ffffff2c
ffffff2c
ffffff2c
ffffff2c
ffffff2c
ffffff2c
ffffff2c
ffffffb6
000002bc
00000352
00000210
fffffe88
fffffb94
fffffe54
000000f6
00000122
000000a8
ffffffa8
ffffff30
ffffffb8
000001ac
00000138
ffffffe6
fffffe54
fffffbde
fffffc1c
fffffc5e
fffffbcc
fffffdac
ffffffa6
fffffe98
ffffff40
000000e8
00000014
fffffeae
fffffe2e
fffffeda
ffffff2c
ffffff2c
ffffff2c
ffffff2c
ffffff2c
ffffff2c
fffffdcc
ffffff2e
ffffffbc
ffffff52
fffffeb0
fffffeda
ffffff2c
ffffff2c
00000061
00000024
ffffffcd
0000001d
ffffff3a
ffffff26
ffffff26
ffffff26
ffffff26
ffffff26
ffffff26
ffffff26
ffffff26
ffffff26
ffffff26
ffffff26
ffffff26
ffffff26
ffffff26
ffffff26
ffffff46
ffffff36
ffffffbe
ffffff76
ffffff8e
0000010e
00000122
00000082
000000c6
00000052
ffffffb2
fffffefc
00000056
0000018e
0000032e
00000202
00000156
0000007c
ffffff8a
ffffff92
fffffd46
0000019a
00000370
00000320
00000368
000002b0
0000020a
0000007c
00000036
ffffff92
ffffff26
ffffff26
ffffff26
ffffff26
ffffff26
ffffff26
ffffffde
ffffff86
ffffff6c
ffffff3c
ffffff72
ffffff92
ffffff26
ffffff26
fffffef0
ffffff40
ffffffad
ffffff47
ffffff43
ffffffc5
ffffffc5
ffffffc5
ffffffc5
ffffffc5
ffffffc5
ffffffc5
ffffffc5
ffffffc5
ffffffc5
ffffffc5
ffffffc5
ffffffc5
ffffffc5
ffffffc5
ffffff4f
fffffdd5
fffffe3d
ffffffb9
00000101
000002bf
00000097
00000053
0000004b
000000c7
00000209
000002c5
0000020b
00000175
00000309
00000383
00000497
00000497
00000469
000002e3
00000345
00000345
0000020f
000001ad
000000cd
0000001b
00000063
00000103
000000f9
00000019
ffffffc5
ffffffc5
ffffffc5
ffffffc5
ffffffc5
ffffffc5
ffffffe3
00000003
ffffffe9
0000004f
000000ad
00000019
ffffffc5
ffffffc5
fffffef6
ffffff6c
0000046f
000001ae
00000024
fffffffa
fffffffa
fffffffa
fffffffa
fffffffa
fffffffa
fffffffa
fffffffa
fffffffa
fffffffa
fffffffa
fffffffa
fffffffa
fffffffa
fffffffa
00000004
fffffa7a
fffff708
fffff832
fffffd28
fffffcf6
fffffe3a
ffffff7e
fffffffc
fffffe46
fffffe96
fffffe4c
00000368
0000080c
00000a5c
0000088c
00000562
fffffa16
fffff6e2
fffffb9c
00000304
000005f8
000004b4
000004d8
00000534
000003b4
00000274
00000006
fffffe9a
ffffffae
fffffffa
fffffffa
fffffffa
fffffffa
fffffffa
fffffffa
ffffffce
ffffff90
0000010a
000000ec
ffffff7c
ffffffae
fffffffa
fffffffa
fffffca6
fffffada
fffffb49
fffffaec
fffffd11
ffffff15
ffffff15
ffffff15
ffffff15
ffffff15
ffffff15
ffffff15
ffffff15
ffffff15
ffffff15
ffffff15
ffffff15
ffffff15
ffffff15
ffffff15
ffffff45
fffffa9b
fffffbfb
00000439
00000753
00000603
00000267
0000018f
000000d3
000001e1
00000195
fffffdd5
fffffe89
0000021f
00000159
ffffff41
fffffc8b
fffff96b
fffffb3d
0000049f
0000045b
00000001
fffffecf
00000185
00000297
00000283
00000169
00000013
ffffff59
ffffff29
ffffff15
ffffff15
ffffff15
ffffff15
ffffff15
ffffff15
fffffe53
ffffff35
0000000f
ffffffdb
ffffff65
ffffff29
ffffff15
ffffff15
fffffc1f
fffffdd7
fffffc18
ffffff1c
00000071
ffffff1d
ffffff1d
ffffff1d
ffffff1d
ffffff1d
ffffff1d
ffffff1d
ffffff1d
ffffff1d
ffffff1d
ffffff1d
ffffff1d
ffffff1d
ffffff1d
ffffff1d
ffffff47
000006a9
00000aa7
000007b9
000001df
00000025
000001ef
00000153
000000fd
ffffff09
fffffd6b
fffffd39
fffff913
fffff607
fffff1b7
fffff543
fffffc83
0000081b
0000082f
0000010f
fffffc7b
fffffa2b
fffffe91
ffffff77
fffffe6b
fffffbeb
fffffaef
fffffcfd
fffffe35
ffffff57
ffffff1d
ffffff1d
ffffff1d
ffffff1d
ffffff1d
ffffff1d
00000053
0000001f
fffffe8b
fffffeb1
fffffe29
ffffff57
ffffff1d
ffffff1d
0000049f
00000597
ffffff93
0000031e
00000284
000000c7
000000c7
000000c7
000000c7
000000c7
000000c7
000000c7
000000c7
000000c7
000000c7
000000c7
000000c7
000000c7
000000c7
000000c7
000000e1
00000105
00000221
0000014b
fffffd3b
fffffb2f
fffffe65
ffffff87
ffffff55
ffffffc9
fffffdfd
fffffcd5
fffffdeb
fffffecb
fffffcb1
ffffff99
000001ad
000001b9
00000255
00000081
fffffc49
ffffffeb
00000505
00000585
0000052f
0000025f
000000db
000000c1
00000115
00000103
000000c7
000000c7
000000c7
000000c7
000000c7
000000c7
00000153
00000175
000000c9
00000097
000000bf
00000103
000000c7
000000c7
00000121
0000022d
00000099
00000046
00000011
00000038
00000038
00000038
00000038
00000038
00000038
00000038
00000038
00000038
00000038
00000038
00000038
00000038
00000038
00000038
00000076
00000096
0000007e
000001e4
00000296
00000158
000000dc
ffffff94
ffffffb0
ffffff86
0000001c
00000096
0000016c
00000226
0000013a
00000084
ffffffb8
ffffff38
fffffebe
fffffe94
ffffff0e
fffffe88
fffffefc
00000022
fffffe92
fffffec6
fffffefe
ffffff7c
ffffffda
fffffff4
00000038
00000038
00000038
00000038
00000038
00000038
ffffffe6
0000006a
00000082
00000074
00000074
fffffff4
00000038
00000038
00000030
ffffffa2
0000001d
00000020
00000140
00000121
00000121
00000121
00000121
00000121
00000121
00000121
00000121
00000121
00000121
00000121
00000121
00000121
00000121
00000121
0000016f
00000091
00000023
00000177
000002b5
00000223
fffffedb
fffffea7
ffffff09
ffffff79
ffffffff
00000089
0000012d
00000077
00000109
000000ff
0000017d
000001dd
000001a1
00000083
00000019
00000025
ffffffdf
0000002b
0000003f
000000db
0000014f
0000014f
00000105
0000010b
00000121
00000121
00000121
00000121
00000121
00000121
00000113
0000011f
0000012b
0000015d
00000127
0000010b
00000121
00000121
000000c9
000000d0
fffffd74
fffffe66
ffffff07
00000057
00000057
00000057
00000057
00000057
00000057
00000057
00000057
00000057
00000057
00000057
00000057
00000057
00000057
00000057
0000004b
00000407
000006fb
000007c3
00000659
000004e7
000001bb
00000029
ffffff75
ffffff01
ffffff29
ffffffc5
fffffdbf
fffffcdd
fffffda3
fffffd63
fffffecb
00000661
0000046d
00000141
0000019d
ffffffd9
fffffebf
fffffe81
fffffce5
fffffc3b
fffffc7d
fffffd6f
fffffe6b
ffffffdf
00000057
00000057
00000057
00000057
00000057
00000057
000000df
0000003f
00000031
00000061
fffffff7
ffffffdf
00000057
00000057
000003bb
00000419
fffffede
ffffff23
ffffff25
fffffe07
fffffe07
fffffe07
fffffe07
fffffe07
fffffe07
fffffe07
fffffe07
fffffe07
fffffe07
fffffe07
fffffe07
fffffe07
fffffe07
fffffe07
fffffdad
fffffe83
fffffd45
fffffeed
00000031
0000015b
0000014d
000001b9
0000021d
00000289
000002a7
000002cf
0000020d
00000045
0000000d
ffffff9b
ffffff9b
0000023d
00000207
0000023d
0000039d
0000024f
0000022f
ffffffb9
fffffd4f
fffffbfd
fffffc51
fffffc99
fffffcf3
fffffdc3
fffffe07
fffffe07
fffffe07
fffffe07
fffffe07
fffffe07
fffffefd
fffffe09
fffffe69
fffffdf5
fffffdb1
fffffdc3
fffffe07
fffffe07
fffffed2
fffffecf
fffffd52
fffffcdb
fffffd43
fffffe54
fffffe54
fffffe54
fffffe54
fffffe54
fffffe54
fffffe54
fffffe54
fffffe54
fffffe54
fffffe54
fffffe54
fffffe54
fffffe54
fffffe54
fffffebc
ffffff36
00000032
00000328
0000043c
000002c8
000001aa
00000178
000001b2
000000ae
ffffff2e
fffffe0a
fffffd8c
fffffdb4
fffffda2
fffffbf6
fffffbd2
fffffc78
fffffc8c
fffffdb8
fffffd96
fffffe2e
fffffd0c
fffffe5a
fffffdf4
fffffdf8
fffffe4e
fffffe78
fffffe9a
fffffe86
fffffe54
fffffe54
fffffe54
fffffe54
fffffe54
fffffe54
fffffd9a
fffffd3a
fffffd6c
fffffdba
fffffdfa
fffffe86
fffffe54
fffffe54
0000000a
00000070
0000078c
000007a3
00000433
000000c3
000000c3
000000c3
000000c3
000000c3
000000c3
000000c3
000000c3
000000c3
000000c3
000000c3
000000c3
000000c3
000000c3
000000c3
000000ed
fffffc1b
fffff877
fffff4cd
fffff3eb
fffff81f
fffffe81
fffffe67
ffffff8d
fffffeff
ffffff87
ffffffa3
00000141
00000633
00000c57
00000ff9
00000e7f
00000521
fffffefb
fffff971
fffffa89
000002b9
000009a3
000004d3
00000327
000004fb
000006e9
000006f7
0000040d
0000014d
000000c3
000000c3
000000c3
000000c3
000000c3
000000c3
ffffffff
ffffffff
00000069
000001e9
0000020d
0000014d
000000c3
000000c3
fffffe5e
fffffbaa
fffffbca
fffffb1b
fffffcaf
ffffff8a
ffffff8a
ffffff8a
ffffff8a
ffffff8a
ffffff8a
ffffff8a
ffffff8a
ffffff8a
ffffff8a
ffffff8a
ffffff8a
ffffff8a
ffffff8a
ffffff8a
ffffffb0
ffffffcc
000000e8
000004fe
0000090a
00000944
0000040e
0000013c
0000008e
fffffedc
fffffc1c
fffffa38
fffff8d6
fffff8f0
fffff910
fffffad8
fffffc4e
fffffa78
fffffa34
fffffc8e
fffffc7c
fffff8ae
fffff4de
fffff83c
fffffab0
fffffd66
ffffffb4
000000a8
fffffff0
ffffff9c
ffffff8a
ffffff8a
ffffff8a
ffffff8a
ffffff8a
ffffff8a
ffffff38
00000000
0000008e
0000006a
00000016
ffffff9c
ffffff8a
ffffff8a
000000a8
000001e6
00000007
00000042
00000069
ffffffdb
ffffffdb
ffffffdb
ffffffdb
ffffffdb
ffffffdb
ffffffdb
ffffffdb
ffffffdb
ffffffdb
ffffffdb
ffffffdb
ffffffdb
ffffffdb
ffffffdb
ffffffd5
ffffffab
ffffff25
fffffe97
fffffea1
fffffda1
fffffe63
ffffff9f
00000011
ffffffd9
000000bd
000001c5
000002f5
00000433
0000040d
000003a9
00000325
00000179
00000049
000000d1
000002df
0000035f
000003cb
000002a1
000001e9
000000ef
00000067
00000019
ffffffcd
ffffffc7
ffffffdb
ffffffdb
ffffffdb
ffffffdb
ffffffdb
ffffffdb
ffffff85
ffffffef
00000021
fffffff3
ffffffbd
ffffffc7
ffffffdb
ffffffdb
00000019
ffffffe3
0000009a
00000075
00000011
fffffe2e
fffffe2e
fffffe2e
fffffe2e
fffffe2e
fffffe2e
fffffe2e
fffffe2e
fffffe2e
fffffe2e
fffffe2e
fffffe2e
fffffe2e
fffffe2e
fffffe2e
fffffdd6
fffffe86
fffffdde
fffffd86
fffffd02
fffffb0a
fffffe9a
00000178
000001d6
00000066
ffffff76
fffffda4
fffffc20
fffffcf8
fffffef4
fffffef8
0000001c
fffffdda
fffff9d0
fffffa82
fffffe30
fffffe9a
00000012
fffffcca
fffffc0a
fffffcb0
fffffce8
fffffdd6
fffffd8a
fffffddc
fffffe2e
fffffe2e
fffffe2e
fffffe2e
fffffe2e
fffffe2e
fffffe2c
fffffd30
fffffd34
fffffdc8
fffffdb0
fffffddc
fffffe2e
fffffe2e
fffffeb2
fffffd73
0000009d
000000af
000000c9
0000015e
0000015e
0000015e
0000015e
0000015e
0000015e
0000015e
0000015e
0000015e
0000015e
0000015e
0000015e
0000015e
0000015e
0000015e
0000025c
00000442
0000047a
00000128
ffffffa0
fffffdcc
fffffe70
ffffff1a
fffffec0
ffffff82
00000060
000000c2
0000029e
000004d8
000004e4
00000256
ffffff12
fffffede
00000204
0000023e
000001e8
00000152
00000108
0000040e
00000566
000004c0
0000044a
000002c0
000001ea
0000015a
0000015e
0000015e
0000015e
0000015e
0000015e
0000015e
000001c2
00000284
00000268
00000230
000001ee
0000015a
0000015e
0000015e
0000010d
0000012b
000003c4
000004ca
00000294
00000057
00000057
00000057
00000057
00000057
00000057
00000057
00000057
00000057
00000057
00000057
00000057
00000057
00000057
00000057
0000007f
00000195
000001fd
fffffc7d
fffff98d
fffffb13
ffffff39
ffffffcb
ffffffcb
ffffff8b
00000035
0000016b
00000173
000001a5
0000035f
00000475
000004d5
00000417
0000009d
fffffa1f
fffff88d
fffffe81
000003ef
0000029d
000002d7
000002df
000002cf
000001bd
0000011b
00000085
00000057
00000057
00000057
00000057
00000057
00000057
000000d3
00000023
fffffff1
00000051
00000089
00000085
00000057
00000057
00000111
00000028
0000004f
0000004c
ffffffc6
ffffff9d
ffffff9d
ffffff9d
ffffff9d
ffffff9d
ffffff9d
ffffff9d
ffffff9d
ffffff9d
ffffff9d
ffffff9d
ffffff9d
ffffff9d
ffffff9d
ffffff9d
ffffffb7
00000147
ffffff8b
00000047
0000006f
000001c5
000001e7
00000131
0000005f
ffffff6d
0000002d
ffffffff
fffffe3d
fffffded
fffffedf
fffffdf9
00000013
000005af
00000135
fffffef3
fffffd87
fffffbf1
fffffad7
fffffbc9
fffffe07
fffffeeb
0000000b
ffffffb3
ffffff99
ffffffc5
ffffff9d
ffffff9d
ffffff9d
ffffff9d
ffffff9d
ffffff9d
0000003b
ffffff53
ffffffd1
0000003b
ffffffd9
ffffffc5
ffffff9d
ffffff9d
000000ea
ffffffa5
ffffface
fffffb84
fffffe62
00000031
00000031
00000031
00000031
00000031
00000031
00000031
00000031
00000031
00000031
00000031
00000031
00000031
00000031
00000031
0000002b
0000046b
0000074f
00000901
0000077f
00000479
0000025b
000000b3
ffffffbf
0000003d
000000c7
000000bd
fffffd29
fffffbbb
fffff9e3
fffff761
fffff8a1
00000175
00000357
000004f5
0000037b
fffffdf1
fffffb45
fffffb07
fffffba5
fffffa39
fffffa09
fffffccf
ffffff1f
fffffff9
00000031
00000031
00000031
00000031
00000031
00000031
00000105
000000db
ffffffd7
ffffff87
ffffff5d
fffffff9
00000031
00000031
000003d3
000004bb
ffffff8f
fffffed0
fffffeb8
fffffecb
fffffecb
fffffecb
fffffecb
fffffecb
fffffecb
fffffecb
fffffecb
fffffecb
fffffecb
fffffecb
fffffecb
fffffecb
fffffecb
fffffecb
fffffeab
ffffff39
fffffee1
fffffdaf
00000111
00000411
00000365
000001e7
000000e1
00000123
0000027d
000002dd
00000491
0000044d
00000325
00000071
0000011f
00000199
000001bb
00000117
000001a1
0000008d
fffffedb
fffffd2d
fffffd1f
fffffd61
fffffde1
fffffefb
fffffe95
fffffe95
fffffecb
fffffecb
fffffecb
fffffecb
fffffecb
fffffecb
fffffed1
fffffe9d
fffffee9
fffffed3
fffffebd
fffffe95
fffffecb
fffffecb
fffffef6
fffffec6
fffffe07
fffffe27
ffffff4d
fffffe5b
fffffe5b
fffffe5b
fffffe5b
fffffe5b
fffffe5b
fffffe5b
fffffe5b
fffffe5b
fffffe5b
fffffe5b
fffffe5b
fffffe5b
fffffe5b
fffffe5b
fffffea3
0000017d
0000021b
000001e7
00000155
00000183
0000026f
00000151
00000205
00000249
0000013b
0000005d
fffffefb
fffffcff
fffffe05
fffffdcf
fffffe99
0000009f
0000006f
fffffd0d
fffff7c3
fffff727
fffffa8b
fffffcd3
fffffdc9
fffffff3
00000071
fffffff3
ffffffc5
fffffed5
fffffe5b
fffffe5b
fffffe5b
fffffe5b
fffffe5b
fffffe5b
fffffe81
fffffe25
fffffe39
fffffe39
fffffea7
fffffed5
fffffe5b
fffffe5b
ffffff67
00000045
fffffe3b
ffffff11
ffffff1f
ffffff55
ffffff55
ffffff55
ffffff55
ffffff55
ffffff55
ffffff55
ffffff55
ffffff55
ffffff55
ffffff55
ffffff55
ffffff55
ffffff55
ffffff55
ffffff6f
fffffedf
fffffff9
000001f9
00000283
000002db
0000015f
000000d1
000000d7
0000016b
00000109
00000057
fffffeaf
fffffec7
00000027
ffffffb7
ffffff2f
000001f7
0000030d
00000277
00000153
000001eb
000000e3
ffffffb9
fffffee1
fffffedd
ffffff03
ffffff5d
fffffff3
ffffffb7
ffffff55
ffffff55
ffffff55
ffffff55
ffffff55
ffffff55
0000000d
ffffffd7
ffffff57
ffffff51
ffffffd7
ffffffb7
ffffff55
ffffff55
ffffffa4
000000d0
0000017a
00000034
ffffffa8
00000044
00000044
00000044
00000044
00000044
00000044
00000044
00000044
00000044
00000044
00000044
00000044
00000044
00000044
00000044
00000018
000000f2
00000052
fffffeb2
0000001a
00000016
ffffff66
0000001c
ffffffd2
ffffff72
fffffefc
ffffff76
fffffd28
fffffab6
fffffce2
fffffe50
fffffe60
000001ee
000002f2
fffffcd0
fffffe72
fffffec8
fffffc2c
fffffd70
fffffcfc
ffffff62
00000016
00000076
0000008a
0000008c
00000044
00000044
00000044
00000044
00000044
00000044
0000001c
00000022
ffffffe0
00000084
0000007c
0000008c
00000044
00000044
00000165
000000ee
0000046f
0000046a
0000010c
00000104
00000104
00000104
00000104
00000104
00000104
00000104
00000104
00000104
00000104
00000104
00000104
00000104
00000104
00000104
0000005a
000001fc
000000c8
fffffaec
fffff964
fffffe6e
ffffff16
ffffff38
fffffeae
fffffe78
fffffdf6
000000ec
000001de
0000001a
00000028
000001da
0000038c
00000494
00000246
fffffe2a
fffffe96
00000378
00000214
000000ba
00000062
000000f0
0000012e
00000122
00000178
00000106
00000104
00000104
00000104
00000104
00000104
00000104
00000164
00000134
000000fe
0000009a
00000168
00000106
00000104
00000104
00000150
00000085
00000236
0000012a
ffffff18
fffffecf
fffffecf
fffffecf
fffffecf
fffffecf
fffffecf
fffffecf
fffffecf
fffffecf
fffffecf
fffffecf
fffffecf
fffffecf
fffffecf
fffffecf
fffffe99
ffffff03
fffffdcb
fffffb69
fffffa5b
fffffe1b
ffffffef
00000057
000000c7
0000007d
00000137
000001ff
000004e3
000006d7
000007dd
000006f5
0000053f
0000029d
fffffeb7
0000001f
000003e9
00000837
000007d3
00000521
00000415
00000229
000000b5
ffffff43
fffffee5
fffffeb1
fffffecf
fffffecf
fffffecf
fffffecf
fffffecf
fffffecf
fffffef7
fffffefb
ffffff07
fffffee3
fffffe61
fffffeb1
fffffecf
fffffecf
fffffe7d
fffffd37
fffffd18
fffffce7
fffffe20
ffffffd5
ffffffd5
ffffffd5
ffffffd5
ffffffd5
ffffffd5
ffffffd5
ffffffd5
ffffffd5
ffffffd5
ffffffd5
ffffffd5
ffffffd5
ffffffd5
ffffffd5
ffffff9f
0000005f
000001f3
000006b5
00000883
000007cf
0000022b
0000000b
fffffffd
ffffffaf
fffffea3
fffffcf7
fffffbc5
fffffbf5
fffffda3
ffffff63
ffffffc3
ffffffd5
fffffead
00000113
00000219
0000009b
fffffdf3
fffffedd
ffffff85
ffffff59
ffffff31
ffffff27
fffffee5
ffffff73
ffffffd5
ffffffd5
ffffffd5
ffffffd5
ffffffd5
ffffffd5
00000059
00000007
0000001b
ffffffb7
ffffff6b
ffffff73
ffffffd5
ffffffd5
fffffff2
0000009a
0000009f
0000006c
0000002d
000000ad
000000ad
000000ad
000000ad
000000ad
000000ad
000000ad
000000ad
000000ad
000000ad
000000ad
000000ad
000000ad
000000ad
000000ad
00000063
ffffff3b
000001d3
00000189
00000123
000000e5
000000b9
fffffefd
ffffff3d
ffffff45
00000009
00000129
00000271
000003c3
00000459
00000293
000000d9
ffffff31
fffffe6f
ffffff57
000001ef
000001a5
fffffffd
fffffe6f
fffffebf
fffffea1
ffffff3d
ffffffe7
00000019
0000007f
000000ad
000000ad
000000ad
000000ad
000000ad
000000ad
00000059
00000017
0000005d
00000085
00000051
0000007f
000000ad
000000ad
ffffffd7
0000003c
ffffff80
ffffffef
00000096
0000001d
0000001d
0000001d
0000001d
0000001d
0000001d
0000001d
0000001d
0000001d
0000001d
0000001d
0000001d
0000001d
0000001d
0000001d
00000029
00000181
00000175
0000018f
00000113
00000125
00000193
00000001
00000009
00000007
ffffff23
fffffde7
fffffa65
fffff9a7
fffff9a3
fffffa6b
fffffcbb
ffffff45
ffffffcf
fffffd5d
fffff9bd
fffff82f
fffff957
fffffa9f
fffffc73
fffffe63
ffffff03
ffffff33
ffffffe1
00000043
0000001d
0000001d
0000001d
0000001d
0000001d
0000001d
0000000d
00000019
00000005
00000015
0000003d
00000043
0000001d
0000001d
0000009b
0000004e
0000017d
00000101
ffffffae
ffffff8f
ffffff8f
ffffff8f
ffffff8f
ffffff8f
ffffff8f
ffffff8f
ffffff8f
ffffff8f
ffffff8f
ffffff8f
ffffff8f
ffffff8f
ffffff8f
ffffff8f
ffffff55
fffffd25
fffffb29
fffffbc7
fffffd85
00000011
000001ef
00000089
0000006b
00000107
0000023f
0000038d
00000307
0000012d
000000e5
00000247
00000221
00000151
ffffffe3
00000095
00000169
000004e1
000006ef
00000645
0000046f
000001d3
0000004f
ffffff03
fffffef9
ffffff65
ffffff8f
ffffff8f
ffffff8f
ffffff8f
ffffff8f
ffffff8f
ffffff51
ffffff9b
ffffff93
ffffff4f
ffffff31
ffffff65
ffffff8f
ffffff8f
fffffe2f
fffffe03
00000014
00000062
00000028
ffffff80
ffffff80
ffffff80
ffffff80
ffffff80
ffffff80
ffffff80
ffffff80
ffffff80
ffffff80
ffffff80
ffffff80
ffffff80
ffffff80
ffffff80
fffffef6
ffffffa2
ffffffe6
fffffebc
fffffee2
fffffedc
fffffed8
000000be
00000068
00000134
00000146
0000020c
000003cc
00000146
00000086
000000ae
000001ca
000002b8
00000256
000001de
0000028c
0000034a
00000208
fffffeb2
fffffdf4
fffffd1c
fffffdee
fffffee4
fffffef0
ffffff32
ffffff80
ffffff80
ffffff80
ffffff80
ffffff80
ffffff80
fffffff2
ffffff28
ffffff4e
ffffff98
ffffff9e
ffffff32
ffffff80
ffffff80
ffffff20
ffffffbb
ffffffc2
ffffff70
ffffffac
ffffff68
ffffff68
ffffff68
ffffff68
ffffff68
ffffff68
ffffff68
ffffff68
ffffff68
ffffff68
ffffff68
ffffff68
ffffff68
ffffff68
ffffff68
ffffff2c
ffffff3e
fffffd9c
0000009a
00000240
00000234
0000014c
00000080
000000a6
000000e0
000001b2
0000022a
ffffff1e
fffffd24
fffffd42
fffffdd8
fffffe78
0000004a
00000020
fffffea4
fffffe38
fffffcfc
fffffd22
fffffd38
fffffd78
fffffef8
ffffffe6
ffffff94
ffffff38
ffffff6c
ffffff68
ffffff68
ffffff68
ffffff68
ffffff68
ffffff68
ffffff62
ffffff38
ffffff82
ffffff9e
ffffff4c
ffffff6c
ffffff68
ffffff68
ffffff32
fffffec6
00000212
000000b5
ffffff9e
ffffffe7
ffffffe7
ffffffe7
ffffffe7
ffffffe7
ffffffe7
ffffffe7
ffffffe7
ffffffe7
ffffffe7
ffffffe7
ffffffe7
ffffffe7
ffffffe7
ffffffe7
00000057
0000009d
fffffec1
fffffbdf
fffffd7b
fffffe97
fffffdfb
ffffff21
00000047
00000169
00000211
000002e9
000003e3
00000579
000005b1
000005e1
000001ef
fffffdb1
fffffd97
fffffaef
fffffcdb
000001df
000004ef
00000667
000007cd
000006ed
00000555
000003c5
0000010f
ffffffd3
ffffffe7
ffffffe7
ffffffe7
ffffffe7
ffffffe7
ffffffe7
000000b9
0000004d
ffffff8b
0000002d
000000f7
ffffffd3
ffffffe7
ffffffe7
ffffffaa
fffffe46
000001cd
0000018e
000001bc
00000170
00000170
00000170
00000170
00000170
00000170
00000170
00000170
00000170
00000170
00000170
00000170
00000170
00000170
00000170
000001c8
fffffedc
ffffffd2
fffffea0
ffffff6a
fffffe96
fffffe8c
fffffe70
fffffe88
fffffe4c
fffffeac
ffffff70
00000088
00000076
ffffff6a
ffffffdc
fffffdba
fffffa9e
fffffd5e
fffffcae
fffffe34
ffffff6a
00000048
ffffffee
000000bc
00000276
00000154
000000b4
00000026
000000ea
00000170
00000170
00000170
00000170
00000170
00000170
ffffffde
000001a4
000000ac
00000152
000000b6
000000ea
00000170
00000170
ffffff8c
0000000c
ffffffec
ffffffb7
fffffe55
fffffecc
fffffecc
fffffecc
fffffecc
fffffecc
fffffecc
fffffecc
fffffecc
fffffecc
fffffecc
fffffecc
fffffecc
fffffecc
fffffecc
fffffecc
fffffe96
fffffe52
fffffc58
fffffdd4
fffffe7e
ffffffec
000000b8
00000044
0000008c
000000fa
00000094
00000176
00000120
000000c8
0000020e
000003cc
00000124
fffffe88
fffffe60
000000b8
ffffff9a
ffffffda
fffffcfe
fffffaac
fffffac2
fffffbdc
fffffe30
ffffffb6
ffffffc8
ffffff10
fffffecc
fffffecc
fffffecc
fffffecc
fffffecc
fffffecc
fffffeaa
fffffe7a
fffffeb2
fffffe5c
fffffebc
ffffff10
fffffecc
fffffecc
fffffeb3
fffffe36
fffffe47
ffffffe4
00000003
ffffff1a
ffffff1a
ffffff1a
ffffff1a
ffffff1a
ffffff1a
ffffff1a
ffffff1a
ffffff1a
ffffff1a
ffffff1a
ffffff1a
ffffff1a
ffffff1a
ffffff1a
ffffff10
ffffffa4
ffffff3a
00000258
0000021a
000001f6
00000116
000000ae
00000114
000002ae
000002f8
000002da
000000e4
fffffdf6
fffffd82
fffffe54
ffffff22
00000214
00000366
000000d8
fffffe3e
fffffbc6
fffffb90
fffff9c6
fffff996
fffffb00
fffffc40
fffffc56
fffffd2a
fffffebe
ffffff1a
ffffff1a
ffffff1a
ffffff1a
ffffff1a
ffffff1a
ffffff0c
fffffee6
ffffff56
ffffff12
fffffedc
fffffebe
ffffff1a
ffffff1a
ffffff7b
00000013
00000442
00000302
000000ed
ffffffc6
ffffffc6
ffffffc6
ffffffc6
ffffffc6
ffffffc6
ffffffc6
ffffffc6
ffffffc6
ffffffc6
ffffffc6
ffffffc6
ffffffc6
ffffffc6
ffffffc6
ffffff96
fffffb6e
fffff82a
fffff788
fffff960
fffffc8a
fffffebe
00000036
0000003c
00000146
000001f8
00000170
000002f0
0000030e
000002a6
00000354
000002bc
ffffffb8
fffffce2
fffffcd0
fffffe34
ffffffd8
00000130
000000f4
0000014a
000001d0
00000162
0000007a
ffffffcc
ffffff7c
ffffffc6
ffffffc6
ffffffc6
ffffffc6
ffffffc6
ffffffc6
ffffff9e
fffffff6
ffffffd8
00000016
ffffffb6
ffffff7c
ffffffc6
ffffffc6
fffffcbc
fffffb6f
00000364
000000da
ffffffae
ffffff9f
ffffff9f
ffffff9f
ffffff9f
ffffff9f
ffffff9f
ffffff9f
ffffff9f
ffffff9f
ffffff9f
ffffff9f
ffffff9f
ffffff9f
ffffff9f
ffffff9f
ffffffa1
fffffda9
fffff843
fffff80b
fffffc43
fffffeed
fffffebf
ffffff2d
00000029
00000169
0000034d
000002c5
000001af
000002dd
00000583
000005a7
000002f3
000000fb
fffff993
fffffc35
fffffeb7
0000011b
000002b3
000000f9
000002df
000002f3
0000049d
00000255
000000ff
0000000b
ffffff9f
ffffff9f
ffffff9f
ffffff9f
ffffff9f
ffffff9f
0000000b
fffffeaf
ffffffc5
fffffff9
00000041
0000000b
ffffff9f
ffffff9f
fffffe76
fffffa97
fffffe70
ffffffc7
00000018
00000115
00000115
00000115
00000115
00000115
00000115
00000115
00000115
00000115
00000115
00000115
00000115
00000115
00000115
00000115
000000e3
000002d3
00000455
0000036b
0000013f
ffffff45
fffffead
ffffffc5
ffffff7b
fffffde3
fffffc95
fffffbe3
fffffc09
fffffd69
fffffe5b
fffffcad
fffffbdf
ffffff3d
00000281
00000185
00000317
00000409
0000028d
000000d3
fffffe91
fffffe37
fffffdef
fffffedb
0000007d
00000115
00000115
00000115
00000115
00000115
00000115
00000115
000000d1
0000010b
0000009d
00000071
00000127
00000115
00000115
00000115
000002f4
000003c5
ffffffd5
00000000
0000006c
ffffffcf
ffffffcf
ffffffcf
ffffffcf
ffffffcf
ffffffcf
ffffffcf
ffffffcf
ffffffcf
ffffffcf
ffffffcf
ffffffcf
ffffffcf
ffffffcf
ffffffcf
00000017
0000004b
000000b3
00000115
000000f5
000001a7
000000f5
ffffffc7
0000003d
fffffffd
000000e5
0000014d
000001ed
0000019d
ffffff27
fffffed1
00000013
000000af
0000001f
fffffed7
fffffd33
fffffc7d
fffffded
fffffe83
fffffe35
fffffef1
fffffe7f
fffffeb1
ffffff73
00000015
ffffffcf
ffffffcf
ffffffcf
ffffffcf
ffffffcf
ffffffcf
ffffff71
ffffffd7
00000003
ffffffc3
ffffffc3
00000015
ffffffcf
ffffffcf
ffffff87
ffffffab
00000013
ffffffd9
ffffffe5
ffffff87
ffffff87
ffffff87
ffffff87
ffffff87
ffffff87
ffffff87
ffffff87
ffffff87
ffffff87
ffffff87
ffffff87
ffffff87
ffffff87
ffffff87
ffffff83
00000151
ffffffaf
fffffe71
fffffeb9
ffffff3f
ffffff5f
000000d9
00000069
fffffe97
fffffd71
fffffd17
fffffb97
fffffaa7
fffffaff
fffffbf1
fffffea5
ffffff8d
fffffde3
fffffbd7
fffffae1
fffffb31
fffffcf9
fffffe65
fffffe49
ffffff1f
00000015
ffffffd7
ffffff79
ffffff4d
ffffff87
ffffff87
ffffff87
ffffff87
ffffff87
ffffff87
ffffff79
ffffff17
ffffffb7
ffffffb3
ffffff85
ffffff4d
ffffff87
ffffff87
00000038
ffffff99
fffffeb1
fffffe62
ffffffa9
ffffffc0
ffffffc0
ffffffc0
ffffffc0
ffffffc0
ffffffc0
ffffffc0
ffffffc0
ffffffc0
ffffffc0
ffffffc0
ffffffc0
ffffffc0
ffffffc0
ffffffc0
ffffff34
fffffc44
fffffcac
ffffffce
000000e8
fffffeb4
ffffff18
0000005a
fffffff0
00000122
00000006
ffffff92
fffffd76
fffffae0
fffffad2
fffffb56
fffffcaa
fffffac4
ffffff72
000005b2
00000494
0000014a
fffffffe
fffffd86
fffffbc4
fffffb26
fffffaee
fffffbd8
fffffd2a
ffffff50
ffffffc0
ffffffc0
ffffffc0
ffffffc0
ffffffc0
ffffffc0
ffffffac
00000034
00000006
ffffff66
fffffec2
ffffff50
ffffffc0
ffffffc0
fffffe41
ffffffa3
fffffee1
fffffd0d
fffffece
ffffffbb
ffffffbb
ffffffbb
ffffffbb
ffffffbb
ffffffbb
ffffffbb
ffffffbb
ffffffbb
ffffffbb
ffffffbb
ffffffbb
ffffffbb
ffffffbb
ffffffbb
fffffff7
ffffff03
fffffeb1
ffffffe5
00000311
0000039f
000001cf
0000002f
0000009b
00000137
000001bf
00000025
fffffeb7
000000eb
0000017f
00000009
00000035
ffffff9d
fffffef7
00000005
0000031f
ffffffd3
fffffe0b
fffffef1
ffffff43
000000cf
000000a7
00000089
ffffff65
ffffff8d
ffffffbb
ffffffbb
ffffffbb
ffffffbb
ffffffbb
ffffffbb
fffffeeb
ffffff77
ffffffa9
00000079
ffffff9b
ffffff8d
ffffffbb
ffffffbb
fffffe94
fffffe60
fffffc55
fffffd41
fffffe83
ffffffc1
ffffffc1
0000007f
0000015d
00000269
00000307
000003b1
000002a1
00000057
fffffed3
fffffdef
fffffe7d
000000a3
00000201
00000301
000003ab
0000030d
000003bd
000005a7
0000042d
0000021f
0000015d
00000261
00000677
00000861
0000071f
00000523
000000c1
fffffe8f
fffffe6f
fffffe9f
ffffff95
0000003f
0000003f
0000006d
00000107
0000018b
0000024f
0000024d
fffffed9
fffffb2b
fffffa41
fffff9c9
fffffaf7
fffffe67
0000037b
0000077d
00000887
000006fb
000004e9
00000005
fffffaef
fffffa47
fffffb39
fffffc55
fffffd87
ffffff51
ffffffc1
ffffffc1
00000386
00000435
fffff9de
fffffb78
fffffddb
ffffff46
ffffff46
ffffff02
ffffff82
0000011a
0000021a
000002f2
000003d2
00000254
fffffeee
fffffe66
ffffff66
ffffff90
0000002c
0000016a
0000027e
00000344
000002d2
00000362
000005b8
0000068a
000003cc
000001de
ffffffa4
000001fc
0000027a
00000280
fffffec4
fffffeb8
ffffff82
ffffffd0
0000005e
000000ba
000000ba
fffffff8
fffffdf4
fffffc88
fffffb66
fffff9f2
fffff7c4
fffff5c6
fffff2c8
fffff73e
fffffcc4
ffffff28
fffffe14
ffffffde
0000058e
0000050c
ffffff70
fffffbfc
fffff8fc
fffff8da
fffff914
fffffa56
fffffcfa
fffffece
ffffff46
ffffff46
ffffff5a
000002f7
0000008f
fffffff2
0000001c
000001cd
000001cd
00000249
000002fb
00000295
000001b5
000001a1
00000189
000001f3
00000247
000002b5
000002bf
000002a7
000002b1
000001a1
000000ed
000001ab
00000285
00000133
00000187
00000347
00000485
00000665
0000064b
000007c5
00000727
000007eb
000002b3
fffffff9
ffffffcf
ffffff3b
fffffea3
fffffe33
fffffe33
fffffe9d
0000000b
ffffff83
ffffffe1
ffffff2b
000001e1
000001bf
ffffff17
fffffbe5
fffffb85
fffffef7
fffffebb
fffffbcb
000002a3
00000473
0000057b
00000669
00000201
000002b9
000000cb
00000077
000000e7
00000191
000001cd
000001cd
fffffe57
0000001a
fffffd4f
fffffd6e
fffffe98
00000068
00000068
000000dc
00000158
0000015a
000000d8
ffffffae
ffffff2a
ffffff90
ffffffda
00000050
000000ea
00000150
00000162
0000013c
00000018
ffffff64
ffffff5e
fffffeca
fffffdee
fffffe26
ffffffa2
000000ec
0000037e
0000046c
00000456
000002ea
00000068
fffffef4
fffffeea
ffffff5a
fffffffa
ffffff98
ffffff98
ffffff14
fffffee2
ffffff54
fffffec8
fffffe5a
fffffc10
fffffca8
fffffb7e
fffffb64
fffffb64
fffffdee
00000124
000003f2
00000338
0000028c
00000156
fffffc22
fffffa68
fffffc36
fffffbee
fffffbf0
fffffe40
00000030
00000068
00000068
000002b8
000002f0
fffffd9b
fffffd53
ffffff55
000000b3
000000b3
000000d5
00000171
000001c5
0000015d
000000ff
0000008d
00000001
0000002d
0000006d
0000007b
000000ff
000001a5
000001c1
000000a3
ffffffab
ffffff91
ffffffb7
00000007
0000000d
000000af
000001b3
00000271
000002c1
00000411
0000035f
000000ff
ffffffff
0000001f
00000087
0000004b
ffffff4d
ffffff4d
ffffff4f
ffffff79
ffffff57
00000005
000000d3
ffffffdd
fffffed9
fffffdd7
fffffcbd
fffffcb7
fffffe6f
00000145
000002bf
00000415
00000615
00000409
fffffe75
fffffa77
fffffc0b
fffffae7
fffffc33
ffffff97
000000d3
000000b3
000000b3
00000208
00000245
fffffe6a
ffffff29
fffffec7
00000112
00000112
00000090
00000096
0000008e
000000e6
000000a0
00000088
00000072
00000072
fffffff8
ffffffd8
00000022
0000007a
000001aa
000002fa
00000368
0000045c
00000556
00000600
00000568
000004e2
0000021a
ffffffa0
fffffeba
fffffe1a
fffffcf4
fffffe0c
fffffdda
fffffeda
ffffff98
ffffffc0
fffffeee
fffffeee
fffffed4
fffffe24
fffffc82
fffffacc
fffff95c
fffff838
fffffa5a
fffffc18
00000038
ffffffc6
0000014c
000001ac
00000318
00000356
000004fc
000002be
0000008e
ffffff46
0000013e
000000ac
000000a8
00000128
000000c2
00000112
00000112
00000190
000001ec
fffff89f
fffff771
fffffc1f
ffffffd9
ffffffd9
ffffff63
fffffff5
000000a7
0000014b
0000013f
0000022d
0000020d
00000167
ffffff61
fffffde5
ffffff31
0000004b
000000b3
00000143
000000bd
0000009b
000000c7
00000187
00000247
0000035b
0000018d
00000235
000004e3
0000068d
000005ed
00000389
000001cb
00000191
000001a1
000000b3
00000027
00000027
ffffff39
fffffc9d
fffffcf3
fffffba7
fffffa17
fffffa0d
fffffa1d
fffff909
fffff9f7
fffffacd
ffffff11
000001d1
0000089b
0000089b
000007ef
00000707
fffffa21
fffff66d
fffffaed
fffff86b
fffff7b7
fffffbbb
ffffff65
ffffffd9
ffffffd9
00000343
00000629
000000a7
0000009c
0000008d
ffffffd9
ffffffd9
ffffff99
ffffff59
ffffff49
ffffff8d
fffffffb
00000051
00000089
0000004d
00000033
ffffffe1
ffffff6f
ffffff3d
ffffff41
fffffecb
fffffe41
fffffe2d
fffffdf7
fffffd6f
fffffc5f
fffffc09
fffffc13
fffffcb3
fffffe41
ffffffeb
00000233
00000183
000001d3
00000139
000000c5
00000035
00000027
00000027
00000039
ffffffd5
ffffff71
fffffe5b
fffffdc1
fffffd6f
fffffdcf
fffffed1
ffffffeb
000000d5
00000077
00000085
ffffffc3
fffffdb9
fffffd1d
fffffd69
fffffc87
fffffba5
fffffba5
fffffd89
ffffff6b
ffffff59
ffffffdb
ffffffd9
ffffffd9
00000029
ffffffc1
fffffbc4
fffffc12
fffffd3e
fffffe2d
fffffe2d
fffffedb
ffffff31
ffffff1f
ffffff13
ffffff77
ffffff1b
fffffe29
fffffde9
fffffe11
ffffff01
ffffff7d
ffffff37
ffffff47
ffffffa5
ffffff41
ffffffaf
00000135
000002a1
00000237
000001f7
00000535
00000a9b
00000811
000006eb
00000617
00000427
00000273
0000023d
00000297
00000253
000001d3
000001d3
00000161
00000059
000000d7
0000013f
000001cd
fffffd6b
fffff841
fffff9dd
fffffb73
fffffcd9
fffffdc5
000000e1
00000cbb
0000082b
000002f3
000004bb
0000000b
fffff919
fffffc8d
fffffe37
fffffe65
fffffe1b
fffffe69
fffffe2d
fffffe2d
000004e1
0000048e
000000e7
ffffff88
fffffff0
ffffffbb
ffffffbb
ffffff7b
ffffff35
ffffff59
ffffff99
fffffeef
ffffff09
0000006f
000000cd
ffffffdf
ffffff2f
ffffff15
ffffff39
ffffffcb
ffffffa7
00000015
00000057
ffffff7f
fffffe17
ffffff11
ffffff5b
fffffdb5
fffffe3b
ffffff09
00000011
fffffec3
fffffd51
fffffd19
fffffd41
fffffe2f
ffffff47
00000045
00000045
00000093
000001e1
0000026b
000001d9
000000f5
0000004d
00000159
00000059
fffffd8f
fffffe5d
ffffff6d
fffffd85
fffffa01
fffffc41
00000181
0000021f
000000bd
0000038f
0000025d
0000002b
fffffef3
ffffff0b
ffffff6b
ffffffbb
ffffffbb
fffffd4f
fffffcf0
0000046b
0000047a
000001d7
ffffffe3
ffffffe3
ffffff93
ffffff95
ffffff7d
ffffff75
ffffff1d
ffffffaf
000000c3
000001bb
0000029d
000001d5
0000002b
ffffff87
ffffff1b
fffffef1
ffffffd7
ffffff27
fffffe3b
fffffed1
fffffd97
fffffdc5
fffffd83
fffffe41
fffffc07
fffffbc7
fffffe59
000000f5
000001d5
0000015d
000000e9
0000003b
0000001d
0000001d
ffffff71
ffffff23
ffffff99
00000037
00000137
000002ed
000005dd
00000741
00000801
000005bf
000001ed
fffffe93
fffffcb7
fffff8cd
fffff541
fffff9dd
00000287
000005c5
00000655
00000823
00000609
00000257
000000bb
ffffffe3
ffffffe3
fffffe57
fffffd2f
fffffe5b
fffffed9
ffffff5a
00000013
00000013
ffffffff
00000021
00000051
00000015
0000008d
000001cb
0000014f
ffffff1f
fffffef9
fffffee9
ffffffdf
0000001b
ffffff63
ffffff31
ffffffad
fffffffd
0000019b
00000659
0000076b
000005cb
0000047b
000003c3
0000043f
000003d9
000002f9
000001cf
ffffffcb
fffffeb7
fffffed3
ffffff93
ffffffed
ffffffed
00000079
00000299
00000419
0000024d
0000003f
ffffffbd
fffffde9
fffffb3f
fffffbcf
fffffd51
ffffff29
fffffeb1
00000221
000005e7
00000619
000005ab
0000032f
ffffffd9
fffffc6b
fffffc89
fffffe45
fffffff5
ffffffeb
00000013
00000013
ffffff84
0000014b
00000282
000001f4
000000ea
ffffffe6
ffffffe6
fffffff8
fffffff6
000000a2
00000158
00000148
000001a8
000001c2
00000006
ffffff2c
ffffffb4
ffffff92
0000003a
00000036
000000da
00000198
00000112
00000044
0000016a
00000268
0000008a
fffffffa
fffffad4
fffff952
fffff9e2
fffffc34
0000007e
000001ba
000001cc
0000015a
0000002a
0000001a
0000001a
000000e0
000000f4
000000ea
00000134
0000013a
00000786
00000876
000006ca
0000057e
00000470
000000f4
fffffd9e
fffff840
fffffc3a
fffffeee
ffffff84
00000470
0000078e
00000402
00000316
00000166
00000050
fffffff2
ffffffe6
ffffffe6
fffffbd8
fffffc0a
fffffbdb
fffffb07
fffffdb8
00000086
00000086
fffffff0
ffffffd4
000000e4
0000015c
0000019e
00000250
000001ae
ffffffc2
ffffff2a
ffffff0c
ffffff78
00000062
00000126
000001ae
00000144
00000246
000002bc
000002e0
000001e6
00000068
ffffffbc
fffffd50
000002f6
0000065c
0000066a
0000021c
ffffff90
fffffed2
fffffea4
ffffff46
ffffff7a
ffffff7a
ffffffe8
fffffebe
fffffec6
00000014
ffffff94
ffffff5c
fffffef2
fffffca2
fffffaa6
fffffbd6
ffffff86
0000003e
0000014c
00000670
000008c2
00000850
fffffff4
fffffce8
fffffdde
fffffd16
fffffc80
fffffd8e
ffffffdc
00000086
00000086
fffffffa
0000033e
000000d8
fffffd5b
fffffd74
ffffffc4
ffffffc4
ffffffc8
000000fc
00000192
000001c2
00000100
00000058
ffffff3c
ffffff20
ffffff80
ffffff8e
00000020
00000156
000001d6
0000017e
00000102
000001e8
00000224
00000126
ffffff7e
0000008a
000000ea
ffffffb6
fffffe90
ffffff46
0000036e
00000250
00000058
00000006
000000da
000000c8
0000003c
0000003c
fffffffe
ffffff5c
0000000e
000000a8
ffffff82
fffffeea
0000023e
000002fe
00000030
fffffd4a
fffffea4
ffffff8c
00000050
fffffce8
fffffdd4
00000734
00000308
fffffe6e
00000230
000000dc
fffffe5c
fffffe5c
ffffff36
ffffffc4
ffffffc4
00000039
fffffed4
0000065e
00000539
00000169
000000e6
000000e6
000000ec
000000f0
00000090
00000092
000000fa
000000ac
000000e6
000001e0
000001c6
00000078
0000005a
000000f2
000000fe
0000006c
00000050
ffffff5c
fffffda0
fffffb9a
fffffc50
fffffcce
fffffcc0
fffffcba
fffffd28
fffffdd4
ffffffb4
0000019c
0000019a
fffffff8
fffffe7a
fffffe8a
ffffff1a
ffffff1a
fffffec8
ffffffc8
00000168
000002f6
000004d2
000006ca
00000a42
00000c0a
00000756
0000019e
0000006e
ffffff76
fffff830
fffff6ac
fffff71a
fffffd10
000008fa
00000c5e
00000af2
00000a0a
0000052e
00000222
000000ec
000000e6
000000e6
fffffd96
fffffbb4
00000007
ffffff87
00000040
ffffff6e
ffffff6e
ffffff06
fffffeec
ffffff3c
ffffff0a
ffffff02
ffffffba
0000004e
00000026
ffffff9a
ffffff22
fffffef4
ffffff08
ffffff4c
fffffed6
ffffff2e
ffffff1c
fffffe26
fffffefa
000000aa
00000184
ffffff38
fffffbb4
fffffb7a
fffffdce
ffffffb4
ffffff8e
0000000a
00000042
0000005e
00000032
00000092
00000092
000000da
0000015e
0000012a
000001ea
0000029e
000003ca
000002f8
00000046
fffffcd0
fffffe34
ffffff34
fffffdce
fffff9ac
fffffc96
000003e2
000001e8
000002f2
00000436
000000ba
fffffe16
fffffdbe
fffffee2
ffffffa0
ffffff6e
ffffff6e
fffffc87
fffffc8b
00000136
00000283
000002aa
00000244
00000244
000002ae
000002f6
0000031c
00000300
000002c4
000002ae
000002a0
0000022e
000001f4
0000028a
00000310
0000032c
0000037e
000003d4
00000492
0000053e
0000047a
0000033e
000001cc
00000160
ffffff5c
fffffdd4
fffffdd6
fffffe40
fffffe7a
00000030
00000252
0000015a
ffffff66
fffffdec
fffffdbc
fffffdbc
fffffd74
fffffd18
fffffddc
00000042
00000044
ffffffee
000002dc
000003a4
00000262
000002a4
00000244
00000182
00000178
fffffff4
fffffd84
fffffcc4
ffffff32
0000033c
0000016a
00000128
00000170
00000272
00000238
00000244
00000244
0000021b
0000023e
0000010b
00000065
000000b1
00000146
00000146
0000003c
00000002
ffffffd2
ffffffc8
ffffff88
000000e0
0000015a
00000152
000000b4
ffffffcc
ffffffd4
00000000
ffffffd8
ffffff84
00000044
000000de
000000dc
00000120
000000ea
0000009c
ffffff30
fffffe04
fffffd0a
fffffbe6
fffffc16
fffffeac
ffffff42
ffffff66
fffffff8
ffffff68
fffffeba
fffffeba
fffffebc
fffffe7c
fffffe2a
fffffdf2
fffffe72
0000000e
00000138
000000ba
000000da
0000003c
000001b8
00000020
00000042
00000012
ffffffb0
fffffe66
fffffcdc
fffffe82
fffffeae
fffffdd4
fffffe14
ffffff9a
000000d6
00000146
00000146
0000005a
00000077
fffffd08
fffffdce
fffffeab
ffffff1f
ffffff1f
fffffead
fffffea9
fffffe9f
fffffe89
fffffe87
fffffedf
fffffedb
ffffff11
fffffeeb
fffffefd
fffffec5
fffffea9
fffffe87
fffffebb
fffffef1
ffffff5f
000000e7
00000255
000002d7
0000021b
00000287
000003e7
000003fb
000002d3
0000015d
000002f9
0000029d
000001f5
000001bf
0000014d
000000e1
000000e1
ffffffe3
fffffeb9
fffffedf
ffffff5b
0000003d
0000009d
ffffff21
fffffea3
ffffffe7
ffffffc9
ffffff65
fffffff3
00000547
000004e1
0000014b
00000147
fffffff9
fffffdc3
00000057
00000035
ffffff6d
ffffff69
ffffff5b
ffffff1f
ffffff1f
00000173
000002ae
fffffbf9
fffffc72
fffffe3e
ffffff3c
ffffff3c
ffffff9a
ffffff96
ffffff42
fffffec6
fffffe4c
fffffca8
fffffc62
fffffe00
ffffff18
fffffefc
ffffff4c
ffffffb0
00000068
ffffffbc
fffffebc
ffffff24
00000016
fffffcde
fffffbca
fffffc94
fffffe18
0000028c
000003d0
00000418
000000b2
fffffe22
fffffd6a
fffffdca
fffffec2
00000002
000000c4
000000c4
0000001c
ffffff20
fffffed6
fffffd94
fffffc9e
fffff63e
fffff3e0
fffff606
fffff7b2
fffff9da
fffffcee
000002c6
0000081a
00000428
00000140
fffffe52
fffff774
fffff60e
fffff764
fffff80c
fffff9aa
fffffd46
fffffe9e
ffffff3c
ffffff3c
00000496
000003d4
0000000e
00000028
000000ab
0000007f
0000007f
000000dd
00000105
00000117
00000163
000000db
0000007b
0000008f
ffffffed
00000041
0000014b
00000139
00000143
000000ed
00000133
00000113
000000a3
00000101
0000020b
0000017f
ffffffd7
000000bd
00000235
ffffff33
fffffe89
00000121
000001a3
0000028f
00000297
000001f7
00000051
ffffff81
ffffff81
fffffe85
fffffd1d
fffffd1d
fffffcff
fffffd6b
fffffddb
ffffffe3
00000247
000003a9
0000026d
00000177
000001ef
0000067b
00000139
fffffb31
fffffe0f
fffffd75
fffffd93
ffffffab
00000167
00000179
00000039
0000004b
0000007f
0000007f
0000036a
000002dc
ffffff76
ffffff79
fffffe1d
fffffddf
fffffddf
fffffdab
fffffd9f
fffffdf1
fffffe05
fffffecb
ffffff09
fffffe27
fffffdb3
fffffddf
fffffded
fffffd95
fffffdb3
fffffdd3
fffffd6f
fffffd4d
fffffd67
fffffe0f
fffffd37
fffffcdf
fffffd6f
ffffff8d
00000217
0000028b
000002d3
000000ed
fffffff1
ffffff45
fffffef5
0000002d
000001f9
00000221
00000221
0000028f
0000031b
0000033f
000002c9
ffffffb1
fffffdd1
fffffd71
ffffff2b
0000000d
ffffff19
fffffe1f
fffffee9
fffffe87
ffffff65
ffffff0b
fffffea5
ffffffdf
fffffe21
fffffea9
ffffffed
fffffee9
fffffe15
fffffe01
fffffddf
fffffddf
fffffe59
fffffe49
00000284
000002dc
000001d1
00000115
00000115
00000143
00000109
0000005d
00000053
0000003f
0000000b
000000b5
000001cf
000001ef
00000135
00000109
0000009b
0000005d
00000055
00000011
ffffffa5
ffffff19
fffffe1d
fffffcb1
fffffe85
ffffff29
ffffff75
fffffffd
ffffff77
ffffff2f
00000005
000001cf
00000071
ffffff4b
fffffeb9
fffffeeb
fffffeeb
fffffe77
fffffcef
fffffd99
ffffff43
fffffffd
ffffff61
0000023b
0000044f
0000049b
000002b7
000001e3
000001f7
0000021b
fffffdc9
fffff9e9
fffffc5d
ffffffe9
00000405
000003e5
000002e1
000002a1
0000018b
00000127
00000115
00000115
000001dc
00000175
fffffbd9
fffffbd5
fffffd7d
0000005a
0000005a
ffffff6a
ffffffe6
0000007a
000000fc
0000013c
00000294
000000c6
ffffff7c
fffffe68
fffffdf4
ffffff06
00000044
000000ae
0000015a
00000094
000001bc
00000392
000004a8
000002ba
00000268
0000005e
00000232
0000054e
00000654
000005e6
0000046a
000001b6
00000064
ffffff9c
00000012
ffffffa6
ffffffa6
ffffff62
fffffe80
ffffff56
ffffff9e
fffffec4
fffffdae
fffffd1e
fffffd08
fffffdd8
fffffbf2
ffffff4a
00000192
00000782
00000786
0000048e
0000049c
ffffff16
fffffb2e
fffffcb6
fffffc86
fffffbea
fffffe14
00000056
0000005a
0000005a
00000328
00000524
00000212
00000221
0000013b
0000004e
0000004e
ffffffde
ffffffba
ffffff9a
ffffffae
00000092
000001d4
0000017e
0000011a
000000b2
ffffffd6
ffffff8c
ffffffac
ffffff50
ffffff42
00000034
00000056
000001d2
00000302
0000026a
00000292
000001a4
fffffe8e
fffffc96
fffffafe
fffffb9a
ffffff42
00000158
fffffff2
ffffff1e
ffffff4a
ffffffb2
ffffffb2
ffffff1a
fffffda2
fffffde0
00000000
0000014e
000003ac
000004b2
000004c2
00000360
00000204
00000132
00000118
00000110
fffffe46
fffffb28
fffffdb0
00000028
00000276
0000025a
00000296
000002a0
00000256
000000dc
0000004e
0000004e
00000018
00000020
000003d3
000002d9
00000167
ffffffb8
ffffffb8
00000008
ffffffe8
ffffff8e
ffffff6a
fffffe9c
fffffdc8
fffffe96
ffffffc8
fffffff2
ffffffa6
ffffffcc
ffffffba
ffffff7a
ffffff60
fffffe76
fffffdac
fffffc54
fffffa62
fffffab8
fffffbc4
fffffc76
ffffff14
fffffe30
fffffdb6
fffffe44
fffffe68
fffffe78
fffffe60
fffffeb2
ffffff4a
00000048
00000048
0000001e
000001e8
0000026c
00000168
ffffff98
fffffe6a
000000c4
000003d8
00000400
00000258
00000044
ffffff2e
fffffe34
fffff94e
fffffa98
fffffe5c
000001a2
000005b6
000004d0
000003b8
00000196
ffffffca
ffffffb4
ffffffb8
ffffffb8
ffffff78
fffffd0d
fffffbc1
fffffcb9
fffffd4c
ffffff08
ffffff08
ffffff42
ffffff8c
ffffff78
ffffff1e
ffffff16
ffffff10
fffffe84
fffffd7c
fffffd5c
fffffe54
ffffff06
ffffff82
ffffff4e
ffffff68
ffffffbc
ffffffc4
ffffffc4
ffffff7c
000000be
ffffffd8
00000060
000002b0
000004bc
000002c6
000000aa
ffffffb4
0000001e
ffffffc4
00000038
00000108
000000f8
000000f8
0000017e
00000224
000000f2
0000007c
ffffff14
0000001a
fffffc74
fffff7de
fffff72e
fffff9de
fffffcc2
fffffe3c
ffffff94
00000978
000004ce
00000264
00000076
fffffd0e
fffffa18
fffff912
fffffa3a
fffffd7e
fffffe4e
ffffff08
ffffff08
ffffff2b
000002ca
ffffff4c
ffffffb9
ffffff7f
ffffff42
ffffff42
ffffffda
ffffffae
ffffff48
ffffff36
fffffefe
fffffe8e
ffffff12
fffffef8
fffffee4
ffffffe2
0000004a
ffffff88
ffffffa4
00000092
00000200
000001cc
000001f2
000003a2
00000518
0000062c
000006c4
0000096a
00000712
000003aa
ffffffe2
fffffed8
fffffe86
fffffec8
ffffff32
00000034
000000be
000000be
000000e8
00000134
00000138
00000086
000000d4
0000000e
000000b0
fffffff4
ffffff06
ffffff64
fffffece
ffffff8e
000001a6
00000162
fffffffa
ffffff84
00000110
00000372
000003f4
000002f2
000001f6
000000ca
ffffffba
ffffff42
ffffff42
00000072
0000002f
fffffcd2
fffffd8c
00000007
0000004c
0000004c
000000be
000000da
0000014e
00000142
00000002
fffffe86
ffffff50
00000008
00000026
00000064
000000d6
0000011a
0000016a
00000102
00000076
000000b8
ffffffd8
ffffffa6
0000017e
000001e4
00000348
0000056a
000005a4
000004c8
00000286
000001a8
000002b8
00000276
000001e8
00000068
ffffffb4
ffffffb4
ffffff46
fffffeb0
fffffea0
fffffe54
fffffe8c
fffffde8
fffffe34
fffffe62
fffffd88
ffffff24
ffffff4e
000000c4
00000396
000004ee
000004bc
00000248
fffffe4a
0000006e
00000052
fffffebc
fffffda4
fffffece
ffffffd2
0000004c
0000004c
0000022f
00000264
00000072
00000046
ffffff71
ffffffcf
ffffffcf
ffffff8d
ffffff5f
ffffff4b
ffffff31
fffffe73
fffffe17
fffffecb
ffffff85
00000003
ffffffd7
ffffff81
ffffff3b
ffffff27
ffffff27
fffffec3
fffffffb
00000183
00000353
00000591
000008a3
00000b05
000009e7
0000090d
00000781
0000062f
000004e1
0000042f
00000339
00000235
0000012f
00000031
00000031
0000006b
00000075
000000ff
00000263
0000041f
00000595
000005a5
00000579
00000527
00000109
ffffff8d
00000031
ffffffb5
00000143
00000429
0000068d
000007e3
0000078d
00000703
00000419
000000f9
fffffead
ffffff63
ffffffcf
ffffffcf
ffffff52
ffffff76
ffffffb0
00000026
0000002d
ffffff9c
ffffff9c
ffffffac
ffffffc8
ffffff92
ffffffae
fffffed6
ffffffa2
ffffffea
fffffe92
fffffea8
ffffffe0
0000000c
ffffffb8
ffffffb0
ffffffaa
00000022
ffffff26
fffffc86
fffffee0
ffffff08
fffffd58
fffffe1c
00000170
ffffff1e
fffffd48
fffffbee
fffffbda
fffffca8
fffffd90
fffffe6a
ffffffd4
00000064
00000064
000000fe
000001d8
000000ea
ffffff24
ffffffa0
ffffffba
ffffffe6
fffffcd0
fffffcea
ffffff70
ffffffcc
fffffdcc
fffffeb6
0000019c
000001ea
ffffff7a
000001e6
00000192
fffffe2c
fffffd74
fffffec0
00000020
ffffffca
ffffff9c
ffffff9c
fffffea8
ffffff65
fffffddf
fffffe27
fffffe44
ffffff39
ffffff39
ffffff65
ffffffab
00000015
0000004b
ffffffbd
fffffee1
fffffd2b
fffffbab
fffffc35
fffffe03
ffffff5f
0000001d
00000003
ffffff9b
ffffff19
000000c7
00000163
000000df
00000043
fffffffd
000001cd
0000056b
000004d9
0000035d
00000265
00000059
ffffff7f
ffffffcb
0000004d
0000009d
000000c7
000000c7
000000bd
ffffff97
fffffeab
fffffe71
fffffdfd
fffffc17
fffffd3d
fffffc39
fffffeb5
fffffe6f
fffffe61
fffffebb
000002df
000003c1
ffffffbb
000000cf
000000d5
ffffff89
00000119
0000006f
ffffff51
fffffd87
fffffe6d
ffffff39
ffffff39
0000008d
000001e1
fffffee2
fffffea0
fffffe57
fffffede
fffffede
fffffea8
fffffe46
fffffe22
fffffe88
fffffd5a
fffffe10
0000007e
000000de
00000016
ffffff32
fffffe76
fffffe50
fffffe60
fffffeb4
fffffddc
fffffd62
fffffca4
fffffcfc
fffffdf4
fffffd92
fffffc8a
fffffc84
fffffd4e
fffffe2c
fffffc4e
fffffea6
0000003e
00000170
000002c4
00000208
00000122
00000122
000000f4
00000154
000000bc
ffffff1e
fffffc7a
fffffb5c
fffffaf2
fffffb80
fffffd5e
ffffff26
ffffffa2
fffffe9c
ffffffe4
000000f8
00000250
00000154
fffffb88
fffffb8e
fffff980
fffffae0
fffffd00
fffffe14
fffffe72
fffffede
fffffede
ffffff0a
ffffff96
0000004c
0000022a
ffffffce
fffffe8e
fffffe8e
fffffed0
ffffff02
fffffe92
fffffdd6
fffffe92
fffffeb6
fffffdf0
fffffdd0
ffffff2c
ffffffb0
ffffff3e
fffffed8
fffffea6
ffffff02
ffffffb4
ffffff28
fffffef8
fffffe56
fffffd52
fffffc40
fffffc12
fffffab8
fffffbba
fffff93c
fffff8b4
fffffbe2
fffffdda
fffffe26
ffffff50
000000e8
00000172
00000172
00000110
ffffffd4
fffffefa
fffffe86
fffffb02
fffffa04
fffffbce
fffffca2
fffffe1c
fffffefe
fffffef4
ffffffa8
ffffffa6
00000088
fffff890
fffff652
fffffdda
fffffcd0
fffffa4a
fffffbbc
ffffff4c
ffffff86
ffffff08
fffffe8e
fffffe8e
fffffec6
00000042
000003b9
000001fb
00000046
ffffffc7
ffffffc7
ffffff3d
ffffff1f
ffffff05
ffffff33
ffffff35
ffffff95
ffffff77
0000009f
00000211
00000181
ffffffc5
ffffff2f
fffffe8f
fffffe67
fffffeb9
fffffcd9
fffffb03
fffff9d1
fffff82d
fffff76b
fffff8f1
fffffc21
ffffff2b
000003ff
00000687
00000181
fffffebf
ffffff25
ffffff71
ffffffd1
00000039
00000039
00000111
00000343
00000361
00000345
00000165
0000026f
000002d9
000002e9
00000487
00000317
00000107
fffffd21
fffff6c9
fffff915
fffffc7f
ffffff6d
000002a9
0000013d
0000043f
0000068f
00000589
0000024f
0000013b
ffffffc7
ffffffc7
fffffbe2
fffffb56
0000025c
00000134
ffffff69
ffffff1e
ffffff1e
fffffe04
fffffd1a
fffffd26
fffffdc4
0000003c
000002b6
000002ce
00000138
00000024
ffffffa8
fffffe5e
fffffcf8
fffffd00
fffffd38
fffffd48
fffffe66
000000b2
0000035c
00000462
00000548
00000552
000002d4
00000194
000002fa
00000390
0000022e
00000218
00000224
000001be
00000142
000000e2
000000e2
0000017a
00000142
000000ba
000001de
00000344
00000652
00000868
00000884
00000764
00000498
00000142
fffffffe
fffffad0
fffffb24
fffffeb4
000001e4
0000063c
0000055c
0000070a
00000792
0000059a
0000014c
ffffff14
ffffff1e
ffffff1e
fffffd39
fffffc46
00000158
ffffffe3
ffffff8e
fffffff7
fffffff7
ffffffbf
ffffffd9
ffffff7f
ffffffd5
ffffff1d
ffffff7f
0000011d
00000123
00000023
00000015
ffffffc9
ffffffa3
ffffffaf
0000004d
00000189
000001a5
00000091
00000047
000002dd
000002d5
000001ab
fffffda9
fffffc33
fffffb47
fffffc67
fffffc0d
fffffc0b
fffffd25
fffffe3b
ffffff71
00000009
00000009
0000007b
00000085
ffffff17
fffffe39
fffffe7b
0000002b
00000197
fffffe7f
fffffd27
ffffffaf
00000157
fffffd45
fffff9f9
fffffda1
ffffffe5
0000026f
000002a5
00000399
00000249
ffffffd1
ffffff0f
00000037
fffffff9
fffffff7
fffffff7
fffffbd2
fffffcbb
00000088
00000040
0000001b
000000d4
000000d4
000000e2
00000132
00000192
00000194
00000110
000000b6
00000092
00000042
00000082
000000ac
000000f2
00000182
00000196
000001c8
000001bc
0000021a
0000020e
00000306
0000043a
000004fc
000005a0
0000042a
00000432
000003bc
00000526
00000378
0000028a
000001ec
000000c8
ffffffb0
ffffff2c
ffffff2c
ffffff40
fffffee2
fffffeee
00000008
00000110
00000192
000000f2
000000ee
00000104
00000068
0000002c
0000001a
00000084
00000218
0000034c
00000488
00000590
0000044e
0000038c
000001f0
00000096
ffffff8c
00000074
000000d4
000000d4
00000001
00000024
000000ea
00000332
00000209
0000022b
0000022b
0000026b
00000339
00000371
000003c3
0000024b
0000002f
ffffff73
000000f1
00000217
000002a1
000002bf
00000375
0000038d
000003a1
00000337
000002ed
0000025d
fffffeb5
fffffb15
fffffb57
fffffd69
fffffd17
000000cf
0000032f
0000000b
ffffff3d
0000004d
fffffffd
fffffe9d
fffffded
fffffdd5
fffffdd5
fffffdff
fffffe0b
fffffded
00000083
000001fb
00000123
ffffffdb
0000015b
000001ef
00000001
0000009d
00000191
000000cd
000001c5
000001bf
fffffeed
ffffff03
000000f9
00000107
000001cf
000000af
000000ff
00000191
0000022b
0000022b
000001a3
00000283
000001c8
ffffff82
ffffff6e
ffffffd8
ffffffd8
ffffffa2
000000ac
000001f8
000002ca
000002d0
00000324
0000021c
00000088
ffffffb4
ffffff8c
ffffffdc
00000162
000001dc
000001b8
000001bc
000002b4
000002b8
0000032e
00000208
ffffffde
fffffd12
fffff792
fffff64e
fffff864
fffffc20
ffffff44
ffffffcc
ffffffea
00000054
00000030
00000028
00000028
00000032
ffffff10
fffffec8
fffffede
ffffffe2
00000442
0000080e
00000974
000005c6
00000372
00000042
fffffe06
fffffa9a
ffffface
00000000
00000270
000001bc
0000027c
000003ca
00000312
00000198
000000a4
ffffffd2
ffffffd8
ffffffd8
fffffcbd
fffffc84
fffffddb
fffffd7f
ffffff25
0000003b
0000003b
000000e1
00000141
0000018b
00000197
00000137
00000097
0000009b
ffffffe1
ffffff39
fffffff9
00000127
0000015f
00000207
000002b9
00000351
0000040b
0000034b
00000253
0000026f
00000229
00000097
fffffef3
fffffe87
0000009b
00000233
0000019d
000001b5
00000233
00000207
000000c3
ffffffc5
ffffffc5
fffffff9
ffffffa1
fffffeef
fffffe51
ffffff0f
00000113
0000014f
00000063
ffffff25
fffffeb3
ffffffbf
ffffffdd
ffffff2d
0000016b
00000469
0000037f
000000c1
00000195
000000f9
ffffff2b
fffffe49
ffffff53
ffffffc7
0000003b
0000003b
ffffff42
0000001e
0000039b
0000036e
000002ac
00000092
00000092
ffffffa2
ffffffb6
ffffff6e
ffffff9e
00000026
00000154
00000080
000000da
00000182
00000100
ffffffd2
ffffff92
ffffffa0
ffffffc8
0000001a
fffffffa
000000a4
00000144
ffffffb4
ffffff24
ffffffc8
ffffffbc
fffffc98
fffffc14
fffffd64
ffffffbc
00000118
ffffffd4
ffffffd4
ffffff74
ffffff6e
ffffff6e
ffffff2e
fffffe5a
ffffff76
00000036
fffffffe
00000010
ffffff36
0000036e
000005fe
0000051e
000002a4
000001ae
00000236
fffffdb8
fffff6c0
fffffba2
ffffff34
0000007a
00000172
00000392
00000470
00000254
00000118
00000092
00000092
00000119
0000004d
ffffff15
ffffff5b
ffffff4a
ffffff6e
ffffff6e
fffffe8c
fffffe12
fffffdf0
fffffe96
ffffffd2
00000128
000000c6
000000c6
00000014
fffffeb2
fffffdf4
fffffdc6
fffffe00
fffffe92
fffffe08
fffffd80
fffffe02
fffffe7c
fffffe5e
fffffdc4
fffffdde
0000011e
ffffffa0
fffffdb6
fffffb2c
fffffcf2
fffffd1a
fffffdf0
ffffff42
0000002e
00000092
00000092
00000038
ffffffa0
fffffef6
fffffcda
fffffa74
fffff63c
fffff438
fffff806
fffffdca
00000088
000001b2
fffffffe
000003e2
00000040
fffffb4c
fffffaa0
fffff7f2
fffff7a4
fffff93e
fffffd0e
fffffe04
fffffff4
ffffff38
ffffff6e
ffffff6e
00000274
0000020a
fffffc07
fffffc33
ffffff50
0000002b
0000002b
00000083
000000c1
000000e3
0000008b
ffffff5f
fffffe49
ffffff0b
00000035
00000171
000001d7
0000013f
000000d5
0000010d
00000107
000000e3
00000129
000000bf
fffffed1
fffffdc9
fffffd71
fffffca7
ffffff89
00000211
000003bb
00000307
0000004f
000000ef
00000195
000001f7
00000091
ffffffd5
ffffffd5
ffffff17
fffffd87
fffffc71
fffffb3d
fffffa03
fffff981
fffffa45
fffffb93
fffffe8f
0000009f
000000bb
00000175
000003e1
00000379
000001df
fffffebb
fffff803
fffffa07
fffffead
fffffe5d
fffffe71
fffffeef
00000005
0000002b
0000002b
000001ef
00000318
ffffff88
00000172
000001b2
0000012b
0000012b
000000fd
000000e5
00000123
000000fb
000001b5
0000025f
000001fb
000000f7
0000006f
0000003f
000000b7
0000010f
00000153
0000016f
00000157
00000155
0000018b
000002c1
00000317
000001bb
ffffffb3
ffffff63
ffffff7b
fffffcb5
fffffba3
fffffdc1
fffffe67
fffffe33
fffffdbd
fffffe53
fffffed5
fffffed5
fffffee9
ffffff4f
ffffff2d
fffffee9
ffffff9d
0000008d
ffffffe3
ffffff29
00000093
000001e5
00000111
0000006b
0000004d
0000029b
00000147
fffffb61
fffffda3
ffffff5f
fffffded
fffffe6f
00000005
00000131
00000127
0000012b
0000012b
000000cb
000001aa
fffffe1f
fffffc9d
fffffdeb
ffffff26
ffffff26
fffffede
ffffff96
00000016
000000bc
0000006c
00000038
fffffff4
ffffffb8
fffffde0
fffffd38
fffffefa
ffffffb2
00000054
0000006c
0000004a
00000176
00000212
0000025a
00000288
00000326
0000012a
fffffe72
fffffcce
0000016a
000005b6
000004ec
000004bc
0000039a
00000296
000001c0
000000da
000000da
000001ca
0000021c
000002fa
00000428
00000616
00000672
00000670
000002e2
ffffff0c
fffffc16
fffffd7a
ffffff7e
fffffeaa
0000002e
000005d0
00000862
00000328
000000de
ffffff62
fffffc7a
fffffb8e
fffffe20
fffffeac
ffffff26
ffffff26
fffffe3a
fffffdfb
ffffff85
fffffea9
fffffe6d
fffffebb
fffffebb
fffffe97
fffffe8f
fffffeab
fffffec5
fffffea9
fffffded
fffffd91
fffffe41
fffffec1
fffffeaf
fffffe7b
fffffe97
fffffef7
fffffedd
fffffe5b
ffffff5f
00000103
000001a9
000001c9
000001a3
000001e1
00000117
00000065
0000009b
0000014d
00000097
00000085
000000cf
00000147
00000157
00000145
00000145
000001a1
0000016f
000000ef
00000249
000003b9
00000093
fffffd37
fffffe91
fffffe51
fffffe49
fffffdc1
00000077
0000007f
0000016b
0000020b
000002b7
000001d5
fffffe9d
fffffe6d
ffffff83
ffffff35
fffffe87
fffffea7
fffffebb
fffffebb
ffffff65
ffffffba
00000291
0000022a
000001d3
000000ed
000000ed
0000010f
000000bf
00000099
000000f3
000000b3
000000eb
000000ed
0000007f
00000063
0000010d
00000101
000000a1
0000009b
00000071
000000c7
00000141
000000d5
ffffff31
fffffeaf
fffffdbf
fffffd13
00000095
fffffd69
fffffb2b
fffffcd9
fffffcf1
fffffcdb
fffffc7b
fffffcdb
fffffe15
ffffff13
ffffff13
ffffff6f
ffffff7f
ffffff81
ffffff03
0000003d
fffffee3
0000004b
00000287
0000026b
00000025
00000005
000000b9
000000d3
fffffea3
fffff983
fffffb01
fffffe87
ffffffcb
ffffff39
000001c3
00000293
000001c3
000000fb
000000ed
000000ed
00000202
000000c9
fffffc4c
fffffd4a
fffffde0
ffffff35
ffffff35
00000095
00000129
00000119
000000e7
00000077
ffffff07
fffffe8d
fffffe35
fffffeb9
00000079
0000014b
0000011f
000000db
00000123
000000ab
000000af
ffffff5d
fffffdf3
fffffe85
fffffeeb
00000073
000005ed
000009c3
00000737
00000625
000002cd
000001b3
000001ab
000001b5
0000014d
000000cb
000000cb
00000199
00000177
000000d1
0000017d
00000099
00000123
fffffccd
fffffc0d
fffffc7b
fffffd23
fffffe3b
fffffd95
000001df
000009e3
00000313
000000cf
00000195
fffffe63
fffffd9b
fffffdf9
fffffe2d
fffffd6b
fffffeb1
ffffff35
ffffff35
ffffffc2
00000414
0000006e
000000b0
00000058
00000053
00000053
000000af
000000ad
0000007f
0000007d
00000029
ffffffd3
00000025
0000007d
0000007d
0000007f
000000b7
000000a3
00000079
0000002f
000000b9
00000149
00000253
000002c1
000002f5
000002a1
00000291
0000038f
000004c7
000004d9
000004e1
0000042d
000002cb
000001e5
0000013d
00000069
ffffffad
ffffffad
00000005
00000147
0000020f
00000167
00000027
000000e5
ffffffad
ffffff4f
00000071
00000083
000000cb
00000049
000000a9
0000012b
000000f5
00000043
000000f1
00000193
00000053
0000005b
0000007f
00000063
00000089
00000053
00000053
00000062
00000057
00000361
00000206
00000043
ffffff37
ffffff37
ffffff47
ffffff71
ffffffe9
fffffff3
ffffff95
fffffeb7
fffffe4d
fffffe19
fffffebf
ffffff69
ffffff83
ffffffaf
00000049
000000ed
00000133
00000157
00000063
ffffff07
fffffe2b
fffffcab
fffffc6f
fffffac3
fffff9cb
fffffae5
fffffecd
ffffff99
ffffff75
ffffffad
0000002b
00000027
000000c9
000000c9
00000109
0000023f
000001d5
0000027d
00000399
0000037f
000003a7
00000369
00000287
000000ab
ffffff35
fffffd43
fffff8f7
fffffa35
fffffda7
0000005b
000003f3
0000042f
00000227
000002f7
0000012f
ffffff73
ffffff07
ffffff37
ffffff37
fffffc7a
fffffbaf
ffffffc1
0000012a
000000f6
000000b8
000000b8
000000e6
00000106
00000160
000000f0
000000d8
00000064
ffffffbc
ffffff20
ffffffd0
00000066
000000b6
00000132
000000c6
00000054
00000050
ffffffce
0000007e
00000004
ffffff8e
ffffff02
00000034
000001e8
00000472
00000506
0000022a
fffffff6
fffffe46
fffffc60
fffffcb4
fffffe5e
ffffff48
ffffff48
ffffffb8
00000176
000002e4
0000038a
000002e4
00000114
ffffffd8
fffffd4e
fffffcb4
fffffe42
ffffff48
0000006a
00000012
0000019a
000001b2
0000003c
ffffff9a
ffffff0c
fffffed8
fffffef0
ffffff10
00000002
0000007e
000000b8
000000b8
000000f8
0000010e
0000001e
ffffffaa
0000006d
00000162
00000162
000000ac
00000050
00000034
00000044
0000014c
0000026c
000001c2
0000018e
0000018e
000000dc
00000060
0000003a
00000084
0000012a
000001de
00000248
0000032e
00000460
0000049e
00000484
000003a4
000000f2
fffffe5a
fffffcc4
fffffc24
fffffc80
fffffd7a
fffffe6e
ffffffa0
ffffff5e
fffffe9e
fffffe9e
fffffe9c
fffffeae
fffffddc
fffffdac
fffffe38
ffffff18
fffffcf8
fffffcde
ffffff8a
000000f8
000001ae
0000013c
00000246
00000154
000000e0
0000017c
fffffeac
ffffff18
ffffff84
ffffff20
ffffff74
00000144
00000180
00000162
00000162
00000188
00000188
000005dd
0000053d
00000242
0000006c
0000006c
ffffffee
ffffff66
ffffff06
fffffeee
fffffeac
ffffff66
0000014e
0000033c
000003e0
000001e8
00000024
ffffff14
fffffefe
fffffe72
fffffe94
fffffd8e
fffffbfe
fffffc00
fffffb96
fffffd0c
fffffccc
fffffc70
fffffb84
fffffd2e
ffffff14
fffffffe
00000050
0000000e
ffffff88
ffffff46
ffffff94
ffffff94
ffffff9c
000000fc
00000154
000001ac
0000031c
00000388
00000710
00000932
0000088c
000004d8
0000021c
ffffff78
fffff97e
fffff584
fffff7b4
fffffb80
00000364
0000077e
00000720
000006a8
0000048e
0000025c
0000015a
0000006c
0000006c
fffffd93
fffffb0f
fffffc5c
fffffd11
fffffd80
ffffff44
ffffff44
ffffffb4
0000002a
ffffffd6
ffffff96
ffffff92
ffffffdc
ffffff60
fffffe0c
fffffde8
fffffef2
ffffffd6
00000036
ffffff68
ffffff6a
00000012
00000028
ffffffa4
ffffffb2
00000132
ffffffd6
00000114
000002ec
00000422
00000244
00000214
0000003a
00000020
ffffffd0
ffffffd8
000000b8
000000bc
000000bc
0000015a
000001c8
000000b8
00000046
fffffee6
0000008e
fffffcb8
fffff7c8
fffff75c
fffff9e6
fffffdac
fffffe46
000000b2
000009e0
000003e6
000003d2
0000012a
fffffc54
fffffa88
fffff9b6
fffffb64
fffffe0e
fffffeb4
ffffff44
ffffff44
ffffff65
000002e4
000003c5
00000332
0000030e
00000175
00000175
0000003b
ffffffed
ffffffaf
ffffff21
ffffff1f
ffffffb9
ffffff8b
00000097
0000010f
00000053
00000013
ffffffe1
ffffffef
ffffffa1
ffffff11
ffffff4b
00000085
00000175
00000003
00000063
ffffff71
fffffb53
fffff933
fffffb39
fffffcdb
fffffea5
ffffff39
fffffecb
fffffe4f
fffffe2d
fffffe8b
fffffe8b
fffffe29
ffffff35
0000001b
ffffffa5
00000083
00000001
0000028b
00000535
000004a5
00000339
00000171
00000261
fffffde9
fffff88b
fffffe25
fffffec9
fffffe4b
00000205
00000303
000002ff
000001f7
000001e1
0000016f
00000175
00000175
000000b8
fffffd03
0000024e
000001c0
00000189
000000d2
000000d2
0000007c
0000009a
000000c6
000000fa
000000c4
000000c0
0000013a
00000196
0000016c
000000dc
0000009a
000000ba
0000010a
000000e2
0000008e
00000012
fffffe70
fffffd78
fffffcca
fffffbd2
fffff990
fffff930
fffffa6a
fffffc2e
fffffd78
fffffd82
fffffe08
fffffe70
fffffe80
fffffed0
ffffff2e
ffffff2e
ffffff2c
0000007a
0000011e
0000011a
000000bc
00000102
00000322
0000046e
00000296
000001d4
00000116
ffffffa6
fffffb00
fffffa9c
fffffd56
fffffde0
ffffffc6
00000256
00000290
00000212
0000019e
000000e0
000000e4
000000d2
000000d2
fffffe88
fffffe01
fffffe07
ffffffc0
ffffffff
ffffff1b
ffffff1b
00000047
00000129
00000181
000001cf
00000201
00000073
fffffea5
fffffe57
fffffeb5
00000027
00000141
0000015f
0000022b
000002ab
00000333
000003bb
000002bb
00000027
fffffd39
fffffc63
fffffacd
fffffc3f
fffffce1
fffffcfb
fffffda3
000000ed
000002fd
00000261
00000165
000000db
000000e5
000000e5
00000007
fffffe35
fffffeab
ffffff07
fffffec7
fffffdd3
fffffc7d
fffffe2d
fffffe09
fffffedd
ffffff87
00000147
00000619
00000319
fffffdb5
fffffb71
fffffc77
00000043
fffffd37
fffffdbf
ffffff7d
ffffff99
fffffefb
ffffff1b
ffffff1b
000001f1
0000032a
00000510
000002af
000000cf
ffffff7c
ffffff7c
fffffefe
fffffede
fffffeb0
fffffeb6
fffffe9a
fffffe04
fffffef2
00000092
0000016c
000000f8
ffffffd6
fffffed0
fffffee0
ffffff2a
ffffff86
ffffff52
fffffe2a
fffffbc4
fffffb28
fffffbe6
fffffbaa
fffff92a
fffff898
fffff9fc
fffffe82
00000020
00000190
0000018e
00000156
00000070
00000084
00000084
fffffff4
00000094
000000a6
0000004e
00000170
00000384
000006fc
0000083e
000006e8
000003da
000000a6
fffffdfa
fffff7b0
fffff4a4
fffff8b8
ffffff42
00000282
00000718
00000776
0000058e
00000338
000000b0
ffffff18
ffffff7c
ffffff7c
fffffc86
fffffa15
ffffff58
ffffff52
ffffff64
00000000
00000000
0000012a
00000200
00000262
00000264
0000020a
0000008c
ffffffe2
ffffffa4
ffffffb4
00000082
00000192
00000242
0000022c
00000232
000001b6
000000a0
fffffee4
fffffcd6
fffffaea
fffff8f4
fffff72c
fffff6ee
fffff936
fffffb6a
fffffdc2
ffffff64
fffffff6
ffffffae
ffffff42
ffffffac
00000000
00000000
00000066
0000009c
000000be
0000000a
fffffe6e
fffffce4
fffffc9a
fffffcd0
fffffb12
fffffd4a
ffffffdc
ffffffaa
00000058
ffffffd6
fffffe3c
fffffc28
fffff8ce
fffff8ea
fffff7b0
fffff9e2
fffffc86
00000028
ffffffee
00000000
00000000
00000030
000000b9
fffffc02
fffffc2d
fffffc32
fffffcb3
fffffcb3
fffffcc5
fffffd6d
fffffe2d
fffffe57
fffffe35
fffffdcd
fffffc5d
fffffb4f
fffffb23
fffffbe3
fffffca7
fffffdad
fffffe9d
fffffedb
fffffdef
fffffef5
000000a3
ffffffdf
fffffe99
fffffe8b
fffffdb7
ffffffab
00000105
0000014b
00000159
000001c7
00000309
00000309
000002e9
00000307
0000034d
0000034d
00000367
000002e3
00000341
00000363
00000453
00000235
ffffff81
fffffed1
fffffcc9
fffffa93
fffffa51
ffffff53
00000347
00000333
0000031f
000000f3
fffffc0d
fffffc27
fffff8b9
fffff7fb
fffff827
fffff9bb
fffffc33
fffffcb3
fffffcb3
ffffffc3
00000074
000000fb
000000b6
000000de
fffffea1
fffffea1
fffffe81
fffffedd
fffffedd
fffffe65
fffffd73
fffffd43
fffffc9d
fffffd3b
fffffe59
fffffe99
fffffe91
fffffeeb
fffffed7
fffffe45
fffffd65
fffffd41
fffffd8d
fffffce3
fffffa33
fffffb8f
fffffd9f
fffffe41
fffffe11
ffffff37
ffffff7f
ffffff33
ffffffad
ffffffa1
ffffff8f
00000061
0000015f
0000015f
00000161
0000009b
00000179
0000020f
000002b3
000000b5
0000020f
00000491
00000379
000000bf
fffffea5
ffffff79
00000091
fffffca7
fffffbb1
fffffee5
0000008d
000002d3
00000319
00000263
0000011d
ffffff63
ffffff07
fffffea1
fffffea1
ffffffee
fffffebe
ffffff09
fffffdbc
fffffe28
fffffe86
fffffe86
fffffee4
fffffebe
fffffe8e
fffffe54
fffffdde
fffffd2a
fffffd60
fffffe74
fffffef0
fffffea6
fffffe8c
fffffe88
fffffe6e
fffffe2a
fffffe3e
fffffe36
fffffdc6
fffffc80
fffffd88
ffffff04
fffffeca
fffffe18
00000044
000002a2
00000270
00000304
000003ba
000003e4
000002be
000001cc
0000017a
0000017a
0000015a
000000fc
000000ba
00000006
fffffef8
fffffee0
fffffec6
ffffff10
fffffc56
fffffb5e
fffffd6a
fffffeca
fffffe36
fffffdb4
00000134
00000198
00000028
0000001c
fffffeba
fffffdea
fffffcfa
fffffe5a
fffffe96
fffffe86
fffffe86
fffffebd
fffffea3
fffffc79
fffffb11
fffffcfb
fffffef7
fffffef7
ffffff55
ffffff49
ffffffa9
ffffff8f
ffffff41
fffffecd
fffffef5
fffffe73
fffffd8f
fffffde5
ffffff1f
ffffff65
ffffff9f
ffffff91
ffffff57
ffffffdf
00000145
00000183
000001b3
000001f1
0000011b
ffffff97
0000024f
0000065f
000005a5
000001a1
fffffffd
000000eb
000000e5
000000f7
00000109
00000109
000001d1
00000333
0000044d
0000030b
000001d1
ffffffb7
fffffced
fffff9a3
fffff70d
fffff851
fffffc85
fffffef1
fffffe21
000000bb
00000a27
0000099d
fffffe4b
fffffbed
fffffbdf
fffffa3b
fffff971
fffffcad
fffffe75
fffffef7
fffffef7
fffffe48
fffffe6a
0000018d
000000bd
00000048
ffffff05
ffffff05
fffffe27
fffffd6d
fffffd8d
fffffe1f
fffffeb5
ffffffa9
ffffffc5
ffffff3d
fffffebb
fffffe55
fffffd9b
fffffd61
fffffe37
ffffff45
ffffffd5
ffffffb5
00000007
ffffff9d
ffffff93
fffffe7f
fffffcf3
fffff935
fffff7e3
fffff9b1
fffffd2f
ffffffe1
0000016b
00000179
00000147
0000009d
000000fb
000000fb
00000117
000000db
0000002f
00000067
00000197
0000018d
00000071
00000057
0000008d
00000125
0000007f
ffffffe5
fffffd47
fffffd5d
ffffff53
000000a3
0000020f
0000022f
fffffe5b
fffffecd
ffffff03
fffffe89
fffffeb3
ffffff05
ffffff05
fffffdad
fffffd7e
fffffcc2
fffffd47
fffffdde
fffffedb
fffffedb
ffffff41
ffffffa5
fffffff1
ffffffc7
ffffff11
fffffe41
fffffe57
fffffe71
fffffeb9
ffffff15
ffffff97
ffffffe9
fffffffd
ffffffe5
ffffffb1
00000031
00000041
0000000d
00000055
00000105
000002bb
000006d1
0000081f
000006ed
000004e7
000003ed
00000311
0000029f
000001c9
0000016f
00000125
00000125
00000083
ffffff2d
ffffff4b
ffffff6b
ffffff6b
fffffe85
fffffe57
fffffed5
ffffff3f
fffffe17
fffffde7
ffffff61
0000046f
00000471
000001fb
00000195
000000d9
ffffff59
00000177
0000003b
ffffff15
fffffec9
fffffef1
fffffedb
fffffedb
00000184
000002bb
fffffc13
fffffb75
fffffb9f
fffffcce
fffffcce
fffffbdc
fffffb78
fffffb40
fffffb6c
fffffc24
fffffd80
fffffe42
fffffe6a
fffffdee
fffffccc
fffffb9a
fffffb58
fffffad2
fffffa6a
fffffa46
fffffab0
fffffc08
ffffff68
0000023c
00000240
00000156
0000029a
00000146
00000040
000000e6
00000178
00000166
00000274
000002f0
00000320
00000332
00000332
0000025e
0000024a
000000a6
fffffe3a
fffffda6
ffffff0a
fffffef2
fffffcb4
fffffd2c
fffffdc8
fffffe2c
fffffdae
ffffff74
00000048
000001ba
0000028a
ffffff88
fffffb98
fffffdf4
fffffdc8
fffffdda
fffffdde
fffffcfc
fffffcce
fffffcce
fffffe3f
fffffeb5
0000006e
0000009b
00000235
0000034f
0000034f
000002d1
00000297
000002e5
000002b5
000001eb
0000022d
00000303
000002e7
000002a9
000002a1
000002a7
000002bd
000002c3
00000255
000001a3
000001e5
00000185
0000024d
00000477
000005af
00000573
0000047d
000003b5
00000289
0000003d
ffffff4b
ffffff8d
fffffe7f
fffffd1b
fffffc8f
fffffcb1
fffffcb1
fffffcdf
fffffcad
fffffd6f
fffffe85
ffffffd9
000001ef
000003f5
000003d1
00000235
00000149
00000261
000001c3
0000023b
00000341
000004e7
0000058b
ffffff97
00000145
00000175
000000c1
ffffffdb
0000019f
000002a7
0000034f
0000034f
000002e6
00000256
00000217
0000019d
00000291
000001bb
000001bb
000000b1
00000039
0000006d
000000df
00000081
00000289
0000044d
00000201
ffffff95
ffffff21
ffffffb7
00000063
000000c9
0000017b
000001fb
00000191
ffffffa1
000000ad
000001cf
fffffff9
fffffd35
fffffa3f
fffffab7
fffffcd5
fffffe35
fffffd25
fffffead
ffffff17
fffffee1
fffffe33
fffffe45
fffffe45
ffffff33
000000d7
ffffffd5
ffffffe5
fffffff9
00000147
00000311
0000011b
fffffe73
00000051
000001dd
fffffec1
fffff85d
fffffdb7
0000013d
ffffff29
fffffdd7
00000311
ffffff1b
fffffe7d
ffffffe9
000000f3
00000185
000001bb
000001bb
fffffd41
fffffd8a
00000037
00000024
ffffffd2
00000088
00000088
0000002e
00000058
00000078
00000082
000000f4
000001b2
000000e6
000000c8
00000150
000000c6
0000002e
00000074
00000044
0000001e
fffffffe
ffffffa2
ffffff92
fffffefe
fffffe86
ffffffd4
00000282
000007ee
0000089a
0000072e
000003ec
000002f2
00000294
000001a4
000000f2
00000020
ffffff78
ffffff78
fffffeda
ffffff5c
00000014
ffffff42
ffffff6a
00000108
000001e8
000002c0
00000386
0000017a
000000b0
000000aa
00000454
000000f0
ffffffac
00000236
00000286
000000f0
000002e8
00000112
000000c8
0000002c
00000132
00000088
00000088
00000227
000001c2
00000117
00000172
00000171
000000ae
000000ae
00000112
00000108
000000a6
000000f8
00000144
00000152
00000156
00000122
000000b6
000000f8
00000118
000000d6
0000007c
000000a2
000000de
0000003a
00000000
ffffffec
000000a4
00000034
fffffff8
0000036e
00000324
000000fe
0000000e
ffffffec
fffffeca
fffffe46
fffffe82
fffffee4
ffffff52
ffffff52
ffffff9c
00000164
000001de
0000013a
00000178
000001d8
00000070
000000a8
000000fa
000001aa
000001ce
0000001e
000000e4
00000136
fffffe9e
fffffe70
00000006
0000011a
fffffff0
00000020
0000018c
0000011c
000000ac
000000ae
000000ae
000000d2
0000011e
0000002e
00000026
0000005b
00000073
00000073
00000073
00000025
000000a3
000000d7
00000009
ffffffcf
0000007f
fffffff5
00000013
0000001d
0000000d
0000005b
0000011b
0000011d
00000025
0000007b
00000143
000001a1
00000177
00000173
0000029d
0000016d
000000b3
000001af
000002bf
00000151
00000123
ffffffdb
ffffff07
ffffff19
ffffff8d
ffffff8d
fffffea9
fffffd9b
fffffe2b
ffffffb5
0000011f
00000175
00000167
0000020b
000000cd
fffffff9
fffffe83
00000027
000000bb
ffffff03
ffffff2b
00000107
00000199
000002e5
00000199
0000020f
ffffff0b
fffffe5b
00000027
00000073
00000073
000000e0
000000ca
fffffef2
ffffff0d
fffffd5c
fffffc67
fffffc67
fffffc3f
fffffbc1
fffffba7
fffffb99
fffffbed
fffffbc3
fffffb8f
fffffbdf
fffffca7
fffffcab
fffffc0b
fffffbb9
fffffba5
fffffc15
fffffbdf
fffffbe1
fffffc51
fffffba5
fffffb8d
fffffb2b
fffffc6b
ffffff0f
ffffff8b
000000fb
000001b5
0000062d
0000074b
00000619
00000443
0000039b
00000399
00000399
0000030d
00000307
000003c7
00000301
0000015d
fffffe33
fffffc07
fffffe4f
fffffed1
fffffe67
fffffcf3
fffffdf9
0000003d
fffffc45
fffffb83
fffffb8d
fffffad1
fffffc13
fffff9ff
fffffcfd
fffffdcb
fffffd6f
fffffc49
fffffc67
fffffc67
ffffff1a
fffffd73
fffffcde
fffffee1
ffffffd6
fffffe96
fffffe96
ffffff60
ffffff74
ffffff5c
fffffeda
fffffe9e
fffffd34
fffffc72
fffffd3c
ffffff0a
ffffffdc
fffffff6
ffffff50
ffffffe8
00000034
ffffffca
ffffff24
fffffece
fffffdbc
fffffbd6
fffffbf0
fffffe36
0000024c
000002aa
000002cc
00000328
000001a2
0000009c
000000bc
00000110
00000116
0000016a
0000016a
00000130
0000008e
0000011c
ffffff76
fffffe34
fffff934
fffff6b6
fffffab4
ffffffe8
0000001c
fffffeba
0000014c
000007ae
00000396
fffffe8a
fffffb02
fffffc16
fffffcb6
fffffa3a
fffffd16
fffffe76
fffffe5a
fffffeb6
fffffe96
fffffe96
0000030b
0000030b
ffffffda
00000416
0000034c
000000bf
000000bf
00000055
0000006f
00000047
ffffffc9
ffffffe5
000000ab
00000051
00000013
00000101
000001cb
000000db
00000053
00000009
00000025
000000d3
000000b5
00000079
000000f7
00000031
ffffff3d
ffffff71
000000bf
fffffefb
fffffb91
fffffaa5
fffffd09
fffffdfb
fffffe5b
fffffde1
fffffe9f
ffffff41
ffffff41
ffffff1f
fffffe69
fffffd99
fffffcfb
ffffff69
fffffec5
fffffd25
fffffe89
000003d3
00000639
00000395
00000161
0000022f
00000287
fffffe4b
fffff607
fffffdc1
00000183
00000037
000001b1
0000039d
00000273
000001b5
000000bf
000000bf
000000c5
00000177
0000005f
00000115
00000122
00000047
00000047
00000069
00000059
0000004f
00000033
00000103
000000f1
0000006f
00000029
000000b1
000000ff
00000091
00000049
00000005
ffffffff
00000043
000000eb
00000209
000002b5
000002b5
0000028b
000002a3
00000401
00000563
0000042f
000002a9
00000087
ffffff63
fffffeab
fffffe7f
ffffff19
ffffffb9
ffffffb9
ffffffe7
000000a9
000001e9
00000207
00000181
000002b9
0000017f
ffffffd3
fffffec3
00000019
00000055
ffffffc9
00000091
fffffff1
00000113
ffffff29
0000018f
00000151
0000005f
ffffff37
00000117
0000003b
0000004d
00000047
00000047
00000014
00000033
fffffd11
fffffe27
fffffdee
fffffee3
fffffee3
fffffec1
ffffff4f
ffffff91
ffffff69
ffffff79
ffffffdb
ffffff27
fffffe61
fffffef3
ffffff35
ffffff39
ffffff55
ffffff1f
ffffff69
fffffff7
ffffff7b
00000139
000003fd
00000405
000002fb
00000291
000002a7
000000bb
ffffff99
ffffff21
ffffff05
ffffff51
000000bf
00000105
00000143
0000011d
0000011d
0000017f
0000009b
ffffff35
fffffef7
fffffebb
ffffff79
fffffc47
fffffaa9
fffffd01
fffffd89
fffffea5
fffffdc9
000001d5
00000505
00000257
00000075
00000055
fffffd37
fffffcdb
fffffd3b
fffffe3b
fffffebf
fffffef1
fffffee3
fffffee3
fffffed5
000001a6
000001ac
00000255
0000019a
0000002f
0000002f
fffffff9
ffffff89
ffffffcf
00000009
00000157
0000028d
0000023b
0000008d
000000bb
00000125
00000013
ffffff87
fffffff7
00000091
0000008f
0000004b
00000161
000002e9
00000347
000001eb
00000263
000002ff
00000015
fffffbed
fffffd33
fffffeef
ffffff7d
ffffff47
ffffff6f
ffffff9d
ffffffd1
ffffffd1
ffffff71
fffffe65
fffffec5
ffffff53
ffffff6f
fffffe0b
fffffe91
000000a9
00000223
00000451
000001d7
000000ad
000002af
ffffffaf
fffff87b
fffffbcf
00000149
00000171
00000023
00000223
000003a1
00000267
00000089
0000002f
0000002f
00000252
000000a3
fffffea9
fffffd4a
fffffe35
ffffff87
ffffff87
ffffff55
ffffff4d
ffffff33
ffffff9b
0000005b
000001a7
000001ef
00000189
ffffffc3
fffffe4b
fffffed9
ffffff27
ffffff57
00000041
00000181
00000213
00000367
000004b5
000004db
000004d3
0000027d
fffffff7
fffffde1
fffffe75
ffffff3f
ffffff57
ffffffa3
0000015f
0000017f
000000d5
00000079
00000079
00000141
00000117
fffffed5
fffffdb1
fffffd83
fffffed1
fffffea7
fffffe29
fffffe1b
fffffda1
ffffff6d
ffffff3b
ffffff19
00000051
00000243
0000016f
fffffd7f
fffffe05
00000061
ffffffab
ffffffcd
00000025
ffffffa1
ffffff87
ffffff87
fffffef0
ffffff57
fffffc86
fffffde3
000000fb
00000048
00000048
000000de
00000164
00000258
00000302
00000382
000003b2
0000043e
0000036e
00000110
ffffff68
00000048
000001fa
000001c6
00000190
0000018c
00000006
fffffe0a
fffffc90
ffffffb6
ffffffe8
fffffe9c
ffffffc6
00000316
00000486
00000126
0000001c
0000009c
000000be
ffffffba
ffffff3e
ffffffb8
ffffffb8
00000050
00000104
000000ec
00000086
000000cc
0000009c
0000020c
ffffffba
fffffd04
00000058
000001f4
ffffff48
fffffd22
0000032a
00000664
ffffff40
fffffcd0
0000016a
00000044
fffffe02
fffffdee
00000036
0000005a
00000048
00000048
ffffff7f
0000006e
ffffffc4
00000075
00000026
ffffff29
ffffff29
fffffffb
00000079
00000077
0000002b
ffffffef
ffffff35
ffffff3b
ffffff3b
ffffff51
00000021
000000c1
00000089
00000051
ffffffdf
00000031
ffffffe3
ffffff4d
ffffffd1
00000097
0000018d
000002cf
000004ad
00000429
0000011b
fffffdd3
fffffd21
fffffd07
fffffd5b
fffffe5b
fffffff1
000000d7
000000d7
000000ff
000001ab
000001c9
000000f7
ffffffeb
fffffefb
ffffff49
fffffe49
fffffe05
ffffff65
ffffff2d
ffffff87
00000087
00000111
ffffffe7
fffffe45
0000009f
000001bf
000000cf
0000006d
ffffffb3
ffffff91
ffffff7d
ffffff29
ffffff29
ffffffb1
ffffffd1
00000399
00000324
00000226
00000125
00000125
00000139
000000cf
00000077
0000000f
ffffffb1
ffffff8f
0000013b
00000207
000001f3
00000197
0000011d
00000099
00000023
ffffff8f
ffffffaf
ffffffc5
ffffff3b
fffffecb
ffffffd7
0000005b
ffffff8f
fffffacd
fffff91d
fffff9c1
fffffab7
fffffb91
fffffd2d
fffffdb5
fffffdcb
fffffe6b
fffffedb
fffffedb
ffffff19
ffffff3d
fffffe53
fffffdb9
fffffd7f
ffffff31
0000022b
00000295
00000079
0000007b
000000c7
00000069
fffff9e9
fffff887
fffffb65
fffffb9b
fffffd87
ffffff0b
ffffff15
ffffff7b
000000ab
00000151
0000016d
00000125
00000125
fffffe0d
fffffca9
00000039
00000093
ffffffc0
ffffff10
ffffff10
ffffff20
ffffffbc
ffffffc6
ffffff3c
fffffede
fffffe84
fffffda8
fffffe34
ffffff3c
fffffef0
ffffff34
ffffffb6
fffffffe
000000f4
00000198
00000158
000001b2
0000011e
00000040
0000003c
0000006e
fffffdba
fffffc36
fffffc00
fffffc38
fffffcc0
fffffd86
fffffe20
fffffeea
00000056
000000f0
000000f0
00000100
000000fc
000000f8
0000023a
00000278
ffffff10
fffffda2
fffffec6
ffffffe2
ffffff16
fffffe3a
ffffff12
ffffff62
00000014
ffffff3c
fffffeb8
000001b4
000002c0
0000009e
ffffff74
fffffe92
ffffff14
ffffff10
ffffff10
ffffff10
fffffe95
ffffff27
ffffff1d
ffffff32
fffffef3
fffffee0
fffffee0
ffffff2c
ffffff1c
ffffff0a
fffffef6
fffffea0
fffffe4c
fffffe8e
fffffe90
fffffef2
ffffff8c
ffffff4e
ffffff14
ffffff2c
ffffff22
ffffff30
ffffff2a
ffffff18
fffffe84
fffffe2e
fffffe46
ffffffbe
0000015c
0000020e
00000294
000001b8
00000104
00000040
00000094
000000fc
00000132
00000120
00000120
00000128
00000172
00000182
000000d0
0000007a
ffffff68
fffffe6e
fffffea2
ffffff46
ffffffc8
ffffff06
ffffff9c
ffffff22
ffffff4e
00000042
ffffff2a
ffffffa2
fffffec6
0000001e
00000066
00000008
fffffeee
ffffff26
fffffee0
fffffee0
ffffff6b
ffffff3e
ffffff07
00000046
00000020
ffffff2c
ffffff2c
00000006
000000dc
000000ba
00000062
fffffeb0
fffffd98
fffffeb2
fffffef8
fffffe44
fffffea8
0000005c
000000ec
000000a6
00000014
ffffffc8
fffffef4
fffffc52
fffffa7a
fffffc06
fffffe08
ffffff88
000004e8
00000600
000003dc
000000aa
fffffe8c
ffffff46
ffffff28
ffffff7e
00000094
000000d4
000000d4
000000d4
0000021e
0000031a
000002ee
00000122
fffffe14
ffffff94
ffffff18
fffffe76
fffffe82
fffffe0e
ffffff02
ffffffbe
0000022c
00000030
ffffff26
fffffe76
0000037e
000000ec
fffffe78
fffffe34
fffffe6e
fffffec2
ffffff2c
ffffff2c
00000061
00000024
ffffffcd
0000001d
ffffff3a
ffffff26
ffffff26
ffffff5e
ffffff1c
ffffff0e
ffffff1a
00000012
00000048
00000018
ffffffdc
ffffffd6
0000000c
ffffffac
ffffff1e
ffffff4c
ffffff6a
ffffffd2
fffffef0
fffffe82
fffffe10
fffffebe
fffffeca
ffffff6c
000000c0
000000a4
ffffffce
00000210
00000236
000001f4
000002b2
00000266
00000174
000000da
000000da
00000092
0000008a
00000022
00000012
00000132
000002a8
000001ce
000000ee
000001de
000000ca
00000028
ffffff40
fffffeac
ffffffa8
fffffe40
fffffde8
00000264
00000194
000002aa
000002a8
000001c8
ffffff92
ffffff3e
ffffff26
ffffff26
fffffef0
ffffff40
ffffffad
ffffff47
ffffff43
ffffffc5
ffffffc5
fffffed7
fffffe33
fffffdfb
fffffe81
ffffff6d
00000111
000001bb
0000023f
0000027d
00000103
fffffebb
fffffdfb
fffffeaf
0000000f
0000014f
0000020d
000002c9
000003d7
000003d7
00000399
00000181
fffffe95
ffffffcf
000001e3
00000291
0000035f
00000289
000001c9
00000119
00000061
0000003b
0000003b
00000039
00000023
00000049
ffffff5d
fffffe9d
fffffefb
ffffff55
ffffff1f
000000dd
000001c7
000002b3
000000a1
fffffeaf
fffffe8f
ffffff57
ffffffb9
ffffff53
ffffffef
00000095
00000073
0000010f
00000173
00000033
ffffffc5
ffffffc5
fffffef6
ffffff6c
0000046f
000001ae
00000024
fffffffa
fffffffa
ffffffb4
ffffff74
ffffffd6
0000003e
00000098
00000056
000001d2
000002cc
000000d6
ffffff1c
ffffff34
ffffffa2
ffffffba
fffffffa
0000004c
0000009a
ffffff4a
fffffcb2
ffffff06
000002a0
0000010e
fffffde8
fffffc32
fffffb72
fffffe4a
000000dc
000002dc
000002a8
0000021e
000000f0
00000006
00000006
ffffff72
ffffffca
00000018
000001ba
000003bc
0000090a
00000a46
00000a72
000004f4
ffffff74
ffffffce
fffffc88
fffff782
fffff6ce
fffffb9c
000000cc
0000059a
000009da
0000081c
000003a2
00000042
ffffff1e
ffffff70
fffffffa
fffffffa
fffffca6
fffffada
fffffb49
fffffaec
fffffd11
ffffff15
ffffff15
ffffffe3
00000055
000000e1
00000117
fffffff3
ffffff5d
000000a7
000000c1
ffffffe1
ffffffc1
00000061
00000077
0000003f
00000003
ffffffdf
ffffffd9
fffffdb9
fffffd8b
ffffffad
000001cf
000000d3
fffffdb7
0000038b
0000064b
00000315
0000009f
ffffff63
00000119
00000191
0000013d
000000eb
000000eb
00000127
0000015d
000000d1
ffffff73
ffffffc1
000003dd
000004c7
fffffedf
fffffb6b
fffffc97
ffffff1b
fffffb15
fffff885
0000007b
00000bc3
000006db
ffffffcd
00000077
00000265
fffffd63
fffffc0d
fffffd8f
fffffee1
ffffff15
ffffff15
fffffc1f
fffffdd7
fffffc18
ffffff1c
00000071
ffffff1d
ffffff1d
ffffff29
fffffebf
fffffe49
fffffe6d
fffffff3
00000195
00000037
ffffff3f
fffffeb9
ffffff39
ffffff1d
fffffe73
fffffd9f
fffffd77
fffffe49
fffffdfb
000000f5
0000032b
0000022f
00000097
00000121
00000559
0000021f
ffffff1f
fffffb7b
fffffe21
fffffe49
fffffee3
ffffffe5
000000b9
000000e3
000000e3
00000095
ffffff51
fffffee1
fffffcc1
fffffa57
fffff913
fffff3dd
fffff5af
fffffebf
00000291
0000024b
00000249
00000c7f
0000079f
fffffe29
fffff885
fffff96b
fffff66d
fffff7cf
fffffbff
000000d5
000001e3
00000005
ffffff1d
ffffff1d
0000049f
00000597
ffffff93
0000031e
00000284
000000c7
000000c7
000000d1
00000089
00000053
ffffffad
00000025
000000e5
000000a3
fffffffb
00000097
00000131
000000cb
0000004b
ffffff7d
fffffe8d
fffffe19
fffffd9d
fffffdc7
ffffff47
ffffffeb
ffffff71
0000008b
0000033d
00000421
0000030b
ffffff07
fffffeab
ffffff9d
fffffeb1
fffffe0f
fffffe67
ffffff39
ffffff39
ffffff89
ffffffa9
ffffff59
0000015f
00000225
0000010f
fffffff9
fffffe53
0000007d
000001f1
0000015d
00000087
00000119
00000371
0000001d
fffff8f5
fffffdad
ffffff31
fffffe1d
00000197
000002ed
000001d9
00000135
000000c7
000000c7
00000121
0000022d
00000099
00000046
00000011
00000038
00000038
000000da
0000013a
000000ec
00000080
0000005a
ffffffca
00000006
0000005e
000000bc
0000004e
000000d4
000000fe
0000002e
fffffeaa
fffffec0
ffffff52
ffffffb6
ffffff3a
ffffff2e
00000010
ffffff40
fffffe48
ffffff4a
ffffffd6
00000246
00000372
000003f2
00000316
000001ae
00000086
ffffffc8
ffffffc8
ffffff92
ffffff72
00000100
0000032e
00000552
000007a0
000008cc
000005d8
00000138
fffffe84
fffffe66
000000ca
ffffff9e
fffffee0
00000104
00000234
0000026a
00000382
0000023e
000000d0
0000004a
0000005c
ffffffc6
00000038
00000038
00000030
ffffffa2
0000001d
00000020
00000140
00000121
00000121
000001a7
000001a9
000001af
000001db
000001e3
00000195
000001ab
000001e3
000001b3
00000199
0000017f
00000191
000001d3
0000021b
00000223
00000231
00000199
00000099
0000009b
0000006f
0000000b
fffffe9b
ffffff73
00000103
0000029f
000001ef
000001ad
00000115
ffffff83
fffffe89
fffffedf
fffffedf
fffffefb
fffffe97
fffffec5
ffffffd9
00000185
000001c9
00000271
00000207
00000095
0000009d
00000179
00000201
000000ad
00000055
00000149
00000151
00000055
000000a5
00000083
00000127
00000149
0000018d
0000015b
00000121
00000121
000000c9
000000d0
fffffd74
fffffe66
ffffff07
00000057
00000057
ffffffd1
ffffff89
ffffff83
00000025
000001c3
000002d7
00000271
00000299
000001bd
00000019
ffffff49
ffffff7f
0000001d
0000010d
00000297
00000363
00000553
0000043f
000002cd
0000029b
000002fb
00000421
000005e1
000005dd
000003a3
00000373
000002a1
00000171
00000045
00000071
ffffffa9
ffffffa9
ffffff4b
fffffe7f
fffffefb
ffffffa3
ffffff47
fffffeff
fffffe93
ffffff33
ffffff3b
00000035
00000269
000004b3
000007b7
000004db
00000209
00000037
fffffe7f
fffffcd5
ffffff2b
ffffff2f
ffffff83
00000143
000000eb
00000057
00000057
000003bb
00000419
fffffede
ffffff23
ffffff25
fffffe07
fffffe07
fffffd27
fffffc59
fffffb71
fffffb2f
fffffc1b
fffffd45
fffffd7f
fffffe53
fffffddd
fffffd5b
fffffc65
fffffbd9
fffffba7
fffffb11
fffffb45
fffffcaf
ffffff25
ffffff79
00000115
000001f9
0000033d
00000375
00000165
00000013
fffffe7f
fffffe77
fffffed1
ffffffe3
000000a3
00000141
000001f9
000001f9
00000243
000000ff
fffffee7
fffffdfb
fffffe81
ffffff3b
ffffff6f
000000c9
00000073
ffffff53
fffffe91
00000027
00000157
00000161
0000017b
0000014f
000002f5
00000427
00000339
00000111
ffffff7d
fffffead
fffffe0b
fffffe07
fffffe07
fffffed2
fffffecf
fffffd52
fffffcdb
fffffd43
fffffe54
fffffe54
fffffede
fffffef2
fffffef6
ffffff00
fffffe54
fffffc80
fffffc3e
fffffcba
fffffd3e
fffffe64
ffffff1a
fffffece
fffffef2
fffffece
fffffe72
fffffdcc
fffffd4a
fffffc5e
fffffdb4
ffffff1c
00000032
00000312
000004e0
00000534
0000046a
000002ee
00000250
00000246
00000214
00000206
000001ac
000001ac
000000c4
ffffffe2
ffffffe0
fffffff0
00000046
ffffffc6
ffffff12
fffffe16
fffffd28
fffffc92
fffffe14
fffffef2
0000012c
00000200
00000118
00000222
ffffffe4
fffffe7e
ffffff8e
fffffe4a
fffffd50
fffffd78
fffffe34
fffffe54
fffffe54
0000000a
00000070
0000078c
000007a3
00000433
000000c3
000000c3
0000010d
0000012d
000000c9
000000ab
00000029
ffffff9d
ffffffe7
00000235
000003f7
00000343
0000018d
00000123
00000081
0000002d
00000101
00000007
ffffff05
fffffe31
fffffc13
fffffca7
fffffca5
fffffeeb
fffffc05
fffffc31
fffffdb1
00000093
000001f3
00000165
0000000f
ffffff45
ffffff3d
ffffff3d
ffffff05
ffffff97
00000059
000001ed
00000381
000006e9
00000b17
00000e83
00000dd3
0000090b
0000037b
fffffed5
fffffaf5
fffff533
fffff35b
fffff889
00000529
00000bd9
00000c29
00000e85
00000a85
000003c1
000001b9
000000c3
000000c3
fffffe5e
fffffbaa
fffffbca
fffffb1b
fffffcaf
ffffff8a
ffffff8a
ffffff76
ffffff9e
ffffff5e
ffffff08
fffffe0c
fffffdfa
ffffff28
ffffffd2
ffffffb0
ffffffb2
ffffffae
ffffff86
ffffff4c
fffffe90
fffffdda
fffffec6
fffffd02
fffffb1c
fffff9ea
fffff82c
fffff734
fffff9e6
fffffc20
fffffc0a
fffffd0a
fffffe14
ffffff12
000000ac
00000156
0000010a
00000076
00000076
00000060
fffffe6a
fffffc28
fffff9c0
fffff8c2
fffff980
fffffba2
fffffb48
fffffb1a
fffffb0c
fffffc8c
fffffd04
00000056
00000220
ffffff72
fffffc0a
fffff618
fffff6b4
fffffa58
fffffb4c
fffffb52
fffffdd0
fffffe98
ffffff8a
ffffff8a
000000a8
000001e6
00000007
00000042
00000069
ffffffdb
ffffffdb
ffffffd3
ffffffbd
ffffff97
ffffffa7
ffffff5d
ffffff69
0000001b
00000045
ffffffd1
ffffff93
ffffff95
ffffffbd
ffffff8d
ffffff75
ffffff5b
fffffff7
00000121
00000179
00000183
000000c1
ffffff9f
ffffffd9
0000011d
00000211
000002ff
000002af
000002dd
000001e9
000000b9
00000035
00000025
00000025
00000029
0000004b
0000009d
00000099
fffffff1
ffffffcb
ffffff43
00000007
fffffff3
00000087
0000003b
ffffffa1
ffffffb9
ffffffdf
ffffff9b
ffffff2b
fffffe4d
00000075
ffffff71
ffffff91
ffffffa1
ffffffd7
ffffffd5
ffffffdb
ffffffdb
00000019
ffffffe3
0000009a
00000075
00000011
fffffe2e
fffffe2e
fffffd24
fffffca4
fffffd6c
fffffe54
fffffeae
fffffeb2
fffffe3a
fffffe0a
fffffd9e
fffffcfe
fffffc4a
fffffd0e
fffffdfc
fffffddc
fffffdb8
fffffd36
fffffd62
fffffdce
fffffd96
fffffd3a
fffffd20
ffffffa6
ffffff04
fffffdce
fffffc44
fffffc1c
fffffd60
fffffefc
0000008a
0000014e
000001d2
000001d2
000001d6
000001e4
000001aa
0000004c
ffffff5e
fffffb4c
fffffc42
ffffffa6
00000212
0000033a
0000009a
fffffe68
fffffcac
fffffb8c
fffffcb2
fffffcd0
fffffe34
00000162
00000090
0000012c
ffffff5e
fffffdda
fffffe36
fffffe2e
fffffe2e
fffffeb2
fffffd73
0000009d
000000af
000000c9
0000015e
0000015e
00000344
00000506
000005b6
00000564
0000052a
000003cc
000002b0
000001ac
00000184
0000024a
0000042a
00000584
00000542
0000042c
000002ea
0000034c
0000032c
0000026e
0000025c
00000344
0000045a
00000592
000003c8
00000102
ffffffc0
fffffcc0
fffffcc4
fffffda8
fffffe6c
fffffea8
fffffea2
fffffea2
ffffff2e
000000e6
00000136
0000010c
00000152
0000030c
000002ba
0000018a
ffffff66
fffffe96
fffffe3a
0000013a
0000018c
00000242
0000047a
0000055a
0000041e
000002ec
000000c2
fffffeea
fffffec4
ffffff9a
000000c8
0000015e
0000015e
0000010d
0000012b
000003c4
000004ca
00000294
00000057
00000057
000000b5
000000b7
0000003d
ffffffe9
0000009d
0000004b
ffffff67
0000000f
000000fb
0000011f
000000cf
0000007b
ffffff93
fffffee9
fffffe1b
fffffc77
fffffc83
fffffc2b
fffffac1
fffffa15
fffffa39
fffffdc3
ffffff73
ffffff4d
ffffff5b
00000219
0000022d
00000055
ffffff2b
ffffff37
ffffffa9
ffffffa9
ffffff75
00000097
000002d1
00000455
000003d9
00000393
0000049f
000006e9
00000681
00000489
00000199
000000c3
000000a7
fffffc77
fffff725
fffff88b
0000003d
0000029d
0000028b
000005af
000005ed
00000369
00000113
00000057
00000057
00000111
00000028
0000004f
0000004c
ffffffc6
ffffff9d
ffffff9d
ffffffb1
ffffffc3
ffffffd5
ffffffd5
0000004f
fffffffb
ffffff7f
00000055
0000005d
00000025
ffffffd3
ffffffdd
0000000d
00000045
ffffff69
ffffff51
000000fd
00000051
fffffedb
fffffeaf
fffffd03
fffff897
fffff8fb
fffff977
fffffac3
ffffff31
000000d9
000000e7
000000cd
0000007f
00000063
00000063
00000001
fffffeeb
ffffff37
ffffffd9
00000129
00000159
000002dd
0000050d
00000481
0000025f
0000002b
0000023f
00000143
fffffe2f
fffffec3
fffffeb7
fffffe11
ffffff9b
ffffff2f
ffffff4d
00000009
00000107
ffffffe5
ffffff9d
ffffff9d
000000ea
ffffffa5
ffffface
fffffb84
fffffe62
00000031
00000031
0000005d
000000ad
0000011f
00000109
00000167
00000199
0000001b
fffffe55
fffffdf1
fffffed3
0000004b
000000b9
00000105
00000099
ffffffb5
ffffffd7
00000037
000000cf
0000001b
ffffffcd
00000097
00000247
000003c1
00000331
00000245
000000f7
ffffff23
ffffffa5
0000004b
0000003d
ffffffcf
ffffffcf
ffffffe1
fffffedb
fffffe3d
fffffc99
fffffaa5
fffffa2d
fffff8b7
fffff5cb
fffff775
fffffc1f
ffffff03
000001d3
0000080f
0000089f
0000074b
000003e3
fffffbc1
fffff6dd
fffff8b1
fffff955
fffffcc3
fffffedd
ffffffbf
00000031
00000031
000003d3
000004bb
ffffff8f
fffffed0
fffffeb8
fffffecb
fffffecb
fffffeaf
fffffe99
fffffea7
fffffec5
ffffff31
ffffff55
ffffff83
ffffffab
ffffff61
fffffe9d
fffffe67
fffffe8f
ffffff81
00000083
000000df
00000163
00000113
ffffffc9
ffffff8b
ffffff41
ffffff13
fffffdaf
fffffd85
fffffdef
00000001
00000325
000003cf
000004cb
0000036b
000001c9
00000135
00000135
0000014b
0000013d
00000069
ffffff67
00000065
00000169
00000227
0000046d
000002e3
00000181
000000e3
0000004b
ffffff83
fffffe8f
000000cd
00000217
000001c3
0000032d
000002dd
0000022d
000000a9
fffffee5
fffffe85
fffffecb
fffffecb
fffffef6
fffffec6
fffffe07
fffffe27
ffffff4d
fffffe5b
fffffe5b
ffffff1f
ffffffa5
ffffffb7
ffffffb3
ffffff85
fffffed1
fffffe03
fffffe05
fffffe77
ffffffaf
fffffff9
ffffff93
ffffffc5
ffffff79
ffffffb9
ffffffc3
0000006d
00000007
fffffee5
fffffe01
fffffe57
fffffee3
fffffe6d
fffffe01
fffffe4d
fffffb81
fffffce7
fffffead
0000005d
000001a3
000001a5
000001a5
00000173
0000019b
00000133
000000f1
ffffff93
fffffd4b
fffffaab
fffffb5d
fffffbd3
fffffeb5
fffffe03
ffffffef
000000f1
000001d9
00000155
fffffe2f
fffffdad
fffffc1d
fffffd2d
fffffdc7
000000b1
ffffffb3
ffffff4f
fffffe5b
fffffe5b
ffffff67
00000045
fffffe3b
ffffff11
ffffff1f
ffffff55
ffffff55
ffffff4f
ffffff57
ffffffb7
ffffffb1
0000003f
000000c9
0000000b
ffffff25
ffffffab
00000055
ffffffa3
ffffff89
ffffffe3
0000001d
00000095
00000085
000001cf
00000235
00000165
0000006d
00000201
000001bb
000000e7
00000111
000000c9
ffffffbd
00000057
00000141
00000175
00000141
000000ab
000000ab
00000121
fffffff1
fffffea5
fffffdfb
fffffe3d
fffffffd
fffffeed
fffffe7f
000000e9
000000b1
ffffffb1
00000019
00000093
00000201
00000017
ffffff41
ffffffe9
ffffff99
000000ff
000000f1
000000ed
ffffffe7
ffffff89
ffffff55
ffffff55
ffffffa4
000000d0
0000017a
00000034
ffffffa8
00000044
00000044
ffffffde
ffffffca
ffffffd0
ffffffea
00000016
00000060
00000038
00000094
00000116
0000009e
00000030
ffffffce
00000064
00000158
000001a0
000001ae
00000254
000001be
0000003c
ffffff94
00000098
0000008e
fffffeb0
fffffed0
ffffff10
fffffee8
fffffe44
fffffd84
fffffe24
ffffff3c
ffffffbc
ffffffbc
ffffff94
fffffe9c
fffffe98
ffffff08
fffffe3a
fffffcee
fffffd3a
ffffffd6
000000ac
ffffffe6
000000b2
000001b2
00000394
fffffebe
fffffaea
ffffff14
fffffe88
fffffc9a
fffffed6
ffffff42
ffffff94
00000098
00000054
00000044
00000044
00000165
000000ee
0000046f
0000046a
0000010c
00000104
00000104
ffffffde
ffffff86
ffffff24
ffffff56
0000004c
00000206
000001f8
000001c0
000001f8
00000124
ffffff88
ffffff4e
ffffff3c
ffffffb6
000000a0
00000056
000000d6
0000015c
000000b6
ffffffda
000001bc
000001ac
fffffd0e
fffff8a2
fffffb74
ffffff56
ffffffe6
ffffff08
ffffff2a
ffffff3c
fffffefc
fffffefc
ffffff52
ffffff0e
ffffff1e
ffffffc6
ffffffd2
00000020
ffffff94
00000302
00000644
0000056c
000002d0
000002b0
00000188
fffffea6
fffff576
fffffbae
000001f0
00000162
00000262
000003d4
000003be
00000296
0000012e
00000104
00000104
00000150
00000085
00000236
0000012a
ffffff18
fffffecf
fffffecf
fffffe69
fffffe65
fffffe69
fffffe63
fffffeb5
ffffff49
ffffff5d
ffffff41
fffffea1
fffffe0f
fffffe5b
fffffe71
fffffe6f
fffffe93
fffffe49
ffffff13
0000003b
0000016f
000002d5
000003d7
00000563
000004e3
0000034d
0000026f
000003fb
000003f9
000002dd
000002b5
00000291
000001cb
00000131
00000131
00000165
0000025b
000002e5
00000321
000003a7
00000473
00000517
0000066d
000006c7
000002a7
ffffffe3
fffffe8b
fffffda3
fffffcdb
fffffe3f
000003e5
0000083f
00000741
00000805
0000055b
00000237
ffffff59
fffffecb
fffffecf
fffffecf
fffffe7d
fffffd37
fffffd18
fffffce7
fffffe20
ffffffd5
ffffffd5
ffffff93
ffffff79
00000007
00000047
0000010b
0000019d
00000179
0000009b
ffffffab
fffffef1
ffffff35
ffffffc3
00000067
0000004b
00000039
000000eb
000001a3
0000019b
00000209
000001ad
ffffffd7
fffffcf9
fffffe4d
00000197
00000333
000002f7
0000029b
000002b5
000001d7
0000007f
0000002b
0000002b
ffffffef
ffffff53
ffffffd1
0000013f
0000034b
000003b9
0000036b
00000269
000000c5
ffffffb9
00000047
000000e5
ffffff9d
00000037
0000046f
0000040d
0000001b
0000008d
00000197
000000dd
ffffff4d
ffffff41
ffffff99
ffffffd5
ffffffd5
fffffff2
0000009a
0000009f
0000006c
0000002d
000000ad
000000ad
00000023
00000047
0000007b
000000d5
00000139
00000169
00000149
00000183
0000011d
00000015
ffffffcf
00000067
000000c1
00000177
00000199
00000155
000000ef
0000003d
0000001b
ffffffa3
fffffe0d
fffffca5
0000001f
00000277
00000461
0000058b
0000049f
00000333
000001cd
0000003b
ffffff53
ffffff53
ffffff4f
0000003d
00000241
00000395
000002f7
00000383
000001d7
00000145
000000c7
00000085
00000179
00000087
fffffe9f
ffffffaf
0000009d
00000179
00000125
00000051
000000b5
000000e9
000000bd
00000091
00000063
000000ad
000000ad
ffffffd7
0000003c
ffffff80
ffffffef
00000096
0000001d
0000001d
00000073
00000065
00000089
00000057
0000005f
00000011
00000017
ffffffef
00000059
0000007b
000000b3
0000007b
00000085
0000006b
0000004d
ffffff7b
fffffe83
fffffdf7
fffffd8d
fffffd23
fffffc67
fffffc33
fffffb3d
fffffaf3
fffffad5
fffffb9b
fffffd4d
fffffe51
ffffff69
ffffffd5
ffffffe3
ffffffe3
00000005
00000005
00000037
ffffffe3
0000004f
ffffff47
fffffeed
fffffec3
fffffe7d
ffffff83
ffffff93
000000a7
000000ad
ffffff85
ffffff1f
fffffd79
fffffbff
fffffd5b
fffffc9d
fffffe33
ffffffc1
000000c9
00000037
0000001d
0000001d
0000009b
0000004e
0000017d
00000101
ffffffae
ffffff8f
ffffff8f
ffffff27
fffffee1
ffffff2f
ffffff4b
ffffff5d
ffffffeb
00000073
ffffffd9
ffffff5b
fffffee7
fffffed1
ffffff05
fffffead
fffffe2b
fffffdfd
fffffd3b
fffffdff
ffffff3f
00000095
000001fb
000002f5
00000281
0000023b
00000217
000002f1
000002f7
000002a3
000001eb
00000157
000000f5
00000071
00000071
000000bd
000000b5
00000031
00000109
0000017f
000002ab
00000429
00000427
000003ab
00000107
ffffffe5
ffffff4d
fffffc77
fffffda7
fffffddb
ffffff07
000000fb
000000f5
00000297
000003e5
0000020f
00000053
00000003
ffffff8f
ffffff8f
fffffe2f
fffffe03
00000014
00000062
00000028
ffffff80
ffffff80
fffffea4
fffffe84
fffffe60
fffffeb6
ffffff08
ffffffba
ffffff36
ffffffca
ffffffc4
fffffef4
fffffe40
fffffe50
ffffff78
000000d2
00000128
000001d6
0000023c
000002c4
00000296
00000284
000001f4
ffffffc4
fffffeec
fffffdb4
fffffcec
fffffcec
fffffc90
fffffd50
fffffe5e
ffffffc4
00000080
00000080
0000012a
000001e0
00000172
0000015c
ffffff4c
fffffb9e
fffff966
fffffca0
000000a2
00000170
0000008c
0000000e
fffffff2
00000188
fffffff4
fffffffa
00000212
00000178
000001e6
00000270
0000020e
000000d8
ffffff72
ffffff80
ffffff80
ffffff20
ffffffbb
ffffffc2
ffffff70
ffffffac
ffffff68
ffffff68
fffffee8
fffffe80
fffffe9e
fffffefc
ffffff20
ffffffb6
0000003e
00000086
fffffff2
ffffff5a
fffffea2
fffffe96
ffffff3a
fffffefa
ffffff38
fffffe5a
fffffdda
fffffd94
fffffe26
fffffe1c
fffffe78
fffffe68
fffffdf8
ffffffa0
0000004a
000000b8
000000ec
000000f4
000000e2
000000c4
00000098
00000098
000000a8
ffffffd6
ffffff56
ffffffcc
ffffff90
00000080
000001c2
000001d0
0000018e
000000be
0000007e
000000a6
fffffe46
fffffe8c
0000000a
00000082
ffffff72
ffffffda
0000012e
000001a2
000000b8
0000003e
ffffffb8
ffffff68
ffffff68
ffffff32
fffffec6
00000212
000000b5
ffffff9e
ffffffe7
ffffffe7
000000ad
000000c7
000000d9
0000011f
000001dd
00000117
ffffffcf
ffffff9d
000000c3
000000ed
000000d5
000000af
0000006d
ffffffc1
fffffe27
fffffd59
fffffd1f
fffffc1f
fffffb85
fffffc77
0000000b
000002e3
00000309
000004a9
0000056f
000000df
ffffffa7
ffffff4b
fffffef7
ffffff41
00000019
00000019
000000b1
00000159
000001cd
000001e5
00000225
000002af
000003db
00000357
00000053
fffffd87
fffffd7b
fffffe81
fffffe7b
fffffcbb
fffffd7f
00000273
000003e7
0000025b
0000013f
000000d1
ffffff29
fffffe2b
ffffff85
ffffffe7
ffffffe7
ffffffaa
fffffe46
000001cd
0000018e
000001bc
00000170
00000170
0000020c
000001d8
000001f4
000001da
ffffffec
ffffff32
00000034
ffffffc6
ffffffea
00000036
00000150
000001b8
00000168
0000017a
0000005a
fffffeee
fffffc36
fffffc9e
fffffc6c
fffffc9e
fffffd0a
fffffe06
fffffe7a
ffffff4c
ffffffb6
ffffff14
ffffff98
ffffff3a
fffffec0
fffffe78
fffffe90
fffffe90
fffffea0
ffffff56
fffffff2
0000013a
000001bc
000002ea
00000308
00000328
000001ec
ffffffb8
ffffff98
fffffdb2
fffffdb0
fffffe1c
ffffff2c
00000020
000000ac
0000032e
000001fe
000001b8
000000d2
0000009e
00000102
00000170
00000170
ffffff8c
0000000c
ffffffec
ffffffb7
fffffe55
fffffecc
fffffecc
fffffe6c
fffffeac
fffffee8
fffffec8
fffffe7a
fffffe72
fffffe3a
fffffde0
fffffe0a
fffffeb4
fffffeba
fffffec8
ffffff2a
ffffff68
ffffffd6
0000002e
00000088
00000136
00000076
fffffee0
fffffd6a
fffffbea
fffff948
fffffb02
fffffef8
000000da
00000054
fffffffe
0000005c
00000166
00000134
00000134
00000140
00000050
ffffffd8
000000e0
00000156
000000b4
00000044
fffffdfa
fffffebc
fffffed6
fffffefc
fffffebc
fffffe5e
fffffdd8
fffffe4e
0000003a
00000356
fffffec2
fffffe8c
ffffff76
fffffeaa
fffffde4
fffffe64
fffffecc
fffffecc
fffffeb3
fffffe36
fffffe47
ffffffe4
00000003
ffffff1a
ffffff1a
fffffef8
fffffe80
fffffe48
fffffe84
fffffe6a
fffffe60
ffffff22
ffffff86
fffffed0
fffffe7e
fffffe5a
fffffe6a
fffffee6
ffffff12
ffffff5a
0000003a
00000060
00000022
0000004e
fffffedc
fffffe50
fffffcd8
fffffcea
fffffd76
fffffcfe
fffffe12
0000006e
000000ba
00000042
00000070
000000e6
000000e6
00000160
00000048
fffffeb2
fffffeb2
fffffef4
fffffe56
fffffefe
fffffef2
ffffff8c
ffffff3a
ffffff16
00000126
000000a2
0000036e
00000246
fffffe80
fffffe2c
000000da
fffffeea
ffffff3e
ffffff88
ffffffc6
ffffff5a
ffffff1a
ffffff1a
ffffff7b
00000013
00000442
00000302
000000ed
ffffffc6
ffffffc6
ffffff6a
fffffeba
fffffe46
fffffe2a
fffffe4e
ffffff10
fffffffa
0000008e
00000088
ffffff72
fffffeca
fffffe6a
fffffe30
fffffdc6
fffffda4
fffffcc6
fffffc1e
fffffc40
fffffc4c
fffffcd0
fffffbdc
fffff97c
fffff980
fffffb22
fffffcf2
fffffed0
fffffe92
fffffe32
fffffe6e
ffffff3c
0000003a
0000003a
00000112
000001f6
00000252
000003b8
000004c0
00000422
000005e6
000005f4
00000462
00000306
000000e8
fffffed0
fffff956
fffff920
fffffc20
fffffe50
0000025e
00000446
0000029e
0000026c
00000162
00000070
fffffff8
ffffffc6
ffffffc6
fffffcbc
fffffb6f
00000364
000000da
ffffffae
ffffff9f
ffffff9f
ffffff23
fffffec3
fffffedf
fffffee7
fffffef3
fffffe83
fffffe9d
ffffffcb
0000003f
000000b3
ffffff85
fffffe9b
ffffffb5
ffffff51
fffffe45
fffffea1
fffffe9b
fffffcbd
fffffb7d
fffffcef
fffffbd9
fffff987
fffffb03
ffffff57
00000407
000001ed
fffffebd
ffffff0d
ffffff03
ffffff87
00000061
00000061
00000015
00000145
00000231
00000391
0000044d
00000077
0000023d
00000427
0000016d
fffffeef
fffffe6b
0000009d
fffffaab
fffff4f3
fffffed9
0000016f
0000031f
00000059
00000313
0000030b
0000018f
0000003d
0000002f
ffffff9f
ffffff9f
fffffe76
fffffa97
fffffe70
ffffffc7
00000018
00000115
00000115
000000db
00000123
000000c7
00000057
00000037
000000a3
00000027
ffffffe9
000000e3
00000131
00000121
0000011b
000000d1
000000b5
0000013f
000001f9
00000267
00000317
00000399
000003fd
00000559
000005b5
000005df
0000043f
fffffec7
fffffda1
fffffeff
fffffed7
ffffff1f
ffffffe5
fffffeeb
fffffeeb
fffffe8b
fffffe1d
fffffe87
fffffeef
fffffdab
fffffb9f
fffff9a7
fffff9f3
fffffc3b
fffffef3
0000015f
00000143
00000561
0000054f
000002d1
00000121
fffffbe1
fffffc53
fffffe0d
fffffccf
fffffe21
0000012f
00000105
00000115
00000115
000002f4
000003c5
ffffffd5
00000000
0000006c
ffffffcf
ffffffcf
00000073
00000045
ffffffa7
ffffff25
fffffed7
fffffe55
ffffff15
ffffff9f
ffffffe1
0000006b
000000af
fffffffb
fffffee3
fffffd7d
fffffd4f
fffffd11
fffffcd1
fffffd71
fffffed1
ffffff3b
fffffec1
fffffe2f
ffffff4b
000000a5
0000023d
00000413
0000042d
00000337
00000273
000000e9
00000031
00000031
0000003b
000000a9
000001a3
00000369
00000555
000007df
000007e1
0000059d
00000315
0000016d
0000001f
000000bd
ffffff7d
ffffffed
00000235
0000025b
00000237
000002ad
000000ad
ffffffe1
00000131
00000165
00000019
ffffffcf
ffffffcf
ffffff87
ffffffab
00000013
ffffffd9
ffffffe5
ffffff87
ffffff87
ffffff25
fffffed1
fffffe87
fffffe73
fffffe59
fffffe6d
fffffeff
ffffffe5
ffffffc7
ffffff69
fffffed1
fffffea3
fffffe71
fffffe55
fffffe61
fffffe4b
fffffe3f
fffffd9b
fffffef9
ffffff33
fffffeeb
ffffff0d
fffffc51
fffffa65
fffff881
fffff9df
fffffb15
fffffc57
fffffe3b
ffffffbf
00000079
00000079
0000000d
ffffffc5
fffffef1
fffffe43
fffffdc5
fffffbbd
fffffb9d
fffffd73
fffffe55
00000041
000000af
ffffffb3
ffffffdb
fffffdd1
fffffccd
fffffd25
fffffcaf
fffffc75
fffffdf5
fffffd97
fffffe85
ffffff3f
ffffffa9
ffffff87
ffffff87
00000038
ffffff99
fffffeb1
fffffe62
ffffffa9
ffffffc0
ffffffc0
fffffea8
fffffe7e
fffffe60
fffffe54
fffffea8
00000022
000000a6
fffffff6
fffffebe
fffffdb4
fffffe28
fffffe68
fffffe56
fffffe44
fffffeb0
fffffe28
ffffffb4
00000318
00000450
0000034e
ffffff50
fffffbcc
fffffcb6
fffffb8c
fffffbdc
fffffaa8
fffffb88
fffffc22
fffffda8
ffffff6a
00000040
00000040
000000da
00000092
ffffff56
fffffde6
fffffbda
fffffa7c
fffff968
fffff8dc
fffff9dc
fffffc68
ffffffb8
fffffe9e
fffffcd4
000001da
0000009a
fffffed0
fffff8f6
fffff8ca
fffff980
fffffa34
fffffc04
ffffff4c
ffffffd6
ffffffc0
ffffffc0
fffffe41
ffffffa3
fffffee1
fffffd0d
fffffece
ffffffbb
ffffffbb
00000061
00000097
00000069
00000089
ffffff89
fffffed3
ffffff5b
0000008b
0000005d
ffffffdd
00000075
0000009f
000000bf
000000ad
00000197
00000259
00000193
00000025
0000004f
0000025d
0000019d
ffffffd7
fffffff7
000003e5
00000291
000000cb
ffffff95
000000f7
00000173
000000cf
00000045
00000045
0000007f
000000f3
00000117
0000004b
0000008f
000001af
00000257
ffffffcb
fffffeeb
fffffe35
ffffffd9
ffffffc7
fffffdd5
fffffea7
000005b9
000006cf
ffffff5b
000000c1
00000249
000000c5
ffffff43
ffffffcd
ffffffbf
ffffffbb
ffffffbb
fffffe94
fffffe60
