split,noise_file,start_sample,length_samples
train,exercise_bike.wav,933360,16000
train,white_noise.wav,557032,16000
train,white_noise.wav,440242,16000
train,pink_noise.wav,377348,16000
train,dude_miaowing.wav,593593,16000
train,dude_miaowing.wav,751315,16000
train,dude_miaowing.wav,51837,16000
train,running_tap.wav,153202,16000
train,exercise_bike.wav,121739,16000
train,dude_miaowing.wav,946843,16000
train,running_tap.wav,384274,16000
train,exercise_bike.wav,406227,16000
train,dude_miaowing.wav,592391,16000
train,white_noise.wav,450899,16000
train,running_tap.wav,621437,16000
train,pink_noise.wav,372184,16000
train,white_noise.wav,115464,16000
train,running_tap.wav,409303,16000
train,running_tap.wav,942977,16000
train,dude_miaowing.wav,753951,16000
train,pink_noise.wav,925701,16000
train,exercise_bike.wav,244410,16000
train,exercise_bike.wav,107433,16000
train,running_tap.wav,695512,16000
train,dude_miaowing.wav,573532,16000
train,white_noise.wav,397121,16000
train,doing_the_dishes.wav,631518,16000
train,doing_the_dishes.wav,348239,16000
train,white_noise.wav,480797,16000
train,dude_miaowing.wav,270416,16000
train,running_tap.wav,534771,16000
train,doing_the_dishes.wav,471814,16000
train,exercise_bike.wav,889582,16000
train,doing_the_dishes.wav,922818,16000
train,dude_miaowing.wav,101374,16000
train,doing_the_dishes.wav,966819,16000
train,dude_miaowing.wav,462746,16000
train,white_noise.wav,373910,16000
train,white_noise.wav,895257,16000
train,dude_miaowing.wav,87984,16000
train,pink_noise.wav,384734,16000
train,exercise_bike.wav,211070,16000
train,dude_miaowing.wav,416424,16000
train,doing_the_dishes.wav,423059,16000
train,exercise_bike.wav,712258,16000
train,white_noise.wav,271562,16000
train,white_noise.wav,72757,16000
train,doing_the_dishes.wav,233309,16000
train,running_tap.wav,324568,16000
train,running_tap.wav,239618,16000
train,pink_noise.wav,85118,16000
train,dude_miaowing.wav,503541,16000
train,dude_miaowing.wav,649840,16000
train,dude_miaowing.wav,217372,16000
train,exercise_bike.wav,478424,16000
train,dude_miaowing.wav,798462,16000
train,pink_noise.wav,941831,16000
train,exercise_bike.wav,525477,16000
train,doing_the_dishes.wav,1362094,16000
train,exercise_bike.wav,197767,16000
train,dude_miaowing.wav,116643,16000
train,dude_miaowing.wav,880813,16000
train,doing_the_dishes.wav,702018,16000
train,white_noise.wav,411569,16000
train,doing_the_dishes.wav,1279016,16000
train,running_tap.wav,36867,16000
train,white_noise.wav,178205,16000
train,dude_miaowing.wav,6696,16000
train,pink_noise.wav,260703,16000
train,running_tap.wav,846520,16000
train,white_noise.wav,939622,16000
train,white_noise.wav,71442,16000
train,exercise_bike.wav,875810,16000
train,exercise_bike.wav,613563,16000
train,pink_noise.wav,79843,16000
train,running_tap.wav,490194,16000
train,white_noise.wav,745232,16000
train,white_noise.wav,396036,16000
train,pink_noise.wav,171432,16000
train,exercise_bike.wav,27059,16000
train,exercise_bike.wav,958698,16000
train,pink_noise.wav,93301,16000
train,dude_miaowing.wav,188820,16000
train,dude_miaowing.wav,598569,16000
train,white_noise.wav,238787,16000
train,dude_miaowing.wav,706953,16000
train,running_tap.wav,272083,16000
train,exercise_bike.wav,310714,16000
train,doing_the_dishes.wav,170679,16000
train,dude_miaowing.wav,74053,16000
train,running_tap.wav,676689,16000
train,doing_the_dishes.wav,667742,16000
train,doing_the_dishes.wav,650505,16000
train,dude_miaowing.wav,219823,16000
train,pink_noise.wav,813643,16000
train,white_noise.wav,925997,16000
train,doing_the_dishes.wav,937543,16000
train,pink_noise.wav,438478,16000
train,exercise_bike.wav,716503,16000
train,exercise_bike.wav,823999,16000
train,exercise_bike.wav,49323,16000
train,doing_the_dishes.wav,650963,16000
train,pink_noise.wav,649689,16000
train,exercise_bike.wav,747187,16000
train,running_tap.wav,884761,16000
train,dude_miaowing.wav,256575,16000
train,exercise_bike.wav,721596,16000
train,dude_miaowing.wav,880024,16000
train,running_tap.wav,874891,16000
train,white_noise.wav,731340,16000
train,white_noise.wav,832869,16000
train,pink_noise.wav,67006,16000
train,exercise_bike.wav,503063,16000
train,dude_miaowing.wav,411815,16000
train,dude_miaowing.wav,144476,16000
train,exercise_bike.wav,595532,16000
train,running_tap.wav,361374,16000
train,doing_the_dishes.wav,552529,16000
train,dude_miaowing.wav,941213,16000
train,exercise_bike.wav,314302,16000
train,doing_the_dishes.wav,1075357,16000
train,white_noise.wav,132917,16000
train,exercise_bike.wav,136211,16000
train,dude_miaowing.wav,259538,16000
train,running_tap.wav,261515,16000
train,pink_noise.wav,477148,16000
train,dude_miaowing.wav,371639,16000
train,exercise_bike.wav,387034,16000
train,exercise_bike.wav,708750,16000
train,dude_miaowing.wav,52523,16000
train,doing_the_dishes.wav,502992,16000
train,running_tap.wav,275005,16000
train,dude_miaowing.wav,540368,16000
train,exercise_bike.wav,386752,16000
train,exercise_bike.wav,811455,16000
train,doing_the_dishes.wav,1041126,16000
train,white_noise.wav,419284,16000
train,white_noise.wav,503572,16000
train,doing_the_dishes.wav,1503563,16000
train,running_tap.wav,406716,16000
train,dude_miaowing.wav,94670,16000
train,exercise_bike.wav,660268,16000
train,doing_the_dishes.wav,269267,16000
train,white_noise.wav,799307,16000
train,pink_noise.wav,632080,16000
train,doing_the_dishes.wav,1052449,16000
train,running_tap.wav,399414,16000
train,dude_miaowing.wav,692722,16000
train,exercise_bike.wav,41839,16000
train,exercise_bike.wav,906206,16000
train,exercise_bike.wav,644504,16000
train,pink_noise.wav,557310,16000
train,white_noise.wav,739020,16000
train,exercise_bike.wav,612067,16000
train,exercise_bike.wav,677147,16000
train,pink_noise.wav,902861,16000
train,white_noise.wav,296195,16000
train,pink_noise.wav,326107,16000
train,doing_the_dishes.wav,744117,16000
train,white_noise.wav,139785,16000
train,pink_noise.wav,772766,16000
train,dude_miaowing.wav,576114,16000
train,doing_the_dishes.wav,808131,16000
train,running_tap.wav,712750,16000
train,pink_noise.wav,447347,16000
train,dude_miaowing.wav,881389,16000
train,doing_the_dishes.wav,253535,16000
train,doing_the_dishes.wav,776977,16000
train,running_tap.wav,587891,16000
train,doing_the_dishes.wav,806879,16000
train,running_tap.wav,198542,16000
train,pink_noise.wav,468812,16000
train,running_tap.wav,783301,16000
train,running_tap.wav,646754,16000
train,running_tap.wav,136104,16000
train,doing_the_dishes.wav,1429660,16000
train,dude_miaowing.wav,917493,16000
train,white_noise.wav,743381,16000
train,pink_noise.wav,592155,16000
train,white_noise.wav,885007,16000
train,pink_noise.wav,550312,16000
train,white_noise.wav,873210,16000
train,doing_the_dishes.wav,1180611,16000
train,pink_noise.wav,347504,16000
train,dude_miaowing.wav,251462,16000
train,exercise_bike.wav,614604,16000
train,pink_noise.wav,914662,16000
train,pink_noise.wav,677484,16000
train,dude_miaowing.wav,344382,16000
train,pink_noise.wav,52997,16000
train,white_noise.wav,310907,16000
train,pink_noise.wav,660989,16000
train,dude_miaowing.wav,498028,16000
train,doing_the_dishes.wav,1314056,16000
train,dude_miaowing.wav,605231,16000
train,pink_noise.wav,465580,16000
train,doing_the_dishes.wav,717065,16000
train,exercise_bike.wav,658665,16000
train,pink_noise.wav,344736,16000
train,doing_the_dishes.wav,1150130,16000
train,pink_noise.wav,290415,16000
train,doing_the_dishes.wav,1110050,16000
train,pink_noise.wav,32606,16000
train,running_tap.wav,231255,16000
train,pink_noise.wav,329673,16000
train,dude_miaowing.wav,259612,16000
train,running_tap.wav,17693,16000
train,pink_noise.wav,231195,16000
train,pink_noise.wav,75120,16000
train,doing_the_dishes.wav,1154418,16000
train,white_noise.wav,155336,16000
train,white_noise.wav,137357,16000
train,running_tap.wav,738401,16000
train,exercise_bike.wav,514760,16000
train,dude_miaowing.wav,396476,16000
train,pink_noise.wav,856992,16000
train,white_noise.wav,730436,16000
train,white_noise.wav,319906,16000
train,running_tap.wav,307406,16000
train,doing_the_dishes.wav,477996,16000
train,pink_noise.wav,790437,16000
train,exercise_bike.wav,115873,16000
train,running_tap.wav,901432,16000
train,dude_miaowing.wav,578217,16000
train,dude_miaowing.wav,606764,16000
train,running_tap.wav,366250,16000
train,white_noise.wav,544426,16000
train,exercise_bike.wav,212703,16000
train,dude_miaowing.wav,11238,16000
train,pink_noise.wav,258645,16000
train,pink_noise.wav,471440,16000
train,running_tap.wav,151983,16000
train,running_tap.wav,36820,16000
train,white_noise.wav,394122,16000
train,exercise_bike.wav,115594,16000
train,white_noise.wav,717289,16000
train,pink_noise.wav,524228,16000
train,exercise_bike.wav,937261,16000
train,doing_the_dishes.wav,1408640,16000
train,exercise_bike.wav,535737,16000
train,white_noise.wav,594733,16000
train,white_noise.wav,859928,16000
train,white_noise.wav,12057,16000
train,pink_noise.wav,342229,16000
train,white_noise.wav,501024,16000
train,running_tap.wav,388613,16000
train,doing_the_dishes.wav,572372,16000
train,dude_miaowing.wav,931271,16000
train,pink_noise.wav,132970,16000
train,white_noise.wav,439122,16000
train,dude_miaowing.wav,866518,16000
train,white_noise.wav,223867,16000
train,pink_noise.wav,920120,16000
train,running_tap.wav,330128,16000
train,dude_miaowing.wav,670291,16000
train,exercise_bike.wav,374894,16000
train,dude_miaowing.wav,496714,16000
train,pink_noise.wav,495979,16000
train,white_noise.wav,366241,16000
train,pink_noise.wav,162666,16000
train,pink_noise.wav,15800,16000
train,doing_the_dishes.wav,1158903,16000
train,exercise_bike.wav,151940,16000
train,white_noise.wav,739111,16000
train,running_tap.wav,675573,16000
train,doing_the_dishes.wav,1132182,16000
train,exercise_bike.wav,242426,16000
train,white_noise.wav,368680,16000
train,dude_miaowing.wav,93664,16000
train,pink_noise.wav,93712,16000
train,running_tap.wav,137957,16000
train,running_tap.wav,822206,16000
train,running_tap.wav,419024,16000
train,pink_noise.wav,367889,16000
train,white_noise.wav,69601,16000
train,white_noise.wav,908473,16000
train,exercise_bike.wav,414864,16000
train,pink_noise.wav,385114,16000
train,exercise_bike.wav,280380,16000
train,white_noise.wav,3735,16000
train,doing_the_dishes.wav,523608,16000
train,white_noise.wav,738497,16000
train,exercise_bike.wav,635873,16000
train,running_tap.wav,675373,16000
train,pink_noise.wav,899463,16000
train,white_noise.wav,932702,16000
train,running_tap.wav,446473,16000
train,pink_noise.wav,360807,16000
train,dude_miaowing.wav,318857,16000
train,exercise_bike.wav,772970,16000
train,dude_miaowing.wav,864148,16000
train,white_noise.wav,918546,16000
train,dude_miaowing.wav,546794,16000
train,pink_noise.wav,528017,16000
train,white_noise.wav,576519,16000
train,exercise_bike.wav,247361,16000
train,white_noise.wav,254833,16000
train,white_noise.wav,479037,16000
train,pink_noise.wav,791664,16000
train,doing_the_dishes.wav,621464,16000
train,pink_noise.wav,867258,16000
train,running_tap.wav,226451,16000
train,white_noise.wav,707544,16000
train,running_tap.wav,480873,16000
train,dude_miaowing.wav,946879,16000
train,dude_miaowing.wav,688687,16000
train,exercise_bike.wav,138334,16000
train,running_tap.wav,272902,16000
train,pink_noise.wav,899581,16000
train,exercise_bike.wav,282784,16000
train,pink_noise.wav,652375,16000
train,running_tap.wav,354977,16000
train,exercise_bike.wav,942993,16000
train,running_tap.wav,880763,16000
train,doing_the_dishes.wav,273843,16000
train,pink_noise.wav,516274,16000
train,running_tap.wav,670351,16000
train,exercise_bike.wav,87474,16000
train,exercise_bike.wav,318226,16000
train,pink_noise.wav,766646,16000
train,exercise_bike.wav,781010,16000
train,white_noise.wav,714809,16000
train,white_noise.wav,43723,16000
train,pink_noise.wav,547327,16000
train,dude_miaowing.wav,471129,16000
train,exercise_bike.wav,715864,16000
train,dude_miaowing.wav,941863,16000
train,exercise_bike.wav,217128,16000
train,running_tap.wav,257456,16000
train,white_noise.wav,872774,16000
train,dude_miaowing.wav,187424,16000
train,pink_noise.wav,299013,16000
train,doing_the_dishes.wav,254604,16000
train,white_noise.wav,332219,16000
train,pink_noise.wav,880059,16000
train,dude_miaowing.wav,720367,16000
train,running_tap.wav,917585,16000
train,exercise_bike.wav,495121,16000
train,doing_the_dishes.wav,146412,16000
train,exercise_bike.wav,356833,16000
train,white_noise.wav,16564,16000
train,dude_miaowing.wav,56984,16000
train,doing_the_dishes.wav,162123,16000
train,white_noise.wav,224381,16000
train,running_tap.wav,637611,16000
train,pink_noise.wav,573507,16000
train,exercise_bike.wav,564717,16000
train,pink_noise.wav,303113,16000
train,white_noise.wav,178831,16000
train,pink_noise.wav,128586,16000
train,dude_miaowing.wav,369648,16000
train,exercise_bike.wav,536047,16000
train,doing_the_dishes.wav,669360,16000
train,dude_miaowing.wav,296206,16000
train,running_tap.wav,338383,16000
train,exercise_bike.wav,314214,16000
train,dude_miaowing.wav,328425,16000
train,dude_miaowing.wav,828043,16000
train,dude_miaowing.wav,403310,16000
train,exercise_bike.wav,313305,16000
train,doing_the_dishes.wav,1368519,16000
train,exercise_bike.wav,949481,16000
train,exercise_bike.wav,232444,16000
train,pink_noise.wav,672409,16000
train,doing_the_dishes.wav,1468283,16000
train,doing_the_dishes.wav,1223107,16000
train,dude_miaowing.wav,509630,16000
train,running_tap.wav,301659,16000
train,dude_miaowing.wav,755381,16000
train,dude_miaowing.wav,273268,16000
train,white_noise.wav,406182,16000
train,exercise_bike.wav,520581,16000
train,dude_miaowing.wav,560895,16000
train,running_tap.wav,878200,16000
train,pink_noise.wav,388850,16000
train,running_tap.wav,557887,16000
train,running_tap.wav,851961,16000
train,exercise_bike.wav,454561,16000
train,running_tap.wav,340175,16000
train,doing_the_dishes.wav,358807,16000
train,white_noise.wav,253137,16000
train,pink_noise.wav,823260,16000
train,doing_the_dishes.wav,596079,16000
train,exercise_bike.wav,724736,16000
train,white_noise.wav,101173,16000
train,pink_noise.wav,404771,16000
train,running_tap.wav,668569,16000
train,dude_miaowing.wav,80032,16000
train,pink_noise.wav,846922,16000
train,running_tap.wav,56482,16000
train,running_tap.wav,937687,16000
train,exercise_bike.wav,307751,16000
train,white_noise.wav,746778,16000
train,running_tap.wav,467507,16000
train,exercise_bike.wav,914202,16000
train,exercise_bike.wav,176193,16000
train,white_noise.wav,681880,16000
train,white_noise.wav,308836,16000
train,exercise_bike.wav,206052,16000
train,dude_miaowing.wav,636913,16000
train,white_noise.wav,42682,16000
train,dude_miaowing.wav,618585,16000
train,running_tap.wav,229404,16000
train,white_noise.wav,564340,16000
train,pink_noise.wav,446252,16000
train,white_noise.wav,790061,16000
train,doing_the_dishes.wav,197428,16000
train,white_noise.wav,35839,16000
train,pink_noise.wav,933912,16000
train,running_tap.wav,178606,16000
train,dude_miaowing.wav,579672,16000
train,running_tap.wav,746808,16000
train,running_tap.wav,452737,16000
train,exercise_bike.wav,198545,16000
train,white_noise.wav,583667,16000
train,exercise_bike.wav,5304,16000
train,dude_miaowing.wav,755737,16000
train,exercise_bike.wav,707766,16000
train,exercise_bike.wav,36553,16000
train,exercise_bike.wav,513571,16000
train,pink_noise.wav,774879,16000
train,exercise_bike.wav,804772,16000
train,white_noise.wav,361591,16000
train,exercise_bike.wav,703395,16000
train,running_tap.wav,362385,16000
train,doing_the_dishes.wav,1392041,16000
train,dude_miaowing.wav,81009,16000
train,dude_miaowing.wav,111607,16000
train,exercise_bike.wav,173192,16000
train,exercise_bike.wav,217882,16000
train,doing_the_dishes.wav,41309,16000
train,doing_the_dishes.wav,49942,16000
train,white_noise.wav,629589,16000
train,white_noise.wav,640644,16000
train,white_noise.wav,479832,16000
train,dude_miaowing.wav,661080,16000
train,exercise_bike.wav,707163,16000
train,dude_miaowing.wav,166534,16000
train,exercise_bike.wav,663343,16000
train,running_tap.wav,929578,16000
train,white_noise.wav,371319,16000
train,white_noise.wav,909911,16000
train,exercise_bike.wav,875079,16000
train,pink_noise.wav,516041,16000
train,dude_miaowing.wav,194179,16000
train,running_tap.wav,29396,16000
train,white_noise.wav,343943,16000
train,pink_noise.wav,940975,16000
train,dude_miaowing.wav,646780,16000
train,dude_miaowing.wav,214601,16000
train,exercise_bike.wav,597586,16000
train,pink_noise.wav,672794,16000
train,running_tap.wav,896547,16000
train,dude_miaowing.wav,146405,16000
train,doing_the_dishes.wav,1014380,16000
train,doing_the_dishes.wav,847338,16000
train,pink_noise.wav,811031,16000
train,dude_miaowing.wav,242103,16000
train,dude_miaowing.wav,546369,16000
train,doing_the_dishes.wav,248958,16000
train,exercise_bike.wav,809108,16000
train,white_noise.wav,528709,16000
train,doing_the_dishes.wav,368701,16000
train,dude_miaowing.wav,91731,16000
train,white_noise.wav,216485,16000
train,dude_miaowing.wav,731010,16000
train,pink_noise.wav,553465,16000
train,doing_the_dishes.wav,697770,16000
train,doing_the_dishes.wav,25340,16000
train,exercise_bike.wav,852188,16000
train,pink_noise.wav,66737,16000
train,doing_the_dishes.wav,672223,16000
train,doing_the_dishes.wav,1277277,16000
train,doing_the_dishes.wav,379019,16000
train,exercise_bike.wav,926316,16000
train,doing_the_dishes.wav,758244,16000
train,running_tap.wav,410523,16000
train,white_noise.wav,746555,16000
train,pink_noise.wav,404696,16000
train,dude_miaowing.wav,349606,16000
train,pink_noise.wav,451596,16000
train,exercise_bike.wav,848644,16000
train,doing_the_dishes.wav,327111,16000
train,doing_the_dishes.wav,161411,16000
train,white_noise.wav,270978,16000
train,dude_miaowing.wav,98149,16000
train,pink_noise.wav,6377,16000
train,doing_the_dishes.wav,769993,16000
train,dude_miaowing.wav,96957,16000
train,dude_miaowing.wav,819832,16000
train,white_noise.wav,91793,16000
train,white_noise.wav,356499,16000
train,dude_miaowing.wav,693829,16000
train,white_noise.wav,266013,16000
train,running_tap.wav,521457,16000
train,white_noise.wav,154947,16000
train,running_tap.wav,707865,16000
train,dude_miaowing.wav,594058,16000
train,pink_noise.wav,449795,16000
train,doing_the_dishes.wav,1468912,16000
train,dude_miaowing.wav,891673,16000
train,white_noise.wav,158670,16000
train,exercise_bike.wav,912066,16000
train,exercise_bike.wav,129907,16000
train,running_tap.wav,457631,16000
train,dude_miaowing.wav,503651,16000
train,pink_noise.wav,393981,16000
train,doing_the_dishes.wav,1283929,16000
train,running_tap.wav,98821,16000
train,white_noise.wav,715091,16000
train,white_noise.wav,362648,16000
train,white_noise.wav,728926,16000
train,white_noise.wav,409215,16000
train,dude_miaowing.wav,381594,16000
train,running_tap.wav,481546,16000
train,pink_noise.wav,203353,16000
train,dude_miaowing.wav,901277,16000
train,white_noise.wav,481684,16000
train,exercise_bike.wav,408160,16000
train,running_tap.wav,452151,16000
train,doing_the_dishes.wav,225906,16000
train,dude_miaowing.wav,257147,16000
train,doing_the_dishes.wav,972601,16000
train,pink_noise.wav,570575,16000
train,white_noise.wav,173857,16000
train,white_noise.wav,589362,16000
train,doing_the_dishes.wav,1209524,16000
train,running_tap.wav,84230,16000
train,white_noise.wav,37536,16000
train,exercise_bike.wav,260706,16000
train,doing_the_dishes.wav,1119928,16000
train,running_tap.wav,564662,16000
train,dude_miaowing.wav,25166,16000
train,doing_the_dishes.wav,1220590,16000
train,dude_miaowing.wav,39097,16000
train,doing_the_dishes.wav,1007618,16000
train,white_noise.wav,747455,16000
train,exercise_bike.wav,210541,16000
train,pink_noise.wav,842593,16000
train,dude_miaowing.wav,175611,16000
train,exercise_bike.wav,851634,16000
train,exercise_bike.wav,942331,16000
train,white_noise.wav,772380,16000
train,exercise_bike.wav,666702,16000
train,pink_noise.wav,350689,16000
train,exercise_bike.wav,338023,16000
train,exercise_bike.wav,799204,16000
train,white_noise.wav,457058,16000
train,dude_miaowing.wav,712658,16000
train,doing_the_dishes.wav,693737,16000
train,doing_the_dishes.wav,749317,16000
train,doing_the_dishes.wav,525272,16000
train,dude_miaowing.wav,337163,16000
train,pink_noise.wav,324244,16000
train,white_noise.wav,84502,16000
train,doing_the_dishes.wav,601005,16000
train,white_noise.wav,65994,16000
train,pink_noise.wav,189303,16000
train,pink_noise.wav,764728,16000
train,pink_noise.wav,173278,16000
train,running_tap.wav,94320,16000
train,dude_miaowing.wav,854805,16000
train,running_tap.wav,715076,16000
train,doing_the_dishes.wav,1057343,16000
train,doing_the_dishes.wav,1094965,16000
train,pink_noise.wav,233496,16000
train,white_noise.wav,720513,16000
train,doing_the_dishes.wav,429783,16000
train,running_tap.wav,80843,16000
train,dude_miaowing.wav,831323,16000
train,dude_miaowing.wav,492332,16000
train,dude_miaowing.wav,430131,16000
train,white_noise.wav,369090,16000
train,dude_miaowing.wav,504403,16000
train,doing_the_dishes.wav,215906,16000
train,doing_the_dishes.wav,1395720,16000
train,white_noise.wav,659823,16000
train,doing_the_dishes.wav,565364,16000
train,doing_the_dishes.wav,1123421,16000
train,running_tap.wav,439492,16000
train,white_noise.wav,727449,16000
train,pink_noise.wav,465013,16000
train,doing_the_dishes.wav,189969,16000
train,white_noise.wav,383896,16000
train,dude_miaowing.wav,576584,16000
train,pink_noise.wav,874463,16000
train,white_noise.wav,663934,16000
train,pink_noise.wav,503841,16000
train,exercise_bike.wav,757989,16000
train,white_noise.wav,686656,16000
train,exercise_bike.wav,355665,16000
train,dude_miaowing.wav,415874,16000
train,exercise_bike.wav,793735,16000
train,doing_the_dishes.wav,324489,16000
train,doing_the_dishes.wav,1121368,16000
train,pink_noise.wav,507953,16000
train,dude_miaowing.wav,868630,16000
train,running_tap.wav,944887,16000
train,doing_the_dishes.wav,1333641,16000
train,doing_the_dishes.wav,1033847,16000
train,dude_miaowing.wav,508839,16000
train,pink_noise.wav,748376,16000
train,running_tap.wav,2008,16000
train,dude_miaowing.wav,807549,16000
train,dude_miaowing.wav,333206,16000
train,dude_miaowing.wav,253771,16000
train,dude_miaowing.wav,773508,16000
train,exercise_bike.wav,515765,16000
train,pink_noise.wav,644209,16000
train,exercise_bike.wav,43810,16000
train,pink_noise.wav,671275,16000
train,dude_miaowing.wav,966735,16000
train,pink_noise.wav,483273,16000
train,white_noise.wav,619778,16000
train,exercise_bike.wav,453002,16000
train,doing_the_dishes.wav,47166,16000
train,white_noise.wav,904903,16000
train,dude_miaowing.wav,132677,16000
train,white_noise.wav,78284,16000
train,dude_miaowing.wav,276639,16000
train,dude_miaowing.wav,660843,16000
train,dude_miaowing.wav,712314,16000
train,doing_the_dishes.wav,910233,16000
train,dude_miaowing.wav,396901,16000
train,exercise_bike.wav,156499,16000
train,white_noise.wav,809903,16000
train,doing_the_dishes.wav,1460350,16000
train,white_noise.wav,883404,16000
train,exercise_bike.wav,335075,16000
train,white_noise.wav,925403,16000
train,exercise_bike.wav,251392,16000
train,pink_noise.wav,723421,16000
train,dude_miaowing.wav,360137,16000
train,doing_the_dishes.wav,1004262,16000
train,white_noise.wav,574052,16000
train,doing_the_dishes.wav,1014495,16000
train,pink_noise.wav,59986,16000
train,white_noise.wav,756091,16000
train,dude_miaowing.wav,78981,16000
train,running_tap.wav,536382,16000
train,doing_the_dishes.wav,689423,16000
train,exercise_bike.wav,12099,16000
train,running_tap.wav,539061,16000
train,pink_noise.wav,491832,16000
train,exercise_bike.wav,254908,16000
train,pink_noise.wav,537972,16000
train,running_tap.wav,635405,16000
train,running_tap.wav,173977,16000
train,pink_noise.wav,60223,16000
train,dude_miaowing.wav,458572,16000
train,pink_noise.wav,37877,16000
train,doing_the_dishes.wav,115114,16000
train,white_noise.wav,163044,16000
train,doing_the_dishes.wav,883829,16000
train,doing_the_dishes.wav,402147,16000
train,doing_the_dishes.wav,201952,16000
train,pink_noise.wav,930276,16000
train,pink_noise.wav,554901,16000
train,pink_noise.wav,62098,16000
train,dude_miaowing.wav,412140,16000
train,white_noise.wav,587195,16000
train,pink_noise.wav,935485,16000
train,pink_noise.wav,512596,16000
train,dude_miaowing.wav,259927,16000
train,dude_miaowing.wav,908311,16000
train,pink_noise.wav,433277,16000
train,doing_the_dishes.wav,127811,16000
train,doing_the_dishes.wav,1266892,16000
train,exercise_bike.wav,481692,16000
train,white_noise.wav,332164,16000
train,dude_miaowing.wav,294994,16000
train,exercise_bike.wav,431719,16000
train,doing_the_dishes.wav,1199916,16000
train,pink_noise.wav,106270,16000
train,doing_the_dishes.wav,393063,16000
train,pink_noise.wav,540493,16000
train,exercise_bike.wav,413851,16000
train,exercise_bike.wav,467593,16000
train,exercise_bike.wav,222802,16000
train,white_noise.wav,143336,16000
train,pink_noise.wav,66068,16000
train,white_noise.wav,673082,16000
train,exercise_bike.wav,934066,16000
train,doing_the_dishes.wav,498666,16000
train,exercise_bike.wav,417541,16000
train,pink_noise.wav,916765,16000
train,exercise_bike.wav,234077,16000
train,pink_noise.wav,728595,16000
train,pink_noise.wav,162342,16000
train,exercise_bike.wav,569182,16000
train,doing_the_dishes.wav,812845,16000
train,running_tap.wav,678017,16000
train,dude_miaowing.wav,268885,16000
train,pink_noise.wav,392523,16000
train,running_tap.wav,825164,16000
train,pink_noise.wav,413207,16000
train,dude_miaowing.wav,949868,16000
train,white_noise.wav,213109,16000
train,pink_noise.wav,551171,16000
train,white_noise.wav,688118,16000
train,pink_noise.wav,680650,16000
train,white_noise.wav,891888,16000
train,white_noise.wav,836418,16000
train,dude_miaowing.wav,794408,16000
train,pink_noise.wav,274437,16000
train,pink_noise.wav,239486,16000
train,running_tap.wav,803647,16000
train,running_tap.wav,307251,16000
train,doing_the_dishes.wav,412011,16000
train,white_noise.wav,941151,16000
train,white_noise.wav,536577,16000
train,pink_noise.wav,380023,16000
train,white_noise.wav,747441,16000
train,dude_miaowing.wav,136832,16000
train,exercise_bike.wav,359773,16000
train,white_noise.wav,169305,16000
train,pink_noise.wav,217839,16000
train,doing_the_dishes.wav,1368920,16000
train,white_noise.wav,624596,16000
train,exercise_bike.wav,575826,16000
train,pink_noise.wav,426605,16000
train,white_noise.wav,909456,16000
train,doing_the_dishes.wav,706972,16000
train,doing_the_dishes.wav,228044,16000
train,white_noise.wav,26106,16000
train,pink_noise.wav,148842,16000
train,running_tap.wav,232436,16000
train,white_noise.wav,272286,16000
train,dude_miaowing.wav,791217,16000
train,exercise_bike.wav,494653,16000
train,exercise_bike.wav,520901,16000
train,dude_miaowing.wav,424624,16000
train,pink_noise.wav,493875,16000
train,doing_the_dishes.wav,393702,16000
train,pink_noise.wav,577029,16000
train,white_noise.wav,297974,16000
train,running_tap.wav,95563,16000
train,dude_miaowing.wav,576463,16000
train,exercise_bike.wav,190403,16000
train,running_tap.wav,693715,16000
train,running_tap.wav,29432,16000
train,exercise_bike.wav,592044,16000
train,exercise_bike.wav,44967,16000
train,dude_miaowing.wav,443944,16000
train,white_noise.wav,890961,16000
train,exercise_bike.wav,651837,16000
train,pink_noise.wav,870016,16000
train,dude_miaowing.wav,442848,16000
train,pink_noise.wav,349445,16000
train,dude_miaowing.wav,603694,16000
train,dude_miaowing.wav,72832,16000
train,pink_noise.wav,412654,16000
train,running_tap.wav,21720,16000
train,dude_miaowing.wav,599159,16000
train,doing_the_dishes.wav,1241255,16000
train,exercise_bike.wav,38119,16000
train,exercise_bike.wav,195092,16000
train,exercise_bike.wav,131416,16000
train,dude_miaowing.wav,79496,16000
train,doing_the_dishes.wav,776557,16000
train,doing_the_dishes.wav,181770,16000
train,running_tap.wav,684657,16000
train,pink_noise.wav,726973,16000
train,white_noise.wav,458843,16000
train,running_tap.wav,542870,16000
train,white_noise.wav,285992,16000
train,white_noise.wav,236951,16000
train,doing_the_dishes.wav,1232620,16000
train,exercise_bike.wav,598906,16000
train,exercise_bike.wav,135117,16000
train,white_noise.wav,338086,16000
train,white_noise.wav,462536,16000
train,white_noise.wav,53697,16000
train,running_tap.wav,934765,16000
train,doing_the_dishes.wav,1374042,16000
train,pink_noise.wav,68932,16000
train,pink_noise.wav,388687,16000
train,exercise_bike.wav,283095,16000
train,dude_miaowing.wav,403274,16000
train,pink_noise.wav,807328,16000
train,exercise_bike.wav,379950,16000
train,dude_miaowing.wav,652540,16000
train,pink_noise.wav,760223,16000
train,doing_the_dishes.wav,313345,16000
train,pink_noise.wav,598358,16000
train,doing_the_dishes.wav,457070,16000
train,doing_the_dishes.wav,211762,16000
train,exercise_bike.wav,697306,16000
train,dude_miaowing.wav,614816,16000
train,pink_noise.wav,625615,16000
train,white_noise.wav,646737,16000
train,pink_noise.wav,613585,16000
train,exercise_bike.wav,366216,16000
train,pink_noise.wav,614277,16000
train,doing_the_dishes.wav,1072274,16000
train,exercise_bike.wav,671037,16000
train,dude_miaowing.wav,648154,16000
train,pink_noise.wav,71543,16000
train,exercise_bike.wav,460678,16000
train,white_noise.wav,387411,16000
train,doing_the_dishes.wav,1369976,16000
train,dude_miaowing.wav,452233,16000
train,white_noise.wav,401851,16000
train,dude_miaowing.wav,75028,16000
train,white_noise.wav,286086,16000
train,running_tap.wav,528615,16000
train,exercise_bike.wav,512591,16000
train,white_noise.wav,212565,16000
train,exercise_bike.wav,49387,16000
train,pink_noise.wav,648324,16000
train,exercise_bike.wav,41256,16000
train,dude_miaowing.wav,548627,16000
train,running_tap.wav,329087,16000
train,pink_noise.wav,78599,16000
train,doing_the_dishes.wav,719156,16000
train,white_noise.wav,166515,16000
train,doing_the_dishes.wav,839288,16000
train,dude_miaowing.wav,218691,16000
train,dude_miaowing.wav,103342,16000
train,white_noise.wav,601276,16000
train,pink_noise.wav,483658,16000
train,white_noise.wav,588542,16000
train,doing_the_dishes.wav,809923,16000
train,exercise_bike.wav,416483,16000
train,dude_miaowing.wav,485537,16000
train,dude_miaowing.wav,402918,16000
train,white_noise.wav,572621,16000
train,doing_the_dishes.wav,1213,16000
train,white_noise.wav,645609,16000
train,dude_miaowing.wav,607435,16000
train,doing_the_dishes.wav,700317,16000
train,white_noise.wav,715319,16000
train,exercise_bike.wav,259405,16000
train,dude_miaowing.wav,866962,16000
train,doing_the_dishes.wav,1103648,16000
train,running_tap.wav,445132,16000
train,doing_the_dishes.wav,442825,16000
train,doing_the_dishes.wav,216231,16000
train,exercise_bike.wav,832938,16000
train,dude_miaowing.wav,892982,16000
train,exercise_bike.wav,545880,16000
train,doing_the_dishes.wav,869195,16000
train,white_noise.wav,3472,16000
train,white_noise.wav,497944,16000
train,pink_noise.wav,791918,16000
train,white_noise.wav,426932,16000
train,dude_miaowing.wav,625144,16000
train,exercise_bike.wav,538021,16000
train,dude_miaowing.wav,761068,16000
train,doing_the_dishes.wav,502763,16000
train,dude_miaowing.wav,908444,16000
train,exercise_bike.wav,556444,16000
train,running_tap.wav,187022,16000
train,pink_noise.wav,234232,16000
train,running_tap.wav,703331,16000
train,doing_the_dishes.wav,171467,16000
train,dude_miaowing.wav,721827,16000
train,dude_miaowing.wav,461481,16000
train,doing_the_dishes.wav,884230,16000
train,exercise_bike.wav,184945,16000
train,running_tap.wav,161482,16000
train,pink_noise.wav,538124,16000
train,exercise_bike.wav,352543,16000
train,exercise_bike.wav,170208,16000
train,running_tap.wav,460464,16000
train,doing_the_dishes.wav,247060,16000
train,exercise_bike.wav,430575,16000
train,running_tap.wav,830679,16000
train,white_noise.wav,18100,16000
train,doing_the_dishes.wav,990713,16000
train,exercise_bike.wav,3034,16000
train,running_tap.wav,391274,16000
train,exercise_bike.wav,778075,16000
train,doing_the_dishes.wav,1254689,16000
train,dude_miaowing.wav,849742,16000
train,pink_noise.wav,504094,16000
train,dude_miaowing.wav,928816,16000
train,pink_noise.wav,724881,16000
train,doing_the_dishes.wav,1236325,16000
train,exercise_bike.wav,334061,16000
train,doing_the_dishes.wav,104427,16000
train,pink_noise.wav,813972,16000
train,white_noise.wav,333622,16000
train,exercise_bike.wav,552132,16000
train,doing_the_dishes.wav,899048,16000
train,exercise_bike.wav,878713,16000
train,doing_the_dishes.wav,960620,16000
train,running_tap.wav,737874,16000
train,doing_the_dishes.wav,1502003,16000
train,pink_noise.wav,188969,16000
train,running_tap.wav,468382,16000
train,exercise_bike.wav,54225,16000
train,pink_noise.wav,510630,16000
train,running_tap.wav,912967,16000
train,dude_miaowing.wav,412156,16000
train,dude_miaowing.wav,123128,16000
train,running_tap.wav,709924,16000
train,white_noise.wav,687750,16000
train,running_tap.wav,243673,16000
train,dude_miaowing.wav,285194,16000
train,white_noise.wav,513137,16000
train,exercise_bike.wav,209511,16000
train,exercise_bike.wav,651913,16000
train,doing_the_dishes.wav,1098956,16000
train,doing_the_dishes.wav,286734,16000
train,exercise_bike.wav,407008,16000
train,doing_the_dishes.wav,814537,16000
train,exercise_bike.wav,160241,16000
train,dude_miaowing.wav,721082,16000
train,white_noise.wav,179417,16000
train,white_noise.wav,528995,16000
train,pink_noise.wav,370612,16000
train,dude_miaowing.wav,298081,16000
train,dude_miaowing.wav,799575,16000
train,dude_miaowing.wav,421895,16000
train,pink_noise.wav,559514,16000
train,running_tap.wav,208186,16000
train,exercise_bike.wav,787956,16000
train,white_noise.wav,563983,16000
train,doing_the_dishes.wav,332213,16000
train,pink_noise.wav,207319,16000
train,exercise_bike.wav,61895,16000
train,exercise_bike.wav,767330,16000
train,pink_noise.wav,477078,16000
train,white_noise.wav,187089,16000
train,pink_noise.wav,673258,16000
train,pink_noise.wav,348533,16000
train,pink_noise.wav,252165,16000
train,pink_noise.wav,312829,16000
train,doing_the_dishes.wav,806318,16000
train,running_tap.wav,605272,16000
train,exercise_bike.wav,345723,16000
train,running_tap.wav,717444,16000
train,pink_noise.wav,173772,16000
train,white_noise.wav,903175,16000
train,running_tap.wav,664159,16000
train,white_noise.wav,543636,16000
train,pink_noise.wav,933464,16000
train,doing_the_dishes.wav,865064,16000
train,running_tap.wav,101421,16000
train,running_tap.wav,743646,16000
train,dude_miaowing.wav,324588,16000
train,dude_miaowing.wav,886169,16000
train,doing_the_dishes.wav,423055,16000
train,white_noise.wav,551638,16000
train,exercise_bike.wav,670835,16000
train,dude_miaowing.wav,503894,16000
train,exercise_bike.wav,543489,16000
train,pink_noise.wav,471495,16000
train,white_noise.wav,475590,16000
train,dude_miaowing.wav,567918,16000
train,running_tap.wav,793220,16000
train,running_tap.wav,655249,16000
train,running_tap.wav,438706,16000
train,doing_the_dishes.wav,1371720,16000
train,running_tap.wav,33044,16000
train,white_noise.wav,119903,16000
train,running_tap.wav,125486,16000
train,pink_noise.wav,463371,16000
train,doing_the_dishes.wav,22513,16000
train,running_tap.wav,478529,16000
train,exercise_bike.wav,50304,16000
train,running_tap.wav,373062,16000
train,pink_noise.wav,590673,16000
train,pink_noise.wav,47857,16000
train,exercise_bike.wav,562526,16000
train,pink_noise.wav,155416,16000
train,pink_noise.wav,244128,16000
train,doing_the_dishes.wav,1277931,16000
train,exercise_bike.wav,171630,16000
train,pink_noise.wav,791257,16000
train,pink_noise.wav,68117,16000
train,pink_noise.wav,855456,16000
train,exercise_bike.wav,528383,16000
train,exercise_bike.wav,533198,16000
train,white_noise.wav,372024,16000
train,doing_the_dishes.wav,1015018,16000
train,doing_the_dishes.wav,289632,16000
train,pink_noise.wav,650788,16000
train,pink_noise.wav,710375,16000
train,pink_noise.wav,115082,16000
train,dude_miaowing.wav,553671,16000
train,running_tap.wav,526115,16000
train,doing_the_dishes.wav,946323,16000
train,running_tap.wav,743783,16000
train,exercise_bike.wav,810527,16000
train,white_noise.wav,822630,16000
train,running_tap.wav,368158,16000
train,doing_the_dishes.wav,1047710,16000
train,exercise_bike.wav,84303,16000
train,exercise_bike.wav,593194,16000
train,pink_noise.wav,496113,16000
train,running_tap.wav,142802,16000
train,doing_the_dishes.wav,1484318,16000
train,pink_noise.wav,71956,16000
train,pink_noise.wav,501201,16000
train,running_tap.wav,1161,16000
train,dude_miaowing.wav,47387,16000
train,pink_noise.wav,639306,16000
train,doing_the_dishes.wav,865841,16000
train,white_noise.wav,888707,16000
train,running_tap.wav,51432,16000
train,doing_the_dishes.wav,900040,16000
train,white_noise.wav,364206,16000
train,white_noise.wav,230924,16000
train,doing_the_dishes.wav,1449010,16000
train,dude_miaowing.wav,442938,16000
train,doing_the_dishes.wav,776660,16000
train,doing_the_dishes.wav,144172,16000
train,pink_noise.wav,705566,16000
train,exercise_bike.wav,602784,16000
train,exercise_bike.wav,510438,16000
train,white_noise.wav,820928,16000
train,running_tap.wav,139000,16000
train,white_noise.wav,588489,16000
train,exercise_bike.wav,167940,16000
train,doing_the_dishes.wav,1475100,16000
train,doing_the_dishes.wav,261571,16000
train,dude_miaowing.wav,721567,16000
train,exercise_bike.wav,109384,16000
train,dude_miaowing.wav,384834,16000
train,doing_the_dishes.wav,369460,16000
train,doing_the_dishes.wav,1365674,16000
train,white_noise.wav,431608,16000
train,white_noise.wav,612545,16000
train,exercise_bike.wav,938242,16000
train,exercise_bike.wav,170143,16000
train,running_tap.wav,626531,16000
train,pink_noise.wav,526167,16000
train,doing_the_dishes.wav,283951,16000
train,doing_the_dishes.wav,1481942,16000
train,pink_noise.wav,125318,16000
train,running_tap.wav,395059,16000
train,doing_the_dishes.wav,435847,16000
train,doing_the_dishes.wav,260122,16000
train,running_tap.wav,327520,16000
train,exercise_bike.wav,390966,16000
train,dude_miaowing.wav,500238,16000
train,dude_miaowing.wav,190007,16000
train,running_tap.wav,908949,16000
train,running_tap.wav,599143,16000
train,dude_miaowing.wav,91390,16000
train,exercise_bike.wav,944081,16000
train,dude_miaowing.wav,225499,16000
train,running_tap.wav,602411,16000
train,white_noise.wav,877714,16000
train,doing_the_dishes.wav,125672,16000
train,white_noise.wav,15449,16000
train,white_noise.wav,456439,16000
train,dude_miaowing.wav,919466,16000
train,white_noise.wav,3296,16000
train,doing_the_dishes.wav,589350,16000
train,running_tap.wav,558176,16000
train,white_noise.wav,739524,16000
train,doing_the_dishes.wav,347350,16000
train,running_tap.wav,527534,16000
train,pink_noise.wav,55904,16000
train,running_tap.wav,486666,16000
train,doing_the_dishes.wav,1153422,16000
train,running_tap.wav,179999,16000
train,white_noise.wav,17101,16000
train,running_tap.wav,224191,16000
train,doing_the_dishes.wav,99815,16000
train,pink_noise.wav,140226,16000
train,white_noise.wav,247117,16000
train,exercise_bike.wav,416668,16000
train,pink_noise.wav,564187,16000
train,pink_noise.wav,90417,16000
train,pink_noise.wav,644936,16000
train,exercise_bike.wav,117479,16000
train,pink_noise.wav,173592,16000
train,pink_noise.wav,473674,16000
train,dude_miaowing.wav,637799,16000
train,doing_the_dishes.wav,1008825,16000
train,dude_miaowing.wav,528881,16000
train,doing_the_dishes.wav,335313,16000
train,dude_miaowing.wav,631897,16000
train,doing_the_dishes.wav,382835,16000
train,dude_miaowing.wav,293341,16000
train,doing_the_dishes.wav,355131,16000
train,pink_noise.wav,78784,16000
train,running_tap.wav,467061,16000
train,exercise_bike.wav,396589,16000
train,exercise_bike.wav,704115,16000
train,doing_the_dishes.wav,844831,16000
train,pink_noise.wav,194332,16000
train,white_noise.wav,461512,16000
train,doing_the_dishes.wav,886932,16000
train,doing_the_dishes.wav,468937,16000
train,white_noise.wav,429255,16000
train,running_tap.wav,247876,16000
train,doing_the_dishes.wav,1309112,16000
train,white_noise.wav,781187,16000
train,doing_the_dishes.wav,877687,16000
train,exercise_bike.wav,338414,16000
train,white_noise.wav,230863,16000
train,running_tap.wav,508181,16000
train,dude_miaowing.wav,166079,16000
train,dude_miaowing.wav,714786,16000
train,running_tap.wav,23287,16000
train,dude_miaowing.wav,961061,16000
train,pink_noise.wav,552842,16000
train,white_noise.wav,693027,16000
train,white_noise.wav,435151,16000
train,exercise_bike.wav,551060,16000
train,running_tap.wav,412785,16000
train,dude_miaowing.wav,35610,16000
train,doing_the_dishes.wav,474945,16000
train,dude_miaowing.wav,575975,16000
train,pink_noise.wav,359423,16000
train,doing_the_dishes.wav,673339,16000
train,pink_noise.wav,900077,16000
train,dude_miaowing.wav,458277,16000
train,running_tap.wav,89451,16000
train,doing_the_dishes.wav,126838,16000
train,dude_miaowing.wav,731665,16000
train,pink_noise.wav,38226,16000
train,doing_the_dishes.wav,412989,16000
train,exercise_bike.wav,519424,16000
train,doing_the_dishes.wav,297626,16000
train,doing_the_dishes.wav,1493861,16000
train,exercise_bike.wav,519897,16000
train,running_tap.wav,784671,16000
train,exercise_bike.wav,134313,16000
train,pink_noise.wav,792799,16000
train,pink_noise.wav,219914,16000
train,dude_miaowing.wav,589435,16000
train,dude_miaowing.wav,367009,16000
train,white_noise.wav,719554,16000
train,doing_the_dishes.wav,86077,16000
train,dude_miaowing.wav,786556,16000
train,running_tap.wav,784799,16000
train,white_noise.wav,673,16000
train,running_tap.wav,353982,16000
train,pink_noise.wav,688315,16000
train,doing_the_dishes.wav,336483,16000
train,white_noise.wav,861171,16000
train,dude_miaowing.wav,425175,16000
train,doing_the_dishes.wav,231912,16000
train,exercise_bike.wav,667871,16000
train,running_tap.wav,545625,16000
train,white_noise.wav,782596,16000
train,running_tap.wav,501536,16000
train,exercise_bike.wav,952479,16000
train,doing_the_dishes.wav,120105,16000
train,doing_the_dishes.wav,588152,16000
train,pink_noise.wav,125003,16000
train,dude_miaowing.wav,310816,16000
train,dude_miaowing.wav,660035,16000
train,running_tap.wav,294802,16000
train,running_tap.wav,718179,16000
train,running_tap.wav,818753,16000
train,running_tap.wav,304650,16000
train,white_noise.wav,108383,16000
train,white_noise.wav,704829,16000
train,exercise_bike.wav,769087,16000
train,pink_noise.wav,146779,16000
train,pink_noise.wav,188273,16000
train,running_tap.wav,386260,16000
train,exercise_bike.wav,3895,16000
train,dude_miaowing.wav,155247,16000
train,exercise_bike.wav,900722,16000
train,white_noise.wav,614345,16000
train,pink_noise.wav,410008,16000
train,running_tap.wav,328814,16000
train,running_tap.wav,636238,16000
train,running_tap.wav,58882,16000
train,running_tap.wav,125352,16000
train,white_noise.wav,277283,16000
train,exercise_bike.wav,752088,16000
train,doing_the_dishes.wav,1359579,16000
train,exercise_bike.wav,116080,16000
train,white_noise.wav,895391,16000
train,white_noise.wav,116874,16000
train,running_tap.wav,600553,16000
train,running_tap.wav,847626,16000
train,pink_noise.wav,41653,16000
train,dude_miaowing.wav,582169,16000
train,pink_noise.wav,761173,16000
train,pink_noise.wav,827398,16000
train,doing_the_dishes.wav,539459,16000
train,exercise_bike.wav,828891,16000
train,white_noise.wav,666950,16000
train,dude_miaowing.wav,101629,16000
train,exercise_bike.wav,434776,16000
train,exercise_bike.wav,949197,16000
train,white_noise.wav,42420,16000
train,dude_miaowing.wav,713575,16000
train,exercise_bike.wav,126008,16000
train,doing_the_dishes.wav,440625,16000
train,exercise_bike.wav,77160,16000
train,white_noise.wav,98330,16000
train,exercise_bike.wav,276126,16000
train,exercise_bike.wav,164939,16000
train,dude_miaowing.wav,405778,16000
train,white_noise.wav,851063,16000
train,dude_miaowing.wav,412008,16000
train,running_tap.wav,202968,16000
train,pink_noise.wav,682577,16000
train,pink_noise.wav,592308,16000
train,running_tap.wav,555924,16000
train,running_tap.wav,387380,16000
train,exercise_bike.wav,571083,16000
train,running_tap.wav,507011,16000
train,pink_noise.wav,610452,16000
train,pink_noise.wav,54109,16000
train,dude_miaowing.wav,235391,16000
train,doing_the_dishes.wav,1122765,16000
train,running_tap.wav,622893,16000
train,exercise_bike.wav,639697,16000
train,running_tap.wav,926084,16000
train,exercise_bike.wav,814385,16000
train,running_tap.wav,434795,16000
train,running_tap.wav,222710,16000
train,dude_miaowing.wav,627440,16000
train,pink_noise.wav,11337,16000
train,white_noise.wav,677593,16000
train,dude_miaowing.wav,348257,16000
train,pink_noise.wav,821975,16000
train,running_tap.wav,386264,16000
train,doing_the_dishes.wav,647266,16000
train,pink_noise.wav,442551,16000
train,running_tap.wav,475962,16000
train,dude_miaowing.wav,143751,16000
train,exercise_bike.wav,697252,16000
train,doing_the_dishes.wav,1037653,16000
train,doing_the_dishes.wav,484162,16000
train,white_noise.wav,235663,16000
train,white_noise.wav,846102,16000
train,white_noise.wav,736031,16000
train,dude_miaowing.wav,34143,16000
train,exercise_bike.wav,310160,16000
train,pink_noise.wav,396165,16000
train,pink_noise.wav,921887,16000
train,pink_noise.wav,515567,16000
train,white_noise.wav,879830,16000
train,pink_noise.wav,760634,16000
train,doing_the_dishes.wav,556487,16000
train,dude_miaowing.wav,37002,16000
train,doing_the_dishes.wav,1450401,16000
train,pink_noise.wav,807759,16000
train,running_tap.wav,811801,16000
train,white_noise.wav,127845,16000
train,dude_miaowing.wav,134197,16000
train,running_tap.wav,693431,16000
train,pink_noise.wav,446872,16000
train,doing_the_dishes.wav,1345109,16000
train,pink_noise.wav,29665,16000
train,pink_noise.wav,877069,16000
train,running_tap.wav,520902,16000
train,pink_noise.wav,52687,16000
train,exercise_bike.wav,689323,16000
train,pink_noise.wav,66369,16000
train,dude_miaowing.wav,390598,16000
train,pink_noise.wav,686851,16000
train,white_noise.wav,215656,16000
train,pink_noise.wav,665566,16000
train,doing_the_dishes.wav,243130,16000
train,white_noise.wav,436739,16000
train,doing_the_dishes.wav,1293910,16000
train,pink_noise.wav,597966,16000
train,pink_noise.wav,815305,16000
train,doing_the_dishes.wav,1114890,16000
train,running_tap.wav,66889,16000
train,dude_miaowing.wav,80997,16000
train,pink_noise.wav,499121,16000
train,running_tap.wav,314354,16000
train,white_noise.wav,691969,16000
train,white_noise.wav,110248,16000
train,running_tap.wav,395089,16000
train,white_noise.wav,138983,16000
train,doing_the_dishes.wav,746393,16000
train,exercise_bike.wav,91175,16000
train,doing_the_dishes.wav,264220,16000
train,running_tap.wav,62020,16000
train,exercise_bike.wav,433905,16000
train,running_tap.wav,95308,16000
train,pink_noise.wav,311346,16000
train,doing_the_dishes.wav,581450,16000
train,dude_miaowing.wav,16712,16000
train,running_tap.wav,866785,16000
train,dude_miaowing.wav,477599,16000
train,doing_the_dishes.wav,946043,16000
train,pink_noise.wav,763234,16000
train,exercise_bike.wav,563350,16000
train,pink_noise.wav,207259,16000
train,doing_the_dishes.wav,241363,16000
train,running_tap.wav,429740,16000
train,exercise_bike.wav,492313,16000
train,white_noise.wav,378978,16000
train,white_noise.wav,675845,16000
train,dude_miaowing.wav,558725,16000
train,doing_the_dishes.wav,385262,16000
train,running_tap.wav,114004,16000
train,doing_the_dishes.wav,570069,16000
train,dude_miaowing.wav,395701,16000
train,dude_miaowing.wav,450446,16000
train,exercise_bike.wav,739816,16000
train,exercise_bike.wav,682675,16000
train,doing_the_dishes.wav,725359,16000
train,white_noise.wav,47419,16000
train,dude_miaowing.wav,448498,16000
train,white_noise.wav,616437,16000
train,exercise_bike.wav,614800,16000
train,dude_miaowing.wav,106079,16000
train,dude_miaowing.wav,65420,16000
train,pink_noise.wav,70962,16000
train,exercise_bike.wav,650034,16000
train,exercise_bike.wav,304851,16000
train,exercise_bike.wav,651001,16000
train,dude_miaowing.wav,820999,16000
train,doing_the_dishes.wav,1359028,16000
train,doing_the_dishes.wav,201335,16000
train,running_tap.wav,206564,16000
train,exercise_bike.wav,87522,16000
train,running_tap.wav,304011,16000
train,exercise_bike.wav,24769,16000
train,pink_noise.wav,128078,16000
train,running_tap.wav,511525,16000
train,dude_miaowing.wav,312306,16000
train,running_tap.wav,847408,16000
train,exercise_bike.wav,429335,16000
train,exercise_bike.wav,797768,16000
train,doing_the_dishes.wav,986847,16000
train,white_noise.wav,407613,16000
train,dude_miaowing.wav,927256,16000
train,exercise_bike.wav,754481,16000
train,exercise_bike.wav,535619,16000
train,pink_noise.wav,159776,16000
train,dude_miaowing.wav,621459,16000
train,doing_the_dishes.wav,337672,16000
train,white_noise.wav,236607,16000
train,pink_noise.wav,69368,16000
train,pink_noise.wav,457728,16000
train,white_noise.wav,765038,16000
train,white_noise.wav,243584,16000
train,white_noise.wav,403975,16000
train,dude_miaowing.wav,938121,16000
train,white_noise.wav,902882,16000
train,dude_miaowing.wav,69538,16000
train,white_noise.wav,501547,16000
train,doing_the_dishes.wav,615219,16000
train,exercise_bike.wav,335839,16000
train,exercise_bike.wav,143637,16000
train,white_noise.wav,757954,16000
train,running_tap.wav,395750,16000
train,doing_the_dishes.wav,697085,16000
train,doing_the_dishes.wav,1469432,16000
train,dude_miaowing.wav,745519,16000
train,pink_noise.wav,415563,16000
train,dude_miaowing.wav,421874,16000
train,dude_miaowing.wav,202441,16000
train,doing_the_dishes.wav,1266009,16000
train,pink_noise.wav,178952,16000
train,pink_noise.wav,323394,16000
train,running_tap.wav,258716,16000
train,white_noise.wav,365634,16000
train,white_noise.wav,156451,16000
train,pink_noise.wav,224844,16000
train,dude_miaowing.wav,390628,16000
train,doing_the_dishes.wav,768772,16000
train,exercise_bike.wav,870037,16000
train,dude_miaowing.wav,737407,16000
train,white_noise.wav,552363,16000
train,doing_the_dishes.wav,914104,16000
train,dude_miaowing.wav,684817,16000
train,dude_miaowing.wav,672959,16000
train,doing_the_dishes.wav,1043246,16000
train,exercise_bike.wav,152663,16000
train,doing_the_dishes.wav,13501,16000
train,exercise_bike.wav,714298,16000
train,dude_miaowing.wav,296288,16000
train,running_tap.wav,351222,16000
train,pink_noise.wav,44801,16000
train,running_tap.wav,591788,16000
train,running_tap.wav,869028,16000
train,white_noise.wav,352326,16000
train,exercise_bike.wav,817404,16000
train,doing_the_dishes.wav,1285716,16000
train,dude_miaowing.wav,143164,16000
train,white_noise.wav,685630,16000
train,dude_miaowing.wav,427949,16000
train,doing_the_dishes.wav,686504,16000
train,white_noise.wav,849067,16000
train,exercise_bike.wav,494114,16000
train,dude_miaowing.wav,264223,16000
train,dude_miaowing.wav,276096,16000
train,exercise_bike.wav,862525,16000
train,pink_noise.wav,456317,16000
train,white_noise.wav,725367,16000
train,pink_noise.wav,725321,16000
train,running_tap.wav,933716,16000
train,running_tap.wav,207579,16000
train,exercise_bike.wav,585213,16000
train,white_noise.wav,96840,16000
train,white_noise.wav,544444,16000
train,white_noise.wav,66414,16000
train,exercise_bike.wav,457208,16000
train,white_noise.wav,687148,16000
train,pink_noise.wav,319082,16000
train,dude_miaowing.wav,910260,16000
train,dude_miaowing.wav,832661,16000
train,doing_the_dishes.wav,1405262,16000
train,dude_miaowing.wav,555623,16000
train,exercise_bike.wav,851413,16000
train,dude_miaowing.wav,145320,16000
train,running_tap.wav,796505,16000
train,white_noise.wav,118495,16000
train,dude_miaowing.wav,155323,16000
train,dude_miaowing.wav,498754,16000
train,exercise_bike.wav,954098,16000
train,pink_noise.wav,682538,16000
train,dude_miaowing.wav,271234,16000
train,white_noise.wav,357690,16000
train,pink_noise.wav,423119,16000
train,running_tap.wav,786381,16000
train,exercise_bike.wav,900801,16000
train,pink_noise.wav,197569,16000
train,dude_miaowing.wav,47104,16000
train,pink_noise.wav,273372,16000
train,pink_noise.wav,820213,16000
train,doing_the_dishes.wav,1003094,16000
train,dude_miaowing.wav,615632,16000
train,exercise_bike.wav,537245,16000
train,white_noise.wav,147262,16000
train,pink_noise.wav,43453,16000
train,exercise_bike.wav,611553,16000
train,exercise_bike.wav,617160,16000
train,running_tap.wav,268565,16000
train,white_noise.wav,716030,16000
train,running_tap.wav,362562,16000
train,white_noise.wav,818556,16000
train,running_tap.wav,911734,16000
train,pink_noise.wav,443246,16000
train,running_tap.wav,720109,16000
train,white_noise.wav,47797,16000
train,doing_the_dishes.wav,1012895,16000
train,dude_miaowing.wav,797745,16000
train,dude_miaowing.wav,286914,16000
train,pink_noise.wav,516520,16000
train,dude_miaowing.wav,719755,16000
train,running_tap.wav,229114,16000
train,pink_noise.wav,397654,16000
train,dude_miaowing.wav,140795,16000
train,exercise_bike.wav,874830,16000
train,running_tap.wav,537200,16000
train,doing_the_dishes.wav,483135,16000
train,pink_noise.wav,791254,16000
train,running_tap.wav,37154,16000
train,pink_noise.wav,815474,16000
train,dude_miaowing.wav,744970,16000
train,pink_noise.wav,879188,16000
train,exercise_bike.wav,681244,16000
train,running_tap.wav,360185,16000
train,dude_miaowing.wav,424847,16000
train,doing_the_dishes.wav,729709,16000
train,white_noise.wav,782497,16000
train,doing_the_dishes.wav,502004,16000
train,white_noise.wav,461501,16000
train,doing_the_dishes.wav,298337,16000
train,dude_miaowing.wav,773262,16000
train,pink_noise.wav,59467,16000
train,white_noise.wav,222815,16000
train,doing_the_dishes.wav,167934,16000
train,exercise_bike.wav,698021,16000
train,dude_miaowing.wav,278160,16000
train,pink_noise.wav,572005,16000
train,pink_noise.wav,254496,16000
train,dude_miaowing.wav,726301,16000
train,doing_the_dishes.wav,456759,16000
train,running_tap.wav,292760,16000
train,exercise_bike.wav,550388,16000
train,white_noise.wav,862925,16000
train,exercise_bike.wav,176271,16000
train,running_tap.wav,463214,16000
train,running_tap.wav,262991,16000
train,doing_the_dishes.wav,947186,16000
train,doing_the_dishes.wav,1363266,16000
train,exercise_bike.wav,215555,16000
train,dude_miaowing.wav,767402,16000
train,running_tap.wav,132186,16000
train,pink_noise.wav,429800,16000
train,white_noise.wav,430514,16000
train,exercise_bike.wav,656497,16000
train,dude_miaowing.wav,133257,16000
train,exercise_bike.wav,332977,16000
train,running_tap.wav,856302,16000
train,running_tap.wav,197992,16000
train,exercise_bike.wav,952133,16000
train,dude_miaowing.wav,36357,16000
train,doing_the_dishes.wav,73767,16000
train,doing_the_dishes.wav,522671,16000
train,running_tap.wav,919541,16000
train,doing_the_dishes.wav,403379,16000
train,pink_noise.wav,82987,16000
train,exercise_bike.wav,547780,16000
train,running_tap.wav,594609,16000
train,running_tap.wav,818972,16000
train,white_noise.wav,666111,16000
train,dude_miaowing.wav,446166,16000
train,exercise_bike.wav,844433,16000
train,pink_noise.wav,669128,16000
train,exercise_bike.wav,729967,16000
train,exercise_bike.wav,242176,16000
train,doing_the_dishes.wav,106867,16000
train,doing_the_dishes.wav,837483,16000
train,white_noise.wav,58247,16000
train,white_noise.wav,134650,16000
train,exercise_bike.wav,38039,16000
train,doing_the_dishes.wav,828192,16000
train,pink_noise.wav,602049,16000
train,doing_the_dishes.wav,551774,16000
train,white_noise.wav,205179,16000
train,dude_miaowing.wav,411907,16000
train,running_tap.wav,916826,16000
train,running_tap.wav,242450,16000
train,doing_the_dishes.wav,683364,16000
train,exercise_bike.wav,130697,16000
train,dude_miaowing.wav,870711,16000
train,dude_miaowing.wav,345807,16000
train,white_noise.wav,705673,16000
train,exercise_bike.wav,1650,16000
train,white_noise.wav,87834,16000
train,white_noise.wav,260668,16000
train,dude_miaowing.wav,104272,16000
train,exercise_bike.wav,718089,16000
train,white_noise.wav,222239,16000
train,exercise_bike.wav,103318,16000
train,exercise_bike.wav,163324,16000
train,white_noise.wav,738499,16000
train,running_tap.wav,509072,16000
train,white_noise.wav,916193,16000
train,dude_miaowing.wav,124534,16000
train,white_noise.wav,776094,16000
train,white_noise.wav,53923,16000
train,white_noise.wav,540745,16000
train,pink_noise.wav,775788,16000
train,dude_miaowing.wav,772020,16000
train,running_tap.wav,486262,16000
train,pink_noise.wav,776625,16000
train,pink_noise.wav,692586,16000
train,running_tap.wav,954502,16000
train,running_tap.wav,136569,16000
train,dude_miaowing.wav,313946,16000
train,white_noise.wav,845838,16000
train,running_tap.wav,812395,16000
train,exercise_bike.wav,492956,16000
train,exercise_bike.wav,772669,16000
train,pink_noise.wav,395897,16000
train,white_noise.wav,384541,16000
train,pink_noise.wav,15472,16000
train,running_tap.wav,831807,16000
train,pink_noise.wav,205975,16000
train,pink_noise.wav,221530,16000
train,doing_the_dishes.wav,1505682,16000
train,dude_miaowing.wav,596586,16000
train,white_noise.wav,312149,16000
train,exercise_bike.wav,338517,16000
train,dude_miaowing.wav,524622,16000
train,running_tap.wav,232254,16000
train,dude_miaowing.wav,459492,16000
train,dude_miaowing.wav,220631,16000
train,doing_the_dishes.wav,511547,16000
train,doing_the_dishes.wav,1467557,16000
train,white_noise.wav,172407,16000
train,dude_miaowing.wav,605210,16000
train,doing_the_dishes.wav,1020235,16000
train,dude_miaowing.wav,135947,16000
train,dude_miaowing.wav,494294,16000
train,dude_miaowing.wav,520086,16000
train,white_noise.wav,748896,16000
train,exercise_bike.wav,844110,16000
train,white_noise.wav,215599,16000
train,exercise_bike.wav,564697,16000
train,doing_the_dishes.wav,1504454,16000
train,dude_miaowing.wav,773260,16000
train,pink_noise.wav,33316,16000
train,exercise_bike.wav,583089,16000
train,dude_miaowing.wav,791802,16000
train,exercise_bike.wav,253739,16000
train,running_tap.wav,453508,16000
train,doing_the_dishes.wav,1016052,16000
train,white_noise.wav,927656,16000
train,white_noise.wav,159244,16000
train,dude_miaowing.wav,535083,16000
train,white_noise.wav,41587,16000
train,doing_the_dishes.wav,443446,16000
train,dude_miaowing.wav,677864,16000
train,white_noise.wav,668257,16000
train,running_tap.wav,179792,16000
train,running_tap.wav,779364,16000
train,dude_miaowing.wav,256847,16000
train,pink_noise.wav,844102,16000
train,white_noise.wav,790786,16000
train,doing_the_dishes.wav,357711,16000
train,doing_the_dishes.wav,1503092,16000
train,white_noise.wav,908540,16000
train,doing_the_dishes.wav,625975,16000
train,running_tap.wav,916825,16000
train,doing_the_dishes.wav,1166510,16000
train,white_noise.wav,338882,16000
train,white_noise.wav,68870,16000
train,white_noise.wav,458090,16000
train,pink_noise.wav,291056,16000
train,exercise_bike.wav,709674,16000
train,white_noise.wav,914718,16000
train,running_tap.wav,529139,16000
train,dude_miaowing.wav,314130,16000
train,exercise_bike.wav,66635,16000
train,white_noise.wav,564565,16000
train,running_tap.wav,213637,16000
train,running_tap.wav,336611,16000
train,doing_the_dishes.wav,1420165,16000
train,exercise_bike.wav,470292,16000
train,dude_miaowing.wav,462984,16000
train,dude_miaowing.wav,692244,16000
train,pink_noise.wav,63938,16000
train,exercise_bike.wav,325823,16000
train,doing_the_dishes.wav,1504220,16000
train,doing_the_dishes.wav,736087,16000
train,pink_noise.wav,598004,16000
train,pink_noise.wav,239188,16000
train,pink_noise.wav,826851,16000
train,running_tap.wav,126877,16000
train,exercise_bike.wav,907273,16000
train,running_tap.wav,706925,16000
train,pink_noise.wav,175498,16000
train,doing_the_dishes.wav,1392651,16000
train,running_tap.wav,325480,16000
train,white_noise.wav,388165,16000
train,doing_the_dishes.wav,91069,16000
train,exercise_bike.wav,806413,16000
train,exercise_bike.wav,234181,16000
train,running_tap.wav,396073,16000
train,doing_the_dishes.wav,850074,16000
train,dude_miaowing.wav,271979,16000
train,pink_noise.wav,213274,16000
train,running_tap.wav,589701,16000
train,exercise_bike.wav,706908,16000
train,white_noise.wav,920528,16000
train,doing_the_dishes.wav,859166,16000
train,dude_miaowing.wav,578985,16000
train,pink_noise.wav,478371,16000
train,running_tap.wav,5046,16000
train,white_noise.wav,19080,16000
train,running_tap.wav,753797,16000
train,running_tap.wav,839941,16000
train,doing_the_dishes.wav,1168299,16000
train,pink_noise.wav,751248,16000
train,white_noise.wav,919489,16000
train,dude_miaowing.wav,666167,16000
train,running_tap.wav,50870,16000
train,doing_the_dishes.wav,770490,16000
train,dude_miaowing.wav,841665,16000
train,pink_noise.wav,572025,16000
train,exercise_bike.wav,93202,16000
train,doing_the_dishes.wav,139887,16000
train,running_tap.wav,625896,16000
train,exercise_bike.wav,495659,16000
train,pink_noise.wav,312746,16000
train,doing_the_dishes.wav,555182,16000
train,running_tap.wav,408858,16000
train,white_noise.wav,371202,16000
train,running_tap.wav,599945,16000
train,dude_miaowing.wav,366007,16000
train,exercise_bike.wav,467568,16000
train,running_tap.wav,519215,16000
train,doing_the_dishes.wav,740843,16000
train,white_noise.wav,459177,16000
train,pink_noise.wav,264245,16000
train,dude_miaowing.wav,373749,16000
train,pink_noise.wav,564092,16000
train,running_tap.wav,91302,16000
train,exercise_bike.wav,274319,16000
train,pink_noise.wav,881657,16000
train,running_tap.wav,506651,16000
train,white_noise.wav,565434,16000
train,dude_miaowing.wav,251712,16000
train,exercise_bike.wav,270123,16000
train,running_tap.wav,796490,16000
train,pink_noise.wav,577788,16000
train,pink_noise.wav,506625,16000
train,doing_the_dishes.wav,157579,16000
train,dude_miaowing.wav,164815,16000
train,dude_miaowing.wav,668676,16000
train,pink_noise.wav,145240,16000
train,doing_the_dishes.wav,974390,16000
train,dude_miaowing.wav,316274,16000
train,running_tap.wav,21875,16000
train,running_tap.wav,879405,16000
train,doing_the_dishes.wav,779471,16000
train,exercise_bike.wav,567529,16000
train,white_noise.wav,915845,16000
train,pink_noise.wav,174423,16000
train,white_noise.wav,154084,16000
train,pink_noise.wav,610999,16000
train,running_tap.wav,488489,16000
train,pink_noise.wav,206126,16000
train,dude_miaowing.wav,932927,16000
train,doing_the_dishes.wav,816785,16000
train,pink_noise.wav,901805,16000
train,running_tap.wav,136499,16000
train,pink_noise.wav,71423,16000
train,doing_the_dishes.wav,805743,16000
train,exercise_bike.wav,652990,16000
train,white_noise.wav,912513,16000
train,exercise_bike.wav,502100,16000
train,exercise_bike.wav,849657,16000
train,pink_noise.wav,98024,16000
train,running_tap.wav,815340,16000
train,running_tap.wav,499400,16000
train,white_noise.wav,500153,16000
train,exercise_bike.wav,516228,16000
train,pink_noise.wav,752097,16000
train,dude_miaowing.wav,199753,16000
train,dude_miaowing.wav,206234,16000
train,white_noise.wav,220739,16000
train,exercise_bike.wav,287897,16000
train,dude_miaowing.wav,321310,16000
train,doing_the_dishes.wav,1409905,16000
train,dude_miaowing.wav,909074,16000
train,exercise_bike.wav,348836,16000
train,dude_miaowing.wav,387361,16000
train,exercise_bike.wav,486029,16000
train,dude_miaowing.wav,680307,16000
train,running_tap.wav,663135,16000
train,doing_the_dishes.wav,1231994,16000
train,exercise_bike.wav,255398,16000
train,white_noise.wav,282790,16000
train,doing_the_dishes.wav,930566,16000
train,dude_miaowing.wav,73601,16000
train,exercise_bike.wav,573909,16000
train,exercise_bike.wav,732088,16000
train,doing_the_dishes.wav,576380,16000
train,pink_noise.wav,496644,16000
train,doing_the_dishes.wav,822316,16000
train,dude_miaowing.wav,786726,16000
train,pink_noise.wav,1815,16000
train,exercise_bike.wav,547963,16000
train,exercise_bike.wav,129251,16000
train,running_tap.wav,48755,16000
train,dude_miaowing.wav,338345,16000
train,exercise_bike.wav,390926,16000
train,exercise_bike.wav,451423,16000
train,running_tap.wav,731555,16000
train,exercise_bike.wav,420478,16000
train,exercise_bike.wav,120406,16000
train,white_noise.wav,861099,16000
train,white_noise.wav,371492,16000
train,doing_the_dishes.wav,353553,16000
train,exercise_bike.wav,337419,16000
train,white_noise.wav,728988,16000
train,white_noise.wav,737241,16000
train,doing_the_dishes.wav,811015,16000
train,exercise_bike.wav,588281,16000
train,running_tap.wav,687591,16000
train,running_tap.wav,792742,16000
train,doing_the_dishes.wav,1384897,16000
train,pink_noise.wav,543441,16000
train,dude_miaowing.wav,838894,16000
train,white_noise.wav,423506,16000
train,exercise_bike.wav,439574,16000
train,exercise_bike.wav,941294,16000
train,pink_noise.wav,449569,16000
train,dude_miaowing.wav,345970,16000
train,running_tap.wav,149581,16000
train,dude_miaowing.wav,946228,16000
train,white_noise.wav,887491,16000
train,running_tap.wav,704595,16000
train,dude_miaowing.wav,837414,16000
train,pink_noise.wav,655108,16000
train,doing_the_dishes.wav,782486,16000
train,doing_the_dishes.wav,1272561,16000
train,pink_noise.wav,82399,16000
train,running_tap.wav,616126,16000
train,dude_miaowing.wav,122554,16000
train,white_noise.wav,740808,16000
train,white_noise.wav,901358,16000
train,running_tap.wav,770540,16000
train,exercise_bike.wav,263479,16000
train,dude_miaowing.wav,696021,16000
train,doing_the_dishes.wav,968523,16000
train,doing_the_dishes.wav,917673,16000
train,exercise_bike.wav,808675,16000
train,white_noise.wav,879904,16000
train,dude_miaowing.wav,393128,16000
train,dude_miaowing.wav,328536,16000
train,doing_the_dishes.wav,1378992,16000
train,exercise_bike.wav,349020,16000
train,pink_noise.wav,853489,16000
train,exercise_bike.wav,541978,16000
train,white_noise.wav,419540,16000
train,white_noise.wav,624235,16000
train,pink_noise.wav,260265,16000
train,doing_the_dishes.wav,66401,16000
train,exercise_bike.wav,31978,16000
train,exercise_bike.wav,808012,16000
train,dude_miaowing.wav,680221,16000
train,running_tap.wav,289332,16000
train,running_tap.wav,926169,16000
train,white_noise.wav,888391,16000
train,white_noise.wav,573478,16000
train,running_tap.wav,601282,16000
train,white_noise.wav,891559,16000
train,exercise_bike.wav,614345,16000
train,pink_noise.wav,433305,16000
train,running_tap.wav,190899,16000
train,white_noise.wav,354362,16000
train,doing_the_dishes.wav,1355411,16000
train,running_tap.wav,303123,16000
train,doing_the_dishes.wav,251073,16000
train,doing_the_dishes.wav,497614,16000
train,dude_miaowing.wav,573316,16000
train,dude_miaowing.wav,35110,16000
train,exercise_bike.wav,341838,16000
train,doing_the_dishes.wav,694278,16000
train,pink_noise.wav,537240,16000
train,white_noise.wav,89625,16000
train,doing_the_dishes.wav,301747,16000
train,dude_miaowing.wav,160459,16000
train,exercise_bike.wav,414233,16000
train,exercise_bike.wav,814946,16000
train,exercise_bike.wav,344696,16000
train,running_tap.wav,806990,16000
train,doing_the_dishes.wav,475384,16000
train,exercise_bike.wav,79353,16000
train,white_noise.wav,534152,16000
train,white_noise.wav,353788,16000
train,exercise_bike.wav,551776,16000
train,dude_miaowing.wav,609644,16000
train,exercise_bike.wav,440309,16000
train,pink_noise.wav,191659,16000
train,pink_noise.wav,933501,16000
train,doing_the_dishes.wav,201408,16000
train,white_noise.wav,277207,16000
train,running_tap.wav,5492,16000
train,pink_noise.wav,230616,16000
train,pink_noise.wav,503897,16000
train,exercise_bike.wav,450641,16000
train,white_noise.wav,260913,16000
train,white_noise.wav,880901,16000
train,dude_miaowing.wav,126432,16000
train,exercise_bike.wav,841654,16000
train,running_tap.wav,81136,16000
train,exercise_bike.wav,265521,16000
train,white_noise.wav,212569,16000
train,doing_the_dishes.wav,1473016,16000
train,exercise_bike.wav,371345,16000
train,white_noise.wav,587933,16000
train,dude_miaowing.wav,622878,16000
train,dude_miaowing.wav,55679,16000
train,pink_noise.wav,330971,16000
train,white_noise.wav,850422,16000
train,pink_noise.wav,127055,16000
train,pink_noise.wav,348927,16000
train,doing_the_dishes.wav,519594,16000
train,exercise_bike.wav,960652,16000
train,running_tap.wav,578333,16000
train,pink_noise.wav,702425,16000
train,pink_noise.wav,694063,16000
train,exercise_bike.wav,761016,16000
train,running_tap.wav,159913,16000
train,dude_miaowing.wav,930829,16000
train,running_tap.wav,142548,16000
train,pink_noise.wav,405294,16000
train,pink_noise.wav,221948,16000
train,running_tap.wav,371275,16000
train,pink_noise.wav,9456,16000
train,dude_miaowing.wav,325648,16000
train,pink_noise.wav,151991,16000
train,pink_noise.wav,197071,16000
train,white_noise.wav,429366,16000
train,dude_miaowing.wav,934939,16000
train,exercise_bike.wav,962072,16000
train,running_tap.wav,913468,16000
train,white_noise.wav,503420,16000
train,exercise_bike.wav,53773,16000
train,dude_miaowing.wav,230261,16000
train,exercise_bike.wav,732010,16000
train,doing_the_dishes.wav,301207,16000
train,doing_the_dishes.wav,1485531,16000
train,running_tap.wav,882852,16000
train,exercise_bike.wav,340961,16000
train,running_tap.wav,20890,16000
train,doing_the_dishes.wav,750348,16000
train,white_noise.wav,807246,16000
train,dude_miaowing.wav,37214,16000
train,dude_miaowing.wav,709800,16000
train,white_noise.wav,726532,16000
train,exercise_bike.wav,107643,16000
train,running_tap.wav,499491,16000
train,running_tap.wav,77379,16000
train,doing_the_dishes.wav,477733,16000
train,white_noise.wav,638707,16000
train,white_noise.wav,766671,16000
train,pink_noise.wav,233209,16000
train,white_noise.wav,903255,16000
train,exercise_bike.wav,165185,16000
train,pink_noise.wav,673252,16000
train,doing_the_dishes.wav,902678,16000
train,running_tap.wav,176806,16000
train,running_tap.wav,475358,16000
train,running_tap.wav,18111,16000
train,exercise_bike.wav,578286,16000
train,white_noise.wav,42114,16000
train,pink_noise.wav,89355,16000
train,white_noise.wav,85724,16000
train,white_noise.wav,751815,16000
train,white_noise.wav,559871,16000
train,doing_the_dishes.wav,742039,16000
train,pink_noise.wav,776396,16000
train,running_tap.wav,370650,16000
train,exercise_bike.wav,612599,16000
train,exercise_bike.wav,6297,16000
train,pink_noise.wav,325635,16000
train,exercise_bike.wav,116222,16000
train,white_noise.wav,91926,16000
train,doing_the_dishes.wav,538470,16000
train,doing_the_dishes.wav,1291826,16000
train,running_tap.wav,453285,16000
train,doing_the_dishes.wav,1387034,16000
train,doing_the_dishes.wav,454585,16000
train,running_tap.wav,347012,16000
train,exercise_bike.wav,677532,16000
train,exercise_bike.wav,144506,16000
train,white_noise.wav,642132,16000
train,dude_miaowing.wav,488572,16000
train,doing_the_dishes.wav,693796,16000
train,doing_the_dishes.wav,351344,16000
train,pink_noise.wav,411161,16000
train,exercise_bike.wav,869863,16000
train,dude_miaowing.wav,546870,16000
train,pink_noise.wav,908435,16000
train,white_noise.wav,706839,16000
train,dude_miaowing.wav,240509,16000
train,running_tap.wav,770468,16000
train,running_tap.wav,778916,16000
train,doing_the_dishes.wav,461968,16000
train,pink_noise.wav,801615,16000
train,pink_noise.wav,603240,16000
train,white_noise.wav,808541,16000
train,white_noise.wav,833907,16000
train,running_tap.wav,263530,16000
train,exercise_bike.wav,437180,16000
train,white_noise.wav,477902,16000
train,white_noise.wav,106783,16000
train,dude_miaowing.wav,820673,16000
train,running_tap.wav,338607,16000
train,dude_miaowing.wav,777553,16000
train,white_noise.wav,356277,16000
train,white_noise.wav,937967,16000
train,running_tap.wav,778361,16000
train,dude_miaowing.wav,373330,16000
train,white_noise.wav,299084,16000
train,pink_noise.wav,389914,16000
train,doing_the_dishes.wav,945925,16000
train,white_noise.wav,369264,16000
train,running_tap.wav,649088,16000
train,white_noise.wav,222878,16000
train,white_noise.wav,622880,16000
train,exercise_bike.wav,930452,16000
train,doing_the_dishes.wav,1263634,16000
train,white_noise.wav,771997,16000
train,dude_miaowing.wav,569697,16000
train,dude_miaowing.wav,158886,16000
train,dude_miaowing.wav,384815,16000
train,exercise_bike.wav,746125,16000
train,exercise_bike.wav,565841,16000
train,running_tap.wav,132080,16000
train,white_noise.wav,230926,16000
train,pink_noise.wav,804082,16000
train,dude_miaowing.wav,263449,16000
train,white_noise.wav,473697,16000
train,running_tap.wav,637628,16000
train,pink_noise.wav,758691,16000
train,dude_miaowing.wav,394527,16000
train,doing_the_dishes.wav,1289556,16000
train,white_noise.wav,775789,16000
train,white_noise.wav,618158,16000
train,dude_miaowing.wav,143228,16000
train,doing_the_dishes.wav,1410125,16000
train,exercise_bike.wav,166450,16000
train,doing_the_dishes.wav,1261347,16000
train,dude_miaowing.wav,16782,16000
train,doing_the_dishes.wav,1427441,16000
train,running_tap.wav,104158,16000
train,white_noise.wav,240815,16000
train,doing_the_dishes.wav,107771,16000
train,exercise_bike.wav,507208,16000
train,doing_the_dishes.wav,1500875,16000
train,dude_miaowing.wav,587074,16000
train,dude_miaowing.wav,785130,16000
train,pink_noise.wav,856349,16000
train,dude_miaowing.wav,910360,16000
train,running_tap.wav,349585,16000
train,dude_miaowing.wav,787306,16000
train,dude_miaowing.wav,190898,16000
train,pink_noise.wav,498673,16000
train,running_tap.wav,640285,16000
train,running_tap.wav,295163,16000
train,doing_the_dishes.wav,413008,16000
train,doing_the_dishes.wav,856909,16000
train,white_noise.wav,769175,16000
train,exercise_bike.wav,546294,16000
train,exercise_bike.wav,816279,16000
train,doing_the_dishes.wav,1187474,16000
train,pink_noise.wav,687672,16000
train,pink_noise.wav,145202,16000
train,running_tap.wav,9822,16000
train,doing_the_dishes.wav,73305,16000
train,running_tap.wav,286908,16000
train,doing_the_dishes.wav,596419,16000
train,exercise_bike.wav,417421,16000
train,white_noise.wav,905445,16000
train,dude_miaowing.wav,397899,16000
train,running_tap.wav,804126,16000
train,doing_the_dishes.wav,746931,16000
train,running_tap.wav,367925,16000
train,doing_the_dishes.wav,234152,16000
train,dude_miaowing.wav,943944,16000
train,white_noise.wav,442121,16000
train,doing_the_dishes.wav,241707,16000
train,running_tap.wav,185337,16000
train,dude_miaowing.wav,70203,16000
train,exercise_bike.wav,599278,16000
train,exercise_bike.wav,84007,16000
train,dude_miaowing.wav,570829,16000
train,white_noise.wav,270795,16000
train,dude_miaowing.wav,840294,16000
train,dude_miaowing.wav,542522,16000
train,pink_noise.wav,390371,16000
train,pink_noise.wav,659209,16000
train,white_noise.wav,525615,16000
train,dude_miaowing.wav,837163,16000
train,white_noise.wav,6764,16000
train,dude_miaowing.wav,769835,16000
train,pink_noise.wav,268042,16000
train,dude_miaowing.wav,898664,16000
train,pink_noise.wav,69649,16000
train,exercise_bike.wav,275558,16000
train,exercise_bike.wav,772887,16000
train,exercise_bike.wav,704403,16000
train,pink_noise.wav,221758,16000
train,dude_miaowing.wav,881962,16000
train,pink_noise.wav,315883,16000
train,exercise_bike.wav,304608,16000
train,white_noise.wav,510269,16000
train,exercise_bike.wav,682996,16000
train,running_tap.wav,353174,16000
train,running_tap.wav,302704,16000
train,running_tap.wav,782979,16000
train,exercise_bike.wav,136369,16000
train,doing_the_dishes.wav,1001286,16000
train,exercise_bike.wav,232330,16000
train,exercise_bike.wav,612559,16000
train,running_tap.wav,188815,16000
train,doing_the_dishes.wav,806023,16000
train,white_noise.wav,635455,16000
train,exercise_bike.wav,117225,16000
train,white_noise.wav,713779,16000
train,exercise_bike.wav,149821,16000
train,white_noise.wav,769550,16000
train,dude_miaowing.wav,188143,16000
train,pink_noise.wav,409581,16000
train,dude_miaowing.wav,706126,16000
train,doing_the_dishes.wav,1195907,16000
train,pink_noise.wav,208436,16000
train,dude_miaowing.wav,445952,16000
train,dude_miaowing.wav,842671,16000
train,white_noise.wav,292388,16000
train,exercise_bike.wav,74788,16000
train,doing_the_dishes.wav,1188555,16000
train,running_tap.wav,245144,16000
train,pink_noise.wav,8199,16000
train,running_tap.wav,611799,16000
train,doing_the_dishes.wav,10387,16000
train,pink_noise.wav,128184,16000
train,doing_the_dishes.wav,1245648,16000
train,pink_noise.wav,150646,16000
train,doing_the_dishes.wav,1081902,16000
train,pink_noise.wav,64559,16000
train,pink_noise.wav,880481,16000
train,dude_miaowing.wav,138730,16000
train,running_tap.wav,325433,16000
train,pink_noise.wav,513995,16000
train,exercise_bike.wav,265934,16000
train,dude_miaowing.wav,129134,16000
train,white_noise.wav,26005,16000
train,exercise_bike.wav,455109,16000
train,dude_miaowing.wav,628073,16000
train,dude_miaowing.wav,750117,16000
train,doing_the_dishes.wav,1270322,16000
train,running_tap.wav,544636,16000
train,exercise_bike.wav,466748,16000
train,running_tap.wav,138416,16000
train,doing_the_dishes.wav,917520,16000
train,dude_miaowing.wav,673413,16000
train,white_noise.wav,274568,16000
train,doing_the_dishes.wav,1134689,16000
train,running_tap.wav,608442,16000
train,exercise_bike.wav,233977,16000
train,doing_the_dishes.wav,1191791,16000
train,dude_miaowing.wav,332060,16000
train,exercise_bike.wav,105617,16000
train,pink_noise.wav,879283,16000
train,white_noise.wav,865206,16000
train,running_tap.wav,837014,16000
train,pink_noise.wav,772164,16000
train,running_tap.wav,192172,16000
train,dude_miaowing.wav,677260,16000
train,running_tap.wav,589385,16000
train,dude_miaowing.wav,928264,16000
train,doing_the_dishes.wav,1261068,16000
train,dude_miaowing.wav,587368,16000
train,exercise_bike.wav,107417,16000
train,pink_noise.wav,249374,16000
train,pink_noise.wav,1067,16000
train,doing_the_dishes.wav,441589,16000
train,dude_miaowing.wav,861471,16000
train,dude_miaowing.wav,127103,16000
train,dude_miaowing.wav,209397,16000
train,running_tap.wav,334169,16000
train,exercise_bike.wav,63239,16000
train,dude_miaowing.wav,253518,16000
train,running_tap.wav,212828,16000
train,exercise_bike.wav,47238,16000
train,pink_noise.wav,688056,16000
train,white_noise.wav,223035,16000
train,dude_miaowing.wav,835931,16000
train,running_tap.wav,812679,16000
train,running_tap.wav,182505,16000
train,pink_noise.wav,428915,16000
train,doing_the_dishes.wav,1504349,16000
train,doing_the_dishes.wav,115917,16000
train,exercise_bike.wav,144735,16000
train,doing_the_dishes.wav,265365,16000
train,white_noise.wav,58183,16000
train,running_tap.wav,243707,16000
train,exercise_bike.wav,251545,16000
train,exercise_bike.wav,821359,16000
train,doing_the_dishes.wav,142152,16000
train,exercise_bike.wav,527331,16000
train,dude_miaowing.wav,480348,16000
train,doing_the_dishes.wav,498449,16000
train,pink_noise.wav,313140,16000
train,running_tap.wav,159627,16000
train,doing_the_dishes.wav,54462,16000
train,running_tap.wav,768918,16000
train,exercise_bike.wav,938837,16000
train,exercise_bike.wav,543216,16000
train,white_noise.wav,779745,16000
train,exercise_bike.wav,214307,16000
train,doing_the_dishes.wav,963161,16000
train,pink_noise.wav,317282,16000
train,dude_miaowing.wav,564857,16000
train,pink_noise.wav,143207,16000
train,doing_the_dishes.wav,400522,16000
train,running_tap.wav,197796,16000
train,pink_noise.wav,282295,16000
train,exercise_bike.wav,127646,16000
train,doing_the_dishes.wav,1306181,16000
train,running_tap.wav,846334,16000
train,doing_the_dishes.wav,1028956,16000
train,running_tap.wav,448388,16000
train,white_noise.wav,631966,16000
train,dude_miaowing.wav,842272,16000
train,dude_miaowing.wav,727010,16000
train,doing_the_dishes.wav,272376,16000
train,dude_miaowing.wav,886425,16000
train,running_tap.wav,91548,16000
train,dude_miaowing.wav,12896,16000
train,pink_noise.wav,340736,16000
train,running_tap.wav,384529,16000
train,pink_noise.wav,531413,16000
train,dude_miaowing.wav,586666,16000
train,running_tap.wav,551886,16000
train,dude_miaowing.wav,720955,16000
train,dude_miaowing.wav,874470,16000
train,doing_the_dishes.wav,514223,16000
train,pink_noise.wav,163812,16000
train,running_tap.wav,436939,16000
train,pink_noise.wav,346015,16000
train,running_tap.wav,499673,16000
train,pink_noise.wav,621015,16000
train,exercise_bike.wav,786394,16000
train,exercise_bike.wav,518204,16000
train,dude_miaowing.wav,941033,16000
train,running_tap.wav,93311,16000
train,dude_miaowing.wav,866340,16000
train,dude_miaowing.wav,597686,16000
train,white_noise.wav,313137,16000
train,pink_noise.wav,318582,16000
train,white_noise.wav,755916,16000
train,running_tap.wav,316957,16000
train,pink_noise.wav,123197,16000
train,doing_the_dishes.wav,511626,16000
train,white_noise.wav,766818,16000
train,pink_noise.wav,698407,16000
train,pink_noise.wav,242181,16000
train,dude_miaowing.wav,176828,16000
train,doing_the_dishes.wav,1216884,16000
train,pink_noise.wav,34888,16000
train,white_noise.wav,761195,16000
train,doing_the_dishes.wav,1024948,16000
train,exercise_bike.wav,26166,16000
train,pink_noise.wav,896160,16000
train,white_noise.wav,485915,16000
train,running_tap.wav,531197,16000
train,exercise_bike.wav,632637,16000
train,running_tap.wav,469669,16000
train,running_tap.wav,629570,16000
train,exercise_bike.wav,528610,16000
train,white_noise.wav,174840,16000
train,white_noise.wav,784465,16000
train,white_noise.wav,485881,16000
train,exercise_bike.wav,902104,16000
train,pink_noise.wav,939886,16000
train,doing_the_dishes.wav,1297182,16000
train,dude_miaowing.wav,885370,16000
train,exercise_bike.wav,55889,16000
train,white_noise.wav,749115,16000
train,pink_noise.wav,196981,16000
train,pink_noise.wav,338258,16000
train,exercise_bike.wav,554062,16000
train,pink_noise.wav,722507,16000
train,running_tap.wav,536609,16000
train,running_tap.wav,525108,16000
train,running_tap.wav,1062,16000
train,white_noise.wav,121220,16000
train,white_noise.wav,583179,16000
train,white_noise.wav,399693,16000
train,white_noise.wav,102751,16000
train,white_noise.wav,573768,16000
train,white_noise.wav,256210,16000
train,doing_the_dishes.wav,240891,16000
train,dude_miaowing.wav,715172,16000
train,running_tap.wav,662803,16000
train,running_tap.wav,153344,16000
train,pink_noise.wav,214126,16000
train,dude_miaowing.wav,916706,16000
train,doing_the_dishes.wav,453191,16000
train,dude_miaowing.wav,576779,16000
train,exercise_bike.wav,891388,16000
train,running_tap.wav,434007,16000
train,doing_the_dishes.wav,1106126,16000
train,running_tap.wav,927423,16000
train,dude_miaowing.wav,336356,16000
train,exercise_bike.wav,495236,16000
train,pink_noise.wav,255697,16000
train,dude_miaowing.wav,612389,16000
train,pink_noise.wav,673421,16000
train,exercise_bike.wav,440076,16000
train,pink_noise.wav,927739,16000
train,white_noise.wav,292407,16000
train,exercise_bike.wav,755857,16000
train,dude_miaowing.wav,810943,16000
train,white_noise.wav,808492,16000
train,white_noise.wav,663575,16000
train,exercise_bike.wav,702411,16000
train,exercise_bike.wav,670377,16000
train,dude_miaowing.wav,226720,16000
train,doing_the_dishes.wav,1097357,16000
train,doing_the_dishes.wav,40319,16000
train,pink_noise.wav,45492,16000
train,doing_the_dishes.wav,494954,16000
train,dude_miaowing.wav,461246,16000
train,exercise_bike.wav,710607,16000
train,pink_noise.wav,188060,16000
train,white_noise.wav,137277,16000
train,exercise_bike.wav,903625,16000
train,white_noise.wav,283651,16000
train,running_tap.wav,52513,16000
train,dude_miaowing.wav,310440,16000
train,pink_noise.wav,666284,16000
train,white_noise.wav,276045,16000
train,doing_the_dishes.wav,1159267,16000
train,pink_noise.wav,547281,16000
train,dude_miaowing.wav,927433,16000
train,dude_miaowing.wav,282462,16000
train,white_noise.wav,6396,16000
train,exercise_bike.wav,631597,16000
train,running_tap.wav,815733,16000
train,dude_miaowing.wav,571747,16000
train,dude_miaowing.wav,603699,16000
train,dude_miaowing.wav,681781,16000
train,doing_the_dishes.wav,1121894,16000
train,doing_the_dishes.wav,457008,16000
train,exercise_bike.wav,962598,16000
train,exercise_bike.wav,941041,16000
train,exercise_bike.wav,78249,16000
train,doing_the_dishes.wav,510720,16000
train,running_tap.wav,42085,16000
train,white_noise.wav,402290,16000
train,exercise_bike.wav,645654,16000
train,exercise_bike.wav,286474,16000
train,pink_noise.wav,849688,16000
train,running_tap.wav,298856,16000
train,pink_noise.wav,213735,16000
train,pink_noise.wav,512199,16000
train,doing_the_dishes.wav,370183,16000
train,doing_the_dishes.wav,184396,16000
train,white_noise.wav,742907,16000
train,dude_miaowing.wav,273406,16000
train,pink_noise.wav,260865,16000
train,doing_the_dishes.wav,985151,16000
train,exercise_bike.wav,187833,16000
train,doing_the_dishes.wav,1439064,16000
train,exercise_bike.wav,687904,16000
train,pink_noise.wav,899345,16000
train,running_tap.wav,493578,16000
train,dude_miaowing.wav,673759,16000
train,running_tap.wav,464312,16000
train,white_noise.wav,258393,16000
train,white_noise.wav,555915,16000
train,running_tap.wav,527665,16000
train,exercise_bike.wav,262767,16000
train,white_noise.wav,15959,16000
train,dude_miaowing.wav,36444,16000
train,dude_miaowing.wav,556925,16000
train,running_tap.wav,227909,16000
train,white_noise.wav,277586,16000
train,running_tap.wav,71027,16000
train,white_noise.wav,373803,16000
train,pink_noise.wav,559114,16000
train,doing_the_dishes.wav,472663,16000
train,dude_miaowing.wav,522924,16000
train,pink_noise.wav,566168,16000
train,doing_the_dishes.wav,1110530,16000
train,pink_noise.wav,448417,16000
train,white_noise.wav,257868,16000
train,white_noise.wav,288150,16000
train,dude_miaowing.wav,778461,16000
train,dude_miaowing.wav,838934,16000
train,white_noise.wav,673871,16000
train,dude_miaowing.wav,67358,16000
train,white_noise.wav,57940,16000
train,white_noise.wav,896204,16000
train,white_noise.wav,441654,16000
train,running_tap.wav,882614,16000
train,running_tap.wav,851825,16000
train,white_noise.wav,580399,16000
train,doing_the_dishes.wav,599664,16000
train,doing_the_dishes.wav,561227,16000
train,doing_the_dishes.wav,1334706,16000
train,dude_miaowing.wav,447471,16000
train,doing_the_dishes.wav,252259,16000
train,pink_noise.wav,871936,16000
train,running_tap.wav,21254,16000
train,white_noise.wav,692969,16000
train,white_noise.wav,473805,16000
train,exercise_bike.wav,293301,16000
train,doing_the_dishes.wav,562503,16000
train,doing_the_dishes.wav,312854,16000
train,dude_miaowing.wav,35583,16000
train,exercise_bike.wav,332534,16000
train,exercise_bike.wav,204841,16000
train,pink_noise.wav,271553,16000
train,white_noise.wav,531814,16000
train,white_noise.wav,475607,16000
train,dude_miaowing.wav,319785,16000
train,dude_miaowing.wav,615462,16000
train,exercise_bike.wav,139809,16000
train,dude_miaowing.wav,840157,16000
train,dude_miaowing.wav,411063,16000
train,running_tap.wav,279093,16000
train,running_tap.wav,170954,16000
train,pink_noise.wav,840618,16000
train,white_noise.wav,746302,16000
train,doing_the_dishes.wav,57652,16000
train,running_tap.wav,481733,16000
train,doing_the_dishes.wav,385593,16000
train,pink_noise.wav,583001,16000
train,exercise_bike.wav,466660,16000
train,white_noise.wav,736972,16000
train,exercise_bike.wav,376429,16000
train,doing_the_dishes.wav,1347299,16000
train,exercise_bike.wav,669469,16000
train,pink_noise.wav,844022,16000
train,doing_the_dishes.wav,1140314,16000
train,running_tap.wav,906361,16000
train,dude_miaowing.wav,2201,16000
train,running_tap.wav,829173,16000
train,exercise_bike.wav,379783,16000
train,white_noise.wav,706628,16000
train,pink_noise.wav,941458,16000
train,doing_the_dishes.wav,884014,16000
train,white_noise.wav,278552,16000
train,doing_the_dishes.wav,729797,16000
train,doing_the_dishes.wav,1339879,16000
train,exercise_bike.wav,531426,16000
train,doing_the_dishes.wav,914296,16000
train,pink_noise.wav,912393,16000
train,doing_the_dishes.wav,1191258,16000
train,pink_noise.wav,535475,16000
train,white_noise.wav,155882,16000
train,white_noise.wav,491353,16000
train,dude_miaowing.wav,774309,16000
train,exercise_bike.wav,250234,16000
train,pink_noise.wav,663874,16000
train,dude_miaowing.wav,135301,16000
train,pink_noise.wav,696396,16000
train,white_noise.wav,22258,16000
train,doing_the_dishes.wav,1113122,16000
train,pink_noise.wav,390098,16000
train,dude_miaowing.wav,384035,16000
train,pink_noise.wav,338219,16000
train,dude_miaowing.wav,785248,16000
train,dude_miaowing.wav,871791,16000
train,doing_the_dishes.wav,544507,16000
train,white_noise.wav,337528,16000
train,exercise_bike.wav,942209,16000
train,pink_noise.wav,291167,16000
train,dude_miaowing.wav,902647,16000
train,exercise_bike.wav,34421,16000
train,white_noise.wav,169611,16000
train,doing_the_dishes.wav,169548,16000
train,exercise_bike.wav,802980,16000
train,dude_miaowing.wav,416914,16000
train,pink_noise.wav,584153,16000
train,pink_noise.wav,323435,16000
train,running_tap.wav,251843,16000
train,doing_the_dishes.wav,1334579,16000
train,doing_the_dishes.wav,983291,16000
train,running_tap.wav,630581,16000
train,white_noise.wav,751550,16000
train,dude_miaowing.wav,889396,16000
train,dude_miaowing.wav,966759,16000
train,dude_miaowing.wav,614243,16000
train,dude_miaowing.wav,282645,16000
train,doing_the_dishes.wav,376537,16000
train,pink_noise.wav,4146,16000
train,white_noise.wav,503504,16000
train,running_tap.wav,911669,16000
train,pink_noise.wav,186792,16000
train,running_tap.wav,496893,16000
train,white_noise.wav,411764,16000
train,doing_the_dishes.wav,961903,16000
train,white_noise.wav,217254,16000
train,doing_the_dishes.wav,334652,16000
train,exercise_bike.wav,31855,16000
train,white_noise.wav,927959,16000
train,white_noise.wav,757110,16000
train,pink_noise.wav,759812,16000
train,exercise_bike.wav,787450,16000
train,white_noise.wav,585252,16000
train,exercise_bike.wav,441730,16000
train,exercise_bike.wav,636462,16000
train,dude_miaowing.wav,230143,16000
train,running_tap.wav,730141,16000
train,doing_the_dishes.wav,311412,16000
train,exercise_bike.wav,413463,16000
train,dude_miaowing.wav,805110,16000
train,running_tap.wav,452522,16000
train,dude_miaowing.wav,371453,16000
train,running_tap.wav,363220,16000
train,exercise_bike.wav,342347,16000
train,exercise_bike.wav,897472,16000
train,exercise_bike.wav,125877,16000
train,dude_miaowing.wav,200738,16000
train,doing_the_dishes.wav,891082,16000
train,white_noise.wav,317603,16000
train,running_tap.wav,568991,16000
train,white_noise.wav,154805,16000
train,dude_miaowing.wav,399831,16000
train,exercise_bike.wav,743174,16000
train,white_noise.wav,288277,16000
train,pink_noise.wav,668540,16000
train,white_noise.wav,286879,16000
train,doing_the_dishes.wav,1428815,16000
train,white_noise.wav,52502,16000
train,dude_miaowing.wav,810878,16000
train,running_tap.wav,489528,16000
train,doing_the_dishes.wav,583559,16000
train,running_tap.wav,777657,16000
train,white_noise.wav,328750,16000
train,running_tap.wav,173847,16000
train,pink_noise.wav,406152,16000
train,dude_miaowing.wav,759954,16000
train,running_tap.wav,786413,16000
train,exercise_bike.wav,722233,16000
train,pink_noise.wav,344345,16000
train,running_tap.wav,143415,16000
train,doing_the_dishes.wav,894937,16000
train,pink_noise.wav,645779,16000
train,pink_noise.wav,175396,16000
train,white_noise.wav,149337,16000
train,running_tap.wav,281161,16000
train,running_tap.wav,711415,16000
train,white_noise.wav,445163,16000
train,pink_noise.wav,300411,16000
train,white_noise.wav,68980,16000
train,running_tap.wav,180661,16000
train,white_noise.wav,838700,16000
train,white_noise.wav,779069,16000
train,dude_miaowing.wav,71329,16000
train,running_tap.wav,283431,16000
train,exercise_bike.wav,358287,16000
train,exercise_bike.wav,482375,16000
train,dude_miaowing.wav,288074,16000
train,exercise_bike.wav,767098,16000
train,exercise_bike.wav,635289,16000
train,running_tap.wav,68631,16000
train,running_tap.wav,780935,16000
train,running_tap.wav,702084,16000
train,pink_noise.wav,293711,16000
train,pink_noise.wav,279911,16000
train,pink_noise.wav,62515,16000
train,doing_the_dishes.wav,203361,16000
train,exercise_bike.wav,211798,16000
train,dude_miaowing.wav,202840,16000
train,running_tap.wav,28778,16000
train,white_noise.wav,714499,16000
train,white_noise.wav,685883,16000
train,running_tap.wav,66169,16000
train,white_noise.wav,443820,16000
train,white_noise.wav,81781,16000
train,pink_noise.wav,300417,16000
train,dude_miaowing.wav,159205,16000
train,pink_noise.wav,630793,16000
train,running_tap.wav,352964,16000
train,doing_the_dishes.wav,1081093,16000
train,doing_the_dishes.wav,996032,16000
train,pink_noise.wav,192333,16000
train,exercise_bike.wav,201465,16000
train,white_noise.wav,697144,16000
train,white_noise.wav,479461,16000
train,white_noise.wav,877933,16000
train,dude_miaowing.wav,874240,16000
train,pink_noise.wav,263446,16000
train,doing_the_dishes.wav,931071,16000
train,exercise_bike.wav,485227,16000
train,doing_the_dishes.wav,1464895,16000
train,exercise_bike.wav,654831,16000
train,white_noise.wav,571651,16000
train,exercise_bike.wav,125952,16000
train,pink_noise.wav,158972,16000
train,pink_noise.wav,96560,16000
train,pink_noise.wav,534578,16000
train,exercise_bike.wav,475764,16000
train,dude_miaowing.wav,903310,16000
train,running_tap.wav,718059,16000
train,pink_noise.wav,519114,16000
train,doing_the_dishes.wav,788107,16000
train,pink_noise.wav,860494,16000
train,white_noise.wav,456265,16000
train,doing_the_dishes.wav,1048454,16000
train,pink_noise.wav,221940,16000
train,white_noise.wav,867513,16000
train,exercise_bike.wav,316942,16000
train,exercise_bike.wav,468059,16000
train,running_tap.wav,813872,16000
train,dude_miaowing.wav,484015,16000
train,doing_the_dishes.wav,722813,16000
train,running_tap.wav,869618,16000
train,running_tap.wav,415978,16000
train,doing_the_dishes.wav,1099953,16000
train,dude_miaowing.wav,48527,16000
train,dude_miaowing.wav,337528,16000
train,dude_miaowing.wav,30634,16000
train,doing_the_dishes.wav,558966,16000
train,running_tap.wav,202338,16000
train,doing_the_dishes.wav,399638,16000
train,running_tap.wav,266099,16000
train,exercise_bike.wav,379405,16000
train,pink_noise.wav,680810,16000
train,doing_the_dishes.wav,780551,16000
train,running_tap.wav,310044,16000
train,doing_the_dishes.wav,1078684,16000
train,doing_the_dishes.wav,1394528,16000
train,doing_the_dishes.wav,1302015,16000
train,pink_noise.wav,379299,16000
train,exercise_bike.wav,303248,16000
train,dude_miaowing.wav,257794,16000
train,white_noise.wav,799374,16000
train,running_tap.wav,396656,16000
train,pink_noise.wav,598790,16000
train,doing_the_dishes.wav,321251,16000
train,running_tap.wav,212455,16000
train,dude_miaowing.wav,282729,16000
train,white_noise.wav,220920,16000
train,exercise_bike.wav,343556,16000
train,running_tap.wav,663811,16000
train,exercise_bike.wav,91836,16000
train,pink_noise.wav,184203,16000
train,doing_the_dishes.wav,733237,16000
train,running_tap.wav,957746,16000
train,white_noise.wav,357192,16000
train,pink_noise.wav,236810,16000
train,exercise_bike.wav,872211,16000
train,running_tap.wav,715411,16000
train,running_tap.wav,419721,16000
train,doing_the_dishes.wav,263623,16000
train,dude_miaowing.wav,632229,16000
train,dude_miaowing.wav,600661,16000
train,white_noise.wav,879068,16000
train,running_tap.wav,743735,16000
train,white_noise.wav,537593,16000
train,white_noise.wav,462956,16000
train,exercise_bike.wav,58946,16000
train,white_noise.wav,752277,16000
train,running_tap.wav,20741,16000
train,doing_the_dishes.wav,469203,16000
train,dude_miaowing.wav,478855,16000
train,pink_noise.wav,822921,16000
train,pink_noise.wav,760159,16000
train,white_noise.wav,377864,16000
train,white_noise.wav,785661,16000
train,white_noise.wav,228925,16000
train,dude_miaowing.wav,529446,16000
train,doing_the_dishes.wav,918331,16000
train,white_noise.wav,312295,16000
train,pink_noise.wav,176732,16000
train,running_tap.wav,16333,16000
train,dude_miaowing.wav,120370,16000
train,pink_noise.wav,547030,16000
train,doing_the_dishes.wav,148259,16000
train,pink_noise.wav,226197,16000
train,running_tap.wav,14609,16000
train,pink_noise.wav,427856,16000
train,running_tap.wav,251898,16000
train,exercise_bike.wav,140145,16000
train,exercise_bike.wav,436073,16000
train,pink_noise.wav,529719,16000
train,pink_noise.wav,827521,16000
train,white_noise.wav,269090,16000
train,exercise_bike.wav,741294,16000
train,exercise_bike.wav,276687,16000
train,exercise_bike.wav,227601,16000
train,exercise_bike.wav,393791,16000
train,pink_noise.wav,733915,16000
train,pink_noise.wav,374374,16000
train,exercise_bike.wav,934340,16000
train,dude_miaowing.wav,968085,16000
train,exercise_bike.wav,49217,16000
train,doing_the_dishes.wav,98807,16000
train,doing_the_dishes.wav,248847,16000
train,pink_noise.wav,384187,16000
train,exercise_bike.wav,957937,16000
train,white_noise.wav,73613,16000
train,dude_miaowing.wav,221954,16000
train,dude_miaowing.wav,285935,16000
train,pink_noise.wav,842500,16000
train,dude_miaowing.wav,795139,16000
train,pink_noise.wav,311212,16000
train,pink_noise.wav,354758,16000
train,white_noise.wav,156902,16000
train,exercise_bike.wav,747655,16000
train,pink_noise.wav,119916,16000
train,running_tap.wav,916750,16000
train,pink_noise.wav,812709,16000
train,running_tap.wav,296688,16000
train,exercise_bike.wav,269269,16000
train,white_noise.wav,605085,16000
train,white_noise.wav,568001,16000
train,doing_the_dishes.wav,825478,16000
train,dude_miaowing.wav,71194,16000
train,pink_noise.wav,274950,16000
train,pink_noise.wav,742163,16000
train,running_tap.wav,471584,16000
train,pink_noise.wav,837694,16000
train,doing_the_dishes.wav,1240402,16000
train,white_noise.wav,399982,16000
train,white_noise.wav,72738,16000
train,white_noise.wav,130600,16000
train,white_noise.wav,679082,16000
train,pink_noise.wav,274370,16000
train,doing_the_dishes.wav,371860,16000
train,doing_the_dishes.wav,527590,16000
train,dude_miaowing.wav,859967,16000
train,running_tap.wav,559814,16000
train,pink_noise.wav,105436,16000
train,dude_miaowing.wav,16265,16000
train,running_tap.wav,586602,16000
train,running_tap.wav,478847,16000
train,exercise_bike.wav,926615,16000
train,dude_miaowing.wav,761156,16000
train,doing_the_dishes.wav,42316,16000
train,white_noise.wav,847011,16000
train,pink_noise.wav,189684,16000
train,doing_the_dishes.wav,428676,16000
train,pink_noise.wav,325172,16000
train,white_noise.wav,120281,16000
train,exercise_bike.wav,491969,16000
train,dude_miaowing.wav,664583,16000
train,doing_the_dishes.wav,1443554,16000
train,exercise_bike.wav,345448,16000
train,doing_the_dishes.wav,648187,16000
train,running_tap.wav,468003,16000
train,doing_the_dishes.wav,1250588,16000
train,white_noise.wav,816522,16000
train,doing_the_dishes.wav,910300,16000
train,doing_the_dishes.wav,650784,16000
train,running_tap.wav,182684,16000
train,running_tap.wav,158599,16000
train,doing_the_dishes.wav,708326,16000
train,white_noise.wav,587354,16000
train,pink_noise.wav,381902,16000
train,white_noise.wav,593001,16000
train,exercise_bike.wav,427997,16000
train,white_noise.wav,193709,16000
train,white_noise.wav,23082,16000
train,dude_miaowing.wav,671004,16000
train,white_noise.wav,314562,16000
train,doing_the_dishes.wav,483080,16000
train,exercise_bike.wav,961819,16000
train,white_noise.wav,652746,16000
train,white_noise.wav,848109,16000
train,running_tap.wav,782075,16000
train,exercise_bike.wav,284518,16000
train,doing_the_dishes.wav,1290481,16000
train,dude_miaowing.wav,568377,16000
train,exercise_bike.wav,212581,16000
train,exercise_bike.wav,708123,16000
train,pink_noise.wav,922841,16000
train,running_tap.wav,863307,16000
train,pink_noise.wav,123003,16000
train,dude_miaowing.wav,469880,16000
train,exercise_bike.wav,569362,16000
train,dude_miaowing.wav,959067,16000
train,exercise_bike.wav,10376,16000
train,white_noise.wav,871483,16000
train,running_tap.wav,825773,16000
train,pink_noise.wav,827718,16000
train,white_noise.wav,133092,16000
train,white_noise.wav,783599,16000
train,running_tap.wav,878475,16000
train,running_tap.wav,942311,16000
train,dude_miaowing.wav,920311,16000
train,pink_noise.wav,453910,16000
train,running_tap.wav,769897,16000
train,dude_miaowing.wav,854737,16000
train,running_tap.wav,177386,16000
train,doing_the_dishes.wav,982685,16000
train,exercise_bike.wav,862727,16000
train,running_tap.wav,801779,16000
train,dude_miaowing.wav,896901,16000
train,running_tap.wav,743968,16000
train,dude_miaowing.wav,324310,16000
train,dude_miaowing.wav,251344,16000
train,doing_the_dishes.wav,1485640,16000
train,pink_noise.wav,92779,16000
train,white_noise.wav,406644,16000
train,running_tap.wav,869901,16000
train,dude_miaowing.wav,351696,16000
train,doing_the_dishes.wav,929006,16000
train,dude_miaowing.wav,376412,16000
train,white_noise.wav,241712,16000
train,exercise_bike.wav,139351,16000
train,white_noise.wav,680740,16000
train,pink_noise.wav,837321,16000
train,exercise_bike.wav,502441,16000
train,white_noise.wav,245575,16000
train,running_tap.wav,338272,16000
train,white_noise.wav,762121,16000
train,exercise_bike.wav,455432,16000
train,pink_noise.wav,562515,16000
train,running_tap.wav,569668,16000
train,pink_noise.wav,675065,16000
train,white_noise.wav,268502,16000
train,running_tap.wav,849954,16000
train,doing_the_dishes.wav,1273980,16000
train,running_tap.wav,935268,16000
train,dude_miaowing.wav,760648,16000
train,running_tap.wav,891440,16000
train,white_noise.wav,533943,16000
train,running_tap.wav,592811,16000
train,dude_miaowing.wav,464364,16000
train,white_noise.wav,26453,16000
train,pink_noise.wav,404743,16000
train,doing_the_dishes.wav,301336,16000
train,white_noise.wav,580560,16000
train,dude_miaowing.wav,28129,16000
train,running_tap.wav,86863,16000
train,doing_the_dishes.wav,817956,16000
train,pink_noise.wav,43742,16000
train,white_noise.wav,241097,16000
train,pink_noise.wav,756189,16000
train,white_noise.wav,702180,16000
train,running_tap.wav,534145,16000
train,doing_the_dishes.wav,485733,16000
train,running_tap.wav,953285,16000
train,exercise_bike.wav,33657,16000
train,doing_the_dishes.wav,598181,16000
train,exercise_bike.wav,808516,16000
train,pink_noise.wav,574428,16000
train,running_tap.wav,302611,16000
train,running_tap.wav,590320,16000
train,running_tap.wav,910655,16000
train,dude_miaowing.wav,753956,16000
train,dude_miaowing.wav,969863,16000
train,dude_miaowing.wav,522512,16000
train,exercise_bike.wav,626850,16000
train,white_noise.wav,821216,16000
train,pink_noise.wav,851487,16000
train,dude_miaowing.wav,80909,16000
train,dude_miaowing.wav,112120,16000
train,doing_the_dishes.wav,859579,16000
train,exercise_bike.wav,251380,16000
train,white_noise.wav,516433,16000
train,dude_miaowing.wav,496989,16000
train,white_noise.wav,290646,16000
train,doing_the_dishes.wav,416877,16000
train,exercise_bike.wav,341834,16000
train,pink_noise.wav,887159,16000
train,white_noise.wav,884920,16000
train,exercise_bike.wav,884807,16000
train,exercise_bike.wav,109718,16000
train,white_noise.wav,610489,16000
train,running_tap.wav,2516,16000
train,running_tap.wav,333434,16000
train,running_tap.wav,448768,16000
train,exercise_bike.wav,914919,16000
train,running_tap.wav,703383,16000
train,dude_miaowing.wav,486896,16000
train,dude_miaowing.wav,81430,16000
train,doing_the_dishes.wav,1231275,16000
train,dude_miaowing.wav,270936,16000
train,white_noise.wav,819668,16000
train,pink_noise.wav,32795,16000
train,exercise_bike.wav,424054,16000
train,doing_the_dishes.wav,433865,16000
train,pink_noise.wav,818132,16000
train,doing_the_dishes.wav,433421,16000
train,dude_miaowing.wav,820413,16000
train,doing_the_dishes.wav,445562,16000
train,doing_the_dishes.wav,832889,16000
train,running_tap.wav,70166,16000
train,exercise_bike.wav,554056,16000
train,exercise_bike.wav,143523,16000
train,white_noise.wav,2935,16000
train,pink_noise.wav,504373,16000
train,white_noise.wav,868593,16000
train,exercise_bike.wav,514954,16000
train,white_noise.wav,882800,16000
train,running_tap.wav,82160,16000
train,doing_the_dishes.wav,1251174,16000
train,exercise_bike.wav,768491,16000
train,dude_miaowing.wav,487715,16000
train,pink_noise.wav,754706,16000
train,doing_the_dishes.wav,999531,16000
train,exercise_bike.wav,206761,16000
train,doing_the_dishes.wav,830743,16000
train,dude_miaowing.wav,242558,16000
train,pink_noise.wav,787955,16000
train,dude_miaowing.wav,869412,16000
train,running_tap.wav,905698,16000
train,running_tap.wav,507412,16000
train,doing_the_dishes.wav,1390634,16000
train,exercise_bike.wav,628210,16000
train,exercise_bike.wav,16046,16000
train,exercise_bike.wav,784275,16000
train,running_tap.wav,277976,16000
train,running_tap.wav,155729,16000
train,dude_miaowing.wav,228064,16000
train,pink_noise.wav,831517,16000
train,pink_noise.wav,566449,16000
train,doing_the_dishes.wav,1458507,16000
train,white_noise.wav,452375,16000
train,dude_miaowing.wav,557319,16000
train,doing_the_dishes.wav,1445391,16000
train,white_noise.wav,642319,16000
train,running_tap.wav,831280,16000
train,doing_the_dishes.wav,1182756,16000
train,white_noise.wav,80763,16000
train,running_tap.wav,429728,16000
train,doing_the_dishes.wav,1033268,16000
train,exercise_bike.wav,465479,16000
train,running_tap.wav,557370,16000
train,dude_miaowing.wav,608191,16000
train,doing_the_dishes.wav,104987,16000
train,pink_noise.wav,743008,16000
train,exercise_bike.wav,600291,16000
train,exercise_bike.wav,358345,16000
train,running_tap.wav,764293,16000
train,running_tap.wav,243344,16000
train,pink_noise.wav,31918,16000
train,white_noise.wav,104997,16000
train,white_noise.wav,838076,16000
train,exercise_bike.wav,191347,16000
train,white_noise.wav,261273,16000
train,dude_miaowing.wav,858007,16000
train,exercise_bike.wav,641291,16000
train,running_tap.wav,273804,16000
train,dude_miaowing.wav,129465,16000
train,dude_miaowing.wav,254037,16000
train,pink_noise.wav,645417,16000
train,doing_the_dishes.wav,263707,16000
train,white_noise.wav,715551,16000
train,white_noise.wav,348603,16000
train,pink_noise.wav,215956,16000
train,dude_miaowing.wav,450789,16000
train,white_noise.wav,753893,16000
train,dude_miaowing.wav,761296,16000
train,pink_noise.wav,309883,16000
train,doing_the_dishes.wav,713996,16000
train,doing_the_dishes.wav,835423,16000
train,exercise_bike.wav,678158,16000
train,pink_noise.wav,664277,16000
train,white_noise.wav,621909,16000
train,running_tap.wav,617981,16000
train,doing_the_dishes.wav,152354,16000
train,white_noise.wav,348066,16000
train,white_noise.wav,265957,16000
train,pink_noise.wav,616353,16000
train,dude_miaowing.wav,197353,16000
train,dude_miaowing.wav,574383,16000
train,exercise_bike.wav,94708,16000
train,white_noise.wav,778211,16000
train,pink_noise.wav,336718,16000
train,white_noise.wav,631481,16000
train,white_noise.wav,560986,16000
train,white_noise.wav,116047,16000
train,white_noise.wav,260448,16000
train,dude_miaowing.wav,440356,16000
train,dude_miaowing.wav,533932,16000
train,white_noise.wav,203315,16000
train,pink_noise.wav,429427,16000
train,exercise_bike.wav,730701,16000
train,doing_the_dishes.wav,630962,16000
train,exercise_bike.wav,525619,16000
train,doing_the_dishes.wav,31992,16000
train,exercise_bike.wav,705382,16000
train,dude_miaowing.wav,310560,16000
train,dude_miaowing.wav,756855,16000
train,dude_miaowing.wav,556998,16000
train,running_tap.wav,15189,16000
train,running_tap.wav,899338,16000
train,doing_the_dishes.wav,713987,16000
train,white_noise.wav,317888,16000
train,exercise_bike.wav,807869,16000
train,running_tap.wav,2643,16000
train,exercise_bike.wav,792852,16000
train,exercise_bike.wav,115900,16000
train,dude_miaowing.wav,244755,16000
train,pink_noise.wav,495184,16000
train,exercise_bike.wav,151625,16000
train,pink_noise.wav,808129,16000
train,pink_noise.wav,65064,16000
train,dude_miaowing.wav,296810,16000
train,dude_miaowing.wav,77712,16000
train,white_noise.wav,522058,16000
train,exercise_bike.wav,854407,16000
train,exercise_bike.wav,641812,16000
train,exercise_bike.wav,520765,16000
train,doing_the_dishes.wav,358547,16000
train,running_tap.wav,513104,16000
train,exercise_bike.wav,791345,16000
train,dude_miaowing.wav,422363,16000
train,dude_miaowing.wav,394930,16000
train,white_noise.wav,229259,16000
train,doing_the_dishes.wav,204755,16000
train,white_noise.wav,248743,16000
train,dude_miaowing.wav,503314,16000
train,exercise_bike.wav,79789,16000
train,dude_miaowing.wav,523047,16000
train,white_noise.wav,144650,16000
train,doing_the_dishes.wav,488632,16000
train,pink_noise.wav,568174,16000
train,exercise_bike.wav,21122,16000
train,white_noise.wav,164902,16000
train,dude_miaowing.wav,608470,16000
train,running_tap.wav,153807,16000
train,running_tap.wav,857482,16000
train,dude_miaowing.wav,915794,16000
train,doing_the_dishes.wav,943062,16000
train,running_tap.wav,795461,16000
train,white_noise.wav,745867,16000
train,pink_noise.wav,478667,16000
train,white_noise.wav,680936,16000
train,pink_noise.wav,607706,16000
train,exercise_bike.wav,277970,16000
train,white_noise.wav,192859,16000
train,doing_the_dishes.wav,16266,16000
train,exercise_bike.wav,62692,16000
train,white_noise.wav,405209,16000
train,running_tap.wav,816657,16000
train,doing_the_dishes.wav,1301849,16000
train,exercise_bike.wav,771267,16000
train,running_tap.wav,923928,16000
train,dude_miaowing.wav,301984,16000
train,white_noise.wav,630569,16000
train,doing_the_dishes.wav,429193,16000
train,pink_noise.wav,855829,16000
train,doing_the_dishes.wav,299247,16000
train,dude_miaowing.wav,156154,16000
train,doing_the_dishes.wav,909255,16000
train,running_tap.wav,144779,16000
train,running_tap.wav,960189,16000
train,white_noise.wav,836838,16000
train,doing_the_dishes.wav,666983,16000
train,dude_miaowing.wav,513804,16000
train,white_noise.wav,707147,16000
train,exercise_bike.wav,590773,16000
train,doing_the_dishes.wav,369649,16000
train,running_tap.wav,585673,16000
train,pink_noise.wav,331010,16000
train,doing_the_dishes.wav,1475290,16000
train,exercise_bike.wav,615819,16000
train,white_noise.wav,937833,16000
train,running_tap.wav,793661,16000
train,dude_miaowing.wav,315619,16000
train,pink_noise.wav,790915,16000
train,white_noise.wav,381334,16000
train,doing_the_dishes.wav,419250,16000
train,white_noise.wav,249002,16000
train,white_noise.wav,265451,16000
train,exercise_bike.wav,117960,16000
train,running_tap.wav,811810,16000
train,running_tap.wav,234753,16000
train,white_noise.wav,675350,16000
train,doing_the_dishes.wav,926168,16000
train,doing_the_dishes.wav,1018865,16000
train,exercise_bike.wav,68419,16000
train,pink_noise.wav,231876,16000
train,doing_the_dishes.wav,744059,16000
train,dude_miaowing.wav,392786,16000
train,white_noise.wav,729412,16000
train,white_noise.wav,797667,16000
train,doing_the_dishes.wav,1484534,16000
train,exercise_bike.wav,386349,16000
train,dude_miaowing.wav,73059,16000
train,white_noise.wav,267250,16000
train,dude_miaowing.wav,446111,16000
train,white_noise.wav,674936,16000
train,doing_the_dishes.wav,522135,16000
train,white_noise.wav,83995,16000
train,exercise_bike.wav,54005,16000
train,pink_noise.wav,543561,16000
train,running_tap.wav,211775,16000
train,running_tap.wav,862745,16000
train,white_noise.wav,859825,16000
train,pink_noise.wav,116230,16000
train,exercise_bike.wav,191147,16000
train,exercise_bike.wav,845576,16000
train,dude_miaowing.wav,436972,16000
train,running_tap.wav,524127,16000
train,pink_noise.wav,653457,16000
train,dude_miaowing.wav,302363,16000
train,running_tap.wav,862470,16000
train,white_noise.wav,864965,16000
train,white_noise.wav,393334,16000
train,dude_miaowing.wav,202098,16000
train,white_noise.wav,943884,16000
train,doing_the_dishes.wav,459365,16000
train,running_tap.wav,323766,16000
train,exercise_bike.wav,166565,16000
train,running_tap.wav,589195,16000
train,running_tap.wav,897325,16000
train,doing_the_dishes.wav,1259383,16000
train,exercise_bike.wav,55859,16000
train,doing_the_dishes.wav,1088169,16000
train,dude_miaowing.wav,322024,16000
train,dude_miaowing.wav,399414,16000
train,running_tap.wav,73018,16000
train,exercise_bike.wav,874080,16000
train,white_noise.wav,421554,16000
train,exercise_bike.wav,799376,16000
train,doing_the_dishes.wav,432657,16000
train,white_noise.wav,585257,16000
train,running_tap.wav,9823,16000
train,dude_miaowing.wav,209028,16000
train,white_noise.wav,668437,16000
train,exercise_bike.wav,508487,16000
train,doing_the_dishes.wav,988694,16000
train,dude_miaowing.wav,581388,16000
train,white_noise.wav,399528,16000
train,pink_noise.wav,140722,16000
train,dude_miaowing.wav,422693,16000
train,doing_the_dishes.wav,162077,16000
train,running_tap.wav,316453,16000
train,dude_miaowing.wav,777625,16000
train,dude_miaowing.wav,640106,16000
train,pink_noise.wav,100751,16000
train,dude_miaowing.wav,44913,16000
train,pink_noise.wav,451844,16000
train,pink_noise.wav,732423,16000
train,running_tap.wav,394324,16000
val,doing_the_dishes.wav,55380,16000
val,white_noise.wav,31240,16000
val,pink_noise.wav,298799,16000
val,white_noise.wav,541187,16000
val,doing_the_dishes.wav,856498,16000
val,white_noise.wav,396686,16000
val,doing_the_dishes.wav,348334,16000
val,running_tap.wav,383672,16000
val,pink_noise.wav,107850,16000
val,white_noise.wav,193528,16000
val,dude_miaowing.wav,184330,16000
val,running_tap.wav,800666,16000
val,white_noise.wav,291833,16000
val,pink_noise.wav,761230,16000
val,running_tap.wav,371149,16000
val,doing_the_dishes.wav,542827,16000
val,white_noise.wav,512002,16000
val,running_tap.wav,539151,16000
val,running_tap.wav,60121,16000
val,white_noise.wav,171084,16000
val,dude_miaowing.wav,700773,16000
val,dude_miaowing.wav,393044,16000
val,pink_noise.wav,686601,16000
val,doing_the_dishes.wav,284697,16000
val,running_tap.wav,947951,16000
val,dude_miaowing.wav,539954,16000
val,running_tap.wav,324054,16000
val,running_tap.wav,165913,16000
val,dude_miaowing.wav,859150,16000
val,running_tap.wav,942485,16000
val,exercise_bike.wav,904983,16000
val,white_noise.wav,254843,16000
val,white_noise.wav,658602,16000
val,doing_the_dishes.wav,997524,16000
val,doing_the_dishes.wav,557070,16000
val,running_tap.wav,146844,16000
val,pink_noise.wav,717632,16000
val,doing_the_dishes.wav,1400459,16000
val,doing_the_dishes.wav,757,16000
val,white_noise.wav,628198,16000
val,exercise_bike.wav,948338,16000
val,dude_miaowing.wav,540099,16000
val,exercise_bike.wav,901466,16000
val,doing_the_dishes.wav,1066558,16000
val,white_noise.wav,660111,16000
val,running_tap.wav,445565,16000
val,white_noise.wav,707849,16000
val,exercise_bike.wav,242516,16000
val,pink_noise.wav,587969,16000
val,running_tap.wav,766017,16000
val,doing_the_dishes.wav,215720,16000
val,white_noise.wav,348061,16000
val,doing_the_dishes.wav,634792,16000
val,dude_miaowing.wav,738055,16000
val,dude_miaowing.wav,552829,16000
val,pink_noise.wav,670670,16000
val,exercise_bike.wav,535662,16000
val,exercise_bike.wav,884205,16000
val,white_noise.wav,116585,16000
val,pink_noise.wav,891642,16000
val,running_tap.wav,652,16000
val,pink_noise.wav,675170,16000
val,doing_the_dishes.wav,1484646,16000
val,running_tap.wav,956329,16000
val,pink_noise.wav,616881,16000
val,dude_miaowing.wav,535436,16000
val,running_tap.wav,954382,16000
val,exercise_bike.wav,458566,16000
val,running_tap.wav,312116,16000
val,exercise_bike.wav,927221,16000
val,pink_noise.wav,611683,16000
val,exercise_bike.wav,459503,16000
val,pink_noise.wav,809916,16000
val,pink_noise.wav,310835,16000
val,running_tap.wav,297560,16000
val,exercise_bike.wav,950295,16000
val,doing_the_dishes.wav,111430,16000
val,exercise_bike.wav,634553,16000
val,pink_noise.wav,742680,16000
val,white_noise.wav,232067,16000
val,running_tap.wav,86880,16000
val,white_noise.wav,478551,16000
val,doing_the_dishes.wav,1055614,16000
val,running_tap.wav,732321,16000
val,pink_noise.wav,589586,16000
val,exercise_bike.wav,38235,16000
val,white_noise.wav,823265,16000
val,dude_miaowing.wav,561518,16000
val,exercise_bike.wav,91310,16000
val,pink_noise.wav,190551,16000
val,doing_the_dishes.wav,47356,16000
val,exercise_bike.wav,798548,16000
val,white_noise.wav,595703,16000
val,dude_miaowing.wav,348550,16000
val,dude_miaowing.wav,871505,16000
val,white_noise.wav,535327,16000
val,doing_the_dishes.wav,472058,16000
val,white_noise.wav,3950,16000
val,exercise_bike.wav,761614,16000
val,running_tap.wav,927893,16000
val,white_noise.wav,38827,16000
val,exercise_bike.wav,463847,16000
val,dude_miaowing.wav,291958,16000
val,exercise_bike.wav,103562,16000
val,running_tap.wav,17798,16000
val,exercise_bike.wav,205731,16000
val,dude_miaowing.wav,65444,16000
val,exercise_bike.wav,19381,16000
val,doing_the_dishes.wav,355259,16000
val,doing_the_dishes.wav,261453,16000
val,doing_the_dishes.wav,145897,16000
val,exercise_bike.wav,853939,16000
val,running_tap.wav,54508,16000
val,running_tap.wav,124431,16000
val,running_tap.wav,162402,16000
val,pink_noise.wav,737138,16000
val,running_tap.wav,631268,16000
val,exercise_bike.wav,356453,16000
val,pink_noise.wav,150350,16000
val,running_tap.wav,200032,16000
val,running_tap.wav,704566,16000
val,pink_noise.wav,201394,16000
val,white_noise.wav,20258,16000
val,running_tap.wav,614648,16000
val,dude_miaowing.wav,329776,16000
val,doing_the_dishes.wav,369103,16000
val,dude_miaowing.wav,21736,16000
val,white_noise.wav,292324,16000
val,exercise_bike.wav,861809,16000
val,white_noise.wav,250183,16000
val,white_noise.wav,354174,16000
val,white_noise.wav,421774,16000
val,pink_noise.wav,753393,16000
val,pink_noise.wav,493919,16000
val,white_noise.wav,591880,16000
val,exercise_bike.wav,583272,16000
val,pink_noise.wav,783839,16000
val,dude_miaowing.wav,235728,16000
val,doing_the_dishes.wav,112980,16000
val,white_noise.wav,549627,16000
val,running_tap.wav,415184,16000
val,running_tap.wav,706573,16000
val,doing_the_dishes.wav,1317437,16000
val,pink_noise.wav,942433,16000
val,doing_the_dishes.wav,707567,16000
val,running_tap.wav,490772,16000
val,white_noise.wav,684428,16000
val,running_tap.wav,380393,16000
val,doing_the_dishes.wav,366724,16000
val,dude_miaowing.wav,622905,16000
val,exercise_bike.wav,300268,16000
val,exercise_bike.wav,887786,16000
val,white_noise.wav,217013,16000
val,running_tap.wav,59811,16000
val,doing_the_dishes.wav,559176,16000
val,running_tap.wav,690074,16000
val,pink_noise.wav,739700,16000
val,exercise_bike.wav,183527,16000
val,doing_the_dishes.wav,102634,16000
val,pink_noise.wav,349616,16000
val,pink_noise.wav,835721,16000
val,doing_the_dishes.wav,273621,16000
val,dude_miaowing.wav,882732,16000
val,doing_the_dishes.wav,29046,16000
val,white_noise.wav,658974,16000
val,doing_the_dishes.wav,1446449,16000
val,exercise_bike.wav,149684,16000
val,dude_miaowing.wav,239965,16000
val,pink_noise.wav,706768,16000
val,running_tap.wav,446223,16000
val,white_noise.wav,226049,16000
val,exercise_bike.wav,45289,16000
val,running_tap.wav,783249,16000
val,dude_miaowing.wav,807731,16000
val,doing_the_dishes.wav,833692,16000
val,white_noise.wav,783105,16000
val,pink_noise.wav,556924,16000
val,running_tap.wav,140349,16000
val,exercise_bike.wav,318535,16000
val,exercise_bike.wav,388747,16000
val,pink_noise.wav,601262,16000
val,running_tap.wav,716549,16000
val,doing_the_dishes.wav,421930,16000
val,dude_miaowing.wav,900796,16000
val,pink_noise.wav,311775,16000
val,white_noise.wav,804615,16000
val,doing_the_dishes.wav,629174,16000
val,exercise_bike.wav,473943,16000
val,running_tap.wav,395894,16000
val,dude_miaowing.wav,287587,16000
val,white_noise.wav,147194,16000
val,pink_noise.wav,466249,16000
val,white_noise.wav,183228,16000
val,running_tap.wav,747322,16000
val,dude_miaowing.wav,296340,16000
val,exercise_bike.wav,748894,16000
val,doing_the_dishes.wav,1034855,16000
val,dude_miaowing.wav,857076,16000
val,dude_miaowing.wav,267910,16000
val,exercise_bike.wav,62982,16000
val,running_tap.wav,493810,16000
val,exercise_bike.wav,935118,16000
val,doing_the_dishes.wav,814533,16000
val,exercise_bike.wav,691019,16000
val,doing_the_dishes.wav,449204,16000
val,doing_the_dishes.wav,835578,16000
val,white_noise.wav,275495,16000
val,white_noise.wav,677582,16000
val,doing_the_dishes.wav,734616,16000
val,dude_miaowing.wav,349675,16000
val,doing_the_dishes.wav,1313172,16000
val,pink_noise.wav,592553,16000
val,exercise_bike.wav,946981,16000
val,dude_miaowing.wav,92404,16000
val,pink_noise.wav,715397,16000
val,dude_miaowing.wav,971363,16000
val,dude_miaowing.wav,670753,16000
val,exercise_bike.wav,781560,16000
val,dude_miaowing.wav,437583,16000
val,exercise_bike.wav,146995,16000
val,running_tap.wav,124190,16000
val,running_tap.wav,674027,16000
val,pink_noise.wav,911821,16000
val,pink_noise.wav,910526,16000
val,exercise_bike.wav,311663,16000
val,white_noise.wav,616473,16000
val,pink_noise.wav,747303,16000
val,dude_miaowing.wav,292842,16000
val,exercise_bike.wav,15468,16000
val,dude_miaowing.wav,371261,16000
val,pink_noise.wav,579262,16000
val,doing_the_dishes.wav,524320,16000
val,pink_noise.wav,749057,16000
val,white_noise.wav,76734,16000
val,doing_the_dishes.wav,286410,16000
val,running_tap.wav,247204,16000
val,white_noise.wav,20598,16000
val,exercise_bike.wav,771005,16000
val,exercise_bike.wav,425431,16000
val,pink_noise.wav,898195,16000
val,doing_the_dishes.wav,554157,16000
val,doing_the_dishes.wav,664292,16000
val,white_noise.wav,684193,16000
val,exercise_bike.wav,780469,16000
val,dude_miaowing.wav,959818,16000
val,dude_miaowing.wav,509294,16000
val,pink_noise.wav,207244,16000
val,dude_miaowing.wav,472717,16000
val,pink_noise.wav,689080,16000
val,pink_noise.wav,29537,16000
val,dude_miaowing.wav,778436,16000
val,exercise_bike.wav,474883,16000
val,white_noise.wav,458001,16000
val,running_tap.wav,56146,16000
val,exercise_bike.wav,115188,16000
val,exercise_bike.wav,152445,16000
val,exercise_bike.wav,541133,16000
val,pink_noise.wav,810429,16000
val,running_tap.wav,685728,16000
val,dude_miaowing.wav,216533,16000
val,doing_the_dishes.wav,901469,16000
val,dude_miaowing.wav,342926,16000
val,white_noise.wav,820143,16000
val,white_noise.wav,773333,16000
val,exercise_bike.wav,672693,16000
val,exercise_bike.wav,690633,16000
val,doing_the_dishes.wav,196647,16000
val,doing_the_dishes.wav,180051,16000
val,exercise_bike.wav,247085,16000
val,running_tap.wav,230462,16000
val,running_tap.wav,640035,16000
val,exercise_bike.wav,756141,16000
val,pink_noise.wav,671256,16000
val,doing_the_dishes.wav,117546,16000
val,pink_noise.wav,148467,16000
val,pink_noise.wav,531446,16000
val,exercise_bike.wav,835440,16000
val,doing_the_dishes.wav,1168210,16000
val,running_tap.wav,689167,16000
val,pink_noise.wav,791704,16000
val,running_tap.wav,90398,16000
val,running_tap.wav,527946,16000
val,white_noise.wav,885591,16000
val,running_tap.wav,422566,16000
val,exercise_bike.wav,778339,16000
val,running_tap.wav,180998,16000
val,doing_the_dishes.wav,375551,16000
val,dude_miaowing.wav,622682,16000
val,exercise_bike.wav,221027,16000
val,white_noise.wav,454771,16000
val,doing_the_dishes.wav,680293,16000
val,exercise_bike.wav,580934,16000
val,doing_the_dishes.wav,41866,16000
val,dude_miaowing.wav,516719,16000
val,doing_the_dishes.wav,625998,16000
val,pink_noise.wav,460152,16000
val,dude_miaowing.wav,535141,16000
val,white_noise.wav,812945,16000
val,dude_miaowing.wav,430721,16000
val,white_noise.wav,793004,16000
val,white_noise.wav,448139,16000
val,running_tap.wav,233178,16000
val,running_tap.wav,463082,16000
val,running_tap.wav,655764,16000
val,pink_noise.wav,686187,16000
val,pink_noise.wav,447275,16000
val,doing_the_dishes.wav,919053,16000
val,running_tap.wav,718952,16000
val,pink_noise.wav,621248,16000
val,dude_miaowing.wav,953417,16000
val,white_noise.wav,383858,16000
val,exercise_bike.wav,641942,16000
val,dude_miaowing.wav,296600,16000
val,white_noise.wav,716352,16000
val,pink_noise.wav,214580,16000
val,exercise_bike.wav,717411,16000
val,exercise_bike.wav,161718,16000
val,exercise_bike.wav,217803,16000
val,running_tap.wav,44299,16000
val,doing_the_dishes.wav,1383756,16000
val,pink_noise.wav,228183,16000
val,white_noise.wav,469838,16000
val,running_tap.wav,131214,16000
val,white_noise.wav,352549,16000
val,exercise_bike.wav,811402,16000
val,dude_miaowing.wav,821407,16000
val,running_tap.wav,781667,16000
val,exercise_bike.wav,827124,16000
val,dude_miaowing.wav,713077,16000
val,white_noise.wav,661036,16000
val,pink_noise.wav,891845,16000
val,dude_miaowing.wav,34637,16000
val,dude_miaowing.wav,341070,16000
val,pink_noise.wav,469766,16000
val,doing_the_dishes.wav,761260,16000
val,white_noise.wav,317685,16000
val,dude_miaowing.wav,722526,16000
val,pink_noise.wav,47882,16000
val,running_tap.wav,187152,16000
val,doing_the_dishes.wav,518576,16000
val,pink_noise.wav,208091,16000
val,dude_miaowing.wav,317752,16000
val,running_tap.wav,201593,16000
val,pink_noise.wav,525300,16000
val,running_tap.wav,901434,16000
val,exercise_bike.wav,755003,16000
val,exercise_bike.wav,557706,16000
val,pink_noise.wav,700002,16000
val,exercise_bike.wav,120191,16000
val,pink_noise.wav,759903,16000
val,dude_miaowing.wav,248550,16000
val,white_noise.wav,411234,16000
val,white_noise.wav,632425,16000
val,doing_the_dishes.wav,344462,16000
val,exercise_bike.wav,38329,16000
val,pink_noise.wav,712346,16000
val,white_noise.wav,379180,16000
val,doing_the_dishes.wav,745145,16000
val,exercise_bike.wav,707654,16000
val,white_noise.wav,346550,16000
val,pink_noise.wav,883092,16000
val,pink_noise.wav,348689,16000
val,pink_noise.wav,267271,16000
val,running_tap.wav,328224,16000
val,running_tap.wav,163604,16000
val,exercise_bike.wav,458137,16000
val,dude_miaowing.wav,354,16000
val,dude_miaowing.wav,775536,16000
val,running_tap.wav,657333,16000
val,white_noise.wav,48520,16000
test,pink_noise.wav,430010,16000
test,dude_miaowing.wav,622638,16000
test,dude_miaowing.wav,464204,16000
test,exercise_bike.wav,950014,16000
test,running_tap.wav,19393,16000
test,pink_noise.wav,91865,16000
test,pink_noise.wav,883431,16000
test,doing_the_dishes.wav,935115,16000
test,pink_noise.wav,258643,16000
test,running_tap.wav,504776,16000
test,running_tap.wav,417868,16000
test,doing_the_dishes.wav,1080736,16000
test,doing_the_dishes.wav,1444,16000
test,pink_noise.wav,50423,16000
test,exercise_bike.wav,137181,16000
test,running_tap.wav,758909,16000
test,doing_the_dishes.wav,560479,16000
test,doing_the_dishes.wav,400850,16000
test,pink_noise.wav,939316,16000
test,exercise_bike.wav,147753,16000
test,white_noise.wav,58096,16000
test,dude_miaowing.wav,500130,16000
test,doing_the_dishes.wav,663406,16000
test,white_noise.wav,267549,16000
test,pink_noise.wav,481714,16000
test,pink_noise.wav,936147,16000
test,white_noise.wav,896908,16000
test,running_tap.wav,292954,16000
test,doing_the_dishes.wav,1299224,16000
test,dude_miaowing.wav,790457,16000
test,dude_miaowing.wav,267854,16000
test,doing_the_dishes.wav,1475744,16000
test,dude_miaowing.wav,305295,16000
test,exercise_bike.wav,479712,16000
test,white_noise.wav,858319,16000
test,pink_noise.wav,220498,16000
test,dude_miaowing.wav,651978,16000
test,white_noise.wav,55321,16000
test,dude_miaowing.wav,622761,16000
test,exercise_bike.wav,483313,16000
test,running_tap.wav,760258,16000
test,pink_noise.wav,734150,16000
test,white_noise.wav,657709,16000
test,doing_the_dishes.wav,1400934,16000
test,exercise_bike.wav,272182,16000
test,pink_noise.wav,507388,16000
test,exercise_bike.wav,303563,16000
test,dude_miaowing.wav,936350,16000
test,pink_noise.wav,357329,16000
test,white_noise.wav,905902,16000
test,exercise_bike.wav,877671,16000
test,running_tap.wav,936775,16000
test,white_noise.wav,817427,16000
test,white_noise.wav,201462,16000
test,doing_the_dishes.wav,355122,16000
test,dude_miaowing.wav,632017,16000
test,exercise_bike.wav,925124,16000
test,dude_miaowing.wav,732137,16000
test,exercise_bike.wav,682647,16000
test,exercise_bike.wav,408549,16000
test,white_noise.wav,706336,16000
test,exercise_bike.wav,555413,16000
test,white_noise.wav,533453,16000
test,dude_miaowing.wav,265948,16000
test,pink_noise.wav,406677,16000
test,doing_the_dishes.wav,1301253,16000
test,running_tap.wav,179141,16000
test,doing_the_dishes.wav,1096985,16000
test,dude_miaowing.wav,784333,16000
test,running_tap.wav,105828,16000
test,white_noise.wav,206460,16000
test,white_noise.wav,687199,16000
test,doing_the_dishes.wav,30143,16000
test,white_noise.wav,723145,16000
test,running_tap.wav,767109,16000
test,exercise_bike.wav,891215,16000
test,pink_noise.wav,230254,16000
test,running_tap.wav,168738,16000
test,running_tap.wav,519040,16000
test,white_noise.wav,262304,16000
test,running_tap.wav,201870,16000
test,running_tap.wav,263990,16000
test,running_tap.wav,763480,16000
test,pink_noise.wav,95245,16000
test,white_noise.wav,3851,16000
test,dude_miaowing.wav,488973,16000
test,dude_miaowing.wav,972708,16000
test,white_noise.wav,512766,16000
test,doing_the_dishes.wav,202520,16000
test,pink_noise.wav,684131,16000
test,running_tap.wav,635154,16000
test,running_tap.wav,336095,16000
test,exercise_bike.wav,627461,16000
test,dude_miaowing.wav,519194,16000
test,pink_noise.wav,920110,16000
test,dude_miaowing.wav,772399,16000
test,exercise_bike.wav,158103,16000
test,dude_miaowing.wav,773222,16000
test,pink_noise.wav,927285,16000
test,dude_miaowing.wav,376608,16000
test,white_noise.wav,117725,16000
test,running_tap.wav,810550,16000
test,exercise_bike.wav,410830,16000
test,exercise_bike.wav,199015,16000
test,exercise_bike.wav,603004,16000
test,exercise_bike.wav,370336,16000
test,pink_noise.wav,410379,16000
test,dude_miaowing.wav,729000,16000
test,doing_the_dishes.wav,320257,16000
test,white_noise.wav,551041,16000
test,pink_noise.wav,425876,16000
test,exercise_bike.wav,838975,16000
test,white_noise.wav,67698,16000
test,pink_noise.wav,178177,16000
test,doing_the_dishes.wav,827396,16000
test,pink_noise.wav,475749,16000
test,doing_the_dishes.wav,614435,16000
test,dude_miaowing.wav,366139,16000
test,running_tap.wav,543352,16000
test,pink_noise.wav,909199,16000
test,doing_the_dishes.wav,870113,16000
test,doing_the_dishes.wav,595057,16000
test,running_tap.wav,597719,16000
test,running_tap.wav,710244,16000
test,pink_noise.wav,214464,16000
test,dude_miaowing.wav,531039,16000
test,pink_noise.wav,253418,16000
test,running_tap.wav,218178,16000
test,running_tap.wav,595842,16000
test,pink_noise.wav,171921,16000
test,pink_noise.wav,524236,16000
test,exercise_bike.wav,483178,16000
test,dude_miaowing.wav,776717,16000
test,running_tap.wav,201744,16000
test,running_tap.wav,299619,16000
test,exercise_bike.wav,686392,16000
test,exercise_bike.wav,801062,16000
test,white_noise.wav,919271,16000
test,white_noise.wav,926201,16000
test,doing_the_dishes.wav,293941,16000
test,doing_the_dishes.wav,504625,16000
test,doing_the_dishes.wav,557915,16000
test,exercise_bike.wav,233262,16000
test,white_noise.wav,59711,16000
test,running_tap.wav,842639,16000
test,exercise_bike.wav,503804,16000
test,running_tap.wav,547484,16000
test,pink_noise.wav,279048,16000
test,exercise_bike.wav,265294,16000
test,pink_noise.wav,813157,16000
test,pink_noise.wav,187220,16000
test,white_noise.wav,902578,16000
test,exercise_bike.wav,537625,16000
test,white_noise.wav,809957,16000
test,running_tap.wav,690418,16000
test,pink_noise.wav,44915,16000
test,dude_miaowing.wav,805834,16000
test,doing_the_dishes.wav,1312765,16000
test,dude_miaowing.wav,145205,16000
test,running_tap.wav,117928,16000
test,exercise_bike.wav,826594,16000
test,running_tap.wav,588448,16000
test,running_tap.wav,642085,16000
test,exercise_bike.wav,239009,16000
test,doing_the_dishes.wav,1489330,16000
test,white_noise.wav,57328,16000
test,dude_miaowing.wav,520556,16000
test,running_tap.wav,728050,16000
test,pink_noise.wav,507376,16000
test,running_tap.wav,332294,16000
test,doing_the_dishes.wav,852952,16000
test,pink_noise.wav,392433,16000
test,doing_the_dishes.wav,250063,16000
test,dude_miaowing.wav,522622,16000
test,exercise_bike.wav,21476,16000
test,exercise_bike.wav,54320,16000
test,dude_miaowing.wav,29417,16000
test,doing_the_dishes.wav,1417375,16000
test,pink_noise.wav,89687,16000
test,pink_noise.wav,533197,16000
test,white_noise.wav,180009,16000
test,pink_noise.wav,110976,16000
test,exercise_bike.wav,196734,16000
test,exercise_bike.wav,963425,16000
test,running_tap.wav,417999,16000
test,doing_the_dishes.wav,1173706,16000
test,pink_noise.wav,726525,16000
test,doing_the_dishes.wav,1250868,16000
test,doing_the_dishes.wav,772507,16000
test,white_noise.wav,637364,16000
test,doing_the_dishes.wav,1305722,16000
test,running_tap.wav,338259,16000
test,doing_the_dishes.wav,925598,16000
test,doing_the_dishes.wav,1407324,16000
test,dude_miaowing.wav,794302,16000
test,exercise_bike.wav,128929,16000
test,dude_miaowing.wav,312162,16000
test,running_tap.wav,737351,16000
test,doing_the_dishes.wav,794952,16000
test,pink_noise.wav,50189,16000
test,running_tap.wav,674952,16000
test,doing_the_dishes.wav,1075220,16000
test,white_noise.wav,159709,16000
test,white_noise.wav,843616,16000
test,running_tap.wav,751955,16000
test,pink_noise.wav,353513,16000
test,exercise_bike.wav,54834,16000
test,dude_miaowing.wav,389307,16000
test,running_tap.wav,681056,16000
test,doing_the_dishes.wav,517579,16000
test,exercise_bike.wav,890577,16000
test,running_tap.wav,3891,16000
test,doing_the_dishes.wav,332857,16000
test,dude_miaowing.wav,137704,16000
test,white_noise.wav,563225,16000
test,exercise_bike.wav,878712,16000
test,doing_the_dishes.wav,593522,16000
test,running_tap.wav,139803,16000
test,doing_the_dishes.wav,892918,16000
test,white_noise.wav,69157,16000
test,running_tap.wav,881961,16000
test,running_tap.wav,640006,16000
test,doing_the_dishes.wav,275858,16000
test,white_noise.wav,608150,16000
test,running_tap.wav,591176,16000
test,white_noise.wav,780353,16000
test,running_tap.wav,604762,16000
test,exercise_bike.wav,831332,16000
test,exercise_bike.wav,314721,16000
test,exercise_bike.wav,181289,16000
test,running_tap.wav,595153,16000
test,dude_miaowing.wav,400646,16000
test,white_noise.wav,932268,16000
test,running_tap.wav,4200,16000
test,dude_miaowing.wav,450506,16000
test,white_noise.wav,706268,16000
test,running_tap.wav,75725,16000
test,doing_the_dishes.wav,786014,16000
test,white_noise.wav,95318,16000
test,doing_the_dishes.wav,721249,16000
test,dude_miaowing.wav,466926,16000
test,dude_miaowing.wav,186841,16000
test,exercise_bike.wav,931840,16000
test,doing_the_dishes.wav,290763,16000
test,exercise_bike.wav,539704,16000
test,doing_the_dishes.wav,607792,16000
test,dude_miaowing.wav,360937,16000
test,white_noise.wav,576009,16000
test,running_tap.wav,393017,16000
test,running_tap.wav,797341,16000
test,running_tap.wav,386661,16000
test,pink_noise.wav,670609,16000
test,pink_noise.wav,530882,16000
test,white_noise.wav,897005,16000
test,dude_miaowing.wav,870060,16000
test,dude_miaowing.wav,90893,16000
test,pink_noise.wav,145407,16000
test,white_noise.wav,831009,16000
test,exercise_bike.wav,168396,16000
test,white_noise.wav,222119,16000
test,exercise_bike.wav,321469,16000
test,pink_noise.wav,299999,16000
test,running_tap.wav,901716,16000
test,pink_noise.wav,382097,16000
test,dude_miaowing.wav,360634,16000
test,white_noise.wav,337719,16000
test,white_noise.wav,688785,16000
test,doing_the_dishes.wav,1136103,16000
test,dude_miaowing.wav,954246,16000
test,dude_miaowing.wav,447885,16000
test,exercise_bike.wav,138707,16000
test,dude_miaowing.wav,672930,16000
test,exercise_bike.wav,713696,16000
test,pink_noise.wav,15957,16000
test,pink_noise.wav,921731,16000
test,exercise_bike.wav,613017,16000
test,dude_miaowing.wav,235133,16000
test,dude_miaowing.wav,441263,16000
test,white_noise.wav,597830,16000
test,pink_noise.wav,606999,16000
test,running_tap.wav,843672,16000
test,dude_miaowing.wav,47497,16000
test,doing_the_dishes.wav,553866,16000
test,white_noise.wav,677837,16000
test,pink_noise.wav,943381,16000
test,dude_miaowing.wav,536001,16000
test,dude_miaowing.wav,819306,16000
test,running_tap.wav,115043,16000
test,white_noise.wav,703180,16000
test,white_noise.wav,520738,16000
test,running_tap.wav,197459,16000
test,white_noise.wav,571171,16000
test,dude_miaowing.wav,815870,16000
test,dude_miaowing.wav,737413,16000
test,running_tap.wav,453047,16000
test,running_tap.wav,879333,16000
test,doing_the_dishes.wav,1114173,16000
test,pink_noise.wav,239256,16000
test,exercise_bike.wav,231920,16000
test,doing_the_dishes.wav,520923,16000
test,doing_the_dishes.wav,747643,16000
test,doing_the_dishes.wav,1103043,16000
test,dude_miaowing.wav,782550,16000
test,dude_miaowing.wav,565857,16000
test,pink_noise.wav,289143,16000
test,pink_noise.wav,656991,16000
test,doing_the_dishes.wav,1229265,16000
test,doing_the_dishes.wav,265355,16000
test,exercise_bike.wav,564088,16000
test,white_noise.wav,621294,16000
test,doing_the_dishes.wav,1434806,16000
test,running_tap.wav,13223,16000
test,doing_the_dishes.wav,162985,16000
test,dude_miaowing.wav,117315,16000
test,running_tap.wav,618376,16000
test,pink_noise.wav,709741,16000
test,pink_noise.wav,81371,16000
test,exercise_bike.wav,373250,16000
test,dude_miaowing.wav,467811,16000
test,doing_the_dishes.wav,843617,16000
test,exercise_bike.wav,518212,16000
test,doing_the_dishes.wav,1198107,16000
test,exercise_bike.wav,104427,16000
test,exercise_bike.wav,703989,16000
test,dude_miaowing.wav,895800,16000
test,exercise_bike.wav,694636,16000
test,dude_miaowing.wav,948649,16000
test,pink_noise.wav,372796,16000
test,doing_the_dishes.wav,559298,16000
test,white_noise.wav,247405,16000
test,pink_noise.wav,556019,16000
test,exercise_bike.wav,198398,16000
test,dude_miaowing.wav,400663,16000
test,dude_miaowing.wav,673931,16000
test,pink_noise.wav,545982,16000
test,dude_miaowing.wav,563511,16000
test,white_noise.wav,864799,16000
test,running_tap.wav,806564,16000
test,pink_noise.wav,368906,16000
test,pink_noise.wav,508933,16000
test,exercise_bike.wav,21018,16000
test,white_noise.wav,556895,16000
test,exercise_bike.wav,635268,16000
test,pink_noise.wav,577510,16000
test,pink_noise.wav,435374,16000
test,dude_miaowing.wav,534001,16000
test,exercise_bike.wav,490437,16000
test,exercise_bike.wav,543132,16000
test,exercise_bike.wav,264076,16000
test,dude_miaowing.wav,451279,16000
test,running_tap.wav,362134,16000
test,doing_the_dishes.wav,1045830,16000
test,running_tap.wav,376160,16000
test,exercise_bike.wav,545748,16000
test,pink_noise.wav,496156,16000
test,white_noise.wav,236801,16000
test,doing_the_dishes.wav,141372,16000
test,dude_miaowing.wav,355223,16000
test,running_tap.wav,196516,16000
test,dude_miaowing.wav,291523,16000
test,running_tap.wav,609844,16000
test,doing_the_dishes.wav,188601,16000
test,exercise_bike.wav,242405,16000
test,running_tap.wav,770716,16000
test,doing_the_dishes.wav,944517,16000
test,doing_the_dishes.wav,682131,16000
test,white_noise.wav,226656,16000
test,pink_noise.wav,860779,16000
test,dude_miaowing.wav,251503,16000
test,exercise_bike.wav,18581,16000
test,doing_the_dishes.wav,835575,16000
test,doing_the_dishes.wav,177527,16000
test,running_tap.wav,357068,16000
test,dude_miaowing.wav,279080,16000
test,pink_noise.wav,822686,16000
test,pink_noise.wav,9812,16000
test,running_tap.wav,729304,16000
test,dude_miaowing.wav,285306,16000
test,white_noise.wav,478279,16000
test,pink_noise.wav,734238,16000
test,running_tap.wav,390531,16000
test,pink_noise.wav,775268,16000
test,white_noise.wav,587088,16000
test,pink_noise.wav,934574,16000
test,white_noise.wav,295066,16000
test,dude_miaowing.wav,365030,16000
test,exercise_bike.wav,885505,16000
test,pink_noise.wav,10990,16000
test,dude_miaowing.wav,565314,16000
test,pink_noise.wav,115401,16000
test,white_noise.wav,573768,16000
test,dude_miaowing.wav,516791,16000
test,dude_miaowing.wav,869757,16000
test,doing_the_dishes.wav,608165,16000
test,doing_the_dishes.wav,566371,16000
test,dude_miaowing.wav,694052,16000
test,doing_the_dishes.wav,1421786,16000
test,exercise_bike.wav,256046,16000
test,dude_miaowing.wav,674127,16000
test,white_noise.wav,645222,16000
test,doing_the_dishes.wav,29410,16000
test,exercise_bike.wav,484535,16000
test,doing_the_dishes.wav,1272531,16000
test,doing_the_dishes.wav,172385,16000
test,dude_miaowing.wav,118254,16000
test,doing_the_dishes.wav,1387806,16000
test,white_noise.wav,39043,16000
