split,word,clip
train,backward,050170cb_nohash_0
train,backward,050170cb_nohash_4
train,backward,08ab231c_nohash_3
train,backward,0a2b400e_nohash_1
train,backward,0b7ee1a0_nohash_4
train,backward,0ba018fc_nohash_3
train,backward,1a994c9f_nohash_0
train,backward,1b18600d_nohash_0
train,backward,1c76f5f3_nohash_0
train,backward,1e9e6bdd_nohash_3
train,backward,1ed0b13d_nohash_0
train,backward,211b928a_nohash_2
train,backward,24a3e589_nohash_2
train,backward,25e95412_nohash_0
train,backward,262d7a03_nohash_0
train,backward,262d7a03_nohash_1
train,backward,29229c21_nohash_4
train,backward,2aca1e72_nohash_8
train,backward,2fee065a_nohash_0
train,backward,3102f006_nohash_1
train,backward,365908bd_nohash_3
train,backward,3a53b856_nohash_0
train,backward,3b3d2f59_nohash_0
train,backward,435695e3_nohash_1
train,backward,4cee0c60_nohash_0
train,backward,513aeddf_nohash_1
train,backward,5f5eef60_nohash_2
train,backward,608473c9_nohash_0
train,backward,6124b431_nohash_0
train,backward,61e2f74f_nohash_3
train,backward,62f05757_nohash_4
train,backward,63ae15e4_nohash_1
train,backward,67bdbf56_nohash_0
train,backward,6fb3d5a7_nohash_0
train,backward,70880cc6_nohash_0
train,backward,74241b28_nohash_3
train,backward,7d6b4b10_nohash_0
train,backward,80be36a2_nohash_0
train,backward,821b64cc_nohash_2
train,backward,85851131_nohash_3
train,backward,8e523821_nohash_0
train,backward,90735d8b_nohash_0
train,backward,9151f184_nohash_4
train,backward,9a76f8c3_nohash_4
train,backward,a045368c_nohash_4
train,backward,a1e71565_nohash_2
train,backward,a7200079_nohash_0
train,backward,a73be046_nohash_1
train,backward,ab46af55_nohash_3
train,backward,acb9db68_nohash_1
train,backward,ace072ba_nohash_2
train,backward,b089169d_nohash_0
train,backward,b4ea0d9a_nohash_0
train,backward,b528edb3_nohash_1
train,backward,b6573c88_nohash_1
train,backward,b8874962_nohash_1
train,backward,bbf38549_nohash_1
train,backward,bbf38549_nohash_4
train,backward,bd76a7fd_nohash_1
train,backward,bd76a7fd_nohash_3
train,backward,bde0f20a_nohash_3
train,backward,c351e611_nohash_3
train,backward,c50f55b8_nohash_0
train,backward,c50f55b8_nohash_11
train,backward,c50f55b8_nohash_5
train,backward,c633a455_nohash_0
train,backward,ca4912b6_nohash_4
train,backward,cc4f9250_nohash_3
train,backward,d21fd169_nohash_0
train,backward,ddedba85_nohash_1
train,backward,de3fe344_nohash_3
train,backward,ec989d6d_nohash_3
train,backward,ed032775_nohash_0
train,backward,eda072b5_nohash_0
train,backward,eeaf97c3_nohash_2
train,backward,ef3367d9_nohash_6
train,backward,f01a0d63_nohash_0
train,backward,fbb2f6cc_nohash_3
train,bed,09a7aa2a_nohash_0
train,bed,10627519_nohash_0
train,bed,14df1e28_nohash_0
train,bed,15b0c947_nohash_0
train,bed,1625acd8_nohash_0
train,bed,1706c35f_nohash_2
train,bed,18c54a68_nohash_0
train,bed,18e910f4_nohash_0
train,bed,1a6eca98_nohash_0
train,bed,1afd49bf_nohash_1
train,bed,1df99a8a_nohash_0
train,bed,28ce0c58_nohash_0
train,bed,2927c601_nohash_0
train,bed,30065f33_nohash_0
train,bed,31d68957_nohash_0
train,bed,322d17d3_nohash_0
train,bed,32efce64_nohash_0
train,bed,338dacf5_nohash_0
train,bed,41dce6f5_nohash_0
train,bed,42398aab_nohash_0
train,bed,47565088_nohash_1
train,bed,4ca37738_nohash_1
train,bed,4d9e07cf_nohash_0
train,bed,54412eae_nohash_0
train,bed,57376a4c_nohash_0
train,bed,5f8e50a0_nohash_1
train,bed,62605293_nohash_1
train,bed,62ccd358_nohash_1
train,bed,6347b393_nohash_0
train,bed,6347b393_nohash_1
train,bed,63996b7c_nohash_0
train,bed,64574a99_nohash_0
train,bed,65040d9b_nohash_0
train,bed,6adb8ad9_nohash_0
train,bed,6ceeb9aa_nohash_1
train,bed,6f5eea74_nohash_0
train,bed,71904de3_nohash_0
train,bed,75b631ff_nohash_0
train,bed,7799c9cd_nohash_1
train,bed,80c17118_nohash_1
train,bed,81a345a3_nohash_0
train,bed,821b64cc_nohash_0
train,bed,82951cf0_nohash_0
train,bed,850e2222_nohash_1
train,bed,86f12ac0_nohash_0
train,bed,876c84d6_nohash_1
train,bed,88d009d2_nohash_0
train,bed,89f3ab7d_nohash_1
train,bed,924c1a04_nohash_0
train,bed,96d8bb6f_nohash_0
train,bed,99fad6a0_nohash_1
train,bed,9a2e5b3c_nohash_1
train,bed,9a3f97f8_nohash_0
train,bed,9aa21fa9_nohash_0
train,bed,9ab86dd0_nohash_0
train,bed,9efe5140_nohash_0
train,bed,9f93e408_nohash_0
train,bed,a527cb3c_nohash_1
train,bed,a55105d0_nohash_0
train,bed,ace072ba_nohash_0
train,bed,b0bad4a9_nohash_0
train,bed,b3bb4dd6_nohash_0
train,bed,b4604db4_nohash_0
train,bed,b5cf6ea8_nohash_1
train,bed,b66f4f93_nohash_0
train,bed,b8897f1c_nohash_0
train,bed,bd76a7fd_nohash_0
train,bed,c205e625_nohash_1
train,bed,cce17a61_nohash_1
train,bed,ce9410da_nohash_0
train,bed,ce9410da_nohash_1
train,bed,cf68fad2_nohash_1
train,bed,d1d3e64d_nohash_0
train,bed,d1d3e64d_nohash_1
train,bed,da040491_nohash_0
train,bed,df6bd83f_nohash_0
train,bed,e10e2cbb_nohash_1
train,bed,e1aa22e4_nohash_0
train,bed,e48a80ed_nohash_0
train,bed,e7334395_nohash_1
train,bed,eb67fcbc_nohash_1
train,bed,edd8bfe3_nohash_1
train,bed,efc5e569_nohash_0
train,bird,00f0204f_nohash_3
train,bird,014f9f65_nohash_0
train,bird,01bcfc0c_nohash_0
train,bird,0a5636ca_nohash_0
train,bird,0a9f9af7_nohash_2
train,bird,113b3fbc_nohash_0
train,bird,12623a81_nohash_0
train,bird,130d9a87_nohash_3
train,bird,1473be6a_nohash_0
train,bird,1b755c65_nohash_0
train,bird,1b835b87_nohash_1
train,bird,1cc80e39_nohash_2
train,bird,2151b09a_nohash_0
train,bird,2510c044_nohash_1
train,bird,257251e0_nohash_1
train,bird,270bfa52_nohash_0
train,bird,2b715941_nohash_1
train,bird,2f813234_nohash_0
train,bird,2fee065a_nohash_0
train,bird,31270cb2_nohash_0
train,bird,3411cf4b_nohash_0
train,bird,3983ba0d_nohash_0
train,bird,3fb8c268_nohash_0
train,bird,41474817_nohash_3
train,bird,434a267c_nohash_0
train,bird,4c13fe25_nohash_0
train,bird,4ca37738_nohash_0
train,bird,4f5c0b28_nohash_0
train,bird,520b2c17_nohash_1
train,bird,5d0ab165_nohash_2
train,bird,5d4e3bb8_nohash_0
train,bird,5f1b1051_nohash_0
train,bird,620ff0fa_nohash_2
train,bird,65f2531f_nohash_2
train,bird,6aa8def4_nohash_0
train,bird,6adb8ad9_nohash_0
train,bird,6adb8ad9_nohash_1
train,bird,6add0595_nohash_0
train,bird,6e8b9b7b_nohash_0
train,bird,708b8d51_nohash_0
train,bird,72242187_nohash_0
train,bird,78030270_nohash_0
train,bird,7c9b43f0_nohash_0
train,bird,7d5f87c8_nohash_0
train,bird,8134f43f_nohash_0
train,bird,8dc26a15_nohash_0
train,bird,8ea22de7_nohash_0
train,bird,8ed25ef8_nohash_2
train,bird,9151f184_nohash_0
train,bird,91bed2e0_nohash_0
train,bird,98170b49_nohash_0
train,bird,9886d8bf_nohash_0
train,bird,999823db_nohash_0
train,bird,a5527c48_nohash_0
train,bird,a5d485dc_nohash_1
train,bird,a759efbc_nohash_1
train,bird,a902ce9b_nohash_2
train,bird,a996cf66_nohash_0
train,bird,ae82c78c_nohash_0
train,bird,aeb99b1c_nohash_0
train,bird,af6fbbf5_nohash_0
train,bird,b0ae6326_nohash_0
train,bird,b6091c84_nohash_1
train,bird,b91b718c_nohash_0
train,bird,bdb90d38_nohash_2
train,bird,bf70feda_nohash_0
train,bird,c0e8f5a1_nohash_0
train,bird,c120e80e_nohash_0
train,bird,c6a23ff5_nohash_0
train,bird,c885a039_nohash_0
train,bird,caa4779f_nohash_1
train,bird,cb62dbf1_nohash_0
train,bird,cc4f9250_nohash_0
train,bird,ced4e2a1_nohash_0
train,bird,d2eae23d_nohash_0
train,bird,d31d8dd7_nohash_0
train,bird,d7a58714_nohash_1
train,bird,d8c52371_nohash_0
train,bird,db7c95b0_nohash_0
train,bird,de89e2ca_nohash_0
train,bird,e0611c84_nohash_0
train,bird,e1936ce8_nohash_0
train,bird,e5d2e09d_nohash_1
train,bird,ec545975_nohash_2
train,bird,ecef25ba_nohash_1
train,bird,f33660af_nohash_0
train,bird,f875f965_nohash_0
train,bird,f9bdf10e_nohash_0
train,bird,ff4ed4f3_nohash_0
train,cat,05cf43ef_nohash_1
train,cat,07ad9b59_nohash_0
train,cat,11860c84_nohash_1
train,cat,11860c84_nohash_2
train,cat,1338a799_nohash_3
train,cat,19f9c115_nohash_1
train,cat,1b88bf70_nohash_0
train,cat,1cec8d71_nohash_0
train,cat,1e9b215e_nohash_1
train,cat,1ed0b13d_nohash_0
train,cat,2144be19_nohash_0
train,cat,226537ab_nohash_0
train,cat,26a093e1_nohash_0
train,cat,31270cb2_nohash_2
train,cat,31d68957_nohash_0
train,cat,3411cf4b_nohash_0
train,cat,34881b10_nohash_0
train,cat,39833acb_nohash_0
train,cat,3a3ee7ed_nohash_1
train,cat,3e3fa7fd_nohash_0
train,cat,3efa7ec4_nohash_0
train,cat,3f6ba067_nohash_0
train,cat,42f81601_nohash_0
train,cat,508e30ee_nohash_0
train,cat,52162b51_nohash_0
train,cat,56cd307a_nohash_0
train,cat,5a3712c9_nohash_1
train,cat,5cf1ecce_nohash_0
train,cat,5ebc1cda_nohash_0
train,cat,6414258b_nohash_1
train,cat,676f8138_nohash_0
train,cat,679463fc_nohash_0
train,cat,6a014b29_nohash_0
train,cat,6d1dcca6_nohash_0
train,cat,7096522d_nohash_0
train,cat,723efc4c_nohash_0
train,cat,73124b26_nohash_0
train,cat,74551073_nohash_0
train,cat,76b58705_nohash_2
train,cat,76e53db9_nohash_0
train,cat,773e26f7_nohash_0
train,cat,78622c2b_nohash_0
train,cat,7e4fa1d8_nohash_1
train,cat,7e7ca854_nohash_0
train,cat,8012c69d_nohash_0
train,cat,81898f68_nohash_0
train,cat,82951cf0_nohash_1
train,cat,845f8553_nohash_0
train,cat,85c5eaa0_nohash_1
train,cat,879a2b38_nohash_0
train,cat,88a487ce_nohash_0
train,cat,89ed36ab_nohash_0
train,cat,8aa35b0c_nohash_0
train,cat,8ca3b1db_nohash_0
train,cat,92b0a735_nohash_0
train,cat,96cd0255_nohash_0
train,cat,9735764a_nohash_0
train,cat,977a3be4_nohash_0
train,cat,9b5815cd_nohash_0
train,cat,ad1429cf_nohash_1
train,cat,b1114e4f_nohash_1
train,cat,b3327675_nohash_1
train,cat,b80d6c5e_nohash_0
train,cat,b9cccd01_nohash_0
train,cat,bb6d4301_nohash_0
train,cat,bbaa7946_nohash_0
train,cat,bbf38549_nohash_0
train,cat,bf70feda_nohash_1
train,cat,bfaf2000_nohash_1
train,cat,c0cb43d6_nohash_0
train,cat,c120e80e_nohash_1
train,cat,c68cf200_nohash_0
train,cat,c7e02d9c_nohash_0
train,cat,ca6d5cd1_nohash_0
train,cat,d21fd169_nohash_0
train,cat,d53e25ba_nohash_1
train,cat,da15e796_nohash_0
train,cat,de650823_nohash_0
train,cat,e1936ce8_nohash_0
train,cat,e4200516_nohash_0
train,cat,e55a2b20_nohash_0
train,cat,e7ea8b76_nohash_0
train,cat,e882abb2_nohash_0
train,cat,eb67fcbc_nohash_1
train,cat,ec989d6d_nohash_0
train,cat,ee4a907f_nohash_1
train,cat,efbc3952_nohash_0
train,cat,f174517e_nohash_0
train,cat,f19279c4_nohash_0
train,cat,f1b35ace_nohash_0
train,cat,f35eedd7_nohash_0
train,cat,f68160c0_nohash_0
train,cat,f810e799_nohash_0
train,cat,f97e1fcd_nohash_0
train,dog,030ec18b_nohash_0
train,dog,035de8fe_nohash_0
train,dog,042a8dde_nohash_0
train,dog,042ea76c_nohash_1
train,dog,0474c92a_nohash_0
train,dog,0a2b400e_nohash_0
train,dog,0b09edd3_nohash_1
train,dog,0d6d7360_nohash_0
train,dog,146d97db_nohash_0
train,dog,14c7b073_nohash_0
train,dog,14df1e28_nohash_0
train,dog,18a6a90e_nohash_0
train,dog,19785c4e_nohash_0
train,dog,1c3f4fac_nohash_1
train,dog,1ed0b13d_nohash_0
train,dog,1efdf53f_nohash_1
train,dog,23abe1c9_nohash_0
train,dog,25040e85_nohash_0
train,dog,25c14394_nohash_1
train,dog,2a0b413e_nohash_2
train,dog,2ad772d6_nohash_2
train,dog,2be08ce4_nohash_0
train,dog,30065f33_nohash_0
train,dog,321aba74_nohash_0
train,dog,3589bc72_nohash_0
train,dog,37bd115d_nohash_0
train,dog,3983ba0d_nohash_0
train,dog,434a267c_nohash_0
train,dog,44dad20e_nohash_0
train,dog,48a9f771_nohash_0
train,dog,518588b6_nohash_0
train,dog,5af0ca83_nohash_0
train,dog,6124b431_nohash_0
train,dog,6272b231_nohash_0
train,dog,627c0bec_nohash_0
train,dog,63ae15e4_nohash_0
train,dog,65040d9b_nohash_0
train,dog,6982fc2a_nohash_1
train,dog,69f609ec_nohash_0
train,dog,6a700f9d_nohash_0
train,dog,6bf5baf3_nohash_0
train,dog,6c9a1ac2_nohash_0
train,dog,6e41a77e_nohash_0
train,dog,6f7724f5_nohash_2
train,dog,748cb308_nohash_0
train,dog,748cb308_nohash_1
train,dog,748cb308_nohash_2
train,dog,772db621_nohash_0
train,dog,78622c2b_nohash_2
train,dog,7a5530c9_nohash_0
train,dog,7ab5b8f7_nohash_2
train,dog,7d86b703_nohash_1
train,dog,815f0f03_nohash_0
train,dog,81898f68_nohash_0
train,dog,81a345a3_nohash_0
train,dog,82951cf0_nohash_0
train,dog,83c9e7e6_nohash_0
train,dog,85851131_nohash_0
train,dog,879a2b38_nohash_0
train,dog,88120683_nohash_2
train,dog,888a0c49_nohash_0
train,dog,88a487ce_nohash_1
train,dog,8e05039f_nohash_0
train,dog,8ed25ef8_nohash_1
train,dog,96d5276f_nohash_1
train,dog,98447c43_nohash_0
train,dog,9f6fbdb4_nohash_0
train,dog,a16b3102_nohash_0
train,dog,a243fcc2_nohash_0
train,dog,a518d1cf_nohash_0
train,dog,ab81c9c8_nohash_0
train,dog,acfd3bc3_nohash_0
train,dog,ae5578f4_nohash_0
train,dog,b25b6065_nohash_0
train,dog,b308773d_nohash_0
train,dog,b5cf6ea8_nohash_0
train,dog,b8b8cb52_nohash_0
train,dog,baf01c1f_nohash_0
train,dog,bdd22e4d_nohash_0
train,dog,bfb10243_nohash_0
train,dog,bfdb9801_nohash_0
train,dog,ca6d5cd1_nohash_0
train,dog,cae62f38_nohash_0
train,dog,cb164eea_nohash_0
train,dog,cd7f8c1b_nohash_0
train,dog,d069e6ff_nohash_0
train,dog,d2f4f431_nohash_0
train,dog,d7559b2d_nohash_0
train,dog,d9aa8c90_nohash_0
train,dog,dabf67d9_nohash_1
train,dog,db9cd41d_nohash_0
train,dog,de040337_nohash_0
train,dog,dec73123_nohash_0
train,dog,e32ff49d_nohash_0
train,dog,e7ebf59c_nohash_0
train,dog,e9287461_nohash_0
train,dog,f2b8fc18_nohash_0
train,dog,f2f0d244_nohash_0
train,dog,f4c77b26_nohash_0
train,dog,f4f59743_nohash_2
train,dog,f852895b_nohash_0
train,dog,fa57ab3b_nohash_0
train,dog,fc28c8d8_nohash_0
train,dog,fe11e258_nohash_0
train,eight,012c8314_nohash_1
train,eight,01b4757a_nohash_1
train,eight,0362539c_nohash_0
train,eight,037c445a_nohash_1
train,eight,03c96658_nohash_0
train,eight,0474c92a_nohash_0
train,eight,05b2db80_nohash_1
train,eight,061a5915_nohash_0
train,eight,07089da9_nohash_1
train,eight,0bde966a_nohash_1
train,eight,0d6d7360_nohash_3
train,eight,0f46028a_nohash_0
train,eight,0f46028a_nohash_2
train,eight,11860c84_nohash_0
train,eight,1473be6a_nohash_0
train,eight,1496195a_nohash_1
train,eight,14c7b073_nohash_4
train,eight,152491bc_nohash_2
train,eight,179a61b7_nohash_0
train,eight,18e910f4_nohash_2
train,eight,1a994c9f_nohash_2
train,eight,1bb6ed89_nohash_1
train,eight,1e412fac_nohash_1
train,eight,1efdf53f_nohash_1
train,eight,1fc04a13_nohash_1
train,eight,21e8c417_nohash_0
train,eight,229978fd_nohash_2
train,eight,2335770e_nohash_0
train,eight,234d6a48_nohash_1
train,eight,24b82192_nohash_1
train,eight,27c24504_nohash_2
train,eight,28460a60_nohash_0
train,eight,28ce0c58_nohash_0
train,eight,28e47b1a_nohash_0
train,eight,28e47b1a_nohash_1
train,eight,28e47b1a_nohash_4
train,eight,29229c21_nohash_1
train,eight,29fb33da_nohash_2
train,eight,30060aba_nohash_0
train,eight,3102f006_nohash_1
train,eight,31267b59_nohash_0
train,eight,31d68957_nohash_0
train,eight,324210dd_nohash_4
train,eight,332d33b1_nohash_3
train,eight,34263ab3_nohash_0
train,eight,3a69f765_nohash_0
train,eight,3d794813_nohash_2
train,eight,42a99aec_nohash_2
train,eight,460209ac_nohash_3
train,eight,46a153d8_nohash_1
train,eight,493392c6_nohash_0
train,eight,499be02e_nohash_0
train,eight,4c6944d6_nohash_6
train,eight,4cee0c60_nohash_4
train,eight,4def68db_nohash_2
train,eight,4fd4d073_nohash_1
train,eight,508e30ee_nohash_0
train,eight,51055bda_nohash_3
train,eight,5165cf0a_nohash_0
train,eight,51f7a034_nohash_1
train,eight,54412eae_nohash_0
train,eight,54b6d355_nohash_0
train,eight,56eab10e_nohash_0
train,eight,56f78b7e_nohash_0
train,eight,5ac04a92_nohash_0
train,eight,5c39594f_nohash_2
train,eight,617de221_nohash_3
train,eight,61ab8fbc_nohash_0
train,eight,61abbf52_nohash_3
train,eight,61e50f62_nohash_0
train,eight,64220627_nohash_3
train,eight,645ed69d_nohash_2
train,eight,651d108f_nohash_0
train,eight,6565a81d_nohash_0
train,eight,668115dd_nohash_0
train,eight,674ca5ea_nohash_0
train,eight,6794a793_nohash_1
train,eight,67bdbf56_nohash_1
train,eight,69953f48_nohash_0
train,eight,6bf5baf3_nohash_3
train,eight,6cf5459b_nohash_1
train,eight,6ef407da_nohash_1
train,eight,6f7724f5_nohash_0
train,eight,6fca237d_nohash_0
train,eight,71e6ab20_nohash_1
train,eight,72242187_nohash_4
train,eight,723efc4c_nohash_0
train,eight,772db621_nohash_1
train,eight,7c9b43f0_nohash_0
train,eight,7cf14c54_nohash_0
train,eight,7d4beb11_nohash_0
train,eight,7d4beb11_nohash_1
train,eight,7d6b4b10_nohash_5
train,eight,8134f43f_nohash_3
train,eight,87d5e978_nohash_3
train,eight,89f680f3_nohash_0
train,eight,8aa35b0c_nohash_1
train,eight,8c7c9168_nohash_1
train,eight,8ca3b1db_nohash_0
train,eight,8e05039f_nohash_1
train,eight,8ea22de7_nohash_1
train,eight,9587481f_nohash_0
train,eight,978240e1_nohash_1
train,eight,978240e1_nohash_3
train,eight,9b027ecf_nohash_0
train,eight,9b02d503_nohash_2
train,eight,9f4098cb_nohash_0
train,eight,a13e0a74_nohash_0
train,eight,a1cf7fd8_nohash_0
train,eight,a489191a_nohash_2
train,eight,a56859ea_nohash_0
train,eight,ac7840d8_nohash_1
train,eight,adec6a94_nohash_0
train,eight,b0f5b16d_nohash_0
train,eight,b12bef84_nohash_0
train,eight,b528edb3_nohash_1
train,eight,b5cf6ea8_nohash_5
train,eight,b66f4f93_nohash_3
train,eight,b66f4f93_nohash_7
train,eight,b69fe0e2_nohash_1
train,eight,b87bdb22_nohash_0
train,eight,b87bdb22_nohash_4
train,eight,b91b718c_nohash_2
train,eight,b9515bf3_nohash_0
train,eight,bbc30633_nohash_1
train,eight,bbd0bbd0_nohash_3
train,eight,bd76a7fd_nohash_5
train,eight,be7a5b2d_nohash_2
train,eight,becd5a53_nohash_1
train,eight,bf5d409d_nohash_0
train,eight,c0445658_nohash_3
train,eight,c22ebf46_nohash_4
train,eight,c2bc4489_nohash_0
train,eight,c5570933_nohash_1
train,eight,c5a1e46c_nohash_0
train,eight,c68cf200_nohash_0
train,eight,c7b4049e_nohash_0
train,eight,c9b653a0_nohash_0
train,eight,caa4779f_nohash_1
train,eight,cc6ee39b_nohash_3
train,eight,ce7a8e92_nohash_0
train,eight,ceef6d96_nohash_2
train,eight,cf68fad2_nohash_0
train,eight,d21fd169_nohash_2
train,eight,d264f7b6_nohash_1
train,eight,d37e4bf1_nohash_2
train,eight,d3aa45ff_nohash_0
train,eight,d4d898d7_nohash_0
train,eight,d9aa8c90_nohash_1
train,eight,db9cd41d_nohash_1
train,eight,de3fe344_nohash_1
train,eight,e4be0cf6_nohash_3
train,eight,e7d0eb3f_nohash_0
train,eight,e8d562ca_nohash_0
train,eight,edd8bfe3_nohash_0
train,eight,eee5e541_nohash_0
train,eight,ef3367d9_nohash_4
train,eight,f06190c1_nohash_1
train,eight,f0659908_nohash_0
train,eight,f1d36c53_nohash_0
train,eight,f42e234b_nohash_1
train,eight,f618568f_nohash_0
train,eight,f68160c0_nohash_0
train,eight,f88f97a7_nohash_1
train,eight,f8ba7c0e_nohash_1
train,eight,f9bdf10e_nohash_0
train,eight,fa57ab3b_nohash_1
train,eight,fb727898_nohash_1
train,eight,fbb56351_nohash_0
train,eight,fc2411fe_nohash_2
train,eight,fe11e258_nohash_0
train,eight,ff4ed4f3_nohash_0
train,five,0132a06d_nohash_4
train,five,01648c51_nohash_0
train,five,02746d24_nohash_0
train,five,02ade946_nohash_4
train,five,035de8fe_nohash_0
train,five,05d18852_nohash_1
train,five,07089da9_nohash_3
train,five,0a196374_nohash_4
train,five,0b7ee1a0_nohash_3
train,five,10627519_nohash_0
train,five,10c6d873_nohash_0
train,five,172dc2b0_nohash_0
train,five,179a61b7_nohash_0
train,five,17f0e206_nohash_0
train,five,1887fe04_nohash_0
train,five,195c120a_nohash_2
train,five,1c84a139_nohash_2
train,five,1cbcc7a7_nohash_1
train,five,1ed0b13d_nohash_1
train,five,22296dbe_nohash_1
train,five,2335770e_nohash_0
train,five,24a3e589_nohash_2
train,five,24c9f572_nohash_0
train,five,26e573a9_nohash_0
train,five,270bfa52_nohash_1
train,five,2927c601_nohash_4
train,five,2aca1e72_nohash_2
train,five,2b42e7a2_nohash_0
train,five,2b5e346d_nohash_2
train,five,3102f006_nohash_1
train,five,322d17d3_nohash_2
train,five,36050ef3_nohash_1
train,five,363c6bad_nohash_0
train,five,365531e2_nohash_1
train,five,37bd115d_nohash_0
train,five,39ec87ac_nohash_0
train,five,3b195250_nohash_3
train,five,3bc21161_nohash_4
train,five,3c1e12cf_nohash_1
train,five,3d794813_nohash_4
train,five,3d9bbe2d_nohash_1
train,five,3f45a0cf_nohash_4
train,five,40738a2d_nohash_0
train,five,422f8cf1_nohash_0
train,five,42f81601_nohash_4
train,five,435f9f9e_nohash_1
train,five,43f57297_nohash_0
train,five,460209ac_nohash_1
train,five,46a153d8_nohash_1
train,five,472b8045_nohash_2
train,five,48bdc11c_nohash_1
train,five,4a294341_nohash_1
train,five,4a4e28f1_nohash_0
train,five,4e61bf96_nohash_0
train,five,4f2be90f_nohash_0
train,five,4fd4d073_nohash_1
train,five,508e30ee_nohash_0
train,five,5195f0ec_nohash_0
train,five,51eefcc6_nohash_1
train,five,520e8c0e_nohash_0
train,five,533c6564_nohash_0
train,five,54ad8f22_nohash_2
train,five,57de2379_nohash_0
train,five,59b98a22_nohash_1
train,five,5b09db89_nohash_1
train,five,5b09db89_nohash_4
train,five,5f9cd2eb_nohash_2
train,five,611d2b50_nohash_2
train,five,61482e52_nohash_3
train,five,62b7c848_nohash_2
train,five,62f05757_nohash_0
train,five,64574a99_nohash_0
train,five,65d14087_nohash_0
train,five,66276b0e_nohash_1
train,five,67bdbf56_nohash_2
train,five,682e1687_nohash_3
train,five,6c429c7b_nohash_2
train,five,6e74c582_nohash_0
train,five,6e8b9b7b_nohash_2
train,five,6ef407da_nohash_3
train,five,6f9088d7_nohash_0
train,five,716757ce_nohash_0
train,five,72242187_nohash_4
train,five,748cb308_nohash_0
train,five,7dc50b88_nohash_1
train,five,7ea032f3_nohash_0
train,five,7ea032f3_nohash_1
train,five,7f9eb952_nohash_2
train,five,821b64cc_nohash_1
train,five,8281a2a8_nohash_1
train,five,837f7378_nohash_0
train,five,8442ea62_nohash_1
train,five,85851131_nohash_2
train,five,86648261_nohash_1
train,five,88120683_nohash_0
train,five,89947bd7_nohash_0
train,five,8d4cdc60_nohash_0
train,five,8e523821_nohash_3
train,five,8e884ec4_nohash_0
train,five,91ffb786_nohash_2
train,five,978240e1_nohash_0
train,five,997867e7_nohash_0
train,five,9a76f8c3_nohash_3
train,five,9b8a7439_nohash_1
train,five,9c24bc76_nohash_0
train,five,9d8ac38b_nohash_0
train,five,9f7079fe_nohash_0
train,five,a0a8d759_nohash_0
train,five,a1cf7fd8_nohash_2
train,five,a7200079_nohash_2
train,five,a77fbcfd_nohash_1
train,five,ab81c9c8_nohash_0
train,five,ad9de4dd_nohash_1
train,five,ae04cdbe_nohash_1
train,five,b0ae6326_nohash_1
train,five,b12bef84_nohash_1
train,five,b2ae3928_nohash_3
train,five,b3849d6e_nohash_1
train,five,b5552931_nohash_2
train,five,b5cf6ea8_nohash_3
train,five,b72e58c9_nohash_0
train,five,b87bdb22_nohash_0
train,five,b87bdb22_nohash_1
train,five,b87bdb22_nohash_3
train,five,b8872c20_nohash_0
train,five,bbf38549_nohash_0
train,five,c0445658_nohash_2
train,five,c120e80e_nohash_0
train,five,c120e80e_nohash_3
train,five,c1b7c224_nohash_0
train,five,c1d39ce8_nohash_0
train,five,c1e0e8e3_nohash_0
train,five,c205e625_nohash_0
train,five,c50f55b8_nohash_14
train,five,c50f55b8_nohash_4
train,five,c5c60d8d_nohash_0
train,five,c8db14a8_nohash_0
train,five,cb62dbf1_nohash_2
train,five,cc2f1a85_nohash_0
train,five,cd7f8c1b_nohash_0
train,five,ce7a8e92_nohash_0
train,five,ceef6d96_nohash_1
train,five,d0f7bef5_nohash_1
train,five,d37e4bf1_nohash_0
train,five,d394ef8e_nohash_1
train,five,d394ef8e_nohash_2
train,five,d7529c0c_nohash_0
train,five,d8521ea0_nohash_0
train,five,d85270c1_nohash_2
train,five,d8c314c0_nohash_0
train,five,d8ed3745_nohash_0
train,five,d8ed3745_nohash_1
train,five,d98dd124_nohash_4
train,five,d9aa8c90_nohash_4
train,five,dac8b7f9_nohash_1
train,five,dcbfe008_nohash_0
train,five,dd6c6806_nohash_1
train,five,de3fe344_nohash_2
train,five,de650823_nohash_0
train,five,dff327c5_nohash_0
train,five,e20be42a_nohash_0
train,five,e2286c18_nohash_0
train,five,e2b7d6d6_nohash_0
train,five,eb0676ec_nohash_2
train,five,ec32860c_nohash_0
train,five,ec989d6d_nohash_3
train,five,f01a0d63_nohash_3
train,five,f2e9b610_nohash_4
train,five,f2f0d244_nohash_2
train,five,f4386675_nohash_0
train,five,f4f59743_nohash_0
train,five,f575faf3_nohash_0
train,five,f5e44d34_nohash_0
train,five,f798ac78_nohash_4
train,five,f804cbb3_nohash_0
train,five,f8f60f59_nohash_3
train,five,f9f9751d_nohash_0
train,five,fb2f3242_nohash_0
train,five,fb8c31a9_nohash_1
train,five,fb8c31a9_nohash_3
train,five,fbf3dd31_nohash_0
train,five,fc28c8d8_nohash_0
train,five,fd5ccd39_nohash_2
train,follow,050170cb_nohash_4
train,follow,0d90d8e1_nohash_1
train,follow,0f2442b6_nohash_1
train,follow,0f46028a_nohash_1
train,follow,113b3fbc_nohash_2
train,follow,18e910f4_nohash_0
train,follow,18ffa72d_nohash_0
train,follow,1a0f9c63_nohash_0
train,follow,211b928a_nohash_2
train,follow,226537ab_nohash_1
train,follow,256c0a05_nohash_2
train,follow,29229c21_nohash_4
train,follow,29dce108_nohash_0
train,follow,29dce108_nohash_1
train,follow,2fcb6397_nohash_2
train,follow,34d5aa5a_nohash_0
train,follow,39833acb_nohash_1
train,follow,42a99aec_nohash_2
train,follow,4995d875_nohash_1
train,follow,4c3cddb8_nohash_1
train,follow,4c6944d6_nohash_3
train,follow,513aeddf_nohash_0
train,follow,57152045_nohash_4
train,follow,5a98d407_nohash_2
train,follow,5f5eef60_nohash_2
train,follow,6124b431_nohash_1
train,follow,65846c5f_nohash_0
train,follow,69a1a79f_nohash_2
train,follow,6bd4554d_nohash_0
train,follow,7213ed54_nohash_0
train,follow,728be664_nohash_0
train,follow,7d6b4b10_nohash_2
train,follow,7f581e94_nohash_0
train,follow,7f9eb952_nohash_1
train,follow,85851131_nohash_2
train,follow,8b25410a_nohash_0
train,follow,8b25410a_nohash_3
train,follow,8e523821_nohash_3
train,follow,8e523821_nohash_4
train,follow,9448c397_nohash_1
train,follow,9448c397_nohash_4
train,follow,9a76f8c3_nohash_1
train,follow,9be15e93_nohash_4
train,follow,9f93e408_nohash_1
train,follow,9f93e408_nohash_2
train,follow,a045368c_nohash_4
train,follow,a55105d0_nohash_2
train,follow,a7200079_nohash_0
train,follow,a7acbbeb_nohash_2
train,follow,a7acbbeb_nohash_3
train,follow,ac9dee0e_nohash_4
train,follow,b2ae3928_nohash_3
train,follow,b414c653_nohash_1
train,follow,b5cf6ea8_nohash_8
train,follow,b6d11c9b_nohash_0
train,follow,bdd22e4d_nohash_0
train,follow,c5a1e46c_nohash_4
train,follow,c98bbbd3_nohash_2
train,follow,cb62dbf1_nohash_3
train,follow,ceef6d96_nohash_0
train,follow,d21fd169_nohash_3
train,follow,d394ef8e_nohash_1
train,follow,d5dd88da_nohash_1
train,follow,da27460c_nohash_0
train,follow,dae01802_nohash_2
train,follow,de89e2ca_nohash_5
train,follow,e3e0f145_nohash_1
train,follow,ef3367d9_nohash_5
train,follow,f035e2ea_nohash_0
train,follow,f0522ff4_nohash_0
train,follow,f68160c0_nohash_2
train,follow,f736ab63_nohash_2
train,follow,fb8c31a9_nohash_1
train,follow,fb8c31a9_nohash_3
train,follow,fbb56351_nohash_1
train,forward,08ab231c_nohash_3
train,forward,0ba018fc_nohash_1
train,forward,0d6d7360_nohash_3
train,forward,0f46028a_nohash_0
train,forward,1496195a_nohash_1
train,forward,18e910f4_nohash_0
train,forward,1b5ba788_nohash_0
train,forward,1dc86f91_nohash_2
train,forward,211b928a_nohash_2
train,forward,23da904f_nohash_0
train,forward,23da904f_nohash_3
train,forward,265bd13a_nohash_0
train,forward,27c24504_nohash_2
train,forward,2927c601_nohash_2
train,forward,2927c601_nohash_3
train,forward,2e75d37a_nohash_2
train,forward,3102f006_nohash_2
train,forward,3108acca_nohash_3
train,forward,42a99aec_nohash_4
train,forward,435695e3_nohash_2
train,forward,4995d875_nohash_1
train,forward,4c6944d6_nohash_2
train,forward,513aeddf_nohash_1
train,forward,54ad8f22_nohash_2
train,forward,54aecbd5_nohash_2
train,forward,5a5721f8_nohash_3
train,forward,5ebc1cda_nohash_4
train,forward,64a80906_nohash_0
train,forward,6ef407da_nohash_3
train,forward,72e382bd_nohash_2
train,forward,81332c92_nohash_0
train,forward,833d9f56_nohash_2
train,forward,85851131_nohash_0
train,forward,85851131_nohash_2
train,forward,878befa7_nohash_1
train,forward,87d5e978_nohash_2
train,forward,87d5e978_nohash_3
train,forward,890cc926_nohash_1
train,forward,8b25410a_nohash_0
train,forward,954f190f_nohash_0
train,forward,96d8bb6f_nohash_2
train,forward,978240e1_nohash_1
train,forward,98ea0818_nohash_2
train,forward,9a2e5b3c_nohash_0
train,forward,9b02d503_nohash_0
train,forward,9e92ef0c_nohash_2
train,forward,9f93e408_nohash_1
train,forward,a045368c_nohash_2
train,forward,a1e71565_nohash_2
train,forward,a77fbcfd_nohash_2
train,forward,b0f5b16d_nohash_2
train,forward,bbc30633_nohash_4
train,forward,bdd22e4d_nohash_0
train,forward,c50f55b8_nohash_3
train,forward,c7e02d9c_nohash_0
train,forward,ca4912b6_nohash_0
train,forward,d070ea86_nohash_1
train,forward,d1dd03ed_nohash_0
train,forward,d394ef8e_nohash_4
train,forward,d9aa8c90_nohash_3
train,forward,dcbfe008_nohash_1
train,forward,ddedba85_nohash_2
train,forward,de3fe344_nohash_2
train,forward,e9abfe31_nohash_1
train,forward,e9bc5cc2_nohash_2
train,forward,ef3367d9_nohash_0
train,forward,f0522ff4_nohash_0
train,forward,f0522ff4_nohash_1
train,forward,f0522ff4_nohash_2
train,forward,f5341341_nohash_2
train,forward,f736ab63_nohash_0
train,forward,f8ba7c0e_nohash_2
train,forward,ff4ed4f3_nohash_2
train,four,030ec18b_nohash_0
train,four,042a8dde_nohash_1
train,four,050170cb_nohash_3
train,four,05d18852_nohash_0
train,four,06f6c194_nohash_2
train,four,07089da9_nohash_0
train,four,095847e4_nohash_2
train,four,0a2b400e_nohash_2
train,four,0c2d2ffa_nohash_1
train,four,0d85a428_nohash_0
train,four,0f7205ef_nohash_1
train,four,10c6d873_nohash_1
train,four,113b3fbc_nohash_1
train,four,11a022ba_nohash_1
train,four,122c5aa7_nohash_2
train,four,12529547_nohash_1
train,four,187af8be_nohash_0
train,four,190821dc_nohash_0
train,four,1df99a8a_nohash_0
train,four,20174140_nohash_0
train,four,2039b9c1_nohash_1
train,four,229978fd_nohash_4
train,four,234d6a48_nohash_2
train,four,234d6a48_nohash_4
train,four,24a3e589_nohash_1
train,four,24befdb3_nohash_0
train,four,257251e0_nohash_1
train,four,28e47b1a_nohash_2
train,four,2927c601_nohash_0
train,four,2aca1e72_nohash_5
train,four,2dce72b3_nohash_0
train,four,2e30f9a5_nohash_0
train,four,2f666bb2_nohash_0
train,four,3108acca_nohash_2
train,four,325a0c39_nohash_0
train,four,3402e488_nohash_1
train,four,34e8c726_nohash_1
train,four,3589bc72_nohash_4
train,four,39a12648_nohash_2
train,four,3b195250_nohash_0
train,four,3b3d2f59_nohash_0
train,four,3bb68054_nohash_0
train,four,3bc21161_nohash_1
train,four,3c257192_nohash_2
train,four,3c8dc702_nohash_1
train,four,3ee0fc39_nohash_0
train,four,40738a2d_nohash_2
train,four,434a267c_nohash_0
train,four,460209ac_nohash_0
train,four,472b8045_nohash_2
train,four,472b8045_nohash_4
train,four,493392c6_nohash_0
train,four,499be02e_nohash_3
train,four,4a294341_nohash_0
train,four,4a4e28f1_nohash_0
train,four,4ec7d027_nohash_0
train,four,508e30ee_nohash_0
train,four,508e30ee_nohash_3
train,four,51055bda_nohash_0
train,four,52162b51_nohash_1
train,four,52162b51_nohash_2
train,four,533c6564_nohash_0
train,four,54ad8f22_nohash_0
train,four,559bc36a_nohash_0
train,four,559bc36a_nohash_1
train,four,57152045_nohash_4
train,four,59fe87e6_nohash_0
train,four,5a5721f8_nohash_0
train,four,5b09db89_nohash_4
train,four,5ef35194_nohash_0
train,four,616420be_nohash_0
train,four,637c702a_nohash_0
train,four,645ed69d_nohash_2
train,four,64f83f0e_nohash_0
train,four,66cbe2b3_nohash_0
train,four,6889b21f_nohash_0
train,four,6add0595_nohash_1
train,four,6e8b9b7b_nohash_0
train,four,72320401_nohash_2
train,four,78030270_nohash_0
train,four,78102205_nohash_0
train,four,7e4fa1d8_nohash_1
train,four,7ea032f3_nohash_0
train,four,7f74626f_nohash_4
train,four,845f8553_nohash_0
train,four,87728a88_nohash_0
train,four,8931f494_nohash_0
train,four,8b25410a_nohash_1
train,four,8eb4a1bf_nohash_0
train,four,8f4c551f_nohash_2
train,four,90b0b91a_nohash_0
train,four,9151f184_nohash_4
train,four,91942e89_nohash_0
train,four,9229bff9_nohash_1
train,four,92b0a735_nohash_0
train,four,96d8bb6f_nohash_2
train,four,978240e1_nohash_2
train,four,9e92ef0c_nohash_0
train,four,9e92ef0c_nohash_2
train,four,a5d1becc_nohash_2
train,four,a84dee7b_nohash_0
train,four,a996cf66_nohash_0
train,four,ab71c9a7_nohash_0
train,four,ae04cdbe_nohash_0
train,four,ae04cdbe_nohash_1
train,four,aff582a1_nohash_0
train,four,b5552931_nohash_2
train,four,b66f4f93_nohash_0
train,four,b6d11c9b_nohash_0
train,four,bd11c654_nohash_0
train,four,bdd22e4d_nohash_2
train,four,c1d39ce8_nohash_9
train,four,c2dccf38_nohash_0
train,four,c37a72d3_nohash_0
train,four,c8db14a8_nohash_2
train,four,cb62dbf1_nohash_1
train,four,cc3d1613_nohash_1
train,four,cc6ee39b_nohash_2
train,four,cd8b1781_nohash_2
train,four,cd911ace_nohash_0
train,four,cf8d91cf_nohash_1
train,four,d070ea86_nohash_1
train,four,d0f7bef5_nohash_0
train,four,d2eae23d_nohash_1
train,four,d4dddb92_nohash_0
train,four,d5dd88da_nohash_0
train,four,d71ad617_nohash_0
train,four,d8a5ace5_nohash_2
train,four,d94eb94f_nohash_1
train,four,da4ef063_nohash_1
train,four,ddedba85_nohash_9
train,four,de3fe344_nohash_2
train,four,df5457dc_nohash_0
train,four,dff327c5_nohash_0
train,four,e10e2cbb_nohash_0
train,four,e32ff49d_nohash_0
train,four,e4be0cf6_nohash_0
train,four,e4be0cf6_nohash_4
train,four,e7ea8b76_nohash_3
train,four,e9bc5cc2_nohash_3
train,four,eb0676ec_nohash_4
train,four,ec201020_nohash_1
train,four,ec7d1151_nohash_0
train,four,ede2f4ee_nohash_0
train,four,f06190c1_nohash_1
train,four,f1d8a638_nohash_0
train,four,f30285c8_nohash_1
train,four,f568162b_nohash_1
train,four,f810e799_nohash_1
train,four,f953e1af_nohash_1
train,four,fbb56351_nohash_0
train,four,fbf3dd31_nohash_0
train,four,ff21fb59_nohash_1
train,happy,023a61ad_nohash_0
train,happy,05739450_nohash_1
train,happy,0a2b400e_nohash_0
train,happy,0b09edd3_nohash_0
train,happy,0b56bcfe_nohash_0
train,happy,0d90d8e1_nohash_0
train,happy,0f2442b6_nohash_0
train,happy,11379f4d_nohash_0
train,happy,126a31d2_nohash_0
train,happy,1626bc5a_nohash_0
train,happy,1678e6f1_nohash_2
train,happy,1a6eca98_nohash_0
train,happy,1e9b215e_nohash_0
train,happy,24c9f572_nohash_0
train,happy,28ed6bc9_nohash_0
train,happy,2903efb3_nohash_0
train,happy,29fb33da_nohash_0
train,happy,2bdbe5f7_nohash_0
train,happy,2dce72b3_nohash_1
train,happy,3006c271_nohash_0
train,happy,329eab8a_nohash_1
train,happy,34263ab3_nohash_1
train,happy,377e916b_nohash_2
train,happy,3b8406c0_nohash_1
train,happy,3cdecb0b_nohash_0
train,happy,3e31dffe_nohash_0
train,happy,413997c1_nohash_0
train,happy,418e7158_nohash_0
train,happy,462e1919_nohash_0
train,happy,5104f2f4_nohash_1
train,happy,51055bda_nohash_0
train,happy,531a5b8a_nohash_0
train,happy,54b6d355_nohash_0
train,happy,57b68383_nohash_0
train,happy,5a5721f8_nohash_0
train,happy,5de8f2f0_nohash_0
train,happy,6e2ef3d5_nohash_0
train,happy,7096522d_nohash_0
train,happy,71904de3_nohash_0
train,happy,72be9202_nohash_0
train,happy,73cccfaf_nohash_0
train,happy,75b631ff_nohash_0
train,happy,763188c4_nohash_0
train,happy,76b58705_nohash_2
train,happy,7b2e879e_nohash_0
train,happy,7fa5fa1f_nohash_0
train,happy,80768fa5_nohash_0
train,happy,80b8eab4_nohash_0
train,happy,82305c3a_nohash_0
train,happy,86fa2dcd_nohash_1
train,happy,8d5d076d_nohash_0
train,happy,92e17cc4_nohash_0
train,happy,95218ce8_nohash_0
train,happy,98ea0818_nohash_0
train,happy,9acd0254_nohash_0
train,happy,9f92fb7c_nohash_0
train,happy,a04817c2_nohash_0
train,happy,a3255f5c_nohash_0
train,happy,a50a98d2_nohash_0
train,happy,a5d485dc_nohash_0
train,happy,a7200079_nohash_0
train,happy,aac5b7c1_nohash_1
train,happy,ac4b3fc3_nohash_0
train,happy,b087aa0e_nohash_1
train,happy,b3849d6e_nohash_0
train,happy,b4ea0d9a_nohash_1
train,happy,b5935410_nohash_1
train,happy,b5cf6ea8_nohash_0
train,happy,b665723d_nohash_0
train,happy,b7a0754f_nohash_0
train,happy,bb6d4301_nohash_0
train,happy,becd5a53_nohash_1
train,happy,c0445658_nohash_0
train,happy,c1e0e8e3_nohash_0
train,happy,c5a1e46c_nohash_0
train,happy,c7b4049e_nohash_0
train,happy,ca4eeab0_nohash_0
train,happy,caf1803e_nohash_0
train,happy,cd911ace_nohash_0
train,happy,ce9410da_nohash_1
train,happy,d0426d63_nohash_1
train,happy,d070ea86_nohash_0
train,happy,d3a18257_nohash_0
train,happy,d8ee4734_nohash_0
train,happy,e4200516_nohash_0
train,happy,e9abfe31_nohash_0
train,happy,e9b61425_nohash_0
train,happy,eb6dab4a_nohash_0
train,happy,ee07dcb9_nohash_1
train,happy,f21893dc_nohash_1
train,happy,f816db77_nohash_0
train,happy,ff21fb59_nohash_2
train,house,08ab8082_nohash_0
train,house,0a196374_nohash_0
train,house,0c2d2ffa_nohash_2
train,house,151bfb79_nohash_0
train,house,16d41d07_nohash_1
train,house,197f4153_nohash_0
train,house,1b835b87_nohash_0
train,house,1ba20be2_nohash_1
train,house,1c3f50ad_nohash_0
train,house,1c45ceb2_nohash_1
train,house,1d1fe0a0_nohash_0
train,house,1d919a90_nohash_1
train,house,1e31353f_nohash_1
train,house,1ffd513b_nohash_0
train,house,29fb33da_nohash_0
train,house,2dce72b3_nohash_0
train,house,30137d34_nohash_2
train,house,31e686d2_nohash_0
train,house,321aba74_nohash_0
train,house,36050ef3_nohash_0
train,house,3b8406c0_nohash_0
train,house,3b852f6f_nohash_0
train,house,3bb68054_nohash_0
train,house,3d6bee47_nohash_1
train,house,3d9200b9_nohash_0
train,house,3e3fa7fd_nohash_0
train,house,402e2977_nohash_0
train,house,418e7158_nohash_0
train,house,4249c833_nohash_0
train,house,4407ba92_nohash_0
train,house,45adf84a_nohash_1
train,house,460f2bad_nohash_0
train,house,462dca36_nohash_0
train,house,4a1e736b_nohash_0
train,house,51995cea_nohash_1
train,house,56f8a100_nohash_0
train,house,57de2379_nohash_0
train,house,59c3a7f2_nohash_0
train,house,620ff0fa_nohash_1
train,house,62605293_nohash_1
train,house,6301e683_nohash_0
train,house,645ed69d_nohash_0
train,house,659b7fae_nohash_0
train,house,69a1a79f_nohash_0
train,house,6a1908f8_nohash_0
train,house,743edf9d_nohash_0
train,house,748cb308_nohash_0
train,house,77655bdf_nohash_0
train,house,7799c9cd_nohash_3
train,house,7910d292_nohash_1
train,house,7c86c03e_nohash_1
train,house,7c9b43f0_nohash_2
train,house,7e4fa1d8_nohash_1
train,house,7ff085e1_nohash_2
train,house,7ff085e1_nohash_3
train,house,84999496_nohash_2
train,house,902258bb_nohash_1
train,house,9307154f_nohash_0
train,house,9c06a3f3_nohash_1
train,house,9e46cfa1_nohash_0
train,house,9e92ef0c_nohash_0
train,house,9f22307d_nohash_0
train,house,a1e71565_nohash_0
train,house,a40c62f1_nohash_2
train,house,a434d52e_nohash_0
train,house,a759efbc_nohash_0
train,house,a827e3a1_nohash_1
train,house,b31ad508_nohash_0
train,house,b528edb3_nohash_0
train,house,b66f4f93_nohash_0
train,house,bad64eac_nohash_0
train,house,bd2db1a5_nohash_0
train,house,be7fa0a3_nohash_3
train,house,c41d9052_nohash_0
train,house,c41d9052_nohash_1
train,house,c4533c47_nohash_0
train,house,c885a039_nohash_0
train,house,cc3d1613_nohash_1
train,house,d069e6ff_nohash_0
train,house,d1a17cbe_nohash_0
train,house,d3f22f0e_nohash_1
train,house,d486fb84_nohash_0
train,house,d8ed3745_nohash_1
train,house,dfb6450b_nohash_0
train,house,e3411931_nohash_1
train,house,e5afa9b0_nohash_1
train,house,e62056e2_nohash_0
train,house,e652590d_nohash_0
train,house,e72aa705_nohash_0
train,house,ead2934a_nohash_0
train,house,ee6163d5_nohash_0
train,house,f174517e_nohash_0
train,house,f33660af_nohash_0
train,house,f47d644e_nohash_1
train,house,f810e799_nohash_0
train,house,f852895b_nohash_0
train,house,f9f9751d_nohash_0
train,house,fbb2f6cc_nohash_0
train,learn,017c4098_nohash_2
train,learn,0c09f202_nohash_0
train,learn,0e6e36c9_nohash_0
train,learn,0f2442b6_nohash_0
train,learn,0f46028a_nohash_0
train,learn,1496195a_nohash_3
train,learn,226537ab_nohash_1
train,learn,226537ab_nohash_2
train,learn,2356b88d_nohash_3
train,learn,235b444f_nohash_2
train,learn,235b444f_nohash_4
train,learn,25e95412_nohash_0
train,learn,2927c601_nohash_1
train,learn,2fee065a_nohash_0
train,learn,3102f006_nohash_0
train,learn,332d33b1_nohash_2
train,learn,332d33b1_nohash_3
train,learn,3a69f765_nohash_2
train,learn,3b3d2f59_nohash_1
train,learn,3bb68054_nohash_2
train,learn,3ce4910e_nohash_2
train,learn,472b8045_nohash_1
train,learn,4995d875_nohash_2
train,learn,4e99c1b7_nohash_3
train,learn,578d3efb_nohash_0
train,learn,578d3efb_nohash_3
train,learn,5cf1ecce_nohash_1
train,learn,5ebc1cda_nohash_7
train,learn,61e2f74f_nohash_3
train,learn,62b7c848_nohash_0
train,learn,6d7af359_nohash_1
train,learn,7213ed54_nohash_2
train,learn,72242187_nohash_3
train,learn,74241b28_nohash_1
train,learn,81332c92_nohash_2
train,learn,833d9f56_nohash_2
train,learn,845f8553_nohash_1
train,learn,8e523821_nohash_1
train,learn,9307154f_nohash_0
train,learn,954f190f_nohash_2
train,learn,96d8bb6f_nohash_1
train,learn,96d8bb6f_nohash_2
train,learn,9f93e408_nohash_1
train,learn,9fac5701_nohash_2
train,learn,a04817c2_nohash_0
train,learn,a62f807b_nohash_0
train,learn,ab9b93e4_nohash_0
train,learn,ace072ba_nohash_2
train,learn,b29f8b23_nohash_1
train,learn,b4ea0d9a_nohash_1
train,learn,b528edb3_nohash_4
train,learn,bbc30633_nohash_0
train,learn,bcf614a2_nohash_3
train,learn,c0cb43d6_nohash_0
train,learn,c351e611_nohash_3
train,learn,c50f55b8_nohash_16
train,learn,c50f55b8_nohash_3
train,learn,c98bbbd3_nohash_0
train,learn,cdee383b_nohash_4
train,learn,ceef6d96_nohash_1
train,learn,d0fb9ff4_nohash_0
train,learn,e9bc5cc2_nohash_2
train,learn,eaa83485_nohash_2
train,learn,ef3367d9_nohash_0
train,learn,ef3367d9_nohash_3
train,learn,f5626af6_nohash_0
train,learn,f798ac78_nohash_2
train,learn,fbb56351_nohash_0
train,learn,fbb56351_nohash_1
train,marvin,01b4757a_nohash_2
train,marvin,03cf93b1_nohash_0
train,marvin,03cf93b1_nohash_1
train,marvin,0a5636ca_nohash_0
train,marvin,0c5027de_nohash_0
train,marvin,151bfb79_nohash_0
train,marvin,15dd287d_nohash_0
train,marvin,16fce7de_nohash_1
train,marvin,19785c4e_nohash_0
train,marvin,199da2bf_nohash_0
train,marvin,1b5ba788_nohash_0
train,marvin,1d919a90_nohash_0
train,marvin,1fc04a13_nohash_1
train,marvin,1fd85ee4_nohash_0
train,marvin,1fd85ee4_nohash_1
train,marvin,1ffd513b_nohash_1
train,marvin,201e28a9_nohash_0
train,marvin,2250f5f2_nohash_1
train,marvin,2589f361_nohash_0
train,marvin,265bd13a_nohash_0
train,marvin,27c24504_nohash_0
train,marvin,2a1f4853_nohash_0
train,marvin,2b715941_nohash_1
train,marvin,2d327bc8_nohash_0
train,marvin,2f0a410b_nohash_0
train,marvin,3250c035_nohash_0
train,marvin,325a0c39_nohash_0
train,marvin,37bd115d_nohash_0
train,marvin,39543cfd_nohash_0
train,marvin,3ab9ba07_nohash_1
train,marvin,3bb68054_nohash_0
train,marvin,3e31dffe_nohash_0
train,marvin,3ec05c3d_nohash_1
train,marvin,41777abb_nohash_0
train,marvin,434a267c_nohash_2
train,marvin,4954abe8_nohash_0
train,marvin,4954abe8_nohash_3
train,marvin,508e30ee_nohash_0
train,marvin,5184ed3e_nohash_0
train,marvin,533c6564_nohash_0
train,marvin,54ad8f22_nohash_0
train,marvin,573cdb8a_nohash_2
train,marvin,5a3712c9_nohash_0
train,marvin,5b09db89_nohash_0
train,marvin,5d9bb361_nohash_0
train,marvin,5f9cd2eb_nohash_0
train,marvin,5fe4a278_nohash_0
train,marvin,6347b393_nohash_0
train,marvin,6414258b_nohash_1
train,marvin,67fcdb05_nohash_1
train,marvin,6d7af359_nohash_0
train,marvin,708b8d51_nohash_0
train,marvin,72e382bd_nohash_0
train,marvin,74551073_nohash_0
train,marvin,78622c2b_nohash_1
train,marvin,7c75a504_nohash_2
train,marvin,7fc74fbe_nohash_0
train,marvin,7ff085e1_nohash_0
train,marvin,823353e5_nohash_1
train,marvin,87c62767_nohash_1
train,marvin,888a0c49_nohash_0
train,marvin,8b367d88_nohash_1
train,marvin,8c888bbb_nohash_0
train,marvin,8e05039f_nohash_0
train,marvin,94d370bf_nohash_0
train,marvin,99081f4d_nohash_0
train,marvin,99e6cab8_nohash_0
train,marvin,9a8d8d34_nohash_1
train,marvin,9c24bc76_nohash_1
train,marvin,9f7079fe_nohash_0
train,marvin,9f92fb7c_nohash_0
train,marvin,a518d1cf_nohash_0
train,marvin,a759efbc_nohash_0
train,marvin,a77fbcfd_nohash_0
train,marvin,a902ce9b_nohash_1
train,marvin,a9b574b3_nohash_0
train,marvin,ab9b93e4_nohash_0
train,marvin,ae82c78c_nohash_1
train,marvin,afe0b87d_nohash_0
train,marvin,b21f0fa4_nohash_0
train,marvin,b4bef564_nohash_0
train,marvin,b63fea9e_nohash_0
train,marvin,b69002d4_nohash_0
train,marvin,bb6d4301_nohash_0
train,marvin,bf8d5617_nohash_1
train,marvin,c4e00ee9_nohash_0
train,marvin,c8771f88_nohash_0
train,marvin,cee22275_nohash_0
train,marvin,d0426d63_nohash_2
train,marvin,d0ce2418_nohash_0
train,marvin,da584bc0_nohash_0
train,marvin,dc7ec25b_nohash_0
train,marvin,dce05676_nohash_1
train,marvin,dd6c6806_nohash_0
train,marvin,dfb6450b_nohash_1
train,marvin,e269bac0_nohash_0
train,marvin,e5afa9b0_nohash_0
train,marvin,e72aa705_nohash_0
train,marvin,e882abb2_nohash_0
train,marvin,eb6dab4a_nohash_0
train,marvin,ec32860c_nohash_0
train,marvin,ed032775_nohash_0
train,marvin,ee6163d5_nohash_0
train,marvin,ef3367d9_nohash_1
train,marvin,f1b35ace_nohash_1
train,marvin,f1d36c53_nohash_1
train,marvin,f5d09ebd_nohash_0
train,marvin,f632210f_nohash_0
train,marvin,fa57ab3b_nohash_0
train,marvin,fad7a69a_nohash_0
train,marvin,fb24c826_nohash_0
train,marvin,fb727898_nohash_0
train,marvin,fc28c8d8_nohash_2
train,nine,012c8314_nohash_2
train,nine,017c4098_nohash_2
train,nine,0585b66d_nohash_0
train,nine,08ab8082_nohash_1
train,nine,0a2b400e_nohash_1
train,nine,0ba018fc_nohash_1
train,nine,0f46028a_nohash_2
train,nine,0fc57d61_nohash_0
train,nine,130d9a87_nohash_1
train,nine,152491bc_nohash_0
train,nine,15c371c7_nohash_1
train,nine,15dd287d_nohash_2
train,nine,1b627376_nohash_2
train,nine,1b755c65_nohash_0
train,nine,1c45ceb2_nohash_0
train,nine,1dc86f91_nohash_3
train,nine,1e4064b8_nohash_1
train,nine,1ecfb537_nohash_4
train,nine,2039b9c1_nohash_1
train,nine,20d779bf_nohash_0
train,nine,214ccb20_nohash_0
train,nine,2275edbb_nohash_0
train,nine,234d6a48_nohash_2
train,nine,234d6a48_nohash_3
train,nine,235b444f_nohash_2
train,nine,23add12a_nohash_1
train,nine,23da904f_nohash_3
train,nine,24a3e589_nohash_2
train,nine,256c0a05_nohash_3
train,nine,270bfa52_nohash_1
train,nine,299c14b1_nohash_1
train,nine,2f0ce4d9_nohash_0
train,nine,2fee065a_nohash_0
train,nine,30060aba_nohash_1
train,nine,305776dd_nohash_1
train,nine,31db232b_nohash_0
train,nine,321aba74_nohash_3
train,nine,324210dd_nohash_4
train,nine,35d1b6ee_nohash_4
train,nine,36050ef3_nohash_0
train,nine,3a7d8872_nohash_1
train,nine,3bb68054_nohash_1
train,nine,3efa7ec4_nohash_0
train,nine,40b60ae9_nohash_0
train,nine,434a267c_nohash_1
train,nine,435695e3_nohash_1
train,nine,43691f67_nohash_0
train,nine,46114b4e_nohash_0
train,nine,4874a7e9_nohash_0
train,nine,4995d875_nohash_1
train,nine,4c3cddb8_nohash_4
train,nine,4c6944d6_nohash_1
train,nine,4cee0c60_nohash_2
train,nine,508e30ee_nohash_0
train,nine,508e30ee_nohash_2
train,nine,51055bda_nohash_4
train,nine,51c5601d_nohash_0
train,nine,51c5601d_nohash_1
train,nine,51eefcc6_nohash_0
train,nine,53578f4e_nohash_0
train,nine,56eab10e_nohash_0
train,nine,56eab10e_nohash_1
train,nine,589bce2c_nohash_0
train,nine,589bce2c_nohash_1
train,nine,5b09db89_nohash_0
train,nine,5c39594f_nohash_0
train,nine,5de8f2f0_nohash_3
train,nine,5f5eef60_nohash_3
train,nine,5f5eef60_nohash_4
train,nine,62ef962d_nohash_0
train,nine,6366f61a_nohash_0
train,nine,650daf8e_nohash_0
train,nine,656e8bb3_nohash_1
train,nine,66041c69_nohash_0
train,nine,674ca5ea_nohash_2
train,nine,6969e51a_nohash_1
train,nine,6a497f80_nohash_0
train,nine,6ace4fe1_nohash_2
train,nine,6bf5baf3_nohash_2
train,nine,6c429c7b_nohash_1
train,nine,6c968bd9_nohash_0
train,nine,7081436f_nohash_1
train,nine,71bf8f48_nohash_2
train,nine,72242187_nohash_2
train,nine,72ca6a6d_nohash_0
train,nine,7303215d_nohash_0
train,nine,735845ab_nohash_3
train,nine,77655bdf_nohash_0
train,nine,7e7f0ed6_nohash_0
train,nine,7ea032f3_nohash_4
train,nine,8012c69d_nohash_1
train,nine,80b8eab4_nohash_2
train,nine,821b64cc_nohash_2
train,nine,83c9e7e6_nohash_1
train,nine,84999496_nohash_1
train,nine,85b877b5_nohash_0
train,nine,8781f4c1_nohash_0
train,nine,878befa7_nohash_0
train,nine,890e4ee2_nohash_0
train,nine,8c888bbb_nohash_1
train,nine,8e05039f_nohash_2
train,nine,954f190f_nohash_2
train,nine,9637f43f_nohash_0
train,nine,96a48d28_nohash_2
train,nine,96a48d28_nohash_3
train,nine,96d8bb6f_nohash_2
train,nine,96d8bb6f_nohash_4
train,nine,9b02d503_nohash_1
train,nine,9be15e93_nohash_2
train,nine,9beccfc8_nohash_0
train,nine,9f93e408_nohash_3
train,nine,a1cff772_nohash_1
train,nine,a2cc5444_nohash_3
train,nine,a55105d0_nohash_0
train,nine,a74f3917_nohash_1
train,nine,a8ee11c7_nohash_2
train,nine,a928cc5b_nohash_0
train,nine,a929f9b9_nohash_0
train,nine,ab5b211a_nohash_1
train,nine,ab5d7179_nohash_4
train,nine,ae71797c_nohash_0
train,nine,aff582a1_nohash_2
train,nine,b21f0fa4_nohash_0
train,nine,b3327675_nohash_1
train,nine,b528edb3_nohash_3
train,nine,b6091c84_nohash_1
train,nine,b69002d4_nohash_0
train,nine,b69002d4_nohash_4
train,nine,b69fe0e2_nohash_1
train,nine,b80d6c5e_nohash_0
train,nine,bb6d4301_nohash_4
train,nine,bbd0bbd0_nohash_3
train,nine,bd76a7fd_nohash_2
train,nine,be0f2293_nohash_0
train,nine,bfaf2000_nohash_0
train,nine,c351e611_nohash_2
train,nine,cb72dfb6_nohash_2
train,nine,cb802c63_nohash_0
train,nine,cdbd6969_nohash_0
train,nine,d2f4f431_nohash_2
train,nine,d37e4bf1_nohash_0
train,nine,d394ef8e_nohash_4
train,nine,da040491_nohash_2
train,nine,de89e2ca_nohash_3
train,nine,dedc7fab_nohash_1
train,nine,dedc7fab_nohash_2
train,nine,e10e2cbb_nohash_0
train,nine,e3e0f145_nohash_4
train,nine,e53139ad_nohash_0
train,nine,e5d2e09d_nohash_0
train,nine,e6be0830_nohash_0
train,nine,e9bc5cc2_nohash_0
train,nine,eb3f7d82_nohash_1
train,nine,ef3367d9_nohash_3
train,nine,f19c1390_nohash_0
train,nine,f19d1738_nohash_0
train,nine,f2898d06_nohash_3
train,nine,f2898d06_nohash_4
train,nine,f5341341_nohash_3
train,nine,f568162b_nohash_0
train,nine,f7879738_nohash_0
train,nine,f810e799_nohash_1
train,nine,f816db77_nohash_0
train,nine,f8ba7c0e_nohash_0
train,nine,f953e1af_nohash_3
train,nine,fb727898_nohash_0
train,nine,fb727898_nohash_2
train,nine,fbb56351_nohash_3
train,nine,fc3ba625_nohash_1
train,nine,ff63ab0b_nohash_1
train,one,01b4757a_nohash_0
train,one,0717b9f6_nohash_2
train,one,0943c746_nohash_0
train,one,106a6183_nohash_0
train,one,11099149_nohash_0
train,one,14587ff0_nohash_0
train,one,14c7b073_nohash_2
train,one,15c563d7_nohash_3
train,one,1993db46_nohash_0
train,one,1b18600d_nohash_0
train,one,1bb6ed89_nohash_0
train,one,1df99a8a_nohash_2
train,one,229978fd_nohash_1
train,one,236b6113_nohash_0
train,one,236b6113_nohash_1
train,one,23da904f_nohash_2
train,one,28ed6bc9_nohash_1
train,one,28ed6bc9_nohash_2
train,one,2903efb3_nohash_2
train,one,2a1f4853_nohash_0
train,one,2aca1e72_nohash_2
train,one,2aca1e72_nohash_6
train,one,2b5e346d_nohash_1
train,one,2d327bc8_nohash_0
train,one,2dc4f05d_nohash_1
train,one,2e75d37a_nohash_0
train,one,2fcb6397_nohash_0
train,one,30065f33_nohash_0
train,one,321aba74_nohash_3
train,one,333784b7_nohash_3
train,one,3589bc72_nohash_0
train,one,3bc21161_nohash_2
train,one,3ce4910e_nohash_3
train,one,3d53244b_nohash_4
train,one,40115b19_nohash_3
train,one,460209ac_nohash_0
train,one,46114b4e_nohash_0
train,one,46a153d8_nohash_0
train,one,46a153d8_nohash_1
train,one,4874a7e9_nohash_1
train,one,4995d875_nohash_0
train,one,50a7d406_nohash_0
train,one,50a8ef27_nohash_0
train,one,51055bda_nohash_3
train,one,518588b6_nohash_0
train,one,51eefcc6_nohash_0
train,one,51f7a034_nohash_2
train,one,520e8c0e_nohash_0
train,one,559bc36a_nohash_0
train,one,5769c5ab_nohash_1
train,one,5769c5ab_nohash_2
train,one,5ba724a7_nohash_1
train,one,5cf1ecce_nohash_2
train,one,5ebc1cda_nohash_2
train,one,616420be_nohash_4
train,one,617de221_nohash_1
train,one,619b5164_nohash_0
train,one,6272b231_nohash_0
train,one,6366f61a_nohash_1
train,one,65d14087_nohash_1
train,one,65d14087_nohash_2
train,one,682e1687_nohash_0
train,one,686d030b_nohash_2
train,one,69a1a79f_nohash_0
train,one,6add0595_nohash_2
train,one,6f9088d7_nohash_0
train,one,71aa5b54_nohash_1
train,one,71e6ab20_nohash_1
train,one,7318280c_nohash_0
train,one,735845ab_nohash_2
train,one,742d6431_nohash_1
train,one,75b631ff_nohash_1
train,one,779de043_nohash_1
train,one,7d86b703_nohash_1
train,one,7f9eb952_nohash_2
train,one,821b64cc_nohash_1
train,one,82e583e7_nohash_0
train,one,845f8553_nohash_1
train,one,850e2222_nohash_0
train,one,879a2b38_nohash_2
train,one,88d009d2_nohash_0
train,one,8eb4a1bf_nohash_4
train,one,8ff44869_nohash_0
train,one,90b0b91a_nohash_0
train,one,9151f184_nohash_0
train,one,91ffb786_nohash_1
train,one,95218ce8_nohash_0
train,one,98ea0818_nohash_2
train,one,98ea0818_nohash_3
train,one,9b5815cd_nohash_0
train,one,9d8ac38b_nohash_0
train,one,9e92ef0c_nohash_1
train,one,9fac5701_nohash_3
train,one,a0f93943_nohash_0
train,one,a928cc5b_nohash_0
train,one,ab46af55_nohash_0
train,one,ac9dee0e_nohash_1
train,one,ad9de4dd_nohash_0
train,one,afe0b87d_nohash_2
train,one,b2ae3928_nohash_0
train,one,b3849d6e_nohash_0
train,one,b4ea0d9a_nohash_6
train,one,b575b5fb_nohash_1
train,one,b5935410_nohash_0
train,one,b69002d4_nohash_1
train,one,b76f6088_nohash_3
train,one,bcf614a2_nohash_0
train,one,bcf614a2_nohash_3
train,one,bde0f20a_nohash_2
train,one,beb49c22_nohash_0
train,one,bfa63751_nohash_1
train,one,c0445658_nohash_1
train,one,c0c701f1_nohash_0
train,one,c120e80e_nohash_3
train,one,c1d39ce8_nohash_5
train,one,c50f55b8_nohash_10
train,one,c5570933_nohash_0
train,one,c5a1e46c_nohash_1
train,one,c633a455_nohash_1
train,one,c79159aa_nohash_1
train,one,c86d4fd4_nohash_1
train,one,cc4f9250_nohash_3
train,one,cc6ee39b_nohash_0
train,one,cce7416f_nohash_0
train,one,cce7416f_nohash_7
train,one,cdee383b_nohash_0
train,one,cdfbbe75_nohash_0
train,one,ce9410da_nohash_0
train,one,ceef6d96_nohash_3
train,one,d070ea86_nohash_0
train,one,d1dd03ed_nohash_0
train,one,d264f7b6_nohash_1
train,one,d278d8ef_nohash_2
train,one,d430b3cc_nohash_0
train,one,d84829e0_nohash_1
train,one,d8ed3745_nohash_0
train,one,d9aa8c90_nohash_0
train,one,dae01802_nohash_2
train,one,ddedba85_nohash_0
train,one,de3fe344_nohash_3
train,one,de4f7798_nohash_1
train,one,e4be0cf6_nohash_2
train,one,e4be0cf6_nohash_4
train,one,e76dd1ce_nohash_1
train,one,e7ea8b76_nohash_1
train,one,e98cb283_nohash_1
train,one,e9abfe31_nohash_4
train,one,eaa83485_nohash_3
train,one,ed032775_nohash_2
train,one,ee07dcb9_nohash_0
train,one,ef3367d9_nohash_0
train,one,ef3367d9_nohash_6
train,one,f0522ff4_nohash_0
train,one,f19c1390_nohash_3
train,one,f1d36c53_nohash_0
train,one,f35eedd7_nohash_0
train,one,f4504600_nohash_1
train,one,f68160c0_nohash_1
train,one,f68160c0_nohash_2
train,one,f736ab63_nohash_1
train,one,f8ba7c0e_nohash_0
train,one,fa44fcf5_nohash_0
train,one,fc3ba625_nohash_1
train,one,fcb25a78_nohash_0
train,one,fd5ccd39_nohash_1
train,one,fda46b78_nohash_0
train,seven,014f9f65_nohash_0
train,seven,017c4098_nohash_1
train,seven,02ade946_nohash_1
train,seven,02e85b60_nohash_0
train,seven,042a8dde_nohash_2
train,seven,08ab231c_nohash_1
train,seven,0a196374_nohash_2
train,seven,0b77ee66_nohash_1
train,seven,129c7d8d_nohash_0
train,seven,12c206ea_nohash_1
train,seven,1473be6a_nohash_0
train,seven,1706c35f_nohash_1
train,seven,1746d7b6_nohash_0
train,seven,1c3f4fac_nohash_0
train,seven,1dce06e8_nohash_3
train,seven,1e9e6bdd_nohash_2
train,seven,211b928a_nohash_3
train,seven,21832144_nohash_2
train,seven,226537ab_nohash_1
train,seven,234d6a48_nohash_2
train,seven,274c008f_nohash_0
train,seven,28ce0c58_nohash_0
train,seven,28ed6bc9_nohash_2
train,seven,29229c21_nohash_2
train,seven,2927c601_nohash_3
train,seven,29dce108_nohash_0
train,seven,29fb33da_nohash_0
train,seven,2aca1e72_nohash_2
train,seven,2d3c8dcb_nohash_3
train,seven,2dc4f05d_nohash_0
train,seven,3108acca_nohash_1
train,seven,311fde72_nohash_0
train,seven,321aba74_nohash_1
train,seven,321aba74_nohash_3
train,seven,3589bc72_nohash_2
train,seven,35d1b6ee_nohash_1
train,seven,35d1b6ee_nohash_4
train,seven,39a12648_nohash_0
train,seven,3a3ee7ed_nohash_3
train,seven,3bb68054_nohash_0
train,seven,3c257192_nohash_4
train,seven,3cdecb0b_nohash_1
train,seven,3ce4910e_nohash_4
train,seven,3e31dffe_nohash_2
train,seven,40738a2d_nohash_4
train,seven,408de0a4_nohash_0
train,seven,413997c1_nohash_0
train,seven,41777abb_nohash_0
train,seven,421ed23f_nohash_0
train,seven,4249c833_nohash_0
train,seven,462e1919_nohash_2
train,seven,46a153d8_nohash_2
train,seven,472b8045_nohash_1
train,seven,4995d875_nohash_1
train,seven,4995d875_nohash_5
train,seven,49f30eed_nohash_3
train,seven,4bba14ce_nohash_0
train,seven,4cee0c60_nohash_2
train,seven,4e99c1b7_nohash_0
train,seven,508e30ee_nohash_3
train,seven,5188de0d_nohash_0
train,seven,51f7a034_nohash_3
train,seven,54aecbd5_nohash_2
train,seven,55d3725a_nohash_1
train,seven,5677ec77_nohash_0
train,seven,57376a4c_nohash_1
train,seven,578d3efb_nohash_0
train,seven,578d3efb_nohash_3
train,seven,5cf1ecce_nohash_0
train,seven,5ebc1cda_nohash_3
train,seven,5f8e50a0_nohash_0
train,seven,616420be_nohash_3
train,seven,617aeb6c_nohash_4
train,seven,61a9f72a_nohash_0
train,seven,61ab8fbc_nohash_1
train,seven,61e2f74f_nohash_1
train,seven,62ef962d_nohash_0
train,seven,62f05757_nohash_0
train,seven,645ed69d_nohash_1
train,seven,676f8138_nohash_4
train,seven,6c429c7b_nohash_1
train,seven,6c968bd9_nohash_2
train,seven,6ef407da_nohash_1
train,seven,7014b07e_nohash_0
train,seven,71d0ded4_nohash_0
train,seven,7211390b_nohash_2
train,seven,72242187_nohash_3
train,seven,735845ab_nohash_2
train,seven,745a8e32_nohash_0
train,seven,77f185d3_nohash_0
train,seven,78030270_nohash_1
train,seven,7b301939_nohash_0
train,seven,7c83c5f6_nohash_0
train,seven,7c83c5f6_nohash_1
train,seven,7e7ca854_nohash_2
train,seven,7fb54718_nohash_0
train,seven,833a0279_nohash_1
train,seven,86f12ac0_nohash_0
train,seven,87eff300_nohash_0
train,seven,89947bd7_nohash_3
train,seven,8a8756a4_nohash_0
train,seven,8aa35b0c_nohash_1
train,seven,8c888bbb_nohash_1
train,seven,8ca3b1db_nohash_0
train,seven,8f811bbc_nohash_0
train,seven,91ffb786_nohash_3
train,seven,948867e7_nohash_0
train,seven,94d370bf_nohash_2
train,seven,96a48d28_nohash_4
train,seven,9a5db2cb_nohash_0
train,seven,9f93e408_nohash_1
train,seven,a16b3102_nohash_1
train,seven,a293e285_nohash_1
train,seven,a3518e99_nohash_0
train,seven,a42a88ff_nohash_0
train,seven,a489191a_nohash_0
train,seven,a77fbcfd_nohash_4
train,seven,a7acbbeb_nohash_0
train,seven,a928cc5b_nohash_0
train,seven,a97017df_nohash_3
train,seven,ab46af55_nohash_2
train,seven,ab9b93e4_nohash_3
train,seven,ac9dee0e_nohash_0
train,seven,ac9dee0e_nohash_2
train,seven,af790082_nohash_2
train,seven,b0ae6326_nohash_2
train,seven,b1df80c0_nohash_0
train,seven,b414c653_nohash_4
train,seven,b528edb3_nohash_1
train,seven,b5cf6ea8_nohash_1
train,seven,b8874962_nohash_4
train,seven,b91b718c_nohash_1
train,seven,bbf38549_nohash_2
train,seven,bd11c654_nohash_0
train,seven,bd2db1a5_nohash_1
train,seven,bde0f20a_nohash_1
train,seven,c1d39ce8_nohash_4
train,seven,c22ebf46_nohash_2
train,seven,c578beb0_nohash_1
train,seven,c634a189_nohash_2
train,seven,c71e3acc_nohash_0
train,seven,c93d5e22_nohash_2
train,seven,ca4912b6_nohash_1
train,seven,cc3b5b62_nohash_3
train,seven,cce7416f_nohash_0
train,seven,cd671b5f_nohash_2
train,seven,cdbd6969_nohash_0
train,seven,cdee383b_nohash_2
train,seven,cdee383b_nohash_3
train,seven,ceaadb24_nohash_1
train,seven,d5dd88da_nohash_0
train,seven,d7ca14ef_nohash_0
train,seven,d94eb94f_nohash_0
train,seven,d9aa8c90_nohash_1
train,seven,db7c95b0_nohash_3
train,seven,dce5041a_nohash_1
train,seven,e4a2cf79_nohash_0
train,seven,e5c48e53_nohash_0
train,seven,e5dadd24_nohash_0
train,seven,e7bcee8a_nohash_1
train,seven,e7ea8b76_nohash_1
train,seven,ea0cf37f_nohash_0
train,seven,eb0676ec_nohash_1
train,seven,ec201020_nohash_3
train,seven,ec989d6d_nohash_3
train,seven,ed032775_nohash_3
train,seven,ed3c2d05_nohash_0
train,seven,f01a0d63_nohash_4
train,seven,f0659908_nohash_3
train,seven,f192e6b4_nohash_0
train,seven,f1d8a638_nohash_1
train,seven,f30285c8_nohash_3
train,seven,f45fcf9a_nohash_0
train,seven,f798ac78_nohash_3
train,seven,f839238a_nohash_0
train,seven,fa70c187_nohash_0
train,seven,fb727898_nohash_4
train,seven,fc3ba625_nohash_1
train,seven,fce65496_nohash_1
train,seven,ff21fb59_nohash_0
train,seven,ff21fb59_nohash_1
train,sheila,004ae714_nohash_0
train,sheila,016e2c6d_nohash_0
train,sheila,0616de09_nohash_0
train,sheila,06f6c194_nohash_0
train,sheila,07c5129e_nohash_0
train,sheila,146d97db_nohash_0
train,sheila,1589451d_nohash_1
train,sheila,1b42b551_nohash_0
train,sheila,1b627376_nohash_0
train,sheila,21cbe292_nohash_1
train,sheila,23da904f_nohash_0
train,sheila,25c14394_nohash_0
train,sheila,2a1f4853_nohash_0
train,sheila,2b3f509b_nohash_0
train,sheila,2c7c33e8_nohash_0
train,sheila,2fee065a_nohash_0
train,sheila,31601aad_nohash_0
train,sheila,325a0c39_nohash_0
train,sheila,353b4d33_nohash_0
train,sheila,36de13e1_nohash_0
train,sheila,39833acb_nohash_0
train,sheila,39a12648_nohash_0
train,sheila,39ec87ac_nohash_0
train,sheila,3a182c98_nohash_0
train,sheila,3a69f765_nohash_0
train,sheila,3a70ab7f_nohash_0
train,sheila,3a789a0d_nohash_0
train,sheila,3b3d2f59_nohash_0
train,sheila,40115b19_nohash_2
train,sheila,42398aab_nohash_1
train,sheila,434a267c_nohash_0
train,sheila,44b9b0c1_nohash_0
train,sheila,45864319_nohash_0
train,sheila,459345ea_nohash_0
train,sheila,4649256f_nohash_0
train,sheila,4d4e17f5_nohash_0
train,sheila,4e61bf96_nohash_0
train,sheila,4f5c0b28_nohash_0
train,sheila,520b2c17_nohash_1
train,sheila,528f9242_nohash_2
train,sheila,57152045_nohash_0
train,sheila,589f8720_nohash_0
train,sheila,58df33b5_nohash_1
train,sheila,5aac2efa_nohash_0
train,sheila,5ba724a7_nohash_0
train,sheila,5d9bb361_nohash_0
train,sheila,5de3f6cc_nohash_1
train,sheila,5de8f2f0_nohash_1
train,sheila,5f1253e9_nohash_0
train,sheila,5f47fdf9_nohash_0
train,sheila,62f05757_nohash_0
train,sheila,638548d5_nohash_0
train,sheila,6640fdc0_nohash_0
train,sheila,6794a793_nohash_0
train,sheila,68effe85_nohash_0
train,sheila,69f609ec_nohash_1
train,sheila,6adb8ad9_nohash_0
train,sheila,773e26f7_nohash_0
train,sheila,78102205_nohash_0
train,sheila,7d86b703_nohash_0
train,sheila,850e2222_nohash_0
train,sheila,8601f33b_nohash_0
train,sheila,86648261_nohash_0
train,sheila,88053e92_nohash_0
train,sheila,924c1a04_nohash_0
train,sheila,92a9c5e6_nohash_0
train,sheila,92b0a735_nohash_0
train,sheila,96cd0255_nohash_0
train,sheila,982babaf_nohash_0
train,sheila,9a4d12fd_nohash_0
train,sheila,9bea2ac7_nohash_0
train,sheila,9c06a3f3_nohash_0
train,sheila,9f63152b_nohash_0
train,sheila,a489191a_nohash_0
train,sheila,a583c5b0_nohash_0
train,sheila,a8ee11c7_nohash_1
train,sheila,ac7840d8_nohash_0
train,sheila,ac899eb7_nohash_1
train,sheila,b29f8b23_nohash_0
train,sheila,b8897f1c_nohash_0
train,sheila,ba676390_nohash_0
train,sheila,bdd22e4d_nohash_0
train,sheila,c0e8f5a1_nohash_1
train,sheila,c137814b_nohash_1
train,sheila,c25a032b_nohash_0
train,sheila,c53b335a_nohash_1
train,sheila,c578beb0_nohash_1
train,sheila,cce7416f_nohash_1
train,sheila,d1214f15_nohash_0
train,sheila,d8a5ace5_nohash_0
train,sheila,dce05676_nohash_2
train,sheila,e62056e2_nohash_1
train,sheila,efab2cbd_nohash_1
train,sheila,f15a354c_nohash_0
train,sheila,f19d1738_nohash_0
train,sheila,f42e234b_nohash_0
train,sheila,f44f440f_nohash_1
train,sheila,f5e44d34_nohash_0
train,sheila,f816db77_nohash_0
train,sheila,f864cd4a_nohash_1
train,sheila,fb8c31a9_nohash_0
train,sheila,fc3ba625_nohash_0
train,six,023808be_nohash_0
train,six,050170cb_nohash_1
train,six,05b2db80_nohash_0
train,six,06f6c194_nohash_4
train,six,070b49af_nohash_1
train,six,0717b9f6_nohash_2
train,six,0a196374_nohash_1
train,six,0a196374_nohash_3
train,six,0b09edd3_nohash_3
train,six,0b40aa8e_nohash_1
train,six,0d6d7360_nohash_1
train,six,0ff728b5_nohash_2
train,six,13199b79_nohash_0
train,six,13199b79_nohash_3
train,six,131e738d_nohash_2
train,six,1496195a_nohash_2
train,six,14c7b073_nohash_1
train,six,1a994c9f_nohash_0
train,six,1a994c9f_nohash_2
train,six,1b42b551_nohash_1
train,six,1ed0b13d_nohash_3
train,six,1eddce1d_nohash_2
train,six,20174140_nohash_0
train,six,211b928a_nohash_0
train,six,21832144_nohash_0
train,six,21cbe292_nohash_1
train,six,22296dbe_nohash_0
train,six,2335770e_nohash_0
train,six,235b444f_nohash_2
train,six,25e95412_nohash_3
train,six,25e95412_nohash_5
train,six,265bd13a_nohash_0
train,six,2927c601_nohash_2
train,six,2c6446f7_nohash_0
train,six,2dce72b3_nohash_0
train,six,2e75d37a_nohash_3
train,six,2fcb6397_nohash_1
train,six,31583d30_nohash_1
train,six,31d68957_nohash_0
train,six,324210dd_nohash_0
train,six,324210dd_nohash_2
train,six,32561e9e_nohash_1
train,six,332d33b1_nohash_3
train,six,333784b7_nohash_2
train,six,3402e488_nohash_2
train,six,34d5aa5a_nohash_0
train,six,39c13eed_nohash_0
train,six,3b195250_nohash_3
train,six,3bfd30e6_nohash_0
train,six,3c257192_nohash_2
train,six,3d794813_nohash_1
train,six,40738a2d_nohash_3
train,six,421ed23f_nohash_1
train,six,42f81601_nohash_3
train,six,46a153d8_nohash_2
train,six,472b8045_nohash_0
train,six,4a4e28f1_nohash_0
train,six,4a4e28f1_nohash_2
train,six,4bc2c2c5_nohash_1
train,six,4c3cddb8_nohash_2
train,six,4ca37738_nohash_0
train,six,4f2be90f_nohash_1
train,six,51f4d5b0_nohash_0
train,six,54ad8f22_nohash_4
train,six,559bc36a_nohash_0
train,six,59b98a22_nohash_1
train,six,5cf1ecce_nohash_1
train,six,5cf1ecce_nohash_3
train,six,5ebc1cda_nohash_1
train,six,5f9cd2eb_nohash_5
train,six,62605293_nohash_0
train,six,645ed69d_nohash_2
train,six,6727b579_nohash_3
train,six,6bf5baf3_nohash_0
train,six,6bf5baf3_nohash_1
train,six,6ef407da_nohash_3
train,six,70a00e98_nohash_0
train,six,712e4d58_nohash_0
train,six,71d0ded4_nohash_2
train,six,71f6fed7_nohash_0
train,six,71f9bba8_nohash_0
train,six,72e382bd_nohash_3
train,six,773e26f7_nohash_4
train,six,77ac58c5_nohash_0
train,six,7e7ca854_nohash_3
train,six,7ea032f3_nohash_2
train,six,7ea032f3_nohash_3
train,six,7f74626f_nohash_2
train,six,7fb8d703_nohash_1
train,six,80f056c0_nohash_0
train,six,8281a2a8_nohash_0
train,six,82951cf0_nohash_0
train,six,834f03fe_nohash_4
train,six,87d5e978_nohash_0
train,six,890cc926_nohash_2
train,six,8d5d076d_nohash_0
train,six,8f0d3c27_nohash_0
train,six,92521ccc_nohash_1
train,six,95fd5a0f_nohash_1
train,six,9d8ac38b_nohash_0
train,six,a045368c_nohash_3
train,six,a1cff772_nohash_3
train,six,a2cc5444_nohash_1
train,six,a3255f5c_nohash_0
train,six,a3fc7884_nohash_0
train,six,a7200079_nohash_0
train,six,a77fbcfd_nohash_3
train,six,a929f9b9_nohash_0
train,six,aa62fdad_nohash_0
train,six,ab353673_nohash_1
train,six,ab9b93e4_nohash_4
train,six,ace072ba_nohash_1
train,six,acfd5b5e_nohash_2
train,six,aff582a1_nohash_1
train,six,b2ae3928_nohash_3
train,six,b2fbe484_nohash_0
train,six,b414c653_nohash_1
train,six,b5cf6ea8_nohash_2
train,six,b66f4f93_nohash_3
train,six,b71ebf79_nohash_0
train,six,b84f83d2_nohash_0
train,six,b9f46737_nohash_0
train,six,bab36420_nohash_2
train,six,bc999754_nohash_0
train,six,bd2db1a5_nohash_0
train,six,bd76a7fd_nohash_3
train,six,bdd22e4d_nohash_4
train,six,bde0f20a_nohash_4
train,six,c120e80e_nohash_2
train,six,c137814b_nohash_1
train,six,c1d39ce8_nohash_0
train,six,c1e0e8e3_nohash_3
train,six,c33682f0_nohash_0
train,six,c50f55b8_nohash_2
train,six,c50f55b8_nohash_5
train,six,c8771f88_nohash_0
train,six,cb62dbf1_nohash_1
train,six,cb72dfb6_nohash_3
train,six,cc6ee39b_nohash_3
train,six,cce7416f_nohash_10
train,six,cd7f8c1b_nohash_1
train,six,cdfbbe75_nohash_0
train,six,d33df435_nohash_0
train,six,d5dd88da_nohash_0
train,six,d8c52371_nohash_0
train,six,d9d6559e_nohash_0
train,six,da1d320c_nohash_0
train,six,da584bc0_nohash_4
train,six,dae01802_nohash_1
train,six,ddedba85_nohash_4
train,six,de3fe344_nohash_3
train,six,de89e2ca_nohash_3
train,six,e0315cf6_nohash_1
train,six,e0315cf6_nohash_3
train,six,e0315cf6_nohash_4
train,six,e1aa22e4_nohash_0
train,six,e53139ad_nohash_1
train,six,e882abb2_nohash_2
train,six,e9abfe31_nohash_1
train,six,ec9b830b_nohash_0
train,six,eeaf97c3_nohash_2
train,six,f01a0d63_nohash_3
train,six,f035e2ea_nohash_4
train,six,f104f742_nohash_0
train,six,f19c1390_nohash_3
train,six,f1b35ace_nohash_0
train,six,f1d8a638_nohash_0
train,six,f1d8a638_nohash_1
train,six,f21893dc_nohash_0
train,six,f2898d06_nohash_1
train,six,f2898d06_nohash_2
train,six,f30285c8_nohash_0
train,six,f3d06008_nohash_0
train,six,f4f59743_nohash_0
train,six,f568162b_nohash_3
train,six,f575faf3_nohash_4
train,six,f618568f_nohash_1
train,six,f736ab63_nohash_1
train,six,f839238a_nohash_0
train,six,f8ba7c0e_nohash_2
train,six,f9318c93_nohash_0
train,six,f953e1af_nohash_4
train,three,0137b3f4_nohash_1
train,three,050170cb_nohash_1
train,three,05739450_nohash_1
train,three,0585b66d_nohash_3
train,three,09bcdc9d_nohash_1
train,three,09ddc105_nohash_0
train,three,0d85a428_nohash_0
train,three,0d85a428_nohash_1
train,three,113b3fbc_nohash_3
train,three,131e738d_nohash_1
train,three,13d7b8c9_nohash_0
train,three,13dce503_nohash_0
train,three,146d97db_nohash_0
train,three,152491bc_nohash_0
train,three,1851e33b_nohash_0
train,three,1887fe04_nohash_0
train,three,190821dc_nohash_0
train,three,197f4153_nohash_1
train,three,1995cf9e_nohash_0
train,three,19e98e89_nohash_0
train,three,1a6eca98_nohash_0
train,three,1b5ba788_nohash_0
train,three,211b928a_nohash_2
train,three,214ccb20_nohash_0
train,three,21832144_nohash_0
train,three,229978fd_nohash_2
train,three,24befdb3_nohash_4
train,three,25132942_nohash_0
train,three,256c0a05_nohash_0
train,three,271d51c0_nohash_0
train,three,28ed6bc9_nohash_1
train,three,28ed6bc9_nohash_2
train,three,2927c601_nohash_0
train,three,2aca1e72_nohash_4
train,three,2bdbe5f7_nohash_2
train,three,311fde72_nohash_0
train,three,324210dd_nohash_4
train,three,329eab8a_nohash_0
train,three,332d33b1_nohash_1
train,three,332d33b1_nohash_2
train,three,3402e488_nohash_0
train,three,34d5aa5a_nohash_0
train,three,3589bc72_nohash_2
train,three,39025b21_nohash_0
train,three,3a69f765_nohash_1
train,three,3ae5c04f_nohash_0
train,three,3bb68054_nohash_1
train,three,3bfd30e6_nohash_0
train,three,3bfd30e6_nohash_2
train,three,3ce4910e_nohash_0
train,three,3e31dffe_nohash_1
train,three,3fb8c268_nohash_3
train,three,40b60ae9_nohash_3
train,three,434a267c_nohash_0
train,three,44f68a83_nohash_1
train,three,460209ac_nohash_1
train,three,4634529e_nohash_1
train,three,4b39347d_nohash_0
train,three,4bc2c2c5_nohash_0
train,three,4c6944d6_nohash_1
train,three,4c77947d_nohash_1
train,three,4cee0c60_nohash_1
train,three,4f2be90f_nohash_0
train,three,530306f5_nohash_0
train,three,531a5b8a_nohash_0
train,three,541e4079_nohash_0
train,three,54ad8f22_nohash_0
train,three,54aecbd5_nohash_1
train,three,559bc36a_nohash_0
train,three,5705a0f9_nohash_0
train,three,57152045_nohash_3
train,three,571c044e_nohash_0
train,three,59b98a22_nohash_0
train,three,5a5721f8_nohash_2
train,three,5a98d407_nohash_1
train,three,5f8097e1_nohash_1
train,three,5fb88f4c_nohash_0
train,three,617aeb6c_nohash_1
train,three,61ab8fbc_nohash_0
train,three,61abbf52_nohash_0
train,three,625fd898_nohash_1
train,three,62f05757_nohash_4
train,three,66cbe2b3_nohash_0
train,three,686d030b_nohash_3
train,three,6a014b29_nohash_0
train,three,6ef407da_nohash_0
train,three,6fb3d5a7_nohash_2
train,three,71904de3_nohash_0
train,three,779de043_nohash_2
train,three,784e281a_nohash_0
train,three,7c83c5f6_nohash_0
train,three,81a345a3_nohash_1
train,three,8281a2a8_nohash_1
train,three,8549f25d_nohash_3
train,three,87d5e978_nohash_3
train,three,8a744054_nohash_0
train,three,8b25410a_nohash_2
train,three,8c3c4715_nohash_0
train,three,8e523821_nohash_3
train,three,8eb4a1bf_nohash_2
train,three,8f4c551f_nohash_0
train,three,90e72357_nohash_4
train,three,91cdef62_nohash_0
train,three,91cdef62_nohash_1
train,three,92a9c5e6_nohash_3
train,three,937b433e_nohash_0
train,three,9448c397_nohash_0
train,three,953fe1ad_nohash_4
train,three,977a3be4_nohash_2
train,three,9e92ef0c_nohash_3
train,three,9f93e408_nohash_1
train,three,9ff2d2f4_nohash_0
train,three,a1c63f25_nohash_0
train,three,a293e285_nohash_0
train,three,a518d1cf_nohash_0
train,three,a527cb3c_nohash_0
train,three,a902ce9b_nohash_0
train,three,a97017df_nohash_0
train,three,aa109cfb_nohash_0
train,three,ab353673_nohash_0
train,three,ab46af55_nohash_3
train,three,acde7e73_nohash_0
train,three,b0f5b16d_nohash_0
train,three,b528edb3_nohash_2
train,three,b52bd596_nohash_0
train,three,b5cf6ea8_nohash_7
train,three,b66f4f93_nohash_3
train,three,b66f4f93_nohash_6
train,three,b72e58c9_nohash_1
train,three,b91b718c_nohash_0
train,three,b959cd0c_nohash_0
train,three,b9cccd01_nohash_1
train,three,bab36420_nohash_2
train,three,bbb2eb5b_nohash_0
train,three,bd76a7fd_nohash_4
train,three,bdd22e4d_nohash_1
train,three,c0445658_nohash_2
train,three,c1eebc0b_nohash_1
train,three,c392e01d_nohash_0
train,three,c5a1e46c_nohash_2
train,three,c7b4049e_nohash_2
train,three,c93d5e22_nohash_0
train,three,cc3b5b62_nohash_2
train,three,cce7416f_nohash_5
train,three,cd7f8c1b_nohash_4
train,three,cd911ace_nohash_2
train,three,cdbd6969_nohash_0
train,three,d8ee4734_nohash_0
train,three,da584bc0_nohash_0
train,three,dae01802_nohash_0
train,three,dbb7723a_nohash_2
train,three,de3fe344_nohash_2
train,three,de4f7798_nohash_1
train,three,df280250_nohash_2
train,three,df5457dc_nohash_0
train,three,e2286c18_nohash_0
train,three,e55a2b20_nohash_1
train,three,e6327279_nohash_0
train,three,e882abb2_nohash_3
train,three,e9abfe31_nohash_3
train,three,e9bc5cc2_nohash_4
train,three,ea0cf37f_nohash_4
train,three,ea9f8e11_nohash_0
train,three,ebdd0f59_nohash_0
train,three,ec201020_nohash_4
train,three,ec989d6d_nohash_4
train,three,ed032775_nohash_0
train,three,eeaf97c3_nohash_3
train,three,efa16ffd_nohash_0
train,three,f01a0d63_nohash_1
train,three,f035e2ea_nohash_2
train,three,f0522ff4_nohash_0
train,three,f0522ff4_nohash_1
train,three,f15a354c_nohash_3
train,three,f19c1390_nohash_1
train,three,f19c1390_nohash_2
train,three,f250345e_nohash_0
train,three,f2898d06_nohash_0
train,three,f2898d06_nohash_1
train,three,f2898d06_nohash_3
train,three,f2f0d244_nohash_2
train,three,f45fcf9a_nohash_0
train,three,f5341341_nohash_4
train,three,f5733968_nohash_0
train,three,f68160c0_nohash_2
train,three,f8f60f59_nohash_2
train,three,fbe51750_nohash_0
train,three,fd9c7413_nohash_0
train,three,ff63ab0b_nohash_0
train,tree,01648c51_nohash_0
train,tree,0165e0e8_nohash_0
train,tree,0397ecda_nohash_1
train,tree,05cf43ef_nohash_0
train,tree,07ad9b59_nohash_1
train,tree,095847e4_nohash_0
train,tree,1338a799_nohash_0
train,tree,13d7b8c9_nohash_1
train,tree,15574821_nohash_0
train,tree,18c54a68_nohash_0
train,tree,1c1060b1_nohash_2
train,tree,20a0d54b_nohash_0
train,tree,22cb56b3_nohash_0
train,tree,24a3e589_nohash_0
train,tree,24b82192_nohash_0
train,tree,2ad772d6_nohash_0
train,tree,2b42e7a2_nohash_0
train,tree,31fd5cf5_nohash_1
train,tree,377e916b_nohash_0
train,tree,39543cfd_nohash_0
train,tree,3cdecb0b_nohash_0
train,tree,3efa7ec4_nohash_1
train,tree,402e2977_nohash_0
train,tree,48463cbc_nohash_2
train,tree,4a1e736b_nohash_0
train,tree,4f5c0b28_nohash_0
train,tree,5165cf0a_nohash_0
train,tree,5b09db89_nohash_0
train,tree,60472d26_nohash_0
train,tree,6078eb0d_nohash_1
train,tree,64a80906_nohash_0
train,tree,66aa0f29_nohash_0
train,tree,6a203e0e_nohash_1
train,tree,6a203e0e_nohash_3
train,tree,6c6aa323_nohash_1
train,tree,7e556a2c_nohash_0
train,tree,7ff4fc72_nohash_0
train,tree,80b8eab4_nohash_1
train,tree,8781f4c1_nohash_1
train,tree,87d5e978_nohash_0
train,tree,8aa35b0c_nohash_0
train,tree,8c7c9168_nohash_0
train,tree,8ca3b1db_nohash_0
train,tree,902258bb_nohash_1
train,tree,90735d8b_nohash_0
train,tree,99b05bcf_nohash_0
train,tree,9a8d8d34_nohash_0
train,tree,9e075bf1_nohash_0
train,tree,9e6bb505_nohash_0
train,tree,a3255f5c_nohash_0
train,tree,a40c62f1_nohash_0
train,tree,a527cb3c_nohash_1
train,tree,a7acbbeb_nohash_0
train,tree,a9b4c2ef_nohash_0
train,tree,aac5b7c1_nohash_2
train,tree,b06c19b0_nohash_1
train,tree,b1114e4f_nohash_1
train,tree,b15fc37d_nohash_0
train,tree,b4aa9fef_nohash_0
train,tree,b5552931_nohash_0
train,tree,b59fa113_nohash_0
train,tree,b59fe16d_nohash_0
train,tree,bcdaa7a9_nohash_0
train,tree,bfdb9801_nohash_0
train,tree,c0c0d87d_nohash_0
train,tree,c0f8f4df_nohash_0
train,tree,c4533c47_nohash_0
train,tree,c5570933_nohash_0
train,tree,c578beb0_nohash_0
train,tree,c7b4049e_nohash_1
train,tree,caf1803e_nohash_1
train,tree,cb5d2c6e_nohash_0
train,tree,cc2f1a85_nohash_0
train,tree,cd3331a6_nohash_0
train,tree,ce49cb60_nohash_0
train,tree,d8ed3745_nohash_0
train,tree,e10e2cbb_nohash_1
train,tree,e2286c18_nohash_0
train,tree,e3e49931_nohash_0
train,tree,e6515415_nohash_0
train,tree,e6515415_nohash_1
train,tree,ea7ca285_nohash_0
train,tree,ea9f8e11_nohash_1
train,tree,f2e9b610_nohash_0
train,tree,f4386675_nohash_1
train,tree,fb9d6d23_nohash_1
train,two,0362539c_nohash_0
train,two,03cf93b1_nohash_2
train,two,042a8dde_nohash_3
train,two,050170cb_nohash_2
train,two,0585b66d_nohash_3
train,two,0b56bcfe_nohash_0
train,two,0ba018fc_nohash_3
train,two,0d6d7360_nohash_1
train,two,0f46028a_nohash_0
train,two,0f46028a_nohash_4
train,two,0f7266cf_nohash_2
train,two,106a6183_nohash_1
train,two,10ace7eb_nohash_1
train,two,113b3fbc_nohash_2
train,two,118261a9_nohash_1
train,two,126a31d2_nohash_0
train,two,1338a799_nohash_3
train,two,1496195a_nohash_3
train,two,15b0c947_nohash_0
train,two,15b0c947_nohash_2
train,two,15c563d7_nohash_1
train,two,16d41d07_nohash_0
train,two,172dc2b0_nohash_1
train,two,1746d7b6_nohash_0
train,two,179a61b7_nohash_0
train,two,1b835b87_nohash_1
train,two,1c3f4fac_nohash_1
train,two,1cbcc7a7_nohash_0
train,two,211b928a_nohash_4
train,two,215699ff_nohash_0
train,two,24a3e589_nohash_0
train,two,28ce0c58_nohash_0
train,two,28e47b1a_nohash_1
train,two,29229c21_nohash_0
train,two,29fb33da_nohash_0
train,two,2f0a410b_nohash_1
train,two,2f0ce4d9_nohash_0
train,two,2f813234_nohash_1
train,two,2fee065a_nohash_0
train,two,36050ef3_nohash_4
train,two,38c388bc_nohash_1
train,two,39833acb_nohash_3
train,two,3a33d3a4_nohash_1
train,two,3b3d2f59_nohash_1
train,two,3bfd30e6_nohash_0
train,two,3d53244b_nohash_2
train,two,3e31dffe_nohash_3
train,two,41777abb_nohash_0
train,two,493392c6_nohash_0
train,two,513aeddf_nohash_0
train,two,513aeddf_nohash_4
train,two,51c5601d_nohash_4
train,two,542f38a2_nohash_0
train,two,54ad8f22_nohash_1
train,two,54b6d355_nohash_4
train,two,57b68383_nohash_1
train,two,5a5721f8_nohash_3
train,two,5a9f7324_nohash_0
train,two,5c39594f_nohash_1
train,two,5cf1ecce_nohash_0
train,two,5d0ab165_nohash_0
train,two,5ebc1cda_nohash_1
train,two,61482e52_nohash_3
train,two,619b5164_nohash_0
train,two,62f05757_nohash_4
train,two,645ed69d_nohash_0
train,two,64a80906_nohash_1
train,two,64da5281_nohash_0
train,two,64df20d8_nohash_1
train,two,64f83f0e_nohash_0
train,two,65846c5f_nohash_0
train,two,65f2531f_nohash_0
train,two,66aa0f29_nohash_0
train,two,6904f0cb_nohash_2
train,two,6904f0cb_nohash_3
train,two,6ace4fe1_nohash_0
train,two,6bf5baf3_nohash_0
train,two,6bf5baf3_nohash_2
train,two,6fb3d5a7_nohash_2
train,two,70a00e98_nohash_3
train,two,773e26f7_nohash_0
train,two,7d8babdb_nohash_0
train,two,7e843da8_nohash_0
train,two,7f208e83_nohash_0
train,two,7f9eb952_nohash_1
train,two,7fb8d703_nohash_3
train,two,8134f43f_nohash_0
train,two,8281a2a8_nohash_3
train,two,833d9f56_nohash_0
train,two,8353fea1_nohash_0
train,two,8549f25d_nohash_0
train,two,87d5e978_nohash_2
train,two,884ae8e1_nohash_1
train,two,890e4ee2_nohash_0
train,two,89947bd7_nohash_0
train,two,8dd24423_nohash_0
train,two,8e05039f_nohash_2
train,two,8e884ec4_nohash_0
train,two,92b2bf59_nohash_0
train,two,953fe1ad_nohash_0
train,two,954f190f_nohash_2
train,two,98ea0818_nohash_1
train,two,9a3f97f8_nohash_1
train,two,9b027ecf_nohash_0
train,two,9b02d503_nohash_1
train,two,9b02d503_nohash_3
train,two,9e42ae25_nohash_0
train,two,9e46cfa1_nohash_0
train,two,9fac5701_nohash_3
train,two,a05a90c1_nohash_4
train,two,a24582a0_nohash_0
train,two,a56859ea_nohash_1
train,two,a5d1becc_nohash_3
train,two,a74f3917_nohash_0
train,two,a7545b9f_nohash_0
train,two,a77fbcfd_nohash_2
train,two,a8cb6dda_nohash_0
train,two,ace072ba_nohash_2
train,two,aff582a1_nohash_3
train,two,b29f8b23_nohash_3
train,two,b2ae3928_nohash_0
train,two,b3327675_nohash_0
train,two,b43de700_nohash_2
train,two,b66f4f93_nohash_6
train,two,b8874962_nohash_2
train,two,bab36420_nohash_2
train,two,bde0f20a_nohash_4
train,two,bde0f20a_nohash_5
train,two,bfdb9801_nohash_2
train,two,c0c0d87d_nohash_0
train,two,c0fb6812_nohash_2
train,two,c4533c47_nohash_0
train,two,c50f55b8_nohash_9
train,two,c661be6e_nohash_0
train,two,cce7416f_nohash_5
train,two,cce7416f_nohash_8
train,two,cd7f8c1b_nohash_4
train,two,d31d8dd7_nohash_0
train,two,d37e4bf1_nohash_0
train,two,d394ef8e_nohash_0
train,two,d71ad617_nohash_0
train,two,d7559b2d_nohash_0
train,two,d9b8fab2_nohash_0
train,two,db9cd41d_nohash_1
train,two,ddedba85_nohash_2
train,two,df280250_nohash_0
train,two,e20be42a_nohash_0
train,two,e7ea8b76_nohash_1
train,two,e82914c0_nohash_1
train,two,e855b8f1_nohash_0
train,two,e91d173e_nohash_0
train,two,e9bc5cc2_nohash_3
train,two,eb3f7d82_nohash_1
train,two,eb67fcbc_nohash_0
train,two,ec201020_nohash_4
train,two,ed032775_nohash_0
train,two,f00180d0_nohash_2
train,two,f0ebef1b_nohash_1
train,two,f104f742_nohash_1
train,two,f2e9b610_nohash_0
train,two,f5733968_nohash_4
train,two,f575faf3_nohash_3
train,two,f5e44d34_nohash_0
train,two,f7879738_nohash_1
train,two,f8f60f59_nohash_2
train,two,fa57ab3b_nohash_3
train,two,fb01a182_nohash_2
train,two,fb2f3242_nohash_2
train,two,fbb56351_nohash_0
train,two,fbb56351_nohash_4
train,two,fbf3dd31_nohash_0
train,visual,02ade946_nohash_4
train,visual,06f6c194_nohash_3
train,visual,0ba018fc_nohash_2
train,visual,0f7266cf_nohash_2
train,visual,195c120a_nohash_2
train,visual,1b42b551_nohash_1
train,visual,1b5ba788_nohash_1
train,visual,1c84a139_nohash_3
train,visual,1dc86f91_nohash_3
train,visual,211b928a_nohash_2
train,visual,234d6a48_nohash_1
train,visual,234d6a48_nohash_3
train,visual,25e95412_nohash_5
train,visual,29dce108_nohash_1
train,visual,29dce108_nohash_2
train,visual,2e75d37a_nohash_1
train,visual,2fcb6397_nohash_3
train,visual,3102f006_nohash_1
train,visual,31fd5cf5_nohash_0
train,visual,322d17d3_nohash_1
train,visual,332d33b1_nohash_3
train,visual,333d7ddb_nohash_2
train,visual,3437d72e_nohash_0
train,visual,3a53b856_nohash_0
train,visual,3b3d2f59_nohash_1
train,visual,3d794813_nohash_1
train,visual,42398aab_nohash_0
train,visual,42a99aec_nohash_2
train,visual,472b8045_nohash_0
train,visual,4995d875_nohash_2
train,visual,4c3cddb8_nohash_0
train,visual,4c3cddb8_nohash_3
train,visual,4c6944d6_nohash_1
train,visual,513aeddf_nohash_2
train,visual,54ad8f22_nohash_1
train,visual,578d3efb_nohash_3
train,visual,6347b393_nohash_1
train,visual,63f042c6_nohash_0
train,visual,7213ed54_nohash_0
train,visual,7f9eb952_nohash_1
train,visual,8353fea1_nohash_0
train,visual,85851131_nohash_1
train,visual,85ac0c1b_nohash_0
train,visual,8b25410a_nohash_3
train,visual,8b367d88_nohash_1
train,visual,8e523821_nohash_1
train,visual,954f190f_nohash_3
train,visual,983577be_nohash_0
train,visual,9b8a7439_nohash_0
train,visual,a489191a_nohash_3
train,visual,a77fbcfd_nohash_3
train,visual,a928cc5b_nohash_0
train,visual,a95dbfd4_nohash_0
train,visual,af6fbbf5_nohash_1
train,visual,af790082_nohash_3
train,visual,b29f8b23_nohash_0
train,visual,b4ea0d9a_nohash_2
train,visual,b528edb3_nohash_1
train,visual,b6573c88_nohash_0
train,visual,bc999754_nohash_0
train,visual,bcf614a2_nohash_4
train,visual,bd76a7fd_nohash_2
train,visual,bde0f20a_nohash_0
train,visual,d394ef8e_nohash_4
train,visual,de89e2ca_nohash_1
train,visual,de89e2ca_nohash_2
train,visual,e7bcee8a_nohash_2
train,visual,e9bc5cc2_nohash_1
train,visual,eaa83485_nohash_2
train,visual,ee6163d5_nohash_0
train,visual,ef3367d9_nohash_0
train,visual,f5626af6_nohash_3
train,wow,075e38c3_nohash_0
train,wow,0bd689d7_nohash_0
train,wow,0f7dc557_nohash_0
train,wow,106a6183_nohash_0
train,wow,11379f4d_nohash_0
train,wow,11a022ba_nohash_0
train,wow,1365dd89_nohash_1
train,wow,18a8f03f_nohash_1
train,wow,18e910f4_nohash_0
train,wow,20fd451f_nohash_0
train,wow,271d51c0_nohash_0
train,wow,2aec99ec_nohash_0
train,wow,2f0a410b_nohash_0
train,wow,3389305e_nohash_0
train,wow,39a45230_nohash_0
train,wow,3a3ee7ed_nohash_0
train,wow,3a7d8872_nohash_0
train,wow,3ec05c3d_nohash_0
train,wow,40738a2d_nohash_0
train,wow,408de0a4_nohash_0
train,wow,413bcfe1_nohash_0
train,wow,41dce6f5_nohash_0
train,wow,4c13fe25_nohash_0
train,wow,4fce7686_nohash_0
train,wow,508e30ee_nohash_0
train,wow,5184ed3e_nohash_0
train,wow,51c5601d_nohash_0
train,wow,51f7a034_nohash_0
train,wow,589bce2c_nohash_0
train,wow,59c3a7f2_nohash_0
train,wow,5d4e3bb8_nohash_0
train,wow,5de3f6cc_nohash_1
train,wow,5e3b7a84_nohash_1
train,wow,61482e52_nohash_0
train,wow,62f05757_nohash_0
train,wow,6347b393_nohash_0
train,wow,64220627_nohash_1
train,wow,64a80906_nohash_0
train,wow,69953f48_nohash_0
train,wow,6a2fb9a5_nohash_0
train,wow,6a700f9d_nohash_1
train,wow,6add0595_nohash_0
train,wow,6ef76186_nohash_2
train,wow,73124b26_nohash_1
train,wow,747e69fd_nohash_1
train,wow,765ffccb_nohash_0
train,wow,7799c9cd_nohash_1
train,wow,78622c2b_nohash_0
train,wow,7cb5c0b7_nohash_0
train,wow,8134f43f_nohash_0
train,wow,825f450d_nohash_1
train,wow,82e7204d_nohash_0
train,wow,86648261_nohash_0
train,wow,86cb59b2_nohash_0
train,wow,88a487ce_nohash_0
train,wow,8a0457c9_nohash_1
train,wow,8b25410a_nohash_0
train,wow,8e05039f_nohash_0
train,wow,8eb4a1bf_nohash_0
train,wow,8fce59ff_nohash_0
train,wow,8ff44869_nohash_1
train,wow,902258bb_nohash_0
train,wow,919d3c0e_nohash_1
train,wow,96cd0255_nohash_0
train,wow,97f493b9_nohash_2
train,wow,99b05bcf_nohash_1
train,wow,9f869f70_nohash_0
train,wow,a1a59b72_nohash_4
train,wow,a24582a0_nohash_1
train,wow,a489191a_nohash_0
train,wow,a996cf66_nohash_0
train,wow,ab353673_nohash_1
train,wow,ab46af55_nohash_0
train,wow,ad9de4dd_nohash_0
train,wow,afabfa0e_nohash_1
train,wow,b21f0fa4_nohash_1
train,wow,b6573c88_nohash_2
train,wow,baf01c1f_nohash_0
train,wow,bdb90d38_nohash_0
train,wow,beb49c22_nohash_1
train,wow,bf70feda_nohash_0
train,wow,c0f8f4df_nohash_1
train,wow,c2657ba5_nohash_2
train,wow,c5c60d8d_nohash_1
train,wow,c634a189_nohash_0
train,wow,cce7416f_nohash_1
train,wow,d6360b32_nohash_0
train,wow,d6b155a5_nohash_1
train,wow,dabf67d9_nohash_1
train,wow,de4f7798_nohash_0
train,wow,dfb6450b_nohash_0
train,wow,e652590d_nohash_1
train,wow,e98cb283_nohash_0
train,wow,ec5ab5d5_nohash_0
train,wow,f47d644e_nohash_0
train,wow,f864cd4a_nohash_2
train,wow,f875f965_nohash_0
train,wow,f953e1af_nohash_0
train,wow,ffd2ba2f_nohash_0
train,zero,004ae714_nohash_1
train,zero,0132a06d_nohash_2
train,zero,0137b3f4_nohash_0
train,zero,016e2c6d_nohash_0
train,zero,02746d24_nohash_1
train,zero,042ea76c_nohash_0
train,zero,07ad9b59_nohash_0
train,zero,08ab8082_nohash_1
train,zero,0ba018fc_nohash_1
train,zero,0d6d7360_nohash_1
train,zero,0d6d7360_nohash_3
train,zero,0d90d8e1_nohash_3
train,zero,0f46028a_nohash_1
train,zero,1365dd89_nohash_0
train,zero,151bfb79_nohash_0
train,zero,15574821_nohash_0
train,zero,179a61b7_nohash_2
train,zero,18a8f03f_nohash_0
train,zero,18d84076_nohash_0
train,zero,190821dc_nohash_0
train,zero,1a994c9f_nohash_1
train,zero,1a994c9f_nohash_2
train,zero,1b0ba6f1_nohash_0
train,zero,1b42b551_nohash_0
train,zero,1ecfb537_nohash_3
train,zero,20fd451f_nohash_3
train,zero,226537ab_nohash_1
train,zero,226537ab_nohash_2
train,zero,235b444f_nohash_2
train,zero,24a3e589_nohash_3
train,zero,24befdb3_nohash_1
train,zero,25e95412_nohash_0
train,zero,27c24504_nohash_1
train,zero,299c14b1_nohash_0
train,zero,299c14b1_nohash_1
train,zero,2fee065a_nohash_2
train,zero,30060aba_nohash_0
train,zero,30802c5d_nohash_0
train,zero,31db232b_nohash_2
train,zero,327289eb_nohash_0
train,zero,333784b7_nohash_1
train,zero,35c29afe_nohash_0
train,zero,36050ef3_nohash_2
train,zero,37a3cd33_nohash_0
train,zero,3b195250_nohash_3
train,zero,3b7f817e_nohash_3
train,zero,3d794813_nohash_1
train,zero,3ed3e49a_nohash_0
train,zero,40738a2d_nohash_4
train,zero,413bcfe1_nohash_0
train,zero,42a99aec_nohash_3
train,zero,435695e3_nohash_0
train,zero,45864319_nohash_0
train,zero,4beff0c5_nohash_1
train,zero,4c77947d_nohash_0
train,zero,4cee0c60_nohash_3
train,zero,51055bda_nohash_4
train,zero,513aeddf_nohash_1
train,zero,56eab10e_nohash_0
train,zero,57152045_nohash_3
train,zero,571c044e_nohash_0
train,zero,573cdb8a_nohash_0
train,zero,5769c5ab_nohash_2
train,zero,5f5eef60_nohash_1
train,zero,608473c9_nohash_0
train,zero,611d2b50_nohash_2
train,zero,63ae15e4_nohash_1
train,zero,6565a81d_nohash_0
train,zero,6727b579_nohash_4
train,zero,674ca5ea_nohash_1
train,zero,679463fc_nohash_0
train,zero,67bdbf56_nohash_1
train,zero,69086eb0_nohash_1
train,zero,6c429c7b_nohash_1
train,zero,6c6aa323_nohash_0
train,zero,6c968bd9_nohash_2
train,zero,6e2ef3d5_nohash_0
train,zero,7081436f_nohash_0
train,zero,708b8d51_nohash_0
train,zero,70a00e98_nohash_2
train,zero,70b0ccf4_nohash_0
train,zero,73124b26_nohash_3
train,zero,747e69fd_nohash_0
train,zero,74b73f88_nohash_0
train,zero,772db621_nohash_0
train,zero,7846fd85_nohash_3
train,zero,7e7ca854_nohash_1
train,zero,7e7ca854_nohash_2
train,zero,7ea032f3_nohash_2
train,zero,7f9eb952_nohash_1
train,zero,7fa5fa1f_nohash_0
train,zero,823353e5_nohash_0
train,zero,82e7204d_nohash_1
train,zero,845f8553_nohash_0
train,zero,857366dd_nohash_0
train,zero,8b25410a_nohash_2
train,zero,8fce59ff_nohash_1
train,zero,92a9c5e6_nohash_2
train,zero,92a9c5e6_nohash_3
train,zero,96a48d28_nohash_1
train,zero,96a48d28_nohash_4
train,zero,96d8bb6f_nohash_4
train,zero,981e2a16_nohash_1
train,zero,9b02d503_nohash_0
train,zero,9b02d503_nohash_4
train,zero,9bea2ac7_nohash_0
train,zero,9d8ac38b_nohash_0
train,zero,9fac5701_nohash_2
train,zero,a04817c2_nohash_0
train,zero,a05a90c1_nohash_1
train,zero,a293e285_nohash_2
train,zero,a77fbcfd_nohash_1
train,zero,a902ce9b_nohash_1
train,zero,a996cf66_nohash_0
train,zero,aac5b7c1_nohash_1
train,zero,ab3f0c1b_nohash_0
train,zero,ab5ae445_nohash_1
train,zero,ab71c9a7_nohash_0
train,zero,afabfa0e_nohash_0
train,zero,afe0b87d_nohash_0
train,zero,b089169d_nohash_1
train,zero,b12bef84_nohash_1
train,zero,b36c27c2_nohash_2
train,zero,b43c8f2f_nohash_3
train,zero,b4aa9fef_nohash_0
train,zero,b4ea0d9a_nohash_4
train,zero,b5cf6ea8_nohash_2
train,zero,b6091c84_nohash_0
train,zero,b6573c88_nohash_1
train,zero,b665723d_nohash_0
train,zero,b71ebf79_nohash_1
train,zero,b76f6088_nohash_1
train,zero,b7a0754f_nohash_4
train,zero,bbbf4fbd_nohash_0
train,zero,bc999754_nohash_1
train,zero,bd76a7fd_nohash_4
train,zero,bdd22e4d_nohash_2
train,zero,bde0f20a_nohash_0
train,zero,be7a5b2d_nohash_2
train,zero,c0445658_nohash_4
train,zero,c120e80e_nohash_2
train,zero,c1d39ce8_nohash_0
train,zero,c1d39ce8_nohash_1
train,zero,c22ebf46_nohash_4
train,zero,c351e611_nohash_1
train,zero,c4e00ee9_nohash_3
train,zero,c50f55b8_nohash_0
train,zero,c633a455_nohash_0
train,zero,c634a189_nohash_1
train,zero,c7b4049e_nohash_1
train,zero,c948d727_nohash_0
train,zero,c9b653a0_nohash_1
train,zero,ca4912b6_nohash_0
train,zero,cc6ee39b_nohash_2
train,zero,cce7416f_nohash_9
train,zero,d264f7b6_nohash_0
train,zero,d278d8ef_nohash_3
train,zero,d394ef8e_nohash_2
train,zero,d4d898d7_nohash_0
train,zero,d78858d9_nohash_0
train,zero,d85270c1_nohash_0
train,zero,d8c52371_nohash_1
train,zero,d9aa8c90_nohash_0
train,zero,d9b8fab2_nohash_1
train,zero,db7c95b0_nohash_1
train,zero,dd664d92_nohash_1
train,zero,de89e2ca_nohash_3
train,zero,e0315cf6_nohash_3
train,zero,e0322f2c_nohash_0
train,zero,e7bcee8a_nohash_1
train,zero,e7ea8b76_nohash_1
train,zero,ecbd8d66_nohash_0
train,zero,efa16ffd_nohash_1
train,zero,f035e2ea_nohash_0
train,zero,f035e2ea_nohash_6
train,zero,f0522ff4_nohash_4
train,zero,f1d8a638_nohash_2
train,zero,f2b8fc18_nohash_0
train,zero,f35eedd7_nohash_2
train,zero,f5626af6_nohash_2
train,zero,f875f965_nohash_0
train,zero,f8ba7c0e_nohash_1
train,zero,ffd2ba2f_nohash_4
val,eight,439c84f4_nohash_0
val,eight,171b56dc_nohash_0
val,eight,e6e29c47_nohash_0
val,eight,471a0925_nohash_2
val,eight,45692b02_nohash_1
val,eight,07de53d3_nohash_0
val,eight,53d5b86f_nohash_0
val,eight,1e02ffc5_nohash_4
val,eight,3a929277_nohash_3
val,eight,b17f5ba0_nohash_0
val,eight,856eb138_nohash_2
val,eight,64e48f55_nohash_1
val,eight,30276d03_nohash_1
val,eight,4e6902d0_nohash_2
val,eight,c6ee87a7_nohash_4
val,eight,8dc18a75_nohash_1
val,eight,b5d1e505_nohash_0
val,eight,dca2797e_nohash_1
val,eight,264f471d_nohash_0
val,eight,31f01a8d_nohash_2
val,eight,31f01a8d_nohash_3
val,eight,264f471d_nohash_4
val,eight,50f55535_nohash_0
val,cat,52bfbce8_nohash_0
val,cat,171b56dc_nohash_1
val,cat,d57febf0_nohash_1
val,cat,66cff190_nohash_1
val,cat,2a89ad5c_nohash_0
val,cat,7be5a0f3_nohash_0
val,cat,f6a380e7_nohash_0
val,cat,1a9afd33_nohash_0
val,cat,ccca5655_nohash_0
val,tree,b41a92a3_nohash_1
val,tree,3ca784ec_nohash_1
val,tree,067f61e2_nohash_0
val,tree,d8d12371_nohash_0
val,tree,989a2213_nohash_0
val,tree,3c4aa5ef_nohash_0
val,tree,538e1856_nohash_1
val,tree,bfbd0e6b_nohash_0
val,backward,ff2b842e_nohash_4
val,backward,f822b9bf_nohash_3
val,backward,ef77b778_nohash_2
val,backward,525eaa62_nohash_3
val,backward,525eaa62_nohash_1
val,backward,067f61e2_nohash_4
val,backward,fa52ddf6_nohash_0
val,backward,fa52ddf6_nohash_3
val,backward,31f01a8d_nohash_3
val,learn,ff2b842e_nohash_0
val,learn,ef77b778_nohash_1
val,learn,cc8b3228_nohash_0
val,learn,171edea9_nohash_0
val,learn,e71a9381_nohash_1
val,learn,a9ca1818_nohash_3
val,learn,73f20b00_nohash_0
val,learn,e11fbc6e_nohash_4
val,bed,0e17f595_nohash_0
val,bed,409c962a_nohash_0
val,bed,f5e5e8b0_nohash_0
val,bed,57cb3575_nohash_0
val,bed,a1dd919f_nohash_0
val,bed,3de53d23_nohash_0
val,bed,fa52ddf6_nohash_0
val,bed,b1edd209_nohash_0
val,bed,c50225fa_nohash_1
val,bed,ab7b5acd_nohash_0
val,happy,3aa6f4e2_nohash_0
val,happy,a6d586b7_nohash_0
val,happy,86402da1_nohash_1
val,happy,e8e960fd_nohash_1
val,happy,e6e29c47_nohash_0
val,happy,6f5b4d3d_nohash_0
val,happy,171edea9_nohash_0
val,happy,525eaa62_nohash_0
val,happy,19b05529_nohash_0
val,happy,060cd039_nohash_1
val,happy,d55aa56c_nohash_0
val,happy,264f471d_nohash_0
val,happy,b0c0197e_nohash_0
val,happy,50f55535_nohash_0
val,happy,32ad5b65_nohash_0
val,dog,7ca023e2_nohash_1
val,dog,dbaf8fc6_nohash_0
val,dog,c24d96eb_nohash_0
val,dog,56eb74ae_nohash_0
val,dog,62641b88_nohash_0
val,dog,2a89ad5c_nohash_0
val,dog,90804775_nohash_1
val,dog,936de313_nohash_0
val,dog,6071a214_nohash_0
val,dog,4abefdf5_nohash_0
val,wow,7ca023e2_nohash_3
val,wow,5b32733e_nohash_1
val,wow,55feffd5_nohash_1
val,wow,fde2dee7_nohash_0
val,wow,c256377f_nohash_0
val,wow,22aa3665_nohash_0
val,wow,bdee441c_nohash_0
val,wow,79b37d3a_nohash_0
val,wow,b6ebe225_nohash_0
val,wow,44bc77f7_nohash_3
val,wow,7eee5973_nohash_0
val,wow,0d82fd99_nohash_0
val,wow,6940f7f3_nohash_0
val,wow,605ed0ff_nohash_1
val,wow,dc2222d7_nohash_0
val,wow,3c4aa5ef_nohash_0
val,wow,67c7fecb_nohash_1
val,wow,6d0ad764_nohash_0
val,follow,827421c4_nohash_0
val,follow,171edea9_nohash_1
val,follow,525eaa62_nohash_0
val,follow,e71a9381_nohash_0
val,follow,73f20b00_nohash_4
val,follow,ccca5655_nohash_3
val,nine,5fadb538_nohash_4
val,nine,ff2b842e_nohash_4
val,nine,39afb88e_nohash_3
val,nine,f822b9bf_nohash_1
val,nine,f822b9bf_nohash_3
val,nine,3ef0f3ab_nohash_0
val,nine,105e72bb_nohash_0
val,nine,41285056_nohash_0
val,nine,6c0f6493_nohash_3
val,nine,e71a9381_nohash_4
val,nine,171edea9_nohash_1
val,nine,56eb74ae_nohash_2
val,nine,a9ca1818_nohash_0
val,nine,cc8b3228_nohash_4
val,nine,a8cf01bc_nohash_3
val,nine,30276d03_nohash_4
val,nine,73f20b00_nohash_2
val,nine,8dc18a75_nohash_1
val,nine,31f01a8d_nohash_4
val,nine,264f471d_nohash_2
val,nine,9190045a_nohash_0
val,nine,8a5acefd_nohash_0
val,nine,3bdf05d3_nohash_0
val,nine,3c4aa5ef_nohash_0
val,nine,c6389ab0_nohash_0
val,three,a6d586b7_nohash_2
val,three,bdee441c_nohash_4
val,three,a6d586b7_nohash_3
val,three,5fadb538_nohash_3
val,three,471a0925_nohash_1
val,three,53d5b86f_nohash_0
val,three,171edea9_nohash_3
val,three,364c0853_nohash_0
val,three,ef77b778_nohash_2
val,three,856eb138_nohash_0
val,three,3ca784ec_nohash_0
val,three,1942abd7_nohash_1
val,three,4e6902d0_nohash_1
val,three,c90c0105_nohash_0
val,three,d3831f6a_nohash_3
val,three,b433332a_nohash_3
val,sheila,b487da60_nohash_0
val,sheila,ef77b778_nohash_0
val,sheila,fc94edb0_nohash_0
val,sheila,a1dd919f_nohash_0
val,sheila,a1dd919f_nohash_1
val,sheila,85c60942_nohash_0
val,sheila,f3cee168_nohash_0
val,sheila,f84762e5_nohash_1
val,sheila,67c7fecb_nohash_0
val,one,409c962a_nohash_1
val,one,7fd25f7c_nohash_1
val,one,5fadb538_nohash_0
val,one,3cc595de_nohash_2
val,one,8335f893_nohash_1
val,one,bdee441c_nohash_0
val,one,5fadb538_nohash_1
val,one,471a0925_nohash_0
val,one,c24d96eb_nohash_0
val,one,cc8b3228_nohash_0
val,one,364c0853_nohash_0
val,one,56eb74ae_nohash_3
val,one,e54a0f16_nohash_0
val,one,e71a9381_nohash_0
val,one,c842b5e4_nohash_1
val,one,73f20b00_nohash_0
val,one,8a90cf67_nohash_0
val,one,b00dff7e_nohash_0
val,one,257e17e0_nohash_1
val,one,7c1d8533_nohash_3
val,one,8910e5ef_nohash_2
val,one,9190045a_nohash_0
val,one,099d52ad_nohash_1
val,one,32ad5b65_nohash_1
val,one,ad63d93c_nohash_0
val,bird,0e17f595_nohash_0
val,bird,f822b9bf_nohash_0
val,bird,e6e29c47_nohash_0
val,bird,b17f5ba0_nohash_2
val,bird,a8cf01bc_nohash_0
val,bird,d107dc42_nohash_0
val,zero,3aa6f4e2_nohash_0
val,zero,439c84f4_nohash_2
val,zero,48bfde8e_nohash_1
val,zero,27b9a84f_nohash_1
val,zero,5fadb538_nohash_1
val,zero,45692b02_nohash_2
val,zero,6c0f6493_nohash_3
val,zero,b17f5ba0_nohash_0
val,zero,56eb74ae_nohash_3
val,zero,1e02ffc5_nohash_2
val,zero,1e02ffc5_nohash_3
val,zero,1e02ffc5_nohash_1
val,zero,ef77b778_nohash_4
val,zero,56eb74ae_nohash_4
val,zero,7195ffa6_nohash_0
val,zero,73f20b00_nohash_1
val,zero,c6ee87a7_nohash_4
val,zero,8dc18a75_nohash_0
val,zero,ccca5655_nohash_1
val,zero,8a90cf67_nohash_2
val,zero,e11fbc6e_nohash_3
val,zero,dca2797e_nohash_3
val,zero,e95c70e2_nohash_0
val,zero,538e1856_nohash_0
val,zero,3c4aa5ef_nohash_3
val,seven,ff2b842e_nohash_3
val,seven,45692b02_nohash_1
val,seven,439c84f4_nohash_4
val,seven,171edea9_nohash_0
val,seven,525eaa62_nohash_0
val,seven,a1dd919f_nohash_0
val,seven,e71a9381_nohash_0
val,seven,3a929277_nohash_4
val,seven,067f61e2_nohash_4
val,seven,c6ee87a7_nohash_2
val,seven,8dc18a75_nohash_4
val,seven,f6a380e7_nohash_0
val,seven,4e6902d0_nohash_3
val,seven,93cf902e_nohash_0
val,seven,0ab3b47d_nohash_0
val,seven,264f471d_nohash_1
val,seven,7622d95b_nohash_0
val,seven,ce0cb033_nohash_1
val,seven,dca2797e_nohash_4
val,seven,50f55535_nohash_1
val,visual,07de53d3_nohash_0
val,visual,3a929277_nohash_0
val,visual,cc8b3228_nohash_0
val,visual,3a929277_nohash_3
val,visual,e71a9381_nohash_2
val,visual,525eaa62_nohash_2
val,visual,4e6902d0_nohash_1
val,visual,4e6902d0_nohash_0
val,visual,e11fbc6e_nohash_2
val,visual,31f01a8d_nohash_3
val,marvin,48bfde8e_nohash_0
val,marvin,6d818f6c_nohash_0
val,marvin,9cde5de8_nohash_0
val,marvin,ef77b778_nohash_0
val,marvin,026290a7_nohash_0
val,marvin,97ae8b25_nohash_1
val,marvin,fa52ddf6_nohash_0
val,marvin,b1edd209_nohash_0
val,marvin,b00dff7e_nohash_0
val,marvin,dca2797e_nohash_0
val,marvin,4d463b96_nohash_0
val,marvin,b0c0197e_nohash_1
val,marvin,bfbd0e6b_nohash_1
val,marvin,bfbd0e6b_nohash_0
val,two,ff2b842e_nohash_2
val,two,65ec06e5_nohash_0
val,two,f5e5e8b0_nohash_0
val,two,439c84f4_nohash_3
val,two,45692b02_nohash_0
val,two,45692b02_nohash_1
val,two,fa7895de_nohash_3
val,two,56eb74ae_nohash_0
val,two,3b853f44_nohash_0
val,two,c24d96eb_nohash_2
val,two,1e02ffc5_nohash_2
val,two,856eb138_nohash_0
val,two,e54a0f16_nohash_1
val,two,856eb138_nohash_2
val,two,1e02ffc5_nohash_0
val,two,19b05529_nohash_0
val,two,16db1582_nohash_0
val,two,73f20b00_nohash_1
val,two,0d82fd99_nohash_3
val,two,067f61e2_nohash_0
val,two,bc196f81_nohash_0
val,two,9190045a_nohash_0
val,two,099d52ad_nohash_1
val,house,d57febf0_nohash_0
val,house,9cde5de8_nohash_1
val,house,e8c3c5ca_nohash_1
val,house,edc53350_nohash_0
val,house,fc94edb0_nohash_0
val,house,b0c0197e_nohash_2
val,house,86478fab_nohash_0
val,six,a09f3d15_nohash_0
val,six,45692b02_nohash_2
val,six,edc53350_nohash_1
val,six,fc94edb0_nohash_1
val,six,64e48f55_nohash_0
val,six,0ea9c8ce_nohash_0
val,six,067f61e2_nohash_2
val,six,28ef2a01_nohash_0
val,six,c6ee87a7_nohash_4
val,six,0d82fd99_nohash_3
val,six,96c67073_nohash_0
val,six,86478fab_nohash_0
val,six,c50225fa_nohash_0
val,six,1816b768_nohash_0
val,six,ab7b5acd_nohash_0
val,five,471a0925_nohash_4
val,five,bdb26021_nohash_0
val,five,50ed8a7b_nohash_1
val,five,3cc595de_nohash_0
val,five,471a0925_nohash_1
val,five,45692b02_nohash_2
val,five,cc8b3228_nohash_0
val,five,3a929277_nohash_1
val,five,3a929277_nohash_3
val,five,b41a92a3_nohash_1
val,five,88f8a99c_nohash_0
val,five,56eb74ae_nohash_2
val,five,db9d52d2_nohash_0
val,five,a9ca1818_nohash_1
val,five,e54a0f16_nohash_0
val,five,4e6902d0_nohash_3
val,five,8523766b_nohash_0
val,five,067f61e2_nohash_2
val,five,ccca5655_nohash_3
val,five,4abefdf5_nohash_1
val,five,3c4aa5ef_nohash_4
val,five,dca2797e_nohash_4
val,five,31f01a8d_nohash_0
val,forward,55feffd5_nohash_1
val,forward,79b37d3a_nohash_0
val,forward,f822b9bf_nohash_2
val,forward,1e02ffc5_nohash_4
val,forward,856eb138_nohash_4
val,forward,525eaa62_nohash_3
val,forward,1e02ffc5_nohash_1
val,forward,64e48f55_nohash_1
val,forward,30276d03_nohash_0
val,forward,fa52ddf6_nohash_1
val,forward,067f61e2_nohash_0
val,forward,e11fbc6e_nohash_0
val,forward,ce0cb033_nohash_1
val,four,439c84f4_nohash_0
val,four,6d818f6c_nohash_1
val,four,7fd25f7c_nohash_1
val,four,b487da60_nohash_1
val,four,45692b02_nohash_0
val,four,3cc595de_nohash_2
val,four,c24d96eb_nohash_0
val,four,56eb74ae_nohash_1
val,four,ae927455_nohash_2
val,four,6c0f6493_nohash_1
val,four,e71a9381_nohash_2
val,four,1e02ffc5_nohash_3
val,four,56eb74ae_nohash_4
val,four,7be5a0f3_nohash_1
val,four,54d9ccb5_nohash_0
val,four,96c67073_nohash_1
val,four,96c67073_nohash_0
val,four,dca2797e_nohash_1
val,four,32ad5b65_nohash_4
val,four,86478fab_nohash_0
val,four,31f01a8d_nohash_2
val,four,ad63d93c_nohash_3
val,four,67c7fecb_nohash_0
test,eight,bb05582b_nohash_2
test,eight,adebe223_nohash_0
test,eight,5c8af87a_nohash_3
test,eight,e41a903b_nohash_4
test,eight,692a88e6_nohash_2
test,eight,d5ca80c6_nohash_1
test,eight,283d7a53_nohash_1
test,eight,d962e5ac_nohash_4
test,eight,4fd1443e_nohash_4
test,eight,beb458a4_nohash_0
test,eight,d9e9f554_nohash_0
test,eight,91b03183_nohash_1
test,eight,964e8cfd_nohash_1
test,eight,37dca74f_nohash_3
test,eight,b49caed3_nohash_1
test,eight,aa233654_nohash_0
test,eight,e0c782d5_nohash_4
test,eight,b83c1acf_nohash_4
test,eight,d0faf7e4_nohash_2
test,eight,1b4c9b89_nohash_4
test,eight,b97c9f77_nohash_2
test,eight,f9643d42_nohash_3
test,eight,85d2ac4b_nohash_0
test,eight,189cbabe_nohash_2
test,eight,475b61f1_nohash_0
test,cat,97f4c236_nohash_0
test,cat,aa80f517_nohash_0
test,cat,d056d4d8_nohash_0
test,cat,fce96bac_nohash_0
test,cat,105a0eea_nohash_1
test,cat,caf9fceb_nohash_0
test,cat,105a0eea_nohash_0
test,cat,b11a05d2_nohash_0
test,cat,7192fddc_nohash_0
test,cat,cd85758f_nohash_0
test,cat,9d171fee_nohash_0
test,cat,83957201_nohash_2
test,cat,8056e897_nohash_1
test,cat,e5e54cee_nohash_0
test,cat,6205088b_nohash_0
test,cat,8fe67225_nohash_0
test,cat,b7e9f841_nohash_0
test,tree,84d1e469_nohash_1
test,tree,e9901cf0_nohash_0
test,tree,4290ca61_nohash_0
test,tree,ef2a3cfb_nohash_2
test,tree,37fc5d97_nohash_0
test,tree,0d53e045_nohash_0
test,tree,daf230ac_nohash_2
test,tree,dfdabe19_nohash_0
test,tree,a2473d62_nohash_0
test,tree,e0c782d5_nohash_0
test,tree,82b99576_nohash_2
test,tree,8494fba8_nohash_0
test,tree,475b61f1_nohash_0
test,backward,bb05582b_nohash_3
test,backward,18f8afd5_nohash_2
test,backward,18f8afd5_nohash_0
test,backward,18f8afd5_nohash_4
test,backward,db24628d_nohash_0
test,backward,d5b963aa_nohash_0
test,learn,964c7c9e_nohash_0
test,learn,4fd1443e_nohash_1
test,learn,91b03183_nohash_3
test,learn,1acc97de_nohash_0
test,learn,3659fc1c_nohash_0
test,learn,0cb74144_nohash_4
test,learn,dfdabe19_nohash_0
test,learn,8769c34c_nohash_0
test,learn,f9643d42_nohash_3
test,learn,8fe67225_nohash_3
test,bed,d1bf406b_nohash_0
test,bed,e1469561_nohash_0
test,bed,5b1db3ee_nohash_1
test,bed,964c7c9e_nohash_0
test,bed,2d82a556_nohash_0
test,bed,f6af2457_nohash_0
test,bed,4290ca61_nohash_0
test,bed,87070229_nohash_0
test,bed,7e1054e7_nohash_0
test,bed,863880b7_nohash_1
test,bed,50033893_nohash_0
test,bed,6b889021_nohash_0
test,bed,bb31b82b_nohash_0
test,bed,c9e251d2_nohash_0
test,bed,cc592808_nohash_1
test,happy,62ff07ef_nohash_0
test,happy,840c366d_nohash_0
test,happy,af8b2f2c_nohash_1
test,happy,ca48dc76_nohash_0
test,happy,dfdabe19_nohash_0
test,happy,5eb5fc74_nohash_1
test,happy,3df9a3d4_nohash_0
test,happy,f17d21b5_nohash_0
test,happy,e5e54cee_nohash_0
test,happy,b7e9f841_nohash_1
test,dog,f428ca69_nohash_1
test,dog,bb05582b_nohash_0
test,dog,3d86b69a_nohash_0
test,dog,9e2ce5e3_nohash_0
test,dog,80c45ed6_nohash_0
test,dog,27c30960_nohash_1
test,dog,ef2a3cfb_nohash_0
test,dog,48a8a69d_nohash_0
test,dog,370844f7_nohash_0
test,dog,a6f2fd71_nohash_0
test,dog,caedb73a_nohash_1
test,dog,dfdabe19_nohash_0
test,dog,b737ee80_nohash_1
test,wow,e49428d9_nohash_0
test,wow,18f8afd5_nohash_0
test,wow,881583a6_nohash_1
test,wow,c518d1b1_nohash_1
test,wow,283d7a53_nohash_0
test,wow,20d3f11f_nohash_0
test,wow,87070229_nohash_0
test,wow,a591c2ea_nohash_2
test,wow,6e916de8_nohash_0
test,wow,2c6d3924_nohash_1
test,wow,7add4c5f_nohash_2
test,wow,422d3197_nohash_2
test,follow,bb05582b_nohash_3
test,follow,18f8afd5_nohash_2
test,follow,837a0f64_nohash_2
test,follow,1acc97de_nohash_1
test,follow,1acc97de_nohash_0
test,follow,893705bb_nohash_4
test,follow,3b4f8f24_nohash_1
test,follow,5170b77f_nohash_0
test,follow,ca4d5368_nohash_0
test,follow,d5b963aa_nohash_0
test,follow,d5b963aa_nohash_3
test,follow,b7e9f841_nohash_0
test,nine,bb05582b_nohash_3
test,nine,82d0d3ba_nohash_0
test,nine,af130f12_nohash_0
test,nine,97f4c236_nohash_1
test,nine,563aa4e6_nohash_0
test,nine,97f4c236_nohash_4
test,nine,e41a903b_nohash_1
test,nine,c9b5ff26_nohash_1
test,nine,9e2ce5e3_nohash_0
test,nine,c9b5ff26_nohash_0
test,nine,0f250098_nohash_0
test,nine,0aad3227_nohash_0
test,nine,1acc97de_nohash_0
test,nine,5e3dde6b_nohash_1
test,nine,6f2f57c1_nohash_0
test,nine,37dca74f_nohash_3
test,nine,cd85758f_nohash_1
test,nine,b1f8326d_nohash_1
test,nine,91b03183_nohash_4
test,nine,37dca74f_nohash_0
test,nine,bb31b82b_nohash_1
test,nine,db24628d_nohash_3
test,nine,37dca74f_nohash_1
test,nine,ad6a46f1_nohash_0
test,nine,6736bc64_nohash_0
test,nine,1b4c9b89_nohash_3
test,nine,f9643d42_nohash_1
test,nine,b97c9f77_nohash_2
test,nine,85d2ac4b_nohash_1
test,nine,0cb74144_nohash_0
test,nine,f9643d42_nohash_2
test,three,aef8dcf5_nohash_0
test,three,28497c5b_nohash_1
test,three,62ff07ef_nohash_0
test,three,692a88e6_nohash_4
test,three,97f4c236_nohash_4
test,three,9dc1889e_nohash_1
test,three,ea37ca08_nohash_0
test,three,40c4e774_nohash_0
test,three,ef2a3cfb_nohash_1
test,three,4c6167ca_nohash_0
test,three,03401e93_nohash_0
test,three,d7467392_nohash_0
test,three,863880b7_nohash_0
test,three,37dca74f_nohash_3
test,three,fa446c16_nohash_0
test,three,94de6a6a_nohash_0
test,three,f297e878_nohash_1
test,three,d0faf7e4_nohash_1
test,sheila,f0ae7203_nohash_1
test,sheila,6f689791_nohash_0
test,sheila,5ff3f9a1_nohash_1
test,sheila,4845bb10_nohash_1
test,sheila,beb458a4_nohash_0
test,sheila,022cd682_nohash_0
test,sheila,91b03183_nohash_0
test,sheila,8c0e5970_nohash_0
test,sheila,d9e9f554_nohash_1
test,sheila,37dca74f_nohash_0
test,sheila,83957201_nohash_0
test,sheila,8a325749_nohash_1
test,sheila,6736bc64_nohash_0
test,sheila,d5b963aa_nohash_0
test,sheila,9b3ea809_nohash_0
test,sheila,475b61f1_nohash_0
test,one,e49428d9_nohash_1
test,one,8c7f81df_nohash_0
test,one,692a88e6_nohash_5
test,one,adebe223_nohash_1
test,one,d5ca80c6_nohash_0
test,one,692a88e6_nohash_2
test,one,42beb5eb_nohash_0
test,one,1cb788bc_nohash_0
test,one,1acc97de_nohash_2
test,one,5e3dde6b_nohash_1
test,one,3b4f8f24_nohash_4
test,one,b49caed3_nohash_0
test,one,ca4d5368_nohash_2
test,one,653a48f5_nohash_3
test,one,c22d3f18_nohash_1
test,one,d0faf7e4_nohash_4
test,one,94de6a6a_nohash_1
test,one,dfdabe19_nohash_0
test,one,0cb74144_nohash_3
test,one,f297e878_nohash_0
test,one,8494fba8_nohash_1
test,one,e0c782d5_nohash_0
test,bird,f0ae7203_nohash_0
test,bird,4290ca61_nohash_2
test,bird,4845bb10_nohash_0
test,bird,8625475c_nohash_0
test,bird,bb31b82b_nohash_0
test,bird,aa233654_nohash_0
test,bird,dfdabe19_nohash_0
test,bird,af7a8296_nohash_0
test,bird,9b3ea809_nohash_0
test,zero,f2e59fea_nohash_3
test,zero,af405b69_nohash_0
test,zero,fdb5155e_nohash_1
test,zero,c9b5ff26_nohash_2
test,zero,aa80f517_nohash_0
test,zero,67961766_nohash_0
test,zero,5c8af87a_nohash_4
test,zero,cfbedff9_nohash_0
test,zero,8ec6dab6_nohash_0
test,zero,03401e93_nohash_0
test,zero,893705bb_nohash_6
test,zero,fb7eb481_nohash_1
test,zero,a6f2fd71_nohash_0
test,zero,37dca74f_nohash_1
test,zero,94de6a6a_nohash_1
test,zero,a7216980_nohash_3
test,zero,6736bc64_nohash_0
test,zero,189cbabe_nohash_0
test,zero,d0faf7e4_nohash_2
test,zero,f264e0df_nohash_2
test,zero,a4e8a997_nohash_0
test,zero,1f3bece8_nohash_3
test,zero,b97c9f77_nohash_3
test,seven,aa80f517_nohash_4
test,seven,adebe223_nohash_1
test,seven,ffb86d3c_nohash_0
test,seven,1f653d27_nohash_0
test,seven,3efef882_nohash_0
test,seven,692a88e6_nohash_0
test,seven,ea37ca08_nohash_0
test,seven,2796ac50_nohash_0
test,seven,b2e2773a_nohash_0
test,seven,5f814c23_nohash_1
test,seven,4fd1443e_nohash_4
test,seven,893705bb_nohash_7
test,seven,863880b7_nohash_1
test,seven,3b4f8f24_nohash_2
test,seven,37dca74f_nohash_4
test,seven,3b4f8f24_nohash_0
test,seven,91b03183_nohash_1
test,seven,5e3dde6b_nohash_1
test,seven,ca48dc76_nohash_1
test,seven,893705bb_nohash_2
test,seven,4620dc14_nohash_1
test,seven,caedb73a_nohash_2
test,seven,a7216980_nohash_0
test,seven,b83c1acf_nohash_2
test,visual,837a0f64_nohash_0
test,visual,d1bf406b_nohash_1
test,visual,fdb5155e_nohash_0
test,visual,3d86b69a_nohash_2
test,visual,3d86b69a_nohash_3
test,visual,4c6167ca_nohash_5
test,visual,4fd1443e_nohash_2
test,visual,4c6167ca_nohash_1
test,visual,03401e93_nohash_0
test,visual,5170b77f_nohash_4
test,visual,fb7eb481_nohash_0
test,visual,3b4f8f24_nohash_4
test,visual,91b03183_nohash_4
test,visual,5170b77f_nohash_2
test,visual,a6f2fd71_nohash_1
test,visual,63f7a489_nohash_4
test,visual,bfd26d6b_nohash_4
test,visual,d5b963aa_nohash_4
test,visual,189cbabe_nohash_0
test,visual,c9e251d2_nohash_0
test,marvin,80c45ed6_nohash_2
test,marvin,80c45ed6_nohash_1
test,marvin,27c30960_nohash_0
test,marvin,1093c8e7_nohash_0
test,marvin,1528225c_nohash_0
test,marvin,7bae88ed_nohash_0
test,marvin,0cb74144_nohash_0
test,two,fce96bac_nohash_1
test,two,43fc47a7_nohash_0
test,two,4c6167ca_nohash_0
test,two,4fd1443e_nohash_4
test,two,9a69672b_nohash_2
test,two,893705bb_nohash_6
test,two,beb458a4_nohash_0
test,two,5e3dde6b_nohash_2
test,two,1acc97de_nohash_2
test,two,893705bb_nohash_4
test,two,91b03183_nohash_1
test,two,bed06fac_nohash_1
test,two,5170b77f_nohash_0
test,two,ca4d5368_nohash_3
test,two,ad6a46f1_nohash_0
test,two,5eb5fc74_nohash_1
test,two,95ba4996_nohash_0
test,two,0cb74144_nohash_2
test,two,63f7a489_nohash_0
test,two,f292725f_nohash_0
test,two,b83c1acf_nohash_2
test,two,8fe67225_nohash_3
test,house,82d0d3ba_nohash_0
test,house,1f653d27_nohash_0
test,house,4c6167ca_nohash_1
test,house,7e1054e7_nohash_1
test,house,fb7eb481_nohash_0
test,house,fe1916ba_nohash_1
test,house,7add4c5f_nohash_0
test,house,bfd26d6b_nohash_0
test,house,8769c34c_nohash_0
test,six,e1469561_nohash_3
test,six,cfbedff9_nohash_2
test,six,cfbedff9_nohash_1
test,six,e1469561_nohash_4
test,six,80c45ed6_nohash_0
test,six,2796ac50_nohash_0
test,six,f6af2457_nohash_0
test,six,c7dc7278_nohash_2
test,six,5f814c23_nohash_0
test,six,2c6d3924_nohash_2
test,six,3659fc1c_nohash_0
test,six,1acc97de_nohash_3
test,six,ca4d5368_nohash_2
test,six,a6f2fd71_nohash_0
test,six,a6f2fd71_nohash_1
test,six,83957201_nohash_0
test,six,9a7c1f83_nohash_0
test,six,c22d3f18_nohash_2
test,six,63f7a489_nohash_1
test,six,1b4c9b89_nohash_4
test,six,8494fba8_nohash_0
test,five,563aa4e6_nohash_2
test,five,f2e59fea_nohash_2
test,five,5c8af87a_nohash_3
test,five,af405b69_nohash_1
test,five,97f4c236_nohash_0
test,five,e1469561_nohash_4
test,five,4a0e2c16_nohash_2
test,five,4290ca61_nohash_1
test,five,4845bb10_nohash_0
test,five,a1533da4_nohash_1
test,five,c7dc7278_nohash_2
test,five,5744b6a7_nohash_0
test,five,964e8cfd_nohash_0
test,five,9a69672b_nohash_4
test,five,a6f2fd71_nohash_0
test,five,ca4d5368_nohash_0
test,five,e0c782d5_nohash_4
test,five,9a7c1f83_nohash_0
test,five,c22d3f18_nohash_2
test,five,6736bc64_nohash_0
test,five,47d01978_nohash_1
test,five,9a7c1f83_nohash_4
test,five,b83c1acf_nohash_2
test,five,4f8ef132_nohash_1
test,forward,c9b5ff26_nohash_4
test,forward,27e6f0f0_nohash_1
test,forward,87070229_nohash_3
test,forward,c7dc7278_nohash_0
test,forward,893705bb_nohash_5
test,forward,ca4d5368_nohash_3
test,forward,f9643d42_nohash_4
test,forward,8fe67225_nohash_1
test,forward,f9643d42_nohash_3
test,four,97f4c236_nohash_2
test,four,5c8af87a_nohash_1
test,four,bb05582b_nohash_0
test,four,e1469561_nohash_4
test,four,cfbedff9_nohash_0
test,four,1fe4c891_nohash_0
test,four,210f3aa9_nohash_1
test,four,105a0eea_nohash_0
test,four,0ea0e2f4_nohash_0
test,four,fb7eb481_nohash_3
test,four,c22d3f18_nohash_1
test,four,9a7c1f83_nohash_1
test,four,6021f08b_nohash_2
test,four,e0c782d5_nohash_4
test,four,1b4c9b89_nohash_2
test,four,6736bc64_nohash_0
test,four,e0c782d5_nohash_2
test,four,d5b963aa_nohash_1
test,four,bfd26d6b_nohash_2
