-1.18528390e+00
-1.09659886e+00
-1.73541212e+00
-1.75774693e+00
-1.52355635e+00
-1.52262998e+00
-1.73408902e+00
-1.72989166e+00
-9.12541866e-01
-1.32079434e+00
-9.85981643e-01
-9.88068700e-01
3.66713673e-01
3.55550200e-01
7.39744842e-01
4.27281082e-01
4.82684672e-01
4.57488060e-01
5.67090452e-01
8.47818628e-02
-2.94772796e-02
5.63155234e-01
4.12628114e-01
1.80032924e-02
-9.86910462e-02
-2.82951556e-02
8.62906039e-01
1.88595569e+00
2.19907236e+00
3.09245300e+00
2.64241052e+00
2.28319812e+00
3.09751534e+00
2.18882751e+00
2.06369448e+00
1.43700111e+00
2.25016904e+00
1.92843091e+00
1.91403377e+00
9.45339441e-01
1.54509807e+00
9.73028481e-01
1.60492337e+00
4.68861789e-01
1.20375049e+00
1.08921039e+00
1.46592641e+00
1.53359103e+00
1.48732376e+00
1.25904536e+00
1.17873311e+00
9.15653944e-01
9.09336090e-01
1.03287315e+00
6.05298698e-01
6.05576217e-01
4.27403748e-01
6.28578067e-02
-2.88580626e-01
8.80437642e-02
-6.15498602e-01
-5.31332612e-01
-4.12757397e-01
-5.30568540e-01
4.51743126e-01
-2.47687995e-02
9.00390446e-01
5.38426995e-01
9.09610152e-01
4.58873004e-01
9.05673683e-01
7.69708753e-01
1.59510779e+00
1.85168314e+00
1.78827405e+00
1.63376963e+00
2.99218059e+00
2.84718108e+00
3.30556631e+00
2.89808083e+00
3.12376857e+00
3.10261226e+00
3.36466527e+00
3.04295206e+00
3.42909431e+00
3.76890492e+00
3.84611797e+00
3.48753524e+00
3.24866033e+00
3.43440318e+00
2.37472582e+00
1.38231003e+00
1.91589713e+00
2.27200270e+00
1.90411472e+00
1.53335023e+00
1.68589938e+00
1.52523589e+00
2.14969730e+00
2.08231997e+00
2.44354439e+00
2.22125220e+00
2.23233747e+00
2.48682046e+00
2.45351195e+00
2.78268576e+00
3.14442277e+00
3.90344763e+00
3.51423573e+00
3.70004964e+00
4.83523417e+00
3.85990357e+00
3.98527908e+00
2.65590715e+00
2.69735718e+00
2.42462420e+00
2.73153734e+00
2.33736110e+00
1.46617770e+00
1.86488140e+00
1.62720585e+00
1.44963896e+00
1.33589971e+00
1.26011610e+00
1.17876899e+00
8.83871257e-01
1.77763772e+00
7.63816595e-01
-7.27930665e-01
-9.38860178e-01
-6.84403718e-01
-6.35110855e-01
-7.89216459e-01
-7.93352962e-01
-7.69933403e-01
-6.69080913e-01
-6.71743631e-01
-5.93112767e-01
-6.18768156e-01
-5.23852050e-01
-3.52413386e-01
-3.35705370e-01
3.95262271e-01
8.83505344e-02
4.18562770e-01
1.96567237e-01
4.31056857e-01
9.09457326e-01
7.65576780e-01
1.45864654e+00
1.59217834e+00
1.28360152e+00
1.49405241e+00
1.17040765e+00
1.93786192e+00
3.58996820e+00
3.36460137e+00
3.17216420e+00
4.29912424e+00
2.26030803e+00
4.14559221e+00
2.71370912e+00
3.54806423e+00
2.31551600e+00
2.47227859e+00
2.13183713e+00
2.54533362e+00
2.25498605e+00
2.01661444e+00
2.41469049e+00
1.48155975e+00
3.28303218e+00
1.80865824e+00
2.13813639e+00
2.05808663e+00
1.95745671e+00
2.03750062e+00
1.06635070e+00
8.97110462e-01
3.58718872e-01
5.89431465e-01
3.64684075e-01
7.18782544e-02
-1.01843826e-01
-7.27996677e-02
-6.90615848e-02
-2.51008302e-01
-2.85369843e-01
-2.33071223e-01
-1.56617522e-01
-6.80659533e-01
-5.08450508e-01
-2.23016813e-01
-2.89776921e-01
-7.44338930e-02
-3.81419867e-01
6.83495626e-02
-4.52796429e-01
-3.70367229e-01
-2.03346476e-01
-3.31738591e-01
-5.10923564e-01
-4.70632941e-01
-6.99710429e-01
-1.40570557e+00
-1.32735169e+00
-7.49913931e-01
-1.12316203e+00
-1.08401978e+00
-9.54032779e-01
-1.03674471e+00
-8.81376922e-01
-7.32664526e-01
-4.43274558e-01
-1.56419426e-01
-2.78676301e-01
-7.10377619e-02
-1.42942131e-01
6.69081509e-02
-3.57075065e-01
7.22827256e-01
1.23063254e+00
-6.40704706e-02
1.32833230e+00
-4.32596236e-01
8.48936796e-01
1.22129214e+00
1.51380622e+00
1.21645582e+00
1.59737206e+00
1.04638004e+00
1.77936792e+00
1.31157446e+00
2.39356518e+00
1.81801748e+00
2.51099849e+00
2.20259547e+00
2.17017722e+00
1.66952991e+00
2.13632345e+00
9.87656355e-01
1.87866640e+00
1.30557156e+00
1.62054086e+00
8.86114419e-01
1.35688174e+00
1.09738219e+00
1.08506775e+00
1.17220318e+00
1.41788507e+00
1.32160544e+00
1.01064730e+00
6.03694499e-01
5.52924752e-01
5.51906824e-01
4.89256859e-01
-7.89263189e-01
1.78058565e-01
-8.11765075e-01
6.31963834e-02
-6.96512461e-01
1.57353859e-02
-5.21557510e-01
-1.31683558e-01
-4.28290099e-01
-1.28840189e-02
-2.24200234e-01
5.95882125e-02
2.06940442e-01
4.42603052e-01
2.58097142e-01
6.26566827e-01
3.19591433e-01
1.60071418e-01
1.91954926e-01
1.39619872e-01
-2.80589700e-01
2.96023816e-01
5.05366087e-01
7.55113006e-01
5.68341315e-01
7.83290625e-01
-1.95132587e-02
7.71809936e-01
1.63476872e+00
1.01782453e+00
2.15970492e+00
8.24063003e-01
2.05821991e+00
1.24781597e+00
1.15528655e+00
1.20623159e+00
1.61274791e+00
1.10342586e+00
1.53949106e+00
8.67610812e-01
1.45132375e+00
1.50760388e+00
1.76739657e+00
2.21201873e+00
2.14049482e+00
1.41708529e+00
1.50867939e+00
1.57771385e+00
1.81462967e+00
3.19173276e-01
6.67515814e-01
5.07689774e-01
7.51871347e-01
2.36786574e-01
3.12072456e-01
-5.08170724e-02
2.10975688e-02
-3.44340831e-01
-5.49961567e-01
-7.20945895e-01
-5.35573065e-01
-8.38190079e-01
-5.07905304e-01
-8.68166149e-01
-5.02243228e-02
3.23123425e-01
4.82991248e-01
6.05309844e-01
4.90745634e-01
4.94389892e-01
4.97706950e-01
6.07634664e-01
6.08548760e-01
2.44487911e-01
3.74817938e-01
2.11250484e-01
4.83731031e-01
-9.54812299e-03
4.55242455e-01
1.00324735e-01
2.75269657e-01
4.18098539e-01
4.13420409e-01
-1.08437285e-01
2.12186456e-01
-1.38629407e-01
-1.29716635e-01
-4.62863147e-01
-6.11118197e-01
-1.51866391e-01
-1.60678923e-01
1.05808759e+00
4.69210088e-01
1.07486002e-01
8.78560960e-01
1.21902034e-01
1.09728694e+00
8.13022852e-01
-1.58431083e-01
5.25979757e-01
1.09451842e+00
9.36610937e-01
1.29740667e+00
1.89751446e-01
6.35357320e-01
-3.35431367e-01
-6.34368241e-01
-9.41535532e-01
-8.89364719e-01
-9.14355457e-01
-8.72814357e-01
-1.45608449e+00
-3.92759919e-01
-1.24258852e+00
-4.95714098e-01
-1.15569067e+00
-2.84935832e-01
-7.12111652e-01
-7.30016410e-01
-6.10643864e-01
-8.12898040e-01
-8.18187296e-01
-7.75879383e-01
-7.39489496e-01
-4.36619967e-01
-6.47576451e-01
-9.91052330e-01
-9.68737423e-01
-8.44488263e-01
-1.00059494e-01
-1.11723638e+00
-7.94602752e-01
-1.07059085e+00
-2.29766011e-01
-1.05790460e+00
-1.00038660e+00
-1.20570207e+00
-8.64780009e-01
-7.13539958e-01
-5.09953916e-01
-3.37307274e-01
1.25237908e-02
-2.94909865e-01
-4.82190371e-01
-7.01985180e-01
-4.82304066e-01
-6.14200592e-01
-1.03526032e+00
-9.74777579e-01
-1.10990202e+00
-9.99383390e-01
-1.16995001e+00
-1.10514307e+00
-9.41550434e-01
-9.40439820e-01
-8.44066083e-01
-1.35646772e+00
-1.31632960e+00
-1.20970440e+00
-8.07125330e-01
-1.09700191e+00
-5.76524138e-01
-4.20020312e-01
-6.17015064e-01
-1.46362233e+00
-1.10764563e+00
-1.12170768e+00
-5.68426371e-01
-9.98238146e-01
-4.64639902e-01
-1.67860299e-01
6.51302576e-01
1.43223092e-01
3.94995570e-01
5.37654638e-01
6.49185836e-01
3.25375319e-01
2.34029785e-01
2.37497881e-01
3.57484311e-01
2.71775007e-01
6.93350792e-01
3.30652922e-01
3.41773808e-01
4.04745668e-01
3.17920834e-01
-1.22805953e-01
-8.95152539e-02
-4.44325954e-01
-4.08430904e-01
-2.90324956e-01
-3.19508195e-01
-9.94949222e-01
-1.43593132e+00
-1.40259838e+00
-1.40336359e+00
-1.50375736e+00
-1.51002789e+00
-1.65788126e+00
-1.67358160e+00
-9.27405894e-01
-5.79074144e-01
-5.83744109e-01
-4.11013722e-01
7.58243680e-01
9.99650657e-01
7.97509849e-01
1.07704282e+00
1.30235982e+00
1.35964084e+00
1.43096280e+00
1.43348944e+00
1.91429961e+00
1.39806461e+00
1.92760396e+00
1.53992009e+00
1.73669612e+00
1.58278894e+00
1.65134275e+00
2.31548786e-01
4.21253324e-01
2.98587590e-01
2.12217271e-02
5.85884973e-02
4.25637923e-02
-7.93993115e-01
1.95451260e-01
-3.37293655e-01
9.09018144e-02
-3.36886227e-01
-1.76811889e-01
-4.60768491e-01
2.54669517e-01
-1.50808528e-01
1.77624866e-01
1.09921908e+00
7.87562251e-01
4.84149158e-01
1.54527438e+00
4.35544670e-01
8.04578006e-01
-3.29125971e-01
-2.96382844e-01
-5.44498205e-01
-6.49835646e-01
-4.35276240e-01
-6.59784615e-01
-1.16608369e+00
-1.11851883e+00
-1.31919849e+00
-1.55457580e+00
-1.38034964e+00
-1.47804344e+00
-1.79768360e+00
-1.12193239e+00
-1.27316988e+00
-1.33622670e+00
-9.61343110e-01
-1.42303920e+00
-5.52785754e-01
-1.38961995e+00
-7.08547235e-01
-1.26472151e+00
-8.44916046e-01
-2.49965668e-01
-4.95969623e-01
-6.28319085e-02
-3.69892329e-01
4.71693009e-01
3.11845899e-01
3.15763265e-01
-1.17241412e-01
7.61737525e-02
1.58799931e-01
4.40848209e-02
-4.53970909e-01
-1.84536763e-02
-1.61519885e-01
-1.91829666e-01
-7.44313836e-01
-5.56132376e-01
-4.04192269e-01
-7.03256190e-01
-1.42260790e+00
-9.10974860e-01
-5.55378914e-01
-3.11606824e-01
-3.93678039e-01
-4.80371535e-01
-6.92132786e-02
-1.56442702e-01
-9.14664716e-02
-9.05689597e-01
-7.18365669e-01
-9.54987347e-01
1.04999878e-02
-9.69044149e-01
1.74698025e-01
-7.92453825e-01
9.90455747e-01
1.52598798e-01
5.62294245e-01
1.13598907e+00
6.11103594e-01
-8.81143194e-03
-2.51893580e-01
-2.08829463e-01
-9.08261657e-01
-1.15365744e+00
-9.86114383e-01
-1.23951280e+00
-1.64519560e+00
-1.68640494e+00
-1.60087156e+00
-1.60108733e+00
-1.63213336e+00
-2.12184310e+00
-1.90270376e+00
-1.92509866e+00
-1.20812213e+00
8.29798996e-01
1.13597855e-01
1.64188772e-01
1.16722427e-01
-1.76029857e-02
-9.53556411e-03
1.22918889e-01
1.66601136e-01
7.64621377e-01
1.20631719e+00
9.35317338e-01
1.11424494e+00
1.48094273e+00
1.64874244e+00
1.11638451e+00
1.31988084e+00
8.69846702e-01
1.22336805e+00
1.03597975e+00
5.26296198e-01
4.75613058e-01
2.55248010e-01
5.65416217e-01
4.20652717e-01
4.14026350e-01
5.67870855e-01
-3.45754623e-01
2.17265353e-01
1.28024966e-01
-2.55368710e-01
-1.14751518e-01
3.98943603e-01
-4.72337782e-01
-2.85350025e-01
-5.81024662e-02
-8.14700246e-01
-1.07564175e+00
-1.01320672e+00
-1.08086836e+00
-6.70084238e-01
-5.47303438e-01
-5.74904859e-01
-1.43142819e-01
6.83147430e-01
4.45065618e-01
3.42523277e-01
3.12771320e-01
5.64675570e-01
5.57189174e-02
5.52445292e-01
3.83451700e-01
4.53390211e-01
7.03328401e-02
2.12061048e-01
1.60093948e-01
2.44394429e-02
3.15820456e-01
7.51733840e-01
6.60938144e-01
7.65231252e-01
3.24702770e-01
1.12622268e-01
1.32141852e+00
9.91410375e-01
-1.40131962e+00
-7.99042344e-01
-6.50280654e-01
-1.22080708e+00
-8.46998036e-01
-1.25371194e+00
-6.63099587e-01
-1.70944285e+00
-1.32596242e+00
-1.74283338e+00
-1.25002182e+00
-1.67964864e+00
-9.62082505e-01
-1.03087568e+00
-5.37786722e-01
-1.10394466e+00
-4.78439420e-01
-7.86226630e-01
-5.84889889e-01
-6.62328601e-01
-2.26775765e-01
-4.72569823e-01
-3.36436212e-01
-7.88307309e-01
-7.84182310e-01
-4.82421696e-01
-6.80158079e-01
-1.42949283e+00
-1.33492076e+00
-5.40952682e-01
-1.65522552e+00
-1.19587496e-01
-1.78282559e+00
-8.66502047e-01
-1.75690818e+00
-1.75750327e+00
-2.23528957e+00
-2.08271003e+00
-2.32754827e+00
-1.95381248e+00
-1.42517972e+00
-9.89560544e-01
-1.08454084e+00
-8.36768746e-01
-1.10178792e+00
-1.22293460e+00
-1.12960470e+00
-7.99185634e-01
-1.42737055e+00
-9.55022395e-01
-1.01340544e+00
-4.78972524e-01
-8.87405038e-01
-1.30652428e-01
-5.45396090e-01
-7.79793561e-01
-5.17394125e-01
-6.95112348e-01
-1.08864427e+00
-1.45108402e+00
-1.37605882e+00
-1.04171705e+00
-2.23262191e+00
-2.08395648e+00
1.84302285e-01
-1.48798665e-02
-3.76492679e-01
1.08150654e-01
-1.88166499e-01
1.53041035e-01
-3.32251489e-01
-8.33436549e-02
1.69343986e-02
1.59282565e-01
2.81778485e-01
3.20722669e-01
4.99231130e-01
6.58335090e-01
4.04409885e-01
4.83606666e-01
6.75213993e-01
4.85824078e-01
7.30146468e-01
1.10509741e+00
1.47059822e+00
1.05599773e+00
1.41028810e+00
1.41550648e+00
1.61834335e+00
1.76975214e+00
3.08883405e+00
3.07179427e+00
3.57297301e+00
3.47603226e+00
3.46906495e+00
3.07428384e+00
3.64277291e+00
2.87430525e+00
3.58897185e+00
3.23878551e+00
3.82239342e+00
3.57044792e+00
3.68063331e+00
2.15343213e+00
2.92383862e+00
1.55945361e+00
9.79612589e-01
1.59567034e+00
1.35019958e+00
6.75222814e-01
6.82592809e-01
3.11069280e-01
-5.78289747e-01
3.62941712e-01
-6.49419725e-02
2.30731424e-02
-1.99837551e-01
2.89877802e-01
4.80993465e-02
-9.00992602e-02
1.01229534e-01
-3.11504483e-01
-1.17922746e-01
-3.79297316e-01
-2.27207437e-01
-2.21323282e-01
-5.81844091e-01
-2.50592917e-01
-5.13553880e-02
-3.34456861e-01
-6.76261783e-01
-2.23742172e-01
-5.08213282e-01
-3.09218794e-01
-6.19858265e-01
-2.58357823e-01
-2.77880937e-01
4.45623606e-01
-1.40962794e-01
5.40122986e-01
4.49057430e-01
9.32273149e-01
5.22970140e-01
1.20332384e+00
1.88793004e-01
9.13835287e-01
5.21670222e-01
3.27623099e-01
2.45914161e-01
2.59573516e-02
2.45866507e-01
3.36312950e-02
5.54201663e-01
1.28191009e-01
1.11421430e+00
1.97729266e+00
1.66677284e+00
1.68007493e+00
1.46165490e+00
1.73174620e+00
1.32674479e+00
8.97217810e-01
1.10352881e-01
-1.50953844e-01
-2.76877545e-03
-2.74839252e-01
5.98282889e-02
-9.27310586e-01
-4.47596997e-01
-1.31977212e+00
-8.32714558e-01
-1.59886241e+00
-9.45438325e-01
-1.35175765e+00
-1.12571275e+00
-1.02918601e+00
-1.08845890e+00
-5.62404275e-01
-3.74288738e-01
6.68403506e-02
-3.96004289e-01
-2.86869854e-01
-1.36162162e-01
-4.32410806e-01
-5.70025802e-01
-8.09598982e-01
-9.94388938e-01
-9.21136796e-01
-7.21228063e-01
-9.91158724e-01
-3.67754042e-01
-7.20394254e-01
-1.62540033e-01
-5.16105592e-01
-2.53212810e-01
-1.52231246e-01
-8.07848275e-02
-2.31418703e-02
-3.24616581e-01
-3.52011137e-02
1.79737687e-01
5.39578140e-01
3.20991039e-01
7.46991217e-01
5.61349273e-01
1.05285621e+00
2.74220526e-01
6.62543595e-01
5.44105530e-01
7.01446712e-01
5.55128455e-01
8.84715140e-01
8.48316014e-01
1.62638235e+00
1.90108991e+00
1.84602165e+00
1.70789194e+00
1.96662414e+00
2.22802401e+00
3.52837110e+00
3.77909017e+00
2.62834978e+00
4.38813734e+00
2.11940360e+00
4.14174461e+00
2.14113832e+00
3.05846477e+00
2.12688684e+00
2.73837543e+00
2.06203222e+00
2.81358838e+00
1.18669069e+00
1.66074300e+00
-3.39788198e-02
1.51440501e-01
-3.43854308e-01
-4.09899235e-01
-8.82635415e-01
-6.86881602e-01
-1.02764642e+00
-1.87028241e+00
-8.84893537e-01
-1.32687986e+00
-9.20534134e-01
-1.51480258e+00
-1.07097208e+00
-7.47470260e-01
-1.27567613e+00
-1.06416035e+00
-7.44499683e-01
-6.17001176e-01
-7.24557042e-01
-1.16591358e+00
-8.20157707e-01
-8.82071137e-01
-7.72871822e-02
-1.78694651e-01
-4.97425497e-01
-6.21316135e-01
-9.86117005e-01
-3.09807152e-01
-7.12717175e-01
-7.91971505e-01
-1.15859485e+00
-8.14845622e-01
-1.15458846e+00
-6.98022187e-01
-8.91411960e-01
-3.96842808e-01
-6.30470574e-01
-3.17092150e-01
-4.63577688e-01
-8.35487694e-02
-4.09157515e-01
-5.87745234e-02
-6.87305152e-01
-4.30137634e-01
-7.89691508e-01
-6.85946703e-01
-8.84959340e-01
-1.17067969e+00
-3.12478721e-01
-3.95346135e-01
-5.61130583e-01
-6.64581835e-01
-1.66881382e-01
-7.99851179e-01
-3.27426851e-01
-4.49738324e-01
-6.20081723e-01
-4.38801050e-01
-2.74835229e-01
4.09925669e-01
-1.52552202e-01
-5.07013381e-01
-3.54794860e-01
6.63760602e-01
-6.15275562e-01
9.12816525e-01
-4.11868453e-01
3.68182987e-01
-1.96327106e-03
7.80864239e-01
-2.31002316e-01
6.51402831e-01
7.55933583e-01
9.54680860e-01
1.08021522e+00
9.85646129e-01
1.37401581e+00
1.50135005e+00
1.41963756e+00
1.33913159e+00
1.41970432e+00
1.38066483e+00
1.37937605e+00
1.07521105e+00
7.79094279e-01
9.75054443e-01
7.40191162e-01
-1.10341787e-01
-4.15875047e-01
-2.16817926e-03
-1.21589854e-01
1.61102682e-01
-9.62650850e-02
1.60115466e-01
2.44178995e-01
5.48940718e-01
6.78786397e-01
4.90258783e-01
6.73417211e-01
1.03465116e+00
1.12923813e+00
1.36841512e+00
8.89579177e-01
9.89590287e-01
6.80119574e-01
9.45068538e-01
8.87849450e-01
8.15441370e-01
1.61977196e+00
1.46140969e+00
1.60421348e+00
1.49061441e+00
1.66349757e+00
2.07765150e+00
4.51111317e+00
4.72578526e+00
4.82930946e+00
5.38772583e+00
3.92555022e+00
5.33282900e+00
4.69843340e+00
4.48076391e+00
3.97767067e+00
4.10171795e+00
3.90527177e+00
4.45749760e+00
3.11925602e+00
2.89868951e+00
2.54806161e+00
1.95613170e+00
2.83537364e+00
2.11628389e+00
2.22670126e+00
2.56113029e+00
2.44282055e+00
2.43573928e+00
1.56146514e+00
1.19657481e+00
8.43602598e-01
1.27948713e+00
9.97765124e-01
3.80216449e-01
8.74829531e-01
8.72328222e-01
8.82351220e-01
8.07448030e-01
8.09741855e-01
8.02624762e-01
8.57342362e-01
8.22923839e-01
6.63422704e-01
-6.04589999e-01
-1.51026264e-01
-4.73369479e-01
2.14627255e-02
-3.37288707e-01
-3.50118056e-02
-4.38968688e-02
-1.12355068e-01
2.74577349e-01
8.38612795e-01
6.53511167e-01
9.94238734e-01
1.58725560e+00
1.65332162e+00
1.07469273e+00
1.32356775e+00
9.37361062e-01
1.20918906e+00
1.05110323e+00
5.55242598e-01
9.20206606e-01
4.03778791e-01
7.35857010e-01
5.46541035e-01
6.53870925e-02
1.03001666e+00
1.46349236e-01
3.82782184e-02
5.01391232e-01
2.63453394e-01
2.10024685e-01
2.14715764e-01
6.81382775e-01
4.22554225e-01
6.65065289e-01
7.45713830e-01
1.13456309e+00
8.04678619e-01
7.57049203e-01
5.39024532e-01
7.96417117e-01
5.96986771e-01
7.75165856e-01
1.17826259e+00
8.39914680e-01
4.88229543e-01
1.47849107e+00
8.74349117e-01
1.04051852e+00
-1.49398327e-01
1.80772111e-01
5.23558771e-03
2.63993572e-02
1.20632015e-01
2.28685718e-02
-1.16794333e-01
4.37375344e-02
2.42580518e-01
8.60916749e-02
1.04015358e-01
7.99690560e-02
-3.80273998e-01
6.93374813e-01
2.50603020e-01
-2.69434869e-01
-9.40820649e-02
-5.19201159e-01
6.58665374e-02
-3.18610609e-01
2.93956548e-02
-4.75781351e-01
2.63610959e-01
1.02297716e-01
1.01619840e+00
3.90198320e-01
9.48193967e-01
-9.10298079e-02
-5.38733974e-03
-1.93623155e-01
-2.20504515e-02
-5.91953278e-01
-5.24621271e-02
-3.31768036e-01
-6.28159463e-01
-3.71625423e-01
-8.08606207e-01
-3.91637027e-01
-5.82795441e-01
-1.12863398e+00
-9.76981223e-02
-5.68919718e-01
7.01748848e-01
8.23438525e-01
2.47892156e-01
6.66950464e-01
1.69817179e-01
1.06383944e+00
1.93177626e-01
6.08210146e-01
9.63975728e-01
1.68649685e+00
1.25413311e+00
1.65951157e+00
2.30574861e-01
1.23097956e+00
-4.35864646e-03
2.78377146e-01
-3.87501866e-01
-1.37602970e-01
-6.09289765e-01
-2.07419753e-01
-9.58940148e-01
-6.78196609e-01
-9.52941298e-01
-7.43066609e-01
-2.18015522e-01
-2.71326452e-01
7.20751733e-02
1.64216325e-01
1.75648659e-01
4.71318722e-01
4.92515236e-01
8.94768387e-02
-2.48742383e-02
-3.32683533e-01
-6.43288791e-01
2.52540141e-01
3.99153352e-01
-3.12847018e-01
-3.97166729e-01
-6.45516276e-01
-1.78988039e-01
-3.61458249e-02
-3.64913970e-01
-5.33678353e-01
8.67981464e-02
8.18838418e-01
1.17581809e+00
8.73639643e-01
1.18229735e+00
2.18753791e+00
2.02367902e+00
2.45644021e+00
2.39357305e+00
2.08579016e+00
2.12704229e+00
2.21071267e+00
1.73204064e+00
1.39055300e+00
2.34230232e+00
1.90452433e+00
1.94097543e+00
1.52416050e+00
1.66139853e+00
5.20713747e-01
2.14494181e+00
2.11672974e+00
2.83262587e+00
2.38321590e+00
2.04551935e+00
2.62460256e+00
1.51511061e+00
1.37922561e+00
1.29368675e+00
2.49039745e+00
1.93007147e+00
1.71039772e+00
1.30442357e+00
1.97779584e+00
1.71782005e+00
2.58188462e+00
1.79778934e+00
2.45751405e+00
2.20961714e+00
2.80874157e+00
2.77600408e+00
2.86777759e+00
2.04178572e+00
1.93162405e+00
1.61268747e+00
1.66359758e+00
1.70810080e+00
1.30324090e+00
1.46039021e+00
1.20601809e+00
1.10047913e+00
6.89102173e-01
1.18334842e+00
5.50113976e-01
2.72536159e-01
1.23373437e+00
1.13194931e+00
1.62078634e-01
-7.06366956e-01
-9.11469996e-01
-6.51361585e-01
-1.05506039e+00
-5.92366397e-01
-1.18465114e+00
-6.56532943e-01
-9.95182991e-01
-5.42215168e-01
-7.83953965e-01
-6.36094630e-01
-9.06453788e-01
-1.11442077e+00
-1.27732158e+00
-1.43969202e+00
-1.65662098e+00
-1.30616200e+00
-1.52643478e+00
-2.69140530e+00
-2.47990060e+00
-3.17640185e+00
-3.01520205e+00
-3.30871916e+00
-3.36271906e+00
-3.44680691e+00
-3.58676028e+00
-2.16013288e+00
-2.39589548e+00
-1.96984088e+00
-1.93861473e+00
-1.66394031e+00
-1.38411820e+00
-1.20571423e+00
-1.66477621e+00
-1.24995267e+00
-1.46713293e+00
-1.17158055e+00
-8.71370375e-01
-1.44564819e+00
-1.12342203e+00
-1.65580070e+00
-5.88151038e-01
-1.61795938e+00
-1.34204507e+00
-1.22799206e+00
-6.07443988e-01
-1.44619524e+00
-7.46702492e-01
-5.63643396e-01
-6.53528214e-01
-1.73400506e-01
-4.01988089e-01
2.22948238e-01
-1.63104802e-01
-5.01567602e-01
-6.75312042e-01
-6.36568010e-01
-8.80357027e-01
-3.28223497e-01
-9.74584758e-01
-1.10457551e+00
-1.37606889e-01
2.96711456e-02
-5.48099875e-01
-1.19312251e+00
-1.38663077e+00
-9.66773570e-01
-1.34774601e+00
-1.10271502e+00
-1.26912725e+00
-1.06494081e+00
-8.45198154e-01
-5.24246991e-01
-6.62347376e-01
-4.88483310e-01
-7.25693047e-01
-6.02193952e-01
-9.19190764e-01
-9.67634320e-01
-9.13324833e-01
-7.62929261e-01
-8.83756578e-01
-9.26046550e-01
-5.67761600e-01
-1.66287231e+00
-1.32117093e+00
-1.61962008e+00
-1.45428324e+00
-1.62162256e+00
-1.19345605e+00
-2.93433189e+00
-2.90705276e+00
-2.55684233e+00
-3.19364405e+00
-1.86717772e+00
-3.09539056e+00
-1.64828455e+00
-5.81024230e-01
-4.72596288e-01
-9.42533433e-01
-7.16927707e-01
-8.59946251e-01
-3.40817124e-01
-2.03737408e-01
-2.30460297e-02
1.76916286e-01
1.01611018e+00
1.94230482e-01
3.58162612e-01
8.77169907e-01
-5.12633145e-01
-4.15539950e-01
-3.62351239e-01
-2.14975536e-01
-2.14881733e-01
-2.48761922e-01
1.31376505e-01
1.20019600e-01
-1.48102015e-01
-2.95105646e-03
1.27243444e-01
6.93843216e-02
-2.22030714e-01
-2.28733391e-01
-4.28033590e-01
-5.39153023e-03
-2.34370351e-01
-4.15191174e-01
-1.23704946e+00
-7.22053170e-01
-1.26622927e+00
-8.19479644e-01
-1.48396087e+00
-8.46130311e-01
-1.40988731e+00
-1.30185342e+00
-1.69712842e+00
-1.23974180e+00
-1.56072938e+00
-7.33963847e-01
-8.84560287e-01
-4.97840643e-01
-5.77901781e-01
3.13651204e-01
-5.45488931e-02
1.04185797e-01
7.34128132e-02
6.41146839e-01
1.63287175e+00
1.52680588e+00
1.41615176e+00
1.71415675e+00
1.73198843e+00
1.64616740e+00
1.93387651e+00
2.59190774e+00
3.18109632e+00
2.28208089e+00
2.63756108e+00
1.85938978e+00
2.65665388e+00
2.38953876e+00
2.54217577e+00
2.45321202e+00
2.57745194e+00
2.43915462e+00
2.11703563e+00
2.00539875e+00
2.36568904e+00
1.75134027e+00
2.70030570e+00
2.16253090e+00
1.90280604e+00
1.99145806e+00
1.70616484e+00
2.28267050e+00
1.35217702e+00
1.11984432e+00
7.58383036e-01
4.84135926e-01
3.96494240e-01
3.63962263e-01
6.20804094e-02
-5.04459888e-02
2.66052574e-01
5.23013890e-01
5.44068098e-01
3.90888214e-01
1.83709845e-01
2.02598631e-01
3.25719151e-03
7.54935026e-01
5.45040369e-01
3.11207086e-01
9.29729998e-01
6.98638976e-01
7.21102774e-01
9.20900524e-01
1.05394840e+00
1.03096592e+00
1.49565923e+00
1.07496428e+00
1.40762877e+00
2.11406994e+00
2.12886858e+00
1.93682110e+00
2.49235058e+00
2.09653783e+00
2.52196813e+00
2.30433822e+00
2.29716349e+00
2.38162661e+00
3.39930940e+00
2.86298919e+00
2.93805003e+00
3.09857583e+00
2.77513671e+00
2.59074783e+00
2.37973928e+00
1.23651779e+00
7.75499165e-01
8.44177678e-02
6.73872471e-01
-2.58724153e-01
-9.68293190e-01
-7.87067711e-01
-1.85897374e+00
-1.90223432e+00
-2.08763313e+00
-1.99257720e+00
-2.54546213e+00
-1.78776157e+00
-2.25155115e+00
-1.57035601e+00
-1.26874816e+00
-1.35634255e+00
-1.66060650e+00
-8.66068244e-01
-1.18051171e+00
-1.71279222e-01
-9.82473850e-01
-5.19541442e-01
-2.83593178e-01
-7.10114837e-02
2.51943935e-02
-1.30444825e-01
9.72547382e-02
2.23536313e-01
2.42115572e-01
1.08590469e-01
5.63761055e-01
7.36702859e-01
5.81233740e-01
1.52226210e+00
1.10663211e+00
-1.21943879e+00
-8.83902431e-01
-1.73928690e+00
-8.63099217e-01
-1.48983359e+00
-9.84140992e-01
-2.02081513e+00
-1.01695967e+00
-1.10734379e+00
-8.43683183e-01
-1.28317022e+00
-7.61678517e-01
-1.10340524e+00
-6.36098921e-01
-5.93830407e-01
-1.56862140e-01
-6.64138019e-01
-2.01924920e-01
-5.92162848e-01
-6.51069343e-01
-9.12280381e-01
-1.09089339e+00
-5.41293621e-01
-1.02919924e+00
-9.52692091e-01
-9.84323084e-01
-8.27071130e-01
9.06353533e-01
7.39496291e-01
8.89897764e-01
1.56023180e+00
5.88741422e-01
1.49040425e+00
2.87733734e-01
1.01515579e+00
3.82317275e-01
9.49046135e-01
6.52524412e-01
6.80427015e-01
4.47440386e-01
5.21868587e-01
4.66896206e-01
8.37863028e-01
4.49905843e-01
7.75951743e-01
4.31263804e-01
5.37491679e-01
5.87880969e-01
4.66214478e-01
2.48910517e-01
3.39029908e-01
-2.22840101e-01
-2.33047396e-01
-4.27775651e-01
9.73026380e-02
-6.96787000e-01
-1.05271220e+00
-1.05031538e+00
-1.35880792e+00
-1.17209923e+00
-1.73929477e+00
-1.93540764e+00
-1.82545209e+00
-1.20712435e+00
-1.37911469e-01
1.54049797e-02
-2.69628018e-01
5.74460566e-01
-5.11620678e-02
4.09483701e-01
6.34522587e-02
4.93838310e-01
3.33930880e-01
9.09651399e-01
5.36967993e-01
1.16640794e+00
8.04236710e-01
1.37967885e+00
3.85111034e-01
1.27149713e+00
5.95222592e-01
1.12553799e+00
7.37163305e-01
1.13267434e+00
1.09367216e+00
1.25063407e+00
1.52883804e+00
1.30569589e+00
1.38781703e+00
1.55829549e+00
1.13023424e+00
7.56915808e-01
5.98276138e-01
-4.70638990e-01
2.59515256e-01
-1.34085506e-01
9.13878530e-02
-1.62276733e+00
-7.97481477e-01
-2.20696044e+00
-1.89730275e+00
-2.04813004e+00
-1.98496044e+00
-2.59069324e+00
-1.93437946e+00
-2.41647673e+00
-2.18264866e+00
-2.28550601e+00
-1.86279762e+00
-2.36650324e+00
-2.62651610e+00
-1.53538442e+00
-2.56287575e+00
-1.76386034e+00
-1.56415057e+00
-1.36030853e+00
-1.79040539e+00
-1.40831172e+00
-9.92023826e-01
-1.30048883e+00
-8.43282938e-01
-6.89589322e-01
-7.05289364e-01
-5.33391356e-01
-8.49243581e-01
-7.08153784e-01
-4.60649192e-01
4.11683351e-01
-2.13539749e-01
-1.67366087e-01
3.26424511e-03
-2.14794710e-01
1.27754018e-01
-2.48162132e-02
-6.85696304e-02
-9.21970680e-02
2.24257991e-01
6.89271867e-01
6.72859073e-01
8.65324795e-01
1.82042015e+00
2.11481810e+00
2.24985862e+00
2.41148162e+00
2.67532587e+00
2.72046733e+00
2.83401608e+00
3.10175514e+00
3.50880623e+00
3.80990601e+00
3.82004356e+00
3.39094615e+00
3.12321138e+00
3.24904323e+00
2.50391674e+00
1.37166333e+00
1.39958227e+00
1.77059126e+00
1.61688757e+00
9.52466011e-01
1.57585239e+00
7.38947630e-01
1.82774985e+00
1.39520705e+00
2.06559157e+00
1.71543181e+00
1.83853149e+00
2.18341708e+00
2.11176085e+00
1.95596051e+00
2.67606592e+00
2.86128688e+00
2.75869966e+00
3.06326056e+00
4.12261248e+00
3.44264007e+00
3.49331498e+00
2.11409163e+00
2.02152276e+00
1.98906517e+00
2.01209307e+00
1.75541317e+00
1.29854620e+00
1.57970464e+00
1.36597943e+00
9.79151666e-01
7.73401797e-01
9.15007412e-01
9.88685369e-01
6.27356708e-01
1.29532707e+00
6.04703426e-01
-3.62584405e-02
-1.38188154e-01
-9.05394331e-02
8.01020265e-01
1.31430581e-01
7.37588704e-01
7.01152533e-02
9.98847306e-01
1.58002150e+00
1.68578744e+00
1.85768032e+00
1.70590365e+00
1.86070502e+00
1.80948138e+00
9.16296065e-01
9.88701880e-01
1.08305871e+00
1.14712274e+00
1.04924190e+00
1.04374707e+00
1.59301507e+00
1.36888659e+00
1.80911982e+00
1.51441538e+00
1.31877291e+00
1.88324058e+00
1.42317963e+00
1.53278565e+00
1.70288956e+00
1.43175244e+00
2.14513493e+00
1.37168908e+00
2.30092406e+00
1.42966700e+00
2.74728346e+00
2.39210153e+00
2.79557776e+00
2.33738136e+00
2.52102447e+00
2.15039635e+00
2.34028721e+00
1.92850769e+00
1.82891440e+00
2.73819637e+00
2.03797650e+00
1.82537162e+00
2.63417673e+00
1.56889999e+00
1.41750431e+00
1.05006945e+00
5.35360992e-01
-4.76886407e-02
-2.47283210e-03
-2.17826255e-02
-2.68816436e-03
-3.82952511e-01
-2.36112446e-01
-1.17519923e-01
-1.25028595e-01
-1.57823429e-01
-7.98232436e-01
-8.33076715e-01
4.46386053e-04
7.30609477e-01
5.33041239e-01
5.58964312e-01
3.21202815e-01
1.07105494e+00
7.52984941e-01
8.15667689e-01
6.77614629e-01
1.14134836e+00
1.30562699e+00
1.65912247e+00
1.40644455e+00
1.43696070e+00
2.39894700e+00
2.19112587e+00
2.73471475e+00
2.71725297e+00
2.65671396e+00
2.90730500e+00
2.89224148e+00
2.46537209e+00
2.81963658e+00
3.62439919e+00
3.48629546e+00
3.12004542e+00
3.23137331e+00
3.38745999e+00
2.58515072e+00
3.29351807e+00
3.02428699e+00
3.44373035e+00
2.85430336e+00
2.90235329e+00
2.77130365e+00
2.47958326e+00
1.16753685e+00
1.40076888e+00
1.73331630e+00
1.49474776e+00
1.64024329e+00
8.66928041e-01
1.47221649e+00
1.12420464e+00
1.48287189e+00
1.02704489e+00
1.34131467e+00
8.96992385e-01
1.36677623e+00
1.00285649e+00
1.41615129e+00
8.62776160e-01
8.16837728e-01
1.12364936e+00
1.02107310e+00
1.07536900e+00
8.11383009e-01
7.80859530e-01
6.48393631e-01
5.68790317e-01
4.76330161e-01
4.72464204e-01
3.24791193e-01
1.52196521e-02
5.60296595e-01
1.84661344e-01
2.62828499e-01
2.25192145e-01
2.61283778e-02
1.09021461e+00
2.85957605e-01
9.73430574e-01
4.56460863e-01
1.19173789e+00
9.67228770e-01
1.73495245e+00
1.27660835e+00
1.73496413e+00
8.73673856e-01
1.23506856e+00
4.35015440e-01
1.02671409e+00
5.50788306e-02
7.45637774e-01
3.39926153e-01
3.17453921e-01
1.63372084e-01
7.49044195e-02
3.33854944e-01
7.27919936e-02
5.06701767e-01
3.92284989e-01
4.09484267e-01
7.78215051e-01
4.98688817e-01
-6.08506501e-01
4.04433399e-01
-2.68077314e-01
1.45734668e-01
-9.00295377e-01
5.22995114e-01
-6.61887586e-01
-4.27333772e-01
-6.68020904e-01
-6.31295741e-01
-1.23748779e+00
-6.32906914e-01
-1.23051286e+00
-1.32077146e+00
-1.62900090e+00
-1.31561208e+00
-2.06640768e+00
-2.65969157e+00
-2.17093134e+00
-3.31398225e+00
-1.66543102e+00
-1.68743145e+00
-1.09969115e+00
-1.69406211e+00
-1.33047521e+00
-5.19923329e-01
-1.22953510e+00
-7.04823136e-01
-4.98120189e-02
7.87123665e-02
5.56542315e-02
-4.76739943e-01
-2.08481982e-01
5.13895690e-01
1.01684260e+00
3.55131477e-01
-1.56495154e-01
2.66992807e-01
5.82547724e-01
1.94215491e-01
3.92813891e-01
3.79935056e-01
6.95295870e-01
9.74269927e-01
1.11805475e+00
9.19918895e-01
1.22283709e+00
8.92770648e-01
9.59244728e-01
5.51245570e-01
7.78827429e-01
5.30262351e-01
8.23219001e-01
6.61985278e-01
3.69402587e-01
4.33229893e-01
1.42077908e-01
7.31211752e-02
-5.48349738e-01
-5.93306541e-01
-6.25414133e-01
-6.67288661e-01
-2.73175150e-01
-4.77499925e-02
4.54024851e-01
6.31073654e-01
3.73185068e-01
7.06204057e-01
1.93346620e+00
1.54420757e+00
2.38952351e+00
1.66351223e+00
2.42936897e+00
1.92552423e+00
2.77456212e+00
6.76383495e-01
1.79522169e+00
7.50611842e-01
8.41024101e-01
-3.57461512e-01
3.86638660e-03
-2.47121930e-01
-1.87863916e-01
-5.02112448e-01
-2.74666697e-01
-6.09939396e-01
-3.70701700e-01
-8.30299973e-01
-7.48740673e-01
-9.50725079e-01
-1.03160572e+00
-1.12325585e+00
-5.70575655e-01
-5.05704403e-01
-3.79943818e-01
-4.20518130e-01
-5.95630586e-01
1.22885764e-01
1.26054168e-01
-5.12800738e-02
2.54269391e-01
4.53280419e-01
9.02979195e-01
3.46720725e-01
4.42242533e-01
7.52269924e-01
6.08091593e-01
5.22046268e-01
3.29050571e-01
3.88319314e-01
2.64041305e-01
3.90959024e-01
-4.94215637e-02
6.04963243e-01
4.22112048e-01
8.27741444e-01
7.99018681e-01
7.70234406e-01
8.76311183e-01
1.10263395e+00
1.26468730e+00
1.25544059e+00
1.04052269e+00
8.12336802e-01
1.41444874e+00
8.53578866e-01
1.07556570e+00
4.34588045e-01
-3.12555164e-01
7.29023457e-01
-3.13913584e-01
1.08322310e+00
8.10863614e-01
1.11818671e-01
9.59968686e-01
6.06503129e-01
7.49905765e-01
9.87823009e-01
1.29782462e+00
1.76830098e-01
6.79987907e-01
-7.96873271e-01
1.08494389e+00
-2.94260591e-01
6.60718186e-03
1.07322454e-01
-1.83946028e-01
4.03200090e-01
-8.42472792e-01
-6.24081731e-01
-1.06177413e+00
-5.38744509e-01
-6.84300721e-01
-7.01763630e-01
-6.04237556e-01
-4.71700102e-01
-4.50692773e-01
-5.21802723e-01
-4.55799401e-01
-3.11223716e-01
-5.07455349e-01
-7.36338615e-01
-1.45122036e-01
-8.53797436e-01
-8.24364066e-01
-9.90999937e-01
-9.13144171e-01
-9.97190833e-01
-1.05415428e+00
-1.14537168e+00
-1.31181872e+00
-7.06718564e-01
-9.18836415e-01
-4.29727376e-01
-5.44600546e-01
4.15229797e-01
3.69555712e-01
6.89815283e-01
8.28373849e-01
1.29204786e+00
1.20301700e+00
1.34127975e+00
1.76690447e+00
2.09250808e+00
2.14408970e+00
2.55450320e+00
1.98876476e+00
2.31957436e+00
2.38012958e+00
2.96270108e+00
2.34180212e+00
2.66464114e+00
2.66962528e+00
2.82017231e+00
2.23936653e+00
2.64317441e+00
1.55145657e+00
2.26597476e+00
1.63361037e+00
2.18547845e+00
1.79434741e+00
1.66840923e+00
1.14679503e+00
1.44033742e+00
9.32605147e-01
2.64794618e-01
7.32654989e-01
4.55130100e-01
9.30958614e-03
1.38338236e-02
-2.98688829e-01
-6.89721942e-01
-5.12910783e-01
-3.35274071e-01
-7.62499094e-01
-1.17411721e+00
-1.18043888e+00
-8.41414750e-01
-1.37072802e+00
-1.30117226e+00
-1.40843761e+00
-1.29709876e+00
-1.71473753e+00
-1.36815333e+00
-1.36947155e+00
-2.24493241e+00
-2.08395624e+00
2.33618379e-01
-1.43755764e-01
5.21396957e-02
6.87873542e-01
9.08827409e-02
5.33496916e-01
5.75844347e-01
9.77489591e-01
7.60294318e-01
1.60137796e+00
9.25345600e-01
1.37550175e+00
1.04863620e+00
1.36654973e+00
7.39108920e-01
1.11227739e+00
6.76490366e-01
1.10959601e+00
9.23579454e-01
3.81328642e-01
8.35550547e-01
2.47766271e-01
5.20666063e-01
7.40425065e-02
-2.29899868e-01
2.92291164e-01
-8.16443741e-01
1.70798466e-01
-1.37017757e-01
-3.11505824e-01
1.96950719e-01
6.15566634e-02
4.54866737e-01
5.14381409e-01
-7.17469335e-01
-3.37868407e-02
-7.68244714e-02
-2.05788627e-01
6.05741628e-02
-1.09410512e+00
-2.17953473e-01
-1.22281563e+00
-3.21969688e-01
-1.51779950e+00
-8.19579124e-01
-1.26786792e+00
-7.75733113e-01
-1.20687234e+00
-5.97902954e-01
-8.50045085e-01
-8.13597262e-01
1.19533483e-03
6.37899935e-02
3.43687177e-01
3.56129736e-01
2.99219251e-01
6.93816602e-01
9.15708303e-01
5.85642993e-01
8.30816269e-01
2.30568394e-01
9.49288905e-02
1.08452523e+00
1.68744636e+00
-5.59006691e-01
-9.13568139e-01
-1.50752798e-01
-5.23720860e-01
-7.14046478e-01
-9.64186132e-01
-2.83839405e-01
-9.58902478e-01
-8.40533614e-01
-1.16775966e+00
-8.60250711e-01
-1.18562341e+00
-1.43326187e+00
-1.93194318e+00
-1.26450670e+00
-1.47039378e+00
-8.15926433e-01
-1.08557487e+00
-1.15751755e+00
-7.56267428e-01
-7.43375778e-01
-2.63046205e-01
-5.30116379e-01
-6.10691726e-01
-5.32349825e-01
-5.29152393e-01
-1.55413771e+00
-6.19251616e-02
-6.52522504e-01
-6.32852733e-01
1.57066211e-01
-4.01631802e-01
4.64117900e-02
8.17481041e-01
2.60708690e-01
8.36295366e-01
3.83754641e-01
1.73380822e-01
2.25791454e-01
1.22278380e+00
3.03046912e-01
1.00915301e+00
-2.89431781e-01
1.54438901e+00
4.93982643e-01
6.41795278e-01
9.50884163e-01
2.41819799e-01
1.23443627e+00
-1.14022501e-01
3.58510703e-01
-1.03190911e+00
-2.53192008e-01
-7.35352337e-01
-5.65410137e-01
-9.39496577e-01
-8.62654567e-01
-7.69779503e-01
-1.24664271e+00
-1.07419538e+00
-9.55923557e-01
-1.20771742e+00
-1.10711443e+00
-9.97653723e-01
8.45714033e-01
2.32510805e-01
3.23102474e-01
6.41409993e-01
-1.47333667e-02
3.98369372e-01
4.71018344e-01
7.90175736e-01
2.24606842e-01
8.07556927e-01
4.19593096e-01
7.83698142e-01
-1.05903223e-01
-1.31845996e-01
-1.28160608e+00
-8.48297894e-01
-1.21696234e+00
-5.20756662e-01
-9.48295236e-01
-1.73891234e+00
-1.32979989e+00
-3.11193943e+00
-2.50761580e+00
-2.92356443e+00
-2.84465528e+00
-3.07400131e+00
-2.60011601e+00
-2.85154581e+00
-3.05329657e+00
-3.08612466e+00
-2.13175178e+00
-2.33025765e+00
-1.61910927e+00
-1.04604292e+00
-2.67448783e-01
-4.42022920e-01
-1.40495980e+00
-1.12919831e+00
-9.78853464e-01
-3.90816838e-01
-9.78700936e-01
-1.19028938e+00
-1.56454849e+00
-9.52056050e-01
-1.62493598e+00
-1.34519696e+00
-1.40848827e+00
-1.77279317e+00
-1.59415770e+00
-1.26751649e+00
-1.44035852e+00
-1.10255182e+00
-1.19599187e+00
-7.97711849e-01
-9.32833374e-01
-1.12445819e+00
-6.39746130e-01
-2.06818387e-01
-3.43260229e-01
4.14315145e-03
-2.13933140e-01
-2.63878435e-01
3.13376188e-01
9.95434761e-01
8.15730155e-01
5.40176690e-01
1.17370176e+00
1.23077667e+00
1.07955432e+00
9.51866686e-01
1.29476118e+00
1.21263957e+00
1.66535282e+00
1.58998895e+00
1.89303446e+00
1.63054204e+00
2.71806812e+00
2.42972875e+00
2.22292876e+00
2.28646636e+00
2.95188189e+00
2.73619342e+00
2.96044755e+00
3.44970274e+00
4.07650948e+00
3.95732784e+00
4.17025900e+00
4.05940008e+00
4.07876158e+00
4.33840990e+00
4.42545509e+00
1.78286064e+00
2.23840284e+00
1.58031440e+00
1.59442055e+00
1.27369678e+00
1.64233184e+00
1.25933301e+00
2.45364833e+00
2.32809854e+00
2.24785972e+00
2.25720239e+00
2.46343374e+00
2.66492462e+00
2.03398919e+00
2.04202986e+00
1.74242461e+00
2.81998682e+00
1.79582965e+00
2.25602984e+00
2.76077437e+00
1.59757721e+00
1.90945220e+00
1.02538002e+00
7.40407705e-01
6.17521942e-01
3.67225289e-01
4.70509738e-01
1.35748386e-01
3.22796285e-01
2.57097632e-01
-2.16795858e-02
3.36696744e-01
1.52391553e-01
3.56065035e-01
3.38134795e-01
2.40797892e-01
3.02595831e-02
-3.77579272e-01
-4.83744711e-01
-3.56749833e-01
-1.36832249e+00
-7.90482104e-01
-1.12348115e+00
-9.54113126e-01
-1.58943129e+00
-1.35390973e+00
-2.01306200e+00
-1.85482645e+00
-2.16261983e+00
-1.87090814e+00
-1.88791847e+00
-1.41936398e+00
-1.65932119e+00
-1.50986981e+00
-1.82779980e+00
-1.49639392e+00
-1.76514816e+00
-2.15231776e+00
-2.02915096e+00
-2.05615520e+00
-2.14955688e+00
-2.25900960e+00
-2.12185407e+00
-5.97876906e-01
1.71756923e+00
1.37114692e+00
2.06098533e+00
2.41432285e+00
1.71971118e+00
2.72756338e+00
2.71156764e+00
3.51589108e+00
3.07616687e+00
3.22556949e+00
2.88014579e+00
2.65103364e+00
2.77969098e+00
1.96225071e+00
1.29322577e+00
1.77149653e+00
1.19308889e+00
1.52102959e+00
1.70112848e+00
1.47374654e+00
1.13608658e+00
1.36194408e+00
2.02282047e+00
1.86009586e+00
1.68049431e+00
1.62881041e+00
1.66265965e+00
1.54150963e+00
1.55344415e+00
1.24221361e+00
1.31402981e+00
9.42344487e-01
1.32096410e+00
4.76958185e-01
4.60857928e-01
1.03258646e+00
2.11621806e-01
-5.25252856e-02
-1.69151530e-01
-1.63127124e-01
-2.48784006e-01
-7.18700945e-01
-5.32196224e-01
-5.68222642e-01
-5.23591161e-01
-1.06063366e+00
-5.05035698e-01
-9.98739779e-01
-6.34234488e-01
-1.90907788e+00
-1.66258466e+00
-1.46410382e+00
-1.26590753e+00
-1.63832736e+00
-1.34225905e+00
-1.68362844e+00
-1.79125154e+00
-2.15948129e+00
-2.57523799e+00
-2.52907968e+00
-2.64751053e+00
-2.71474528e+00
-3.22560263e+00
-3.05338192e+00
-1.23137081e+00
-1.51744163e+00
-1.71422982e+00
-7.51501679e-01
-1.04986036e+00
-5.72871387e-01
-2.47257233e-01
-2.98542798e-01
7.62903214e-01
1.00281692e+00
8.30397964e-01
3.78924578e-01
1.01638365e+00
7.91123331e-01
6.28344715e-01
1.21550071e+00
-4.15729463e-01
3.89855295e-01
1.16996512e-01
-9.96915027e-02
1.56565756e-01
1.25194207e-01
7.40893543e-01
7.85438418e-01
1.23411655e+00
1.21048808e+00
1.03833866e+00
1.04193962e+00
1.27032590e+00
7.61781871e-01
1.19408631e+00
4.09823298e-01
4.94269013e-01
6.48219764e-01
5.51178008e-02
8.42386246e-01
5.59268475e-01
2.48563327e-02
-1.02690732e+00
-4.12505001e-01
-5.43107569e-01
-1.05237603e+00
-1.13635135e+00
-5.91816962e-01
-9.15875077e-01
-1.32223010e-01
-9.14856270e-02
-1.67387515e-01
-3.22982371e-01
2.84036130e-01
1.95271462e-01
4.85188246e-01
4.69280064e-01
9.03406322e-01
5.93177676e-01
7.54861832e-01
1.15535069e+00
1.23096180e+00
1.39270854e+00
1.28012872e+00
1.39039552e+00
1.12112904e+00
1.39551055e+00
1.19814956e+00
1.02634764e+00
1.82828474e+00
2.66239476e+00
1.95469534e+00
1.93989217e+00
2.35367870e+00
3.12382174e+00
3.13571167e+00
3.70060635e+00
3.51742196e+00
3.78677845e+00
3.39597583e+00
3.30404496e+00
2.36457062e+00
2.00241303e+00
8.35227132e-01
1.42284322e+00
6.35647774e-01
9.22538698e-01
1.06364930e+00
3.20527256e-01
9.50343013e-01
4.02067900e-01
3.76242638e-01
6.10282958e-01
3.63400489e-01
5.09204865e-01
1.97235003e-01
1.24496639e-01
-1.99221615e-02
4.94056605e-02
-8.00906867e-02
9.29712504e-02
1.23808406e-01
-4.01521206e-01
6.96132541e-01
1.54898718e-01
-9.05934572e-01
-8.23220730e-01
-1.81180036e+00
-1.35264325e+00
-1.71558774e+00
-1.43613136e+00
-1.81188369e+00
-1.77789235e+00
-1.55164349e+00
-1.52866578e+00
-1.43581378e+00
-1.32949686e+00
-1.01156747e+00
-3.82159978e-01
-6.50271535e-01
-2.31053561e-01
-3.12419236e-01
-3.93678755e-01
-4.46516395e-01
4.28624749e-02
-5.81478067e-02
-3.33974779e-01
-4.31589663e-01
-2.45007291e-01
-5.61404824e-01
-1.31388843e-01
2.01142326e-01
-3.60573411e-01
-2.64737099e-01
3.85022223e-01
3.04558333e-02
-3.89179710e-04
1.64096847e-01
9.77610409e-01
1.46541500e+00
1.77345896e+00
1.46034646e+00
1.60881066e+00
1.47973132e+00
1.85643148e+00
1.38557899e+00
1.00294566e+00
1.21342909e+00
1.23321533e+00
8.90566289e-01
1.25268257e+00
1.34941304e+00
6.29366338e-01
1.12305760e+00
5.84368527e-01
7.57898152e-01
1.47533464e+00
1.20502603e+00
1.54997039e+00
1.38601303e+00
1.40544665e+00
1.13288319e+00
1.02030849e+00
6.96865499e-01
8.62787664e-01
8.43463659e-01
3.81965101e-01
1.29539800e+00
9.58935440e-01
3.28833550e-01
-5.81384718e-01
-2.02889681e-01
-4.24956799e-01
-1.26669198e-01
-4.55504566e-01
-2.72273183e-01
-4.21190947e-01
-2.32128352e-01
-1.05652303e-01
-3.27884048e-01
-8.12285319e-02
2.64825583e-01
3.63213032e-01
4.21993911e-01
6.21875286e-01
8.74208450e-01
4.74542379e-01
6.89966321e-01
7.38995612e-01
5.06172538e-01
1.62892532e+00
1.26326132e+00
1.68160284e+00
1.45272195e+00
1.39887083e+00
1.08107531e+00
2.30279255e+00
2.13264537e+00
1.91879773e+00
2.40337133e+00
1.38983369e+00
2.37244821e+00
1.71553457e+00
1.67149782e+00
1.40347517e+00
1.63787007e+00
8.33978176e-01
1.51623666e+00
4.68015432e-01
1.95711792e+00
1.15609929e-01
1.64737284e+00
1.29184008e+00
1.65546668e+00
1.68681097e+00
2.70366812e+00
1.21564269e+00
3.06232810e+00
1.47321713e+00
1.41688287e+00
1.68500376e+00
1.87195265e+00
2.07128549e+00
1.78232443e+00
1.95026290e+00
1.67477059e+00
1.62278020e+00
1.45663679e+00
1.85076427e+00
1.47102988e+00
1.10724163e+00
1.93304861e+00
1.56188428e+00
1.72472596e-01
6.79809690e-01
1.55624136e-01
1.04261541e+00
7.72385478e-01
1.21106124e+00
4.51662928e-01
1.45433950e+00
1.50365770e+00
1.92230320e+00
1.44464684e+00
1.69837201e+00
1.55240607e+00
1.51872742e+00
1.37367702e+00
1.35446930e+00
8.63096714e-01
1.22832966e+00
8.92855763e-01
5.48149228e-01
7.03039229e-01
6.96534634e-01
8.14004600e-01
7.36718595e-01
3.89844954e-01
8.87982547e-01
-2.80155569e-01
7.20284045e-01
3.41532975e-01
-6.02116846e-02
2.28496239e-01
2.28788406e-01
3.81785423e-01
-3.33832562e-01
-5.24350166e-01
-3.72839868e-01
1.84551224e-01
3.76820453e-02
1.43561378e-01
-1.03535473e+00
8.82100388e-02
-7.67495692e-01
-4.17677164e-02
-7.85920084e-01
-3.57106358e-01
-8.31472993e-01
-1.21887885e-02
-3.78690928e-01
-4.94429886e-01
-6.61322713e-01
-8.22900176e-01
-9.49593663e-01
-7.09959030e-01
-3.05526435e-01
-7.21097784e-03
-3.46897513e-01
1.19035080e-01
1.41046196e-01
-1.48421109e-01
3.03054787e-02
-7.17849314e-01
-5.79605162e-01
-3.43173087e-01
7.57945895e-01
-8.82862508e-02
-7.92863309e-01
-7.36015081e-01
-6.54441535e-01
-9.09686327e-01
-8.93439472e-01
-5.80461681e-01
-6.82334423e-01
-6.62282944e-01
-2.38562688e-01
-4.16263759e-01
-9.33304355e-02
2.35714674e-01
3.95117104e-01
-6.50154054e-02
3.65069509e-01
6.78545117e-01
3.64673108e-01
4.00618523e-01
5.05882919e-01
6.68066561e-01
1.60374975e+00
1.48529899e+00
1.77849424e+00
1.26963603e+00
1.92734814e+00
1.58826217e-01
1.12471569e+00
1.54287004e+00
1.50996459e+00
1.60260284e+00
1.18806040e+00
1.50470769e+00
1.70301795e+00
1.47114146e+00
1.85400271e+00
1.69462371e+00
1.60848439e+00
1.97334361e+00
1.38289714e+00
1.76856911e+00
1.21932518e+00
1.07875299e+00
1.90074301e+00
1.48037827e+00
1.32004535e+00
1.53813708e+00
1.08674681e+00
1.85155356e+00
6.33643091e-01
4.91129607e-01
6.34941339e-01
5.72212160e-01
4.58060473e-01
3.68482769e-01
3.80899668e-01
4.77578819e-01
4.91279304e-01
4.48331386e-01
7.32352614e-01
5.20598650e-01
2.55549103e-01
9.20414746e-01
8.90912235e-01
2.51398742e-01
-4.97160465e-01
4.96522397e-01
8.47785473e-02
5.49436569e-01
-7.23007619e-02
4.39626426e-01
3.13439935e-01
1.18246555e+00
1.28352702e+00
1.22313440e+00
1.18268919e+00
1.92330551e+00
1.80311298e+00
2.44778800e+00
2.00540113e+00
2.22169685e+00
2.19208193e+00
2.33492994e+00
2.40860510e+00
2.47836757e+00
3.38801146e+00
3.13045669e+00
2.96640897e+00
3.33006382e+00
2.88125515e+00
3.39379811e+00
3.45449376e+00
3.84437919e+00
4.07434273e+00
3.61762524e+00
3.16072679e+00
3.25377417e+00
2.84912324e+00
3.50331068e+00
2.89562058e+00
2.89551902e+00
2.98681283e+00
2.79460335e+00
2.46546197e+00
2.31235313e+00
2.48824358e+00
2.38307214e+00
2.87936425e+00
2.57903719e+00
3.06920004e+00
3.71401000e+00
3.46823072e+00
3.31281781e+00
2.32054520e+00
2.35291100e+00
2.00776911e+00
2.19530725e+00
1.89304709e+00
9.15905476e-01
1.65550029e+00
1.30913413e+00
1.09557498e+00
1.02406931e+00
9.49288785e-01
1.02726626e+00
8.80642831e-01
1.16974473e+00
3.55356812e-01
4.92390424e-01
4.36184108e-01
1.57232270e-01
1.03857964e-02
4.58466262e-01
5.54702461e-01
2.37689182e-01
1.68924406e-01
-1.24672726e-01
-1.20587997e-01
-7.80266002e-02
-3.05687666e-01
3.33268732e-01
5.25715590e-01
5.53729594e-01
2.24219933e-01
3.51770908e-01
3.62680346e-01
5.35902739e-01
-3.05959821e-01
-1.11069232e-01
5.55684865e-01
5.54704309e-01
2.77347028e-01
4.08876806e-01
5.55233836e-01
4.54424530e-01
3.49187881e-01
7.33809918e-02
3.58816862e-01
1.31408758e-02
2.82363832e-01
-5.11698961e-01
-3.38444233e-01
-4.69929099e-01
-8.17392707e-01
-7.52963543e-01
-9.10163343e-01
-1.06246769e+00
-1.00386143e+00
-1.15894306e+00
-1.49828875e+00
-9.41181719e-01
-1.20121491e+00
-7.26313591e-01
-1.19123459e+00
-1.11494160e+00
-7.99830139e-01
-1.20068645e+00
1.06354490e-01
5.59743121e-03
2.19494537e-01
-1.47282019e-01
4.74633612e-02
3.52349490e-01
2.18661726e-01
3.51667851e-01
6.92764819e-01
8.76841426e-01
6.71780288e-01
-2.20969692e-01
3.75649869e-01
7.28475094e-01
6.17300868e-01
-1.30244374e+00
-1.29096925e+00
-1.31293881e+00
-1.23840690e+00
-8.08244407e-01
-1.08683813e+00
-1.16491866e+00
-9.80791509e-01
-1.05740413e-01
-1.31152630e-01
-6.92298859e-02
3.04178111e-02
2.21729204e-01
4.81112093e-01
3.50734413e-01
3.29232588e-02
3.59845459e-02
1.32085504e-02
4.02604118e-02
1.83249533e-01
3.60999525e-01
-1.27007365e-01
-2.70989239e-01
-5.64014196e-01
-6.64553046e-01
-8.04425538e-01
-4.66899842e-01
-1.81298411e+00
-1.80238938e+00
-1.28849936e+00
-1.49772513e+00
-9.06077325e-01
-1.54177785e+00
-7.61345550e-02
3.16343933e-01
5.67537010e-01
-3.68006617e-01
1.04234569e-01
-1.28175870e-01
1.02174377e+00
-1.32884812e-02
1.05160630e+00
8.38692784e-01
1.75255620e+00
1.28511941e+00
1.75218070e+00
1.75049090e+00
1.62557173e+00
8.37278545e-01
1.04871845e+00
1.37601125e+00
1.04498816e+00
9.40208375e-01
1.24759901e+00
7.47208118e-01
1.33922529e+00
1.22675526e+00
9.19499576e-01
9.73733008e-01
9.05995131e-01
6.56921208e-01
7.57277429e-01
1.02641129e+00
3.92749339e-01
-7.35022187e-01
-2.14476228e-01
-9.13973600e-02
-3.93646955e-01
-3.52982759e-01
-4.88907456e-01
-3.34290683e-01
-6.71581268e-01
-4.12357599e-01
-6.49033546e-01
-3.95830035e-01
-5.67650914e-01
-3.84856850e-01
-6.66571379e-01
-6.52193308e-01
-9.93986249e-01
-7.90570557e-01
-9.22552884e-01
-8.29821050e-01
-1.60471225e+00
-1.28516638e+00
-2.04047585e+00
-1.84882343e+00
-2.23439646e+00
-2.44426131e+00
-1.75772667e+00
-2.06902933e+00
-2.01592773e-01
5.60154915e-02
9.34837699e-01
9.57498670e-01
1.11698592e+00
1.39131248e+00
3.04894519e+00
1.91247261e+00
3.24707007e+00
3.01532674e+00
3.21385384e+00
2.83338070e+00
3.44950867e+00
1.93095779e+00
2.36527514e+00
1.43710017e+00
1.30036294e+00
1.07955587e+00
1.41660511e+00
9.87989187e-01
1.04965365e+00
4.12605971e-01
9.81681228e-01
6.81579292e-01
6.68889582e-01
2.23192051e-01
2.18065754e-01
2.46643081e-01
2.14497402e-01
-1.68394819e-01
8.43138471e-02
6.93518743e-02
-1.62722960e-01
-7.10107028e-01
-8.00962031e-01
5.01076598e-03
-6.36350691e-01
5.11040688e-01
8.65291536e-01
6.90474629e-01
1.49778581e+00
9.54335153e-01
1.36305487e+00
9.82232869e-01
1.72558463e+00
1.39106798e+00
1.60894275e+00
1.31100583e+00
1.46642482e+00
6.49518073e-01
7.16180384e-01
5.10848761e-01
6.58863962e-01
7.22549632e-02
6.00384295e-01
2.93835759e-01
2.49250978e-01
1.53899491e-01
-8.00600424e-02
-5.21999337e-02
-2.50081301e-01
-4.28851128e-01
-2.06843674e-01
-2.08781123e-01
8.31205249e-01
5.56608915e-01
4.17491704e-01
1.37539065e+00
3.48737895e-01
1.44436407e+00
1.46305871e+00
1.33144855e+00
1.74533975e+00
1.32924414e+00
1.42482674e+00
1.14176345e+00
1.53971326e+00
7.36037850e-01
6.62331343e-01
7.79951572e-01
7.21993566e-01
4.86830294e-01
7.10058928e-01
6.19386256e-01
5.41207433e-01
1.16767144e+00
4.70766395e-01
6.59429133e-01
5.22591114e-01
1.04317141e+00
1.04479969e+00
1.15614402e+00
1.41180897e+00
1.59774888e+00
2.23999262e+00
1.75788510e+00
2.29495096e+00
1.60233176e+00
1.38127458e+00
2.02983522e+00
3.05196762e+00
-7.29786694e-01
4.85331833e-01
-6.28442526e-01
-9.15076956e-02
-4.17685896e-01
4.42958027e-01
-5.01402438e-01
-2.80572206e-01
-5.14282763e-01
-2.52074361e-01
-3.94969136e-02
4.01512999e-03
8.95176709e-01
1.33362889e+00
1.09790230e+00
1.40646088e+00
1.33602631e+00
1.39535964e+00
1.42396402e+00
1.25520611e+00
1.21955240e+00
1.16235042e+00
1.36483228e+00
1.04958522e+00
5.86737335e-01
1.05246258e+00
6.07227013e-02
-2.11563990e-01
-4.08093393e-01
-3.78253341e-01
2.72736736e-02
-2.59606600e-01
2.62594551e-01
-5.04092388e-02
8.88149142e-02
3.63732222e-03
-2.72976369e-01
-3.05650830e-01
-7.36302789e-03
1.13810211e-01
3.64850432e-01
3.97451162e-01
1.33868361e+00
1.63834119e+00
1.29703057e+00
1.34296119e+00
1.73737371e+00
1.50076807e+00
1.89111531e+00
8.05351019e-01
7.83274889e-01
1.20703173e+00
1.18840837e+00
1.24451613e+00
1.12121487e+00
9.15625155e-01
8.38840246e-01
6.16004288e-01
2.90500283e-01
4.72216547e-01
1.55921392e-02
-1.16471656e-01
5.29751897e-01
2.88413763e-01
-1.39956310e-01
6.96342662e-02
3.72259431e-02
4.40419912e-01
2.93924809e-01
4.71682906e-01
2.75668651e-01
7.41747677e-01
1.09304368e+00
1.17135859e+00
1.21905994e+00
1.20835328e+00
1.43872499e+00
1.44324243e+00
1.39392126e+00
1.11737180e+00
1.15995371e+00
1.11092961e+00
1.18826032e+00
1.28587973e+00
1.48819995e+00
1.33464468e+00
1.46827853e+00
1.23866951e+00
1.24379003e+00
1.19970679e+00
1.99427092e+00
2.62214565e+00
3.28938413e+00
3.78730607e+00
4.13341713e+00
3.22027040e+00
4.31392050e+00
4.34303951e+00
4.62602329e+00
4.36920071e+00
3.95512533e+00
4.11846685e+00
3.94521546e+00
3.77872658e+00
2.72489953e+00
3.27176356e+00
2.26224256e+00
3.53363538e+00
2.68957424e+00
2.95938611e+00
3.09695077e+00
3.20106697e+00
3.03894424e+00
1.79031932e+00
1.79329836e+00
1.14407825e+00
1.66724813e+00
1.20374870e+00
5.57220817e-01
1.19884586e+00
1.12844324e+00
1.00992310e+00
9.33861077e-01
1.04235649e+00
7.87595510e-01
8.40182543e-01
1.12994099e+00
1.26440430e+00
-1.53326571e+00
-1.89446676e+00
-2.22807932e+00
-2.62303019e+00
-2.31126523e+00
-2.11179376e+00
-2.62491155e+00
-2.71276855e+00
-2.55757213e+00
-2.26449370e+00
-2.07151127e+00
-1.80486917e+00
-1.34271002e+00
-6.07742906e-01
-1.25619531e+00
-7.45167077e-01
-4.93412197e-01
-6.23367608e-01
-5.90979040e-01
-3.77745122e-01
-1.43488929e-01
-6.59449816e-01
-7.13343993e-02
-9.79317948e-02
-4.79293317e-01
-1.45038310e-02
-6.78449810e-01
-1.78751779e+00
-8.07245195e-01
-1.18573093e+00
-6.39785886e-01
-1.38965309e+00
-4.73155558e-01
-1.07585704e+00
9.80809689e-01
2.88385540e-01
4.62297291e-01
5.78003600e-02
2.53573090e-01
8.56619895e-01
7.94213474e-01
-1.50244549e-01
7.31403649e-01
3.77446741e-01
3.64815682e-01
3.76393765e-01
3.98787767e-01
-6.38087749e-01
-4.39472109e-01
-1.17647685e-02
-4.65951830e-01
1.95413917e-01
-4.77370739e-01
-3.89337152e-01
2.11745292e-01
-6.29165590e-01
-5.36281705e-01
-1.61194801e-01
-4.41017807e-01
-1.87900424e-01
-6.32319152e-01
-8.91679525e-01
-6.98011667e-02
3.81899327e-02
8.15385640e-01
4.45565522e-01
-9.02335420e-02
5.68955123e-01
-3.90210897e-01
4.97780979e-01
-8.04266483e-02
4.18839425e-01
-2.27863282e-01
-7.47905374e-02
-2.52338976e-01
-3.09559464e-01
-8.69563878e-01
-8.47824752e-01
-1.42427683e+00
-1.41507387e+00
-1.24553752e+00
-1.57662809e+00
-1.51590836e+00
-1.44813037e+00
-1.32574856e+00
-2.02263808e+00
-1.71652782e+00
-1.09783280e+00
-1.09145522e+00
-1.15983295e+00
2.82373317e-02
-7.21451491e-02
2.56519616e-01
9.62786525e-02
2.82270819e-01
-2.80832872e-02
5.81152141e-01
6.52814388e-01
2.60362363e+00
2.26197100e+00
2.11996746e+00
2.07611108e+00
2.51659298e+00
2.39428306e+00
2.56236458e+00
1.47255301e+00
1.36042345e+00
2.27324295e+00
1.60909283e+00
1.50734675e+00
1.59088230e+00
5.77850044e-01
6.11229718e-01
1.01102602e+00
4.07384664e-01
6.19101286e-01
4.55010533e-01
9.47020888e-01
4.18053150e-01
3.46714079e-01
3.37659478e-01
3.24831575e-01
1.53298020e-01
3.24641705e-01
1.20556787e-01
-8.39317888e-02
6.27202451e-01
5.43570220e-01
4.02963579e-01
1.94128647e-01
5.12419641e-01
1.88603282e-01
7.50959754e-01
4.17958111e-01
5.15865922e-01
5.34471810e-01
8.00621152e-01
7.77651966e-01
8.23498070e-01
7.67159522e-01
1.53616285e+00
1.52068269e+00
1.09925270e+00
8.52934897e-01
7.45130122e-01
9.66088593e-01
9.68689978e-01
-7.33405054e-02
3.63896430e-01
2.82568216e-01
5.55911362e-01
-2.52262596e-03
3.40134352e-01
3.94076198e-01
4.04364735e-01
1.13632190e+00
1.64104974e+00
2.19850755e+00
2.38411021e+00
2.16426420e+00
1.88461149e+00
2.45037818e+00
2.48079133e+00
2.06026196e+00
1.86190045e+00
2.04544258e+00
1.75461507e+00
2.05748558e+00
8.42213929e-01
1.59610260e+00
1.44238055e+00
2.35656500e+00
2.00945973e+00
1.97602725e+00
2.00638509e+00
2.68474770e+00
1.40453625e+00
2.19489813e+00
1.58008289e+00
8.16656947e-01
5.51449895e-01
2.42492899e-01
1.74033031e-01
-1.19382690e-03
7.50738084e-02
3.74679387e-01
6.42139375e-01
5.93133450e-01
-6.72174245e-02
3.49708617e-01
3.48861247e-01
3.54077101e-01
-3.35211188e-01
-6.93437696e-01
-1.10795915e+00
-1.42792690e+00
-1.50603259e+00
-1.37840581e+00
-1.33494699e+00
-1.69984531e+00
-1.58775747e+00
-2.09956479e+00
-1.58514488e+00
-2.14492750e+00
-1.63461590e+00
-1.74740207e+00
-1.83529937e+00
-2.03118944e+00
-1.67728508e+00
-2.22094774e+00
-1.88597202e+00
-2.15865636e+00
-2.20053411e+00
-2.46116996e+00
-2.20233035e+00
-2.09124279e+00
-2.07991648e+00
-1.67287350e+00
-2.38059908e-01
8.50061655e-01
1.41931021e+00
1.91400731e+00
2.59151196e+00
1.53539813e+00
3.23427653e+00
2.80555820e+00
2.58459902e+00
2.27805495e+00
2.57499099e+00
1.98774469e+00
1.97137976e+00
1.62645948e+00
1.34066737e+00
2.64677167e-01
6.52120352e-01
-1.43182099e-01
3.50434482e-01
4.68161076e-01
3.54251325e-01
1.36965558e-01
4.55880940e-01
6.90768123e-01
3.91216874e-01
7.07403541e-01
7.32150912e-01
5.82040429e-01
5.88834584e-01
5.72635949e-01
4.20154870e-01
4.40006465e-01
2.60881662e-01
6.35750055e-01
-2.55027264e-02
-2.84562148e-02
4.87845212e-01
3.90721351e-01
-7.17000961e-02
-5.55692315e-01
-9.65725541e-01
-4.51930732e-01
-1.20739996e+00
-8.52661908e-01
-8.21955085e-01
-8.78413618e-01
-9.69145417e-01
-5.88443160e-01
-8.12290430e-01
-4.72929865e-01
-2.40497321e-01
1.51113421e-01
-2.01049462e-01
5.52213967e-01
3.87495935e-01
6.92042649e-01
5.32863081e-01
1.01347220e+00
1.38291764e+00
1.02349675e+00
1.17711222e+00
9.38052118e-01
1.09089518e+00
1.08460617e+00
1.88374054e+00
3.98078680e-01
7.35077262e-01
5.18957675e-01
-5.60032614e-02
4.53221649e-01
-1.61993980e-01
9.18012261e-01
1.09378743e+00
1.27339232e+00
6.55584574e-01
1.07112980e+00
4.55681115e-01
1.50630689e+00
-2.51759612e-03
1.03509045e+00
8.83871853e-01
7.15470910e-01
4.84974325e-01
-2.08610818e-02
-2.11035326e-01
-4.31558102e-01
2.45526180e-01
-5.11531308e-02
2.39955351e-01
2.59619951e-01
7.38590881e-02
-1.06991798e-01
4.02959734e-01
-4.30481927e-03
-1.89314231e-01
9.09400433e-02
1.68052465e-01
3.26723516e-01
5.74331284e-01
-6.75877482e-02
9.75294173e-01
4.46741879e-01
7.52028823e-01
6.24671221e-01
1.14989197e+00
1.57615757e+00
1.05024517e+00
1.14381886e+00
1.29780650e+00
1.42786753e+00
1.44451404e+00
1.52450967e+00
1.31951189e+00
1.26059663e+00
1.65232301e+00
1.16602302e+00
1.57349575e+00
1.29915035e+00
1.25495672e+00
1.40783703e+00
1.43998313e+00
6.51468933e-01
8.37613225e-01
1.55719972e+00
1.16225433e+00
1.01472855e+00
1.33055902e+00
1.01579356e+00
1.25913572e+00
2.44361258e+00
2.49105310e+00
2.67593455e+00
2.32051349e+00
2.40652013e+00
2.36782360e+00
1.92654729e+00
5.63428462e-01
1.00839508e+00
1.63835597e+00
1.30380332e+00
1.09934294e+00
4.83612925e-01
1.27363360e+00
9.44338918e-01
1.49765730e+00
3.33823800e-01
7.23189771e-01
5.53736866e-01
1.17274427e+00
7.37716913e-01
1.70592272e+00
8.23362410e-01
8.64798844e-01
7.96318710e-01
1.07830739e+00
7.57177234e-01
4.59410071e-01
7.29872823e-01
1.03998818e-01
1.70249134e-01
3.15051049e-01
4.08679187e-01
2.98786908e-01
3.33466046e-02
6.16312027e-01
-8.89495984e-02
6.47101939e-01
-1.16554275e-01
4.78555299e-02
9.61480141e-02
-4.65680063e-01
-2.57470310e-01
-2.32789084e-01
-1.13600180e-01
1.87480137e-01
5.90452254e-01
2.23510951e-01
3.93709481e-01
-2.16400363e-02
1.02100328e-01
-6.61180019e-02
-1.38456777e-01
-3.63053083e-01
-3.47793937e-01
-3.25142354e-01
-3.11202198e-01
-5.11562347e-01
-1.15121436e+00
-1.08387947e+00
-1.01715660e+00
-1.34873557e+00
-1.46144557e+00
-1.34557450e+00
-2.02922225e+00
-1.71649623e+00
-1.26951396e+00
-2.22012591e+00
-8.74780655e-01
-1.75050855e+00
-1.26031172e+00
-4.16972160e-01
-3.61188233e-01
-3.75994086e-01
-2.40529090e-01
-5.80761492e-01
9.28451046e-02
5.99518001e-01
5.75542390e-01
9.02863264e-01
6.24705732e-01
2.45698825e-01
5.26453376e-01
1.65738150e-01
-1.10166818e-01
-3.39316934e-01
5.59653938e-01
6.39047101e-02
1.08213234e+00
4.72846150e-01
9.30283546e-01
4.84627515e-01
6.60561502e-01
5.50785065e-01
5.14085889e-01
2.21395493e-01
3.32571745e-01
2.57406950e-01
-1.09778427e-01
8.74191940e-01
2.52891898e-01
1.70466974e-01
-4.52299428e-04
5.23493469e-01
6.60742402e-01
9.34091270e-01
4.75087821e-01
5.97512484e-01
1.10272300e+00
1.72827184e+00
1.62497950e+00
1.52590454e+00
1.49986529e+00
2.01912475e+00
1.71079957e+00
2.46637607e+00
2.07424641e+00
1.93574607e+00
2.28346848e+00
2.14703178e+00
1.58469081e+00
1.73066354e+00
2.24575329e+00
1.83106649e+00
1.25105333e+00
1.28018928e+00
1.05090797e+00
8.38631213e-01
1.20440066e+00
1.66796100e+00
2.70767140e+00
2.27659726e+00
2.05915999e+00
2.25866866e+00
3.33929157e+00
2.42048812e+00
3.50727439e+00
3.25398707e+00
3.48038292e+00
3.03957891e+00
3.15089917e+00
1.74625087e+00
2.50275898e+00
1.50550771e+00
1.43073797e+00
1.62220490e+00
1.82593131e+00
1.78953934e+00
1.88871610e+00
2.18477273e+00
1.53747356e+00
1.92547047e+00
1.03069818e+00
1.47667313e+00
1.04934239e+00
5.99957883e-01
1.23781991e+00
9.55747724e-01
1.00589561e+00
9.78155792e-01
1.19906712e+00
8.88564169e-01
7.64886677e-01
1.17384028e+00
1.09922993e+00
-1.02346301e+00
-1.65398192e+00
-1.59587824e+00
-1.40081596e+00
-1.30792809e+00
-1.41525853e+00
-1.81342876e+00
-1.30584729e+00
-5.58816135e-01
1.38623357e-01
-1.01689145e-01
4.72279847e-01
9.07883167e-01
1.48863828e+00
8.83864880e-01
1.58862233e+00
1.58161259e+00
1.59049523e+00
1.54816484e+00
2.28072882e+00
2.22311091e+00
2.27799940e+00
2.79192877e+00
2.78880429e+00
2.44752502e+00
2.67031217e+00
2.40944791e+00
2.43329310e+00
2.30038047e+00
1.72017527e+00
2.38649487e+00
9.45691288e-01
2.33845568e+00
-2.22648814e-01
1.64130449e+00
2.20891014e-01
1.47040260e+00
4.75545585e-01
7.57967293e-01
8.45689848e-02
1.06349885e+00
7.95921758e-02
8.50080431e-01
1.03912532e+00
8.55437636e-01
6.17204547e-01
1.51505649e+00
8.40569615e-01
1.30472553e+00
5.76412454e-02
-8.42367783e-02
-2.14369282e-01
-3.26335102e-01
-4.28480387e-01
-1.76871374e-01
-5.56517303e-01
-6.31824374e-01
-5.07319152e-01
-9.01264369e-01
-6.45384192e-01
-7.79826641e-01
-1.05214643e+00
-5.01357913e-01
1.77009612e-01
9.62398797e-02
-1.04291654e+00
-7.53418207e-01
-3.61052543e-01
-8.25793147e-01
-5.64180553e-01
-7.70700097e-01
-3.61889303e-01
-4.10143256e-01
1.65908262e-01
-9.30674970e-02
3.48259658e-01
6.48173876e-03
3.69008243e-01
-2.58134902e-01
2.98452586e-01
2.33879656e-01
4.78520602e-01
3.44415516e-01
6.32612467e-01
8.55254233e-01
6.65780783e-01
9.81599152e-01
6.13826811e-01
5.38882911e-01
5.33364415e-01
4.91798997e-01
9.83631611e-01
6.30223632e-01
-1.01568580e-01
6.75707459e-01
-3.07616979e-01
4.32591587e-01
-7.98996031e-01
5.37694097e-01
-9.95541215e-02
2.36616850e-01
2.46653959e-01
2.45913923e-01
-8.08682144e-02
2.61341870e-01
-2.17039093e-01
3.44572961e-01
-4.42175269e-01
-6.44962132e-01
-7.66828001e-01
-9.62204993e-01
-1.16525590e+00
-1.04564190e+00
-5.65503001e-01
-8.02473068e-01
-1.07854709e-01
-5.11135161e-01
-3.65276128e-01
-1.43541843e-01
-5.58622062e-01
-6.23401225e-01
-1.55981705e-01
-3.01248968e-01
4.42589186e-02
-1.69921741e-01
-2.85991281e-01
2.12352186e-01
8.05778205e-01
-1.14111474e-03
5.95926702e-01
2.74735361e-01
5.21913350e-01
4.62814659e-01
8.81738782e-01
3.24391305e-01
5.59037089e-01
2.08877757e-01
2.30472863e-01
1.52273372e-01
2.87790805e-01
2.40945250e-01
7.12078393e-01
3.57177705e-01
9.00146604e-01
8.73106599e-01
5.59159100e-01
7.25910366e-01
1.35456479e+00
8.93451035e-01
1.43825352e+00
1.37674177e+00
1.71817589e+00
1.12959766e+00
1.34450328e+00
1.55545568e+00
2.77197909e+00
2.74356055e+00
2.76619267e+00
3.97921705e+00
2.14246440e+00
4.12661362e+00
3.14551878e+00
3.70966244e+00
3.27897525e+00
3.91424823e+00
3.24075389e+00
3.76940036e+00
3.36047292e+00
3.53239942e+00
2.67965436e+00
3.08692026e+00
3.42550874e+00
3.14604306e+00
3.21448898e+00
3.50856519e+00
2.92104602e+00
3.78444123e+00
2.23566961e+00
1.88331795e+00
1.90010381e+00
2.22880030e+00
1.87974977e+00
1.62664008e+00
1.61374080e+00
1.38963687e+00
1.21308231e+00
9.03459191e-01
1.18993926e+00
1.21135771e+00
7.97909737e-01
1.28791571e+00
1.15213823e+00
-9.73759115e-01
-1.31741595e+00
-1.47924995e+00
-2.00093913e+00
-1.63995254e+00
-1.73022830e+00
-2.01502156e+00
-2.20560050e+00
-2.34055185e+00
-2.70718050e+00
-2.63401675e+00
-2.53327870e+00
-2.61199284e+00
-2.21358562e+00
-2.15548491e+00
-1.69094825e+00
-1.73523510e+00
-1.78188813e+00
-1.74263740e+00
-1.66910589e+00
-2.16851902e+00
-2.45845890e+00
-2.30333209e+00
-2.43175578e+00
-2.80562353e+00
-2.35650754e+00
-2.01214099e+00
-1.11849511e+00
-1.53805315e+00
-1.64945567e+00
-8.47856820e-01
-1.60416234e+00
-7.61912763e-01
-1.54420090e+00
-4.21383291e-01
-6.71193004e-01
-5.00664830e-01
-9.57261443e-01
-1.16821349e+00
-4.63020176e-01
-2.35385552e-01
-1.02297187e+00
6.48805737e-01
-2.23170578e-01
4.34289008e-01
6.43900752e-01
8.50757897e-01
-5.54317497e-02
7.79028535e-01
1.10284626e+00
1.15530145e+00
8.63055944e-01
1.05333090e+00
1.14096808e+00
1.20842612e+00
9.10290956e-01
5.65337718e-01
3.00894231e-01
-2.48121694e-01
2.02021524e-01
-3.73178393e-01
-5.78146577e-01
-2.70771384e-01
-1.30868936e-02
1.10374296e+00
-2.52163082e-01
2.77748734e-01
2.32460380e-01
6.03567883e-02
2.91204184e-01
3.03725481e-01
3.41666043e-01
-4.47882384e-01
-5.20029008e-01
-4.89854246e-01
-6.40699267e-01
-8.64421904e-01
-1.09758234e+00
-1.40646696e+00
-1.28283751e+00
-1.07480097e+00
-7.93846011e-01
-9.07989681e-01
-1.43613446e+00
-7.68123269e-01
-1.67004776e+00
-1.19943428e+00
-1.58841336e+00
-1.24111581e+00
-1.46688700e+00
-6.93697512e-01
-1.97435975e-01
-2.78892875e-01
-6.73038304e-01
4.21566591e-02
-5.12427390e-01
-6.04478735e-03
2.68222630e-01
2.29333639e-01
7.87348986e-01
1.02117479e+00
1.03451967e+00
1.06710076e+00
9.55675423e-01
6.81177855e-01
1.37535751e-01
1.62895843e-01
-2.17188060e-01
-3.49400103e-01
-2.85094857e-01
-1.73299164e-01
-9.31212783e-01
1.91525631e-02
2.81255662e-01
1.12443909e-01
-3.58859301e-02
2.71383315e-01
-4.20071520e-02
-1.20174155e-01
-3.30386430e-01
-4.11440760e-01
1.49224877e-01
-3.71323861e-02
2.19325259e-01
1.49023831e-01
5.00800945e-02
5.98372519e-01
6.82057381e-01
3.46142679e-01
3.74079257e-01
4.38297838e-01
6.09110057e-01
2.35150903e-01
5.03082037e-01
3.32735479e-01
5.05258024e-01
2.70921499e-01
9.65005636e-01
1.74049199e-01
9.55515563e-01
-1.29841194e-01
5.98802090e-01
1.32601887e-01
9.37364638e-01
-1.66754276e-01
5.36074162e-01
1.26798242e-01
7.45688006e-02
-4.83646899e-01
-5.04558146e-01
-6.99254930e-01
-1.04160595e+00
-9.91181076e-01
-1.33849978e+00
-2.34903485e-01
1.97578096e+00
1.17636800e+00
1.76685917e+00
1.72321129e+00
1.53188407e+00
1.78383732e+00
2.06747317e+00
1.14447498e+00
1.40476167e+00
1.22197151e+00
1.46758783e+00
1.55889797e+00
1.06630635e+00
4.89455611e-01
1.68388948e-01
-3.05551231e-01
-1.40781021e+00
-1.52317142e+00
-1.43409872e+00
-1.26886380e+00
-1.24215531e+00
-1.52937353e+00
-7.85028219e-01
-1.10800719e+00
-8.90944805e-03
-6.52944326e-01
-4.37354147e-01
-5.45348644e-01
-6.74423397e-01
-9.03988361e-01
-8.17339957e-01
-1.26221335e+00
-1.15445256e+00
-6.60215199e-01
-1.07968938e+00
-2.36088037e-01
-4.17051494e-01
2.17723712e-01
9.21768919e-02
7.85237029e-02
5.14640331e-01
5.62009752e-01
5.28756738e-01
1.26719251e-01
9.69341636e-01
1.09799898e+00
1.37547255e+00
7.86676466e-01
1.15603244e+00
1.05277479e+00
1.40570033e+00
1.50731528e+00
2.13630176e+00
1.63452530e+00
1.77395928e+00
1.66556919e+00
2.37647748e+00
1.87406588e+00
2.42800665e+00
2.39663792e+00
2.58105850e+00
2.18742561e+00
2.15048313e+00
1.76343095e+00
2.62106252e+00
1.97323370e+00
1.62544894e+00
2.92002177e+00
1.29188418e+00
3.15826726e+00
1.96818602e+00
2.77098322e+00
2.22911191e+00
2.69287419e+00
1.85612822e+00
1.92857540e+00
1.70058739e+00
2.26483750e+00
1.47350609e+00
2.50465703e+00
2.25638056e+00
2.85095406e+00
2.87337422e+00
3.07455802e+00
2.46296501e+00
3.67127061e+00
2.24659538e+00
2.38242340e+00
1.98927391e+00
2.85552049e+00
2.27030349e+00
2.52827239e+00
2.71052694e+00
2.53860831e+00
2.56243563e+00
2.28602195e+00
2.77735591e+00
2.36619544e+00
1.95059741e+00
2.83685851e+00
2.84539151e+00
-8.31751466e-01
-1.77704945e-01
-3.14723313e-01
-8.40835124e-02
-5.65642893e-01
-3.69044751e-01
-3.25457096e-01
-7.13828981e-01
-4.80255485e-01
-2.03003868e-01
-1.69366330e-01
9.78823230e-02
-4.77080762e-01
-3.28694493e-01
-6.82192445e-01
-5.40915549e-01
-5.69469988e-01
-4.32662964e-01
-7.48987138e-01
-1.16309369e+00
-1.27598083e+00
-1.65993178e+00
-1.52113521e+00
-1.81223929e+00
-2.16152740e+00
-1.64235294e+00
-2.82021713e+00
-2.92386150e+00
-2.14887214e+00
-2.18086696e+00
-1.31171668e+00
-1.56028092e+00
-9.77258086e-01
3.87156636e-01
-2.28482351e-01
1.41638744e+00
7.37641513e-01
1.13811803e+00
1.00940788e+00
2.55921578e+00
7.09682107e-01
1.63312948e+00
6.64802313e-01
1.26569557e+00
2.72283345e-01
5.51096261e-01
4.16835338e-01
5.22594273e-01
-3.36610675e-02
5.96446320e-02
-2.73685545e-01
-5.47135361e-02
-6.42444253e-01
-4.24706310e-01
-2.79244304e-01
-3.79468292e-01
-5.09289503e-01
-3.44571024e-01
-5.95823050e-01
-8.32040727e-01
-1.05361211e+00
-1.25544190e+00
-5.10828137e-01
-6.01054847e-01
-5.96824706e-01
-1.09616566e+00
-4.35531557e-01
-1.41706073e+00
-6.81208909e-01
-1.37123358e+00
-8.21466446e-01
-1.47836876e+00
-8.05364549e-01
-1.60330975e+00
-6.76740408e-01
-1.34766054e+00
-1.25518668e+00
-1.95247030e+00
-1.47258151e+00
-1.88314557e+00
-9.56510305e-01
-1.72317052e+00
-1.21900010e+00
-7.34876156e-01
-7.44666159e-01
-1.40557230e+00
-1.50741756e+00
-1.14938200e+00
-1.58815324e+00
-8.75415981e-01
-3.21643651e-01
8.77351239e-02
-5.40279627e-01
-3.95952761e-01
-7.36348391e-01
-1.52697191e-01
-1.39731362e-01
1.80782899e-01
-3.32427919e-01
1.90989539e-01
3.68870705e-01
4.69183654e-01
3.99988323e-01
-6.27111256e-01
5.34684025e-02
-9.67420220e-01
-1.19673181e+00
-2.76162958e+00
-2.29305649e+00
-2.07662034e+00
-2.62710333e+00
-3.29781628e+00
-2.24636245e+00
-2.21499062e+00
-1.90639961e+00
-1.44002116e+00
-1.18321455e+00
-9.93153930e-01
-7.38500118e-01
-4.73305106e-01
-4.97292757e-01
-6.75649107e-01
-5.16368449e-01
-7.82832503e-01
-2.71432996e-01
-1.47504643e-01
-1.33719027e+00
-1.31247592e+00
3.92961949e-01
-1.76653281e-01
-2.17975229e-01
9.28493589e-02
-3.31503749e-01
2.06761137e-02
-3.69282305e-01
-4.41271365e-02
-3.34227741e-01
-1.18608281e-01
-2.37645239e-01
-1.47684291e-01
-3.08336556e-01
-3.76228303e-01
-6.88355386e-01
-5.05964518e-01
-4.66173738e-01
-3.06411237e-01
-4.15477902e-01
-7.12632775e-01
-5.89224100e-01
-5.32556653e-01
-3.33373755e-01
-4.26946491e-01
-7.28959501e-01
-3.92517895e-01
-5.45625925e-01
3.15599591e-01
-1.54591709e-01
-7.06680298e-01
4.07751203e-02
-9.14522707e-01
1.71923622e-01
-1.36338246e+00
-7.76015222e-02
-7.46854484e-01
1.01186998e-01
-4.30684090e-01
-3.81687760e-01
-7.17278123e-01
3.72237355e-01
-1.15123546e+00
4.95739877e-01
-1.01953053e+00
-4.24379379e-01
-4.24352288e-01
4.40167077e-02
-6.51461899e-01
3.18144262e-01
1.36985958e-01
7.67943114e-02
3.47326207e-03
2.38970786e-01
3.78752142e-01
5.44019938e-01
1.86950162e-01
7.70206675e-02
4.15116757e-01
-5.13303727e-02
6.34954870e-01
-1.18436322e-01
-3.49642336e-01
6.32927775e-01
1.00198925e+00
3.83223355e-01
8.50650251e-01
5.45353174e-01
7.07083046e-01
5.56989014e-01
6.71373427e-01
5.77591836e-01
6.69358194e-01
5.31939507e-01
1.01189184e+00
2.03989506e-01
9.50061858e-01
7.58858263e-01
1.29508042e+00
4.49451625e-01
1.07026446e+00
1.17378026e-01
7.92863786e-01
4.27138627e-01
-2.45226800e-01
-2.17937738e-01
-3.89686406e-01
-9.23668668e-02
-4.69757378e-01
-2.51283586e-01
-3.41887444e-01
3.58541667e-01
1.32532430e+00
1.95338297e+00
1.81257021e+00
2.75541830e+00
1.82783496e+00
2.51276946e+00
2.74372101e+00
2.72509360e+00
2.42402792e+00
1.98256350e+00
1.86532402e+00
1.95586371e+00
2.67316341e+00
1.07547569e+00
1.12652564e+00
1.05371106e+00
1.76005542e+00
1.46570051e+00
9.78703678e-01
1.45468485e+00
1.57628047e+00
1.19974577e+00
1.17384470e+00
1.18361473e+00
5.32265186e-01
4.32334065e-01
2.09706694e-01
2.57092834e-01
-1.49088085e-01
-1.21065192e-01
-1.01104543e-01
-3.68793428e-01
-2.44397536e-01
-3.49380434e-01
-6.32288873e-01
1.13008834e-01
-1.41790673e-01
4.42770660e-01
2.18158737e-01
4.57316756e-01
2.61107951e-01
4.47053432e-01
3.09478641e-01
2.63191342e-01
5.39983213e-01
5.90710223e-01
1.05478799e+00
4.84938562e-01
9.35937583e-01
6.94237113e-01
1.01429224e+00
9.82692480e-01
9.97729957e-01
3.83149356e-01
1.04066694e+00
7.88425028e-01
2.22603674e-03
1.96882561e-01
9.63678409e-04
2.39734292e-01
-6.12143695e-01
-1.83136165e-01
-5.78772902e-01
7.00947642e-02
1.68877542e+00
1.96996546e+00
2.17200470e+00
2.85286260e+00
2.36529422e+00
2.50734830e+00
3.17719388e+00
3.25261068e+00
3.59109545e+00
3.06395745e+00
3.27220583e+00
2.91301298e+00
3.59736204e+00
1.58504021e+00
2.40697169e+00
1.64526939e+00
2.09978771e+00
1.98146558e+00
1.60880435e+00
1.43410027e+00
1.80688643e+00
4.13724214e-01
1.81838334e+00
1.59498763e+00
1.13444626e+00
5.54216087e-01
4.98536229e-01
3.50464404e-01
2.36351475e-01
2.16490537e-01
7.65377641e-01
4.99456257e-01
5.38273990e-01
1.35385603e-01
1.78757370e-01
3.96579504e-01
3.46937329e-01
2.83929914e-01
2.96741247e-01
-8.51809513e-03
2.30883941e-01
1.76632553e-01
1.00640535e-01
-1.83183849e-01
3.02086771e-01
2.05745414e-01
4.43587363e-01
-1.07281409e-01
4.72325504e-01
-1.04000425e+00
-4.54224974e-01
-8.65339041e-01
-4.70690906e-01
-1.20201278e+00
-6.78395569e-01
-9.33524728e-01
-5.88317335e-01
-1.00123763e+00
-2.07611156e+00
-1.82943404e+00
-2.01826382e+00
-2.11943007e+00
-2.47185183e+00
-9.94163573e-01
-1.23993254e+00
-1.75609815e+00
-7.95790374e-01
-1.04489255e+00
-8.33905756e-01
-9.53172445e-01
-1.07512617e+00
-4.24617864e-02
-4.81469274e-01
-7.45605290e-01
-4.90952671e-01
-9.10743833e-01
3.78095597e-01
4.55328748e-02
6.23760700e-01
8.77058089e-01
1.20083010e+00
9.07477677e-01
1.28816211e+00
1.35068703e+00
1.54597414e+00
1.09091628e+00
1.18156385e+00
1.25089908e+00
1.06136811e+00
1.16577065e+00
1.33152640e+00
6.35666549e-01
1.20580578e+00
1.02974761e+00
8.05829108e-01
2.54335970e-01
4.23375398e-01
7.57793307e-01
5.29061556e-01
5.06686568e-01
8.49971712e-01
2.25851148e-01
-6.83801949e-01
2.28440121e-01
-7.54691005e-01
6.06281281e-01
-5.54971874e-01
1.92494988e-02
-3.66325974e-01
9.02612329e-01
5.74277222e-01
7.01619148e-01
7.57841706e-01
1.94865239e+00
2.01950693e+00
2.30333853e+00
2.38009691e+00
2.25294113e+00
2.04650927e+00
2.36379433e+00
2.33182836e+00
2.23079324e+00
2.71296930e+00
2.65200901e+00
2.75934410e+00
2.69890571e+00
2.99505377e+00
3.22966886e+00
3.41941071e+00
3.87252498e+00
3.33964562e+00
3.70520973e+00
3.02767134e+00
3.27143455e+00
2.74487877e+00
2.83979726e+00
2.70205331e+00
3.21515942e+00
2.72941613e+00
3.00761890e+00
2.12919807e+00
2.14529037e+00
1.79054379e+00
2.20253611e+00
2.30769992e+00
2.57061124e+00
2.63740969e+00
3.06947207e+00
2.73248124e+00
2.64320230e+00
2.06400871e+00
2.20902085e+00
1.87667501e+00
2.13358188e+00
1.84832454e+00
1.44827878e+00
2.00144267e+00
1.71191871e+00
1.73701704e+00
1.97917807e+00
2.11694455e+00
1.81037474e+00
1.89550591e+00
2.29483223e+00
9.09318745e-01
2.37753853e-01
-7.94518232e-01
-9.95812714e-01
-1.51902974e+00
-1.71811211e+00
-1.63891053e+00
-1.54491079e+00
-1.59876597e+00
-1.10923433e+00
-8.95295084e-01
-1.03144205e+00
-9.44788396e-01
-9.58877265e-01
-7.45833397e-01
-1.01324129e+00
-7.77987421e-01
-1.02785480e+00
-1.11258662e+00
-1.10084951e+00
-1.06985283e+00
-1.19069505e+00
-1.88302100e+00
-1.89434552e+00
-1.80268204e+00
-1.97230959e+00
-2.08137155e+00
-1.56851327e+00
-1.57853496e+00
-2.08057809e+00
-1.78380084e+00
-2.21359777e+00
-1.22613108e+00
-1.95968068e+00
-1.36425507e+00
3.17571044e-01
-4.33133781e-01
-4.18554097e-01
-5.15275121e-01
-9.93353665e-01
-3.28580350e-01
2.09395647e-01
1.65752381e-01
9.29592729e-01
4.50996131e-01
5.80557644e-01
7.65426278e-01
5.60955822e-01
1.97141185e-01
4.77147609e-01
6.64305747e-01
4.57420856e-01
1.08938277e+00
8.72712135e-01
8.17185402e-01
1.10220480e+00
1.10270631e+00
1.00019300e+00
1.29445875e+00
1.19034755e+00
1.49985969e+00
1.48156285e+00
9.89317834e-01
1.98870718e+00
1.50905526e+00
-5.72512209e-01
-7.99048841e-01
-5.12873530e-01
-7.35316157e-01
-5.51815927e-01
-8.65853369e-01
-9.03776467e-01
-8.30187678e-01
-4.45476323e-01
1.71289563e-01
-2.44786054e-01
2.09378436e-01
4.89296108e-01
9.41276193e-01
7.32134104e-01
1.24857104e+00
9.13283288e-01
9.35255349e-01
9.81389999e-01
9.47009504e-01
7.14892507e-01
4.17374194e-01
7.85139203e-01
8.07786226e-01
5.26720524e-01
5.32332003e-01
4.81374152e-02
-3.03658354e-03
7.28478909e-01
9.26524520e-01
1.21182311e+00
4.05651689e-01
1.28563476e+00
1.17113255e-01
1.95892763e+00
1.30891871e+00
2.47162747e+00
1.59563208e+00
1.81880963e+00
2.33023763e+00
2.73395705e+00
2.15556526e+00
3.42891669e+00
3.28385353e+00
3.33534622e+00
3.16985512e+00
4.02011061e+00
2.86133361e+00
3.73611116e+00
2.30116868e+00
2.18763280e+00
2.24803662e+00
2.19657969e+00
1.82718349e+00
1.73537433e+00
1.57081521e+00
1.07551420e+00
9.52063262e-01
6.48117423e-01
8.18966866e-01
7.90079117e-01
-4.47529331e-02
1.42847073e+00
7.18557715e-01
-7.21554995e-01
-7.88486958e-01
-8.08028102e-01
-1.05456007e+00
-4.54344749e-01
-7.08377540e-01
-8.09310853e-01
-1.11812520e+00
-8.44137311e-01
-1.47653925e+00
-1.02795136e+00
-1.30917740e+00
-3.00840288e-01
-3.67766410e-01
1.00750297e-01
-3.14229667e-01
6.85667694e-01
1.87373646e-02
4.45500553e-01
3.85492623e-01
5.35732508e-01
1.63351083e+00
1.43728638e+00
1.50868201e+00
1.20972574e+00
1.61820376e+00
8.87288272e-01
1.21589601e+00
1.07789159e+00
1.17257953e+00
9.93261635e-01
7.39268661e-01
6.20383382e-01
6.57821298e-01
9.61907148e-01
5.95929921e-01
6.48491263e-01
4.01891232e-01
3.26544046e-01
9.43936050e-01
1.09014213e+00
1.10126066e+00
1.68315637e+00
2.20036340e+00
1.94494021e+00
1.90627205e+00
2.18032122e+00
1.71385169e+00
2.47746539e+00
1.58246100e+00
1.49019122e+00
7.88076699e-01
1.08478653e+00
1.03030658e+00
8.62550616e-01
8.93234193e-01
5.97229540e-01
7.59176970e-01
9.70505714e-01
1.09450543e+00
3.18438441e-01
5.97511709e-01
4.98959124e-01
3.09139490e-01
-1.88871715e-02
-1.20978989e-02
-5.51891029e-01
1.00468069e-01
-2.40502730e-01
5.85307889e-02
-3.11948091e-01
5.66133074e-02
-1.83930621e-01
3.60248655e-01
-2.54237294e-01
4.01755512e-01
1.12765856e-01
6.29658878e-01
1.13057695e-01
8.74521554e-01
-5.77692725e-02
8.11308384e-01
3.31827670e-01
3.10826957e-01
3.19561601e-01
-1.40967950e-01
2.98721790e-01
-1.05907254e-01
4.09395605e-01
4.88895439e-02
1.20843446e+00
1.40903747e+00
9.21379685e-01
4.37607139e-01
8.30982387e-01
9.34360623e-01
2.96079248e-01
4.01983142e-01
4.36084390e-01
-3.24189030e-02
-3.01234543e-01
-3.27931762e-01
-1.76040456e-03
-5.52160740e-01
-3.57228905e-01
-9.48822558e-01
-4.38213319e-01
-5.27777255e-01
-2.89407462e-01
-5.59848726e-01
-4.90445524e-01
-6.13165200e-01
-9.31733072e-01
-2.31948629e-01
1.09977633e-01
2.80905098e-01
-5.29486686e-02
2.11374667e-02
2.78910816e-01
-1.17738128e-01
-2.84390688e-01
-3.48046780e-01
-3.43011886e-01
-5.12027860e-01
-5.49442470e-01
-5.47300398e-01
-1.31054088e-01
-4.96791244e-01
1.45113781e-01
1.78755060e-01
-1.79513589e-01
1.00946677e+00
6.78315103e-01
8.78864765e-01
2.30018437e-01
1.44522333e+00
1.70119095e+00
1.89228857e+00
1.45042181e+00
1.72144282e+00
1.90060353e+00
1.90208590e+00
1.99313712e+00
2.15875149e+00
1.65368283e+00
2.19422817e+00
1.88419497e+00
2.05302382e+00
1.97798920e+00
2.87253666e+00
2.88197613e+00
2.72453761e+00
2.76156330e+00
2.76592374e+00
2.83932257e+00
4.32830238e+00
3.73825002e+00
2.47485399e+00
4.25605154e+00
2.11115050e+00
4.15171385e+00
2.17373347e+00
2.39241624e+00
1.66519701e+00
2.10701990e+00
1.49239814e+00
2.14399171e+00
6.08719766e-01
1.24538589e+00
7.73118287e-02
-1.91006526e-01
3.15860957e-01
-2.75200214e-02
-2.72081137e-01
-1.78527787e-01
-6.85953081e-01
-4.18986291e-01
-7.24378109e-01
-6.08448148e-01
-8.99026871e-01
-5.67224562e-01
-5.11382997e-01
-9.33611318e-02
-3.63852650e-01
-3.39105614e-02
4.00698870e-01
3.86086851e-01
6.63714886e-01
1.55273341e-02
1.93321541e-01
5.11879444e-01
1.39787149e+00
-1.28766194e-01
-1.22537053e+00
-8.52992475e-01
-1.24373746e+00
-1.07441914e+00
-1.13328385e+00
-1.01996374e+00
-7.25393176e-01
-9.74206686e-01
-9.19621587e-01
-9.01536942e-01
-1.05968940e+00
-2.45255184e+00
-2.83707523e+00
-2.06536198e+00
-2.81847882e+00
-2.77073216e+00
-2.76401830e+00
-2.76580000e+00
-3.11084652e+00
-3.23302555e+00
-3.07047892e+00
-2.76215100e+00
-2.83225727e+00
-2.62974191e+00
-2.59362650e+00
-2.09699035e+00
6.28526926e-01
1.33157444e+00
1.84028935e+00
1.62097490e+00
1.40553951e+00
1.70687771e+00
5.91477692e-01
-5.44556640e-02
-1.68651000e-01
2.96037972e-01
2.71961451e-01
2.72177756e-01
-8.90322447e-01
-4.06342894e-01
-7.96670735e-01
-1.26795685e+00
-1.79035306e+00
-1.42963564e+00
-1.29989719e+00
-1.57011998e+00
-8.98972213e-01
-1.37865305e+00
-7.08930969e-01
-8.91915858e-01
-6.06059551e-01
-6.31013453e-01
-5.52349508e-01
-8.33931148e-01
-2.87775487e-01
1.81625605e-01
5.68741620e-01
1.61285833e-01
-1.83090374e-01
-1.72962293e-01
-3.30687165e-01
-4.88722891e-01
1.72288492e-01
1.25902593e+00
6.59658730e-01
1.21437144e+00
1.22804916e+00
8.89830649e-01
1.03719997e+00
1.30497456e+00
1.12534273e+00
1.19102836e+00
1.29931188e+00
1.25321257e+00
9.98872817e-01
1.78218412e+00
1.40691471e+00
1.16763818e+00
8.25493157e-01
9.28954601e-01
1.06414282e+00
1.06728256e+00
1.61512494e-01
5.30621350e-01
1.22064590e+00
9.74496305e-01
8.94595325e-01
1.29795778e+00
1.07326865e+00
1.17129064e+00
1.67202938e+00
1.76515567e+00
1.38728738e+00
1.28338253e+00
1.19527864e+00
1.10807979e+00
9.05730665e-01
9.03623581e-01
2.83791900e-01
2.30375722e-01
2.09939718e-01
5.47519267e-01
-5.15341699e-01
-7.57488161e-02
-1.41779530e+00
-1.16797149e+00
-1.88233054e+00
-1.75662732e+00
-1.67341006e+00
-1.59795892e+00
-1.83921719e+00
-1.68498898e+00
-5.45531809e-01
-1.03112316e+00
-3.27901393e-01
-7.78023362e-01
-3.55809897e-01
-4.12599564e-01
-5.35808086e-01
-5.15354514e-01
-9.11346748e-02
1.61289424e-01
5.99074483e-01
-3.86752427e-01
-1.13227002e-01
1.48596442e+00
8.09105635e-01
-6.69089437e-01
-5.13018519e-02
-5.95705092e-01
-4.12836283e-01
-6.63543463e-01
-2.66147316e-01
-6.57744586e-01
-8.34477365e-01
-5.76743364e-01
-4.89299715e-01
-3.97417873e-01
-5.40158153e-01
6.03054345e-01
6.94578350e-01
7.48833716e-01
6.62141919e-01
1.00228655e+00
1.06393778e+00
1.06539381e+00
7.85634935e-01
1.38449538e+00
8.76976490e-01
9.81069922e-01
5.10138988e-01
7.01295435e-01
5.53738594e-01
1.21071231e+00
-5.42415082e-01
-6.99635506e-01
-5.41920483e-01
-8.95093858e-01
-4.99760844e-02
-1.06485355e+00
3.29262763e-01
4.87008691e-01
6.97481811e-01
-5.83042689e-02
4.08791721e-01
5.84863663e-01
8.00468683e-01
5.26499808e-01
1.10044646e+00
5.50609350e-01
2.11208081e+00
1.05646825e+00
1.07134855e+00
1.77459061e+00
7.17799127e-01
1.53320119e-01
-1.07271545e-01
-3.53220433e-01
-5.43474078e-01
-9.81484711e-01
-7.08849072e-01
-7.50956237e-01
-1.38243055e+00
-1.51795256e+00
-1.70874441e+00
-1.31931841e+00
-1.81904423e+00
-1.66985381e+00
-1.48898876e+00
-1.80532551e+00
-2.12437510e+00
1.38482642e+00
1.13069808e+00
1.46239567e+00
1.54056942e+00
9.67101038e-01
9.88273382e-01
1.31066060e+00
1.34620261e+00
1.17580509e+00
1.41710317e+00
1.04161119e+00
1.13232017e+00
3.96502674e-01
3.11538994e-01
-3.03658582e-02
2.97196865e-01
-6.66240826e-02
3.05311590e-01
-3.79330702e-02
2.31689191e-03
-2.78829068e-01
6.35106862e-02
-4.19879794e-01
-2.29683742e-01
-3.95140678e-01
-7.73692906e-01
-1.05430126e+00
-1.24491572e+00
-2.18542504e+00
-2.06260061e+00
-2.71219349e+00
-1.71727991e+00
-2.64170313e+00
-2.31511903e+00
-2.27397299e+00
-2.28910351e+00
-2.92591405e+00
-2.54186511e+00
-2.60624790e+00
-1.99763334e+00
-1.82580853e+00
-1.55667830e+00
-1.29535294e+00
-1.23283744e+00
-1.68577147e+00
-1.10148335e+00
-8.02275658e-01
-9.91408765e-01
-2.24180192e-01
-5.90293229e-01
-6.08289838e-01
1.14854136e-02
1.07149431e-03
3.89587969e-01
-9.11859646e-02
1.13868579e-01
1.51128054e-01
9.70615298e-02
-4.00885731e-01
1.55836955e-01
3.70263159e-01
-1.22013055e-01
9.65389431e-01
9.52135265e-01
-4.12217490e-02
-7.44374245e-02
-1.16433524e-01
1.94476470e-01
2.55341709e-01
1.53773069e-01
2.50163853e-01
4.45170552e-01
7.55699813e-01
9.79495287e-01
9.30377543e-01
1.06738043e+00
1.88648009e+00
1.93184936e+00
1.84878421e+00
1.72935236e+00
1.90297008e+00
1.47480631e+00
1.73265505e+00
1.62167001e+00
1.60658932e+00
2.47836375e+00
2.05164957e+00
2.13682151e+00
1.58071685e+00
2.02301574e+00
1.18590486e+00
2.17058516e+00
2.53936458e+00
3.15555120e+00
2.87923408e+00
2.39275718e+00
3.11796761e+00
2.98677993e+00
2.30523539e+00
2.37552094e+00
2.03381157e+00
2.25328255e+00
2.31535435e+00
1.93483043e+00
1.42897081e+00
2.14408827e+00
1.31904387e+00
2.31613111e+00
1.69267809e+00
1.75084472e+00
1.93289137e+00
2.34407759e+00
2.35554433e+00
1.32748508e+00
1.17218506e+00
1.08695543e+00
1.29510653e+00
1.26335800e+00
6.01851106e-01
1.17064714e+00
1.15920520e+00
9.99710143e-01
9.34783816e-01
1.33880603e+00
9.04430568e-01
9.13655400e-01
1.38120997e+00
1.61412263e+00
5.64912736e-01
5.88711724e-02
6.13120198e-01
9.71270859e-01
5.76714456e-01
5.08952796e-01
9.93241966e-01
1.07845557e+00
6.90671742e-01
6.40530348e-01
3.56525511e-01
2.66692072e-01
-2.01630071e-01
-6.02910876e-01
-3.45104098e-01
-4.27847862e-01
-3.06043506e-01
-5.34627326e-02
-2.87134886e-01
-3.64940643e-01
3.17629427e-02
-1.59780288e+00
-1.33520555e+00
-1.89031494e+00
-1.38645339e+00
-2.26592040e+00
-1.55173790e+00
-2.16920495e+00
-3.04049277e+00
-3.17262721e+00
-2.48132682e+00
-2.06884885e+00
-2.15115404e+00
-1.40251875e+00
-1.55992484e+00
-1.00415182e+00
-1.97482634e+00
-1.55213618e+00
-2.13753295e+00
-7.28570700e-01
-1.74824989e+00
-9.77149487e-01
-1.60888314e+00
-9.02949929e-01
-1.31685805e+00
-1.03445661e+00
-8.57946455e-01
-7.50519991e-01
-4.88081515e-01
-5.09399295e-01
-4.10728574e-01
-8.62852991e-01
-1.85142711e-01
-2.55345255e-01
-7.00866520e-01
-1.80135772e-01
-1.65522560e-01
6.90327361e-02
4.70839515e-02
9.48375463e-02
5.87665796e-01
7.03017056e-01
1.08661816e-01
5.39337933e-01
2.16858700e-01
-5.70038930e-02
1.42377988e-01
-4.50468063e-01
2.80519705e-02
-2.42404014e-01
-2.01136082e-01
-3.24929357e-01
-3.49789441e-01
-5.53393126e-01
-3.53455722e-01
-6.16473854e-01
-2.13146523e-01
-3.79059702e-01
3.34131643e-02
-4.75462198e-01
-2.42522433e-01
-4.08782363e-01
-6.80140853e-02
-9.04146552e-01
-8.04181874e-01
-1.13885915e+00
-1.06429458e+00
-1.46987689e+00
-1.60155857e+00
-1.51793051e+00
-6.14911795e-01
1.37493122e+00
1.63216865e+00
3.13362932e+00
2.74815202e+00
2.24870038e+00
3.13823390e+00
3.23380923e+00
2.64987803e+00
2.78575540e+00
3.27943277e+00
3.21369433e+00
2.86064148e+00
2.77278447e+00
2.61614251e+00
2.59589171e+00
2.98235798e+00
2.10997081e+00
2.42790961e+00
2.80627036e+00
2.82971120e+00
2.93149972e+00
3.08003044e+00
3.02261281e+00
2.65260005e+00
2.57593608e+00
2.65248036e+00
2.40409708e+00
1.58644736e+00
2.02147603e+00
1.60794234e+00
1.53708887e+00
1.19218528e+00
1.57520330e+00
9.30694282e-01
8.64393055e-01
1.18086791e+00
9.54966247e-01
-8.88156950e-01
-1.87364364e+00
-1.41622806e+00
-2.01384974e+00
-1.35574973e+00
-1.95217657e+00
-1.89550602e+00
-1.75640583e+00
-1.27644467e+00
-1.77272832e+00
-1.78111100e+00
-1.77558649e+00
-2.33476758e+00
-2.55549693e+00
-2.11473942e+00
-2.26965618e+00
-2.24648738e+00
-2.45596886e+00
-2.47636127e+00
-2.47123742e+00
-2.64285588e+00
-2.88233900e+00
-2.73107719e+00
-2.63554573e+00
-2.35161757e+00
-2.68620133e+00
-2.31305981e+00
5.81794754e-02
-1.08584791e-01
-5.75244911e-02
5.97117960e-01
3.84725332e-01
7.19818115e-01
1.97932079e-01
6.12557173e-01
8.04674268e-01
1.50714827e+00
1.11043835e+00
8.25480223e-01
2.79257774e-01
9.58664536e-01
9.67593908e-01
1.27587259e+00
1.19432950e+00
1.64816284e+00
1.65724790e+00
1.53523672e+00
1.15210354e+00
9.58087623e-01
1.59861696e+00
1.48144984e+00
5.01147568e-01
1.08089471e+00
8.44986141e-01
9.11818564e-01
9.19437408e-01
6.54493093e-01
8.09224844e-01
8.85362923e-01
1.00014186e+00
4.01851028e-01
6.85133278e-01
3.00336272e-01
5.02275407e-01
3.39866847e-01
-2.84131438e-01
-1.83408529e-01
-4.60155159e-01
-3.88327450e-01
-1.66745499e-01
-3.54687721e-01
-4.44913924e-01
-1.04930103e+00
-9.88742709e-01
-8.42260122e-01
-9.15212035e-01
-1.42528546e+00
-1.31955659e+00
-1.56232905e+00
-1.20634770e+00
-8.26752245e-01
-9.88221169e-01
-9.33327794e-01
-2.61483192e-01
-3.41088891e-01
1.81989208e-01
3.45098436e-01
6.86927259e-01
4.42128628e-01
5.60817540e-01
6.51160836e-01
5.20257831e-01
6.13494635e-01
-1.12757318e-01
7.15115070e-01
-6.53684258e-01
7.10741282e-01
-4.36525881e-01
1.81032503e+00
8.80219460e-01
9.74833250e-01
5.92743933e-01
1.25032222e+00
1.57076752e+00
1.29205441e+00
2.29002938e-01
3.74657393e-01
9.73618269e-01
1.85328558e-01
6.45710647e-01
9.80526447e-01
1.81513913e-02
2.44072959e-01
2.52261460e-01
-3.11484605e-01
3.67052436e-01
-6.12841137e-02
2.13930860e-01
1.04219101e-01
-1.98225066e-01
2.36798860e-02
3.68738025e-01
8.62291530e-02
2.29143143e-01
1.17033616e-01
2.13290118e-02
7.25887001e-01
8.03147972e-01
1.25426471e-01
-5.27504645e-02
5.88904083e-01
-5.39627194e-01
5.85134625e-01
-2.97034681e-01
1.14027753e-01
-6.01456225e-01
5.13878107e-01
-4.46510375e-01
5.18439829e-01
-3.29526007e-01
1.18933904e+00
4.80907708e-01
1.02895701e+00
2.08697394e-01
1.06398880e+00
3.79174888e-01
8.96843553e-01
1.94933429e-01
6.02533937e-01
6.74303472e-01
5.92107177e-01
5.09062111e-01
4.83376920e-01
1.12638617e+00
6.82481706e-01
4.10370588e-01
3.97226751e-01
6.14711404e-01
-5.24150021e-02
1.01745224e+00
-3.80459249e-01
-1.84040353e-01
-9.86598656e-02
-3.65364283e-01
1.36575988e-02
-2.35212177e-01
-2.33767390e-01
-9.89603817e-01
6.64279699e-01
-3.49599123e-01
6.30596042e-01
-3.62933040e-01
2.69122899e-01
-6.64376244e-02
-9.90663767e-02
-6.44309342e-01
-4.23413604e-01
4.57861498e-02
-5.38306534e-02
2.46695131e-01
-3.58881876e-02
4.04899269e-01
5.51563799e-01
5.63910723e-01
5.24884105e-01
6.53834939e-01
1.09825015e+00
9.10774589e-01
2.89831102e-01
7.14684904e-01
-1.97226077e-01
-4.12960261e-01
-1.03709757e+00
-1.35041213e+00
-1.55906177e+00
-1.80192447e+00
-1.41132939e+00
-1.47553813e+00
-1.65563071e+00
-1.99150455e+00
-1.44878304e+00
-1.57769787e+00
-1.39220679e+00
-1.29915929e+00
-7.77662575e-01
-4.10531938e-01
-8.35600257e-01
-7.08432376e-01
-3.87251675e-01
-5.39917529e-01
-4.58393782e-01
-4.29134816e-01
-5.13977110e-02
-7.92975783e-01
-6.70754313e-01
-8.47166777e-01
-9.79079902e-01
-8.85611355e-01
8.48590016e-01
-2.00565979e-01
-4.59907740e-01
1.93148032e-01
-4.19391274e-01
-2.22374246e-01
-6.35053888e-02
8.44598413e-02
1.69481111e+00
4.72226948e-01
5.77593036e-02
2.46227533e-01
-8.99489149e-02
5.29474616e-01
1.19690865e-01
-1.64289564e-01
1.91578314e-01
-2.64984637e-01
-5.84568560e-01
-6.05317689e-02
4.10308599e-01
-4.20569360e-01
-4.58843112e-01
1.98545237e-03
-2.23596394e-01
-5.02585247e-02
-4.20196265e-01
8.52206498e-02
-4.70553413e-02
-1.63175225e-01
-2.86691397e-01
-3.73948306e-01
-5.60665965e-01
-3.16654116e-01
-3.92329395e-01
-4.09237087e-01
-4.48382974e-01
-4.36196417e-01
-9.47822332e-01
-1.63298464e+00
-1.75219536e+00
-1.84867299e+00
-2.26042247e+00
-1.89309120e+00
-1.99147213e+00
-1.89091074e+00
-2.00511384e+00
-2.03494382e+00
-1.77945328e+00
-2.00081444e+00
-2.24605346e+00
-2.47061443e+00
-1.83361804e+00
-2.47018623e+00
-2.04131699e+00
-2.37101245e+00
-2.16021037e+00
-2.18086720e+00
-2.15450001e+00
-1.97721744e+00
-1.95980644e+00
-2.01184559e+00
-1.82416666e+00
-2.10417771e+00
-1.53939259e+00
1.26868796e+00
1.36103225e+00
2.59425473e+00
2.07436275e+00
2.13362122e+00
2.11853909e+00
2.35544920e+00
1.19827127e+00
1.28157127e+00
1.24495339e+00
1.42666340e+00
1.22013807e+00
5.13967514e-01
7.21196413e-01
1.12026656e+00
9.51276243e-01
9.71948087e-01
9.28550005e-01
1.15669882e+00
1.13685131e+00
1.22125387e+00
1.48171186e+00
9.64789689e-01
1.23170686e+00
7.61382461e-01
1.02295268e+00
7.33734906e-01
5.59193976e-02
3.30870926e-01
1.34188801e-01
8.27650726e-02
-4.51754272e-01
-4.15496886e-01
-2.65786290e-01
-4.78910387e-01
-8.31871510e-01
-7.57381618e-01
-7.46376663e-02
-4.80696142e-01
-1.94204852e-01
-6.13243997e-01
-1.09573184e-02
-4.79251742e-01
-2.16396302e-01
-5.79487741e-01
-3.35994869e-01
-1.75869524e-01
1.88349918e-01
1.47745088e-01
6.78829337e-03
-6.77633286e-02
-2.18307599e-01
-3.32073063e-01
-2.26805925e-01
-2.68907920e-02
-1.89582966e-02
1.32401332e-01
6.15374863e-01
-3.25497121e-01
3.48341949e-02
-3.93973589e-01
-4.62410629e-01
-1.56545173e-02
2.04381406e-01
-1.53407300e+00
-1.32677627e+00
-1.87804806e+00
-1.57251108e+00
-1.63269699e+00
-1.43165743e+00
-1.37918806e+00
5.72313964e-02
-1.74043775e-02
-9.37869598e-04
-3.71963456e-02
3.53315398e-02
7.24060178e-01
1.57437339e-01
2.10593387e-01
-3.77332978e-02
4.65719402e-01
-9.69666094e-02
4.23781753e-01
7.15728879e-01
2.94871837e-01
-2.90772408e-01
3.04788575e-02
1.33815324e-02
4.54333007e-01
9.95638967e-02
4.01250273e-01
2.60629803e-01
6.36368215e-01
1.01421893e+00
1.12985110e+00
9.79561388e-01
5.39565980e-01
7.24619031e-01
7.24435627e-01
9.29660559e-01
6.31856561e-01
1.41172677e-01
-5.37025690e-01
-5.60422122e-01
-1.86809883e-01
-1.15564692e+00
-4.83116508e-01
-5.25278986e-01
-2.67674387e-01
1.26830280e-01
7.62622058e-01
7.13028491e-01
5.60899019e-01
9.96970177e-01
6.94913983e-01
4.75721478e-01
1.41666487e-01
2.36697420e-01
2.44216248e-01
2.02587545e-01
-3.22789401e-01
7.90885091e-02
-4.55857247e-01
-2.64763921e-01
-4.93738919e-01
-5.42440832e-01
-1.71216384e-01
-1.29786634e+00
-1.01155424e+00
-1.01060641e+00
-7.46888638e-01
-1.84848571e+00
-4.33801651e-01
-1.67337668e+00
-1.80597723e+00
-2.63630438e+00
-2.88004279e+00
-3.19592047e+00
-2.71603560e+00
-3.10391212e+00
-3.50248647e+00
-2.74590874e+00
-2.57095551e+00
-2.48523974e+00
-2.85569215e+00
-2.88502789e+00
-3.09101200e+00
-2.69798422e+00
-2.47023773e+00
-2.55807400e+00
-2.67930293e+00
-2.70161533e+00
-1.89821887e+00
-2.39706588e+00
-1.74550569e+00
-1.80732048e+00
-2.05860114e+00
-1.50546682e+00
-1.01004577e+00
-1.46380389e+00
-1.29500127e+00
-1.21643686e+00
-1.61213660e+00
-1.23320949e+00
-5.47056377e-01
-6.54900908e-01
-1.84772289e+00
-2.22758365e+00
-2.04855704e+00
-2.41878605e+00
-2.30688000e+00
-2.20459151e+00
-2.42706656e+00
-2.05048966e+00
-1.44845104e+00
-1.69951034e+00
-1.11401010e+00
-8.42919171e-01
-1.75280094e-01
-7.44155049e-01
-1.18633181e-01
-2.99069583e-01
-3.74311507e-01
-2.60760665e-01
-8.81990418e-03
1.59482613e-01
-3.23864788e-01
-1.68936193e-01
7.55055100e-02
-1.08874708e-01
1.02403857e-01
4.87559199e-01
-2.96004266e-01
4.17632431e-01
5.41050196e-01
-1.73315540e-01
2.83809990e-01
3.23384702e-02
4.08811539e-01
5.55212080e-01
1.33667481e+00
1.58506167e+00
1.49136615e+00
1.42725551e+00
1.27483356e+00
1.63517916e+00
9.62797403e-01
2.07712460e+00
1.41602159e+00
1.76778448e+00
1.34296572e+00
2.02866507e+00
1.09620476e+00
1.91870880e+00
1.02231956e+00
1.39775527e+00
2.11273313e+00
1.74432063e+00
2.01450229e+00
1.71955431e+00
1.74656355e+00
1.41485023e+00
1.31883907e+00
1.12087226e+00
1.28788352e+00
1.58272135e+00
8.02562833e-01
2.02825546e+00
1.04298484e+00
-1.59898132e-01
-1.79418385e-01
1.01535574e-01
-3.94257069e-01
1.79938257e-01
-6.33620694e-02
3.59205492e-02
-5.67808688e-01
-4.88738924e-01
-8.41399968e-01
-3.11726719e-01
-7.61913002e-01
-1.75358683e-01
-4.67355132e-01
-2.01052785e-01
-5.19248307e-01
3.66004467e-01
-1.35972738e-01
3.28581780e-01
2.26515755e-01
8.08053613e-01
-3.02586728e-03
1.97387412e-01
-6.70676231e-02
-4.05493766e-01
2.71398216e-01
1.40777481e+00
8.72180045e-01
6.94774389e-01
1.63085759e+00
5.04402101e-01
7.36152411e-01
8.34763348e-01
1.04039192e+00
1.59270895e+00
1.00751567e+00
8.26089382e-01
1.00329304e+00
7.40202844e-01
6.37449086e-01
7.99818099e-01
3.73745561e-01
7.05634058e-01
1.04968660e-01
-2.26296023e-01
1.55321270e-01
8.83183241e-01
6.22705482e-02
5.90771675e-01
1.90876216e-01
1.87582329e-01
5.17692029e-01
5.91261327e-01
8.28531802e-01
2.97016859e-01
5.10295868e-01
3.39444309e-01
1.32265329e-01
5.84189072e-02
5.92480078e-02
2.09356844e-01
1.88085377e-01
-2.44820267e-01
-3.38998675e-01
8.93319368e-01
2.13418677e-01
9.23345566e-01
8.81833375e-01
1.14738750e+00
6.37819707e-01
9.96286750e-01
1.18975139e+00
1.63755894e+00
1.61957395e+00
1.71092331e+00
1.42512000e+00
2.42449284e+00
1.92978621e+00
2.70701981e+00
2.27650285e+00
2.34773684e+00
2.67104959e+00
2.72572565e+00
2.03420234e+00
2.29494262e+00
2.96897793e+00
2.95420551e+00
2.41246700e+00
3.05696368e+00
2.52789664e+00
2.89718175e+00
3.09410882e+00
3.38028455e+00
3.94859290e+00
3.40462708e+00
3.29567766e+00
2.93783927e+00
3.61930370e+00
3.56470132e+00
3.44034243e+00
3.22405457e+00
3.36012030e+00
3.00696635e+00
2.72110510e+00
2.04933739e+00
2.60869789e+00
1.28316820e+00
2.25898910e+00
1.77872896e+00
1.55647945e+00
9.61603403e-01
1.30589366e+00
1.22791636e+00
1.32124436e+00
1.18627810e+00
8.20137203e-01
6.65118456e-01
2.94281423e-01
2.99966395e-01
2.14228019e-01
3.54111642e-01
9.34319377e-01
1.05076182e+00
1.00139368e+00
6.91532314e-01
7.51129329e-01
7.54849434e-01
8.59016001e-01
-1.39264226e-01
-1.38416648e-01
-9.85953361e-02
-2.26226076e-01
-2.53483772e-01
-2.73670852e-01
-2.20109791e-01
-5.24182498e-01
-1.85832694e-01
-6.32559836e-01
-1.75218135e-01
-6.67717636e-01
-2.60608613e-01
-9.01450336e-01
-2.48454228e-01
-1.11584163e+00
-2.55690604e-01
-8.66208136e-01
-4.50101286e-01
-8.04731727e-01
-5.24199009e-01
-6.59042001e-01
-7.22817719e-01
-8.06513488e-01
-1.03705323e+00
-5.00014246e-01
-1.43471575e+00
-3.26518536e+00
-3.28263235e+00
-3.55671072e+00
-3.65080404e+00
-2.73207092e+00
-3.45648456e+00
-2.80503011e+00
-3.69045329e+00
-2.72450662e+00
-3.40024114e+00
-2.95257401e+00
-3.45658302e+00
-2.43587160e+00
-2.81263328e+00
-2.05800319e+00
-1.59728789e+00
-2.16835570e+00
-2.12999153e+00
-1.62377489e+00
-2.07729173e+00
-2.15732884e+00
-1.72280765e+00
-1.37635529e+00
-9.22701597e-01
-5.20967662e-01
-3.86336625e-01
-1.39978722e-01
-2.48304203e-01
1.63270921e-01
-1.87934682e-01
-1.74991563e-01
1.00473538e-01
-8.30624551e-02
-1.88857168e-01
-4.03442048e-02
-3.32363933e-01
-6.78597450e-01
6.59725606e-01
5.84337533e-01
5.29963195e-01
1.39655650e+00
1.01032031e+00
1.10417831e+00
9.11265016e-01
1.60458004e+00
1.95711684e+00
2.14775014e+00
1.84683990e+00
2.07596684e+00
2.47132921e+00
2.45838761e+00
2.64095283e+00
2.85024238e+00
2.75934386e+00
2.75458908e+00
2.83172679e+00
3.38376951e+00
3.34521317e+00
4.91497421e+00
4.64757586e+00
4.89444256e+00
4.69758987e+00
5.26600361e+00
4.74547005e+00
5.20804405e+00
5.50152063e+00
4.53192425e+00
5.07240343e+00
3.62034249e+00
5.12870073e+00
3.70660591e+00
3.53022099e+00
3.39826107e+00
3.75327706e+00
3.20361543e+00
3.79979324e+00
1.91674948e+00
2.62966108e+00
1.21255755e+00
1.23795092e+00
1.03599083e+00
1.23687029e+00
6.86639309e-01
6.92575693e-01
-1.01126463e-03
3.86606574e-01
1.40746966e-01
1.76102683e-01
3.25474024e-01
3.48943770e-01
2.70117283e-01
5.31357050e-01
5.36431074e-01
6.63063109e-01
5.54923654e-01
9.44508553e-01
8.59658480e-01
7.56005406e-01
6.25051439e-01
8.42545033e-01
8.07036102e-01
-2.12412447e-01
-9.52569246e-01
-7.52022266e-01
-5.84453642e-01
-3.84540319e-01
-5.13586164e-01
-6.29660189e-01
-2.64286637e-01
3.65090340e-01
6.16010487e-01
4.77381557e-01
9.51054990e-01
7.72867858e-01
1.13139451e+00
2.99393743e-01
8.49528849e-01
5.74381471e-01
6.50039375e-01
6.71703100e-01
7.12631345e-01
9.75090683e-01
-2.53338963e-01
8.73016044e-02
-4.43928316e-02
-4.52421933e-01
8.04681852e-02
3.40613842e-01
3.44550163e-01
1.65336460e-01
-2.88656116e-01
2.99481839e-01
-1.32440194e-01
5.84415972e-01
5.51022649e-01
1.15524757e+00
1.26176572e+00
1.64694381e+00
1.22677886e+00
1.73649395e+00
9.03262615e-01
1.87953448e+00
6.14938438e-01
2.03438926e+00
1.35867023e+00
1.81494594e+00
1.76576090e+00
2.78452897e+00
1.19454038e+00
2.38402271e+00
9.07398641e-01
1.43113101e+00
1.27442622e+00
1.42827702e+00
1.14079726e+00
1.49048865e+00
1.51724684e+00
1.34741366e+00
1.32976246e+00
1.52940214e+00
1.59337735e+00
1.54579532e+00
1.18888640e+00
1.75372458e+00
1.27010632e+00
3.12918574e-01
7.91866362e-01
3.63786966e-01
6.11842632e-01
6.10454082e-01
1.23580897e+00
8.45839083e-01
7.50163019e-01
5.31876326e-01
4.74070162e-01
6.89255297e-01
5.09337068e-01
1.04596722e+00
1.16706252e+00
9.17118251e-01
7.90043712e-01
9.77985144e-01
7.52915442e-01
8.38486373e-01
5.94352305e-01
6.46663785e-01
1.08786392e+00
9.10662830e-01
7.88908541e-01
7.41593361e-01
7.38369942e-01
-2.51076370e-01
9.42681208e-02
-2.43770018e-01
-1.43213362e-01
2.31009379e-01
1.09276183e-01
-1.15915611e-01
4.80743617e-01
1.23090416e-01
-7.31217442e-03
-6.83127880e-01
-6.33395553e-01
-6.79489374e-01
4.70149070e-01
-6.90275952e-02
1.35465100e-01
4.26757336e-01
1.37738347e+00
8.72463286e-01
7.49208868e-01
8.12356353e-01
1.19030356e+00
9.59031165e-01
9.41464305e-01
7.70806730e-01
4.42976773e-01
5.55810452e-01
5.06412029e-01
5.48570514e-01
6.51711464e-01
9.41850603e-01
9.49528396e-01
9.31308746e-01
8.50928366e-01
2.49444425e-01
5.21479428e-01
6.15097344e-01
8.46192837e-01
-3.85716558e-01
-5.74483573e-01
-1.90093517e-01
-7.08449721e-01
-5.58891952e-01
-7.73377657e-01
-4.97014403e-01
-8.75662684e-01
-1.27984655e+00
-1.18187654e+00
-1.31704354e+00
-1.19852293e+00
-7.22653627e-01
-4.90148038e-01
-4.15134877e-01
-3.07022214e-01
2.41939485e-01
3.45969379e-01
2.63881296e-01
2.97371089e-01
8.96805406e-01
1.27785122e+00
1.53004909e+00
1.00364292e+00
1.21369696e+00
1.01245868e+00
7.14983404e-01
6.75849020e-01
8.93267214e-01
-5.48794726e-03
1.15760899e+00
3.81538153e-01
5.30826151e-01
2.94875920e-01
5.09563684e-01
6.79253936e-01
9.30491313e-02
3.02408934e-01
-1.00823514e-01
1.18227661e+00
-6.06454134e-01
5.37503064e-01
-2.47311592e-01
8.71622741e-01
4.40711230e-01
2.24817261e-01
-2.54128009e-01
2.22854093e-01
-1.39312044e-01
5.13367295e-01
4.83657420e-01
-9.26051587e-02
-3.36785883e-01
-5.90819359e-01
-4.60992903e-01
-9.54838932e-01
-1.12496090e+00
-5.77082872e-01
-1.09195030e+00
-6.02162063e-01
-1.04906845e+00
-8.17647576e-01
-8.92243803e-01
-6.47683561e-01
3.68287005e-02
-8.03537130e-01
-1.95537850e-01
-8.80292773e-01
-7.12386250e-01
-9.18581724e-01
-5.34897685e-01
-9.25730228e-01
-7.07222819e-01
-9.76129353e-01
-7.93460608e-01
-1.20075011e+00
-8.04059386e-01
-8.86917114e-01
-5.30242980e-01
-8.78212512e-01
-4.07642782e-01
-1.12124658e+00
-6.87400877e-01
-7.71939814e-01
-7.24304795e-01
-8.74097347e-01
-8.81149888e-01
-5.97537875e-01
-4.10487115e-01
-5.14752984e-01
-1.42719924e-01
9.95192409e-01
1.44697165e+00
2.29235435e+00
2.54980588e+00
1.57622945e+00
3.04223156e+00
2.24838352e+00
2.93432283e+00
2.88697433e+00
3.93619275e+00
2.93574858e+00
2.85053396e+00
2.68936825e+00
3.01533866e+00
2.00620270e+00
2.25690150e+00
1.61749804e+00
2.43039274e+00
2.48140478e+00
2.50825477e+00
1.78487873e+00
2.46010065e+00
2.35679579e+00
2.09064436e+00
1.90241694e+00
2.19264865e+00
1.67999578e+00
1.79188049e+00
1.87118113e+00
1.63134170e+00
1.86944377e+00
1.74702680e+00
2.18882465e+00
1.87892008e+00
1.57600820e+00
2.13452697e+00
1.72160602e+00
-1.52218270e+00
-2.58023643e+00
-2.66874909e+00
-2.53370667e+00
-2.59588361e+00
-2.58041978e+00
-2.89094734e+00
-2.41444874e+00
-1.62377739e+00
-8.10126901e-01
-1.33209729e+00
-6.30084515e-01
-5.28887093e-01
-1.39445677e-01
-8.29262137e-01
-4.50359881e-01
-9.19155717e-01
-8.25187862e-01
-1.01761317e+00
-1.62802863e+00
-1.54173982e+00
-2.26225090e+00
-1.54516232e+00
-1.61720550e+00
-1.82421768e+00
-1.39156759e+00
-2.90589809e+00
-1.68874681e+00
-7.10669518e-01
-8.26529622e-01
-7.41447031e-01
-1.36728495e-01
-6.97511256e-01
-1.08352757e+00
-6.22229695e-01
-8.16166580e-01
-2.30259210e-01
-6.44063830e-01
-1.11362112e+00
-1.76323557e+00
-5.86110830e-01
-1.13776994e+00
2.96874672e-01
-5.13974249e-01
-5.59716187e-02
-6.95958078e-01
2.70399779e-01
-6.71724200e-01
-2.66924381e-01
-5.67873478e-01
-2.59192526e-01
-5.17142117e-01
-3.00759435e-01
-2.34955072e-01
9.97450948e-02
-5.07878602e-01
-4.07475471e-01
-1.54056102e-01
-5.31981289e-01
-4.46741104e-01
-9.75602448e-01
-1.29559851e+00
-2.42109969e-01
-8.46333206e-02
8.62310648e-01
1.91712523e+00
1.71763372e+00
2.12003660e+00
1.49706650e+00
2.18447518e+00
1.98944640e+00
2.26078105e+00
1.58130383e+00
1.69472897e+00
1.66343796e+00
1.28734410e+00
2.28296781e+00
1.92953932e+00
1.84353423e+00
1.57151091e+00
1.86872792e+00
1.88040030e+00
1.86606359e+00
1.50808215e+00
2.05622172e+00
2.83599520e+00
2.60812974e+00
2.57548881e+00
1.92596304e+00
2.43124223e+00
9.74197030e-01
-3.23493451e-01
-1.79981291e-01
-3.74810874e-01
-1.11659706e+00
-9.69040215e-01
-1.18643606e+00
-2.80905247e+00
-2.08763385e+00
-2.63087249e+00
-2.19735813e+00
-1.95283687e+00
-2.39402866e+00
-1.68636429e+00
-2.09936261e+00
-1.15235794e+00
-1.07437503e+00
-1.19139862e+00
-1.10910392e+00
-1.21971083e+00
-1.17402375e+00
1.26448867e-03
-1.76229715e-01
-4.33978438e-01
-9.54886079e-01
-7.11433947e-01
-7.31426895e-01
-6.47236228e-01
-9.14397538e-01
-8.97610307e-01
-8.95092845e-01
-8.23603511e-01
-8.05243850e-01
-3.03864837e-01
-8.46632361e-01
-7.00681627e-01
2.12607384e-01
5.07863224e-01
-6.10024989e-01
-8.19056928e-01
-1.15395057e+00
-1.47003233e+00
-1.48638618e+00
-1.29479718e+00
-1.55346620e+00
-1.50125229e+00
-1.84315479e+00
-1.29022431e+00
-1.97500324e+00
-1.39833581e+00
-2.07834673e+00
-1.47191966e+00
-1.18131936e+00
-1.08199596e+00
-1.67358708e+00
-1.40937793e+00
-1.53835642e+00
-1.95033169e+00
-2.17629027e+00
-2.56189895e+00
-2.16095853e+00
-2.43251491e+00
-2.44894505e+00
-2.56490660e+00
-2.38814974e+00
-1.01556242e+00
-2.69638181e-01
-5.28739840e-02
-3.24762166e-01
1.36586815e-01
-4.62491602e-01
-2.12810770e-01
-1.78868487e-01
4.94829804e-01
6.49756730e-01
6.16210461e-01
2.57143915e-01
2.59810030e-01
5.21340847e-01
4.13414121e-01
1.11520827e+00
-1.62093312e-01
6.75056756e-01
-3.67696062e-02
-3.81424040e-01
-1.17128260e-01
-7.19856620e-01
4.67504859e-01
4.67893213e-01
9.57864761e-01
5.05377233e-01
5.18353760e-01
5.26239336e-01
3.62943202e-01
1.26654103e-01
1.34321377e-01
-2.03846157e-01
-5.22131741e-01
-5.71923018e-01
-8.16905260e-01
-4.19028044e-01
-1.17970562e+00
5.78388631e-01
6.17586017e-01
4.64447379e-01
1.71110499e+00
9.57749963e-01
1.44120502e+00
9.35166359e-01
1.82716596e+00
1.49387753e+00
1.78614116e+00
1.34243512e+00
1.59732652e+00
8.97221029e-01
7.57982910e-01
1.03001404e+00
1.09560764e+00
1.01904714e+00
1.50243366e+00
1.17247057e+00
1.29460514e+00
1.51268053e+00
1.97097588e+00
1.91408467e+00
1.39888024e+00
1.67292047e+00
1.51432931e+00
1.77106929e+00
1.50966632e+00
1.25855303e+00
9.01844442e-01
1.43313348e+00
2.93727428e-01
1.12874520e+00
8.59948099e-02
2.99532682e-01
-4.56174761e-01
-5.47062576e-01
-6.86074555e-01
-7.02048719e-01
-1.11799216e+00
-5.23241043e-01
-9.43065584e-01
-8.14629972e-01
-9.56078947e-01
-1.01433992e+00
-1.19774520e+00
-7.91843951e-01
-1.09892380e+00
-2.42346317e-01
-9.91820335e-01
-6.80866539e-01
-1.02540886e+00
-4.65407550e-01
-6.35151505e-01
-3.58261019e-01
-3.41381639e-01
-1.90184653e-01
-2.26774123e-02
-1.12017848e-01
-1.96774937e-02
-1.37113199e-01
-2.39205271e-01
-2.91073769e-01
6.71813965e-01
-4.21605021e-01
-8.34598660e-01
-2.73557305e-01
-9.37545121e-01
-4.67652887e-01
-1.19249225e+00
-5.79503655e-01
-9.31739092e-01
-6.08799934e-01
-9.58142936e-01
-8.32051277e-01
-1.16371155e+00
-1.23407519e+00
-1.65311885e+00
-4.70378608e-01
-1.17510247e+00
-6.82964146e-01
-8.23572040e-01
-8.41127634e-01
-1.22738874e+00
-8.97487581e-01
-8.41446891e-02
-2.72739530e-01
-2.99983591e-01
-8.25213343e-02
-5.55704050e-02
-2.48620361e-01
1.66223550e+00
2.04152775e+00
2.36190987e+00
1.82335627e+00
2.30814552e+00
1.83796680e+00
2.10766506e+00
1.14839315e+00
2.05859542e+00
2.74390364e+00
2.35299683e+00
1.84045517e+00
1.76202691e+00
1.94503117e+00
1.85867083e+00
2.05279303e+00
1.20043242e+00
1.95905685e+00
1.56023061e+00
1.62177753e+00
1.62807620e+00
1.49760342e+00
1.75221431e+00
1.73451316e+00
1.58665454e+00
1.44700658e+00
1.27292800e+00
1.16690266e+00
1.56317759e+00
1.13110650e+00
1.38832688e+00
1.09308922e+00
8.69177938e-01
6.44621313e-01
4.26283181e-01
3.80241781e-01
-9.99361202e-02
-6.43255472e-01
-7.36493289e-01
-7.46494293e-01
-5.46689451e-01
-5.91342568e-01
-6.26132190e-01
-5.31257808e-01
-4.72025663e-01
-7.48855695e-02
4.29898292e-01
-5.21450080e-02
5.29252231e-01
2.05625623e-01
5.40710807e-01
-2.57972702e-02
4.16450173e-01
-2.67116576e-01
6.03433792e-03
-2.77409405e-01
-4.83515739e-01
-4.85176921e-01
-1.12786746e+00
-1.06336987e+00
-8.69001925e-01
-1.25724781e+00
-9.17102993e-01
-1.36396861e+00
-6.97533607e-01
-1.60358518e-01
-2.94188745e-02
9.05653238e-02
2.89684883e-03
3.57109457e-01
7.80456245e-01
1.08372974e+00
1.62730706e+00
2.00658751e+00
1.59117234e+00
2.01122212e+00
1.41994750e+00
1.65759635e+00
8.35982919e-01
1.06475294e+00
9.46559072e-01
7.91155934e-01
6.52778745e-01
1.71530366e+00
3.50779623e-01
1.19311488e+00
-1.42446727e-01
3.18479717e-01
3.50285679e-01
4.31397885e-01
3.56310666e-01
5.58953822e-01
4.82144892e-01
4.85410333e-01
7.07425833e-01
5.60857534e-01
6.23106480e-01
8.46695840e-01
9.96633172e-02
1.33375788e+00
9.33046877e-01
8.02853286e-01
7.05463111e-01
6.39789939e-01
9.04238582e-01
5.91534197e-01
1.06619823e+00
8.22132766e-01
8.31525803e-01
7.14728415e-01
9.90696132e-01
9.67470467e-01
8.45692635e-01
1.55005813e+00
1.49854016e+00
7.96489656e-01
7.53140569e-01
7.95190334e-01
9.27523494e-01
9.29886818e-01
5.70519157e-02
5.10937989e-01
1.07200992e+00
9.84415531e-01
9.06057715e-01
9.54059780e-01
1.02305591e+00
6.87560201e-01
5.25602579e-01
4.89260614e-01
2.86199987e-01
2.27472499e-01
2.77808219e-01
-1.81754529e-01
-6.11027598e-01
3.89802575e-01
-8.54083478e-01
-6.50843680e-01
-9.18659806e-01
-1.01885343e+00
-5.87322235e-01
-4.35394377e-01
-8.62442076e-01
-8.55339319e-02
-8.77653435e-02
1.77837521e-01
-3.00785840e-01
5.14867119e-02
-6.35379134e-03
-6.52670339e-02
6.74492240e-01
5.39709568e-01
3.15332562e-01
-1.07591543e-02
2.02182010e-01
3.52654696e-01
-9.96414851e-03
9.65650305e-02
6.98992252e-01
6.24604583e-01
1.17312515e+00
-5.88959530e-02
1.85848191e-01
1.68487275e+00
1.46486139e+00
-4.81301099e-01
-1.31040382e+00
-4.10733223e-01
-1.25348771e+00
-6.40753210e-01
-1.60074973e+00
-7.26241112e-01
-1.38210022e+00
-5.23691297e-01
-6.92618191e-01
-8.02536845e-01
-8.29049349e-01
-4.73099500e-01
-7.74255395e-01
-2.20337454e-02
-5.64314663e-01
-2.95790732e-01
-5.63807428e-01
-2.65767455e-01
-8.62951636e-01
-7.07557857e-01
-5.62364757e-01
-6.57567620e-01
-7.81292081e-01
-9.22145486e-01
-8.03311110e-01
-6.52701378e-01
5.98510504e-01
1.00898945e+00
1.46597672e+00
1.19662297e+00
1.42934656e+00
1.34140503e+00
1.78696108e+00
6.41166687e-01
1.78158557e+00
2.50354099e+00
2.02674198e+00
1.59891486e+00
1.44384933e+00
1.68911207e+00
1.50590789e+00
2.24056482e+00
1.19662845e+00
2.00279474e+00
1.69693744e+00
2.32608700e+00
1.72632718e+00
2.79091835e+00
1.72322607e+00
2.35092425e+00
1.80399275e+00
2.43132472e+00
1.84355426e+00
1.58849502e+00
2.04106617e+00
1.43373036e+00
1.34994566e+00
1.10070610e+00
1.01423383e+00
1.13391197e+00
8.09354126e-01
8.90410900e-01
-6.62418902e-02
6.16864622e-01
9.64517653e-01
1.23220599e+00
1.91636777e+00
1.43186963e+00
1.48946941e+00
1.59947741e+00
1.75120699e+00
1.21498263e+00
1.34705698e+00
1.18113339e+00
1.12577820e+00
8.91580284e-01
4.61747140e-01
1.03634703e+00
7.10403681e-01
1.05474484e+00
1.27317381e+00
1.32281923e+00
1.32977176e+00
1.79689968e+00
1.80532694e+00
1.72855854e+00
1.42952406e+00
1.59616280e+00
1.46592951e+00
2.13360023e+00
3.89550567e-01
6.36679232e-01
5.49072146e-01
-2.58206993e-01
2.54875183e-01
-1.21061333e-01
-2.40935236e-01
-7.37786770e-01
-4.00883973e-01
-3.42825770e-01
-5.02857566e-02
-5.03490865e-01
-5.70748389e-01
-6.22641921e-01
-1.05267957e-01
3.87627445e-02
-4.63187456e-01
-3.26898932e-01
-2.25943729e-01
1.58256814e-01
2.00319905e-02
3.66902888e-01
5.48369363e-02
1.71562925e-01
3.02609295e-01
4.99513000e-01
6.41389787e-01
1.61817014e-01
5.48943698e-01
1.98733881e-01
2.44387761e-02
7.05740303e-02
-5.17242076e-03
2.26363435e-01
2.39494458e-01
-1.96308389e-01
-1.89384803e-01
-3.52053076e-01
-3.85459900e-01
-9.76533055e-01
-6.07972562e-01
-8.25878859e-01
-5.68488598e-01
-9.78552818e-01
-6.10676825e-01
-8.39225471e-01
-3.96504372e-01
-7.07076550e-01
-1.74433410e-01
-8.40751708e-01
-9.81466696e-02
-9.85329926e-01
-2.84321278e-01
-7.67400146e-01
-4.40240830e-01
-5.66484869e-01
-8.43823031e-02
-1.56113490e-01
-1.13364255e+00
-6.85226381e-01
-6.13029242e-01
-6.37661338e-01
-6.39979959e-01
6.64381623e-01
-9.79356170e-01
-2.95484625e-02
5.70561290e-02
4.01142240e-02
9.73541662e-02
1.53680891e-01
1.12880635e+00
2.11270475e+00
2.36590409e+00
1.68089008e+00
1.83183944e+00
1.54613316e+00
2.59947419e+00
1.32819378e+00
1.79328620e+00
1.19316876e+00
1.99627960e+00
1.70550966e+00
1.86311150e+00
1.50484180e+00
1.15745389e+00
9.33559179e-01
1.26222765e+00
1.13942575e+00
1.31707859e+00
9.00993824e-01
1.13276982e+00
1.30837047e+00
1.10458875e+00
1.20293856e+00
1.52778411e+00
1.21677828e+00
1.46648800e+00
1.10912728e+00
8.71414244e-01
1.68992639e+00
2.17081165e+00
1.14123809e+00
6.40770972e-01
8.24156582e-01
9.15672362e-01
1.12631726e+00
1.02135777e+00
9.51051235e-01
1.43992567e+00
1.89997137e+00
2.17249179e+00
1.99288416e+00
1.87758315e+00
2.11806631e+00
2.05660892e+00
2.36865354e+00
2.33878446e+00
1.97744751e+00
2.28444958e+00
2.18548131e+00
2.19016004e+00
1.95721745e+00
2.32492232e+00
2.46139932e+00
2.32983398e+00
2.40868735e+00
2.46502852e+00
2.11788940e+00
2.12731576e+00
1.87868571e+00
2.08557367e+00
1.53505433e+00
1.65089417e+00
1.47331941e+00
1.20616472e+00
1.41751587e+00
6.43404961e-01
4.78244364e-01
3.89774650e-01
5.60540259e-01
-3.47800821e-01
4.72071581e-03
-8.43300939e-01
-1.09714198e+00
-6.95778072e-01
-7.10766912e-01
-1.23857844e+00
-1.37921011e+00
-9.63119090e-01
-1.47597754e+00
-7.87693679e-01
-9.68903780e-01
-3.89360934e-01
-7.04356551e-01
-3.76536608e-01
-3.16019237e-01
-4.42956686e-01
2.21854180e-01
3.32051218e-01
2.84105271e-01
8.74409676e-02
-2.52815685e-03
2.48162984e-03
8.66886452e-02
6.49075985e-01
-3.78709704e-01
-6.88666046e-01
-5.18409610e-01
-4.55758214e-01
-7.62636483e-01
-7.89631367e-01
-3.82818907e-01
-7.33667374e-01
-3.00990254e-01
-2.87071764e-01
-3.05313081e-01
-1.44432127e-01
-3.51589411e-01
-2.13984847e-01
1.46501083e-02
3.05464000e-01
2.87597239e-01
2.05702201e-01
8.57753456e-02
6.56698048e-01
2.68658221e-01
1.21566606e+00
6.98080242e-01
7.71023691e-01
3.94962937e-01
7.09755540e-01
-3.03422183e-01
2.32857078e-01
1.58941075e-01
-9.40644443e-02
6.22204900e-01
-2.53777087e-01
5.60975969e-01
1.15886772e+00
4.96537298e-01
1.57046032e+00
7.45649815e-01
7.56921053e-01
1.18773007e+00
2.10800719e+00
3.72577846e-01
9.52039123e-01
-3.46765727e-01
1.59854460e+00
1.25470668e-01
5.19569278e-01
7.90613711e-01
3.34783226e-01
9.56444323e-01
-3.92983109e-01
-2.21703365e-01
-3.39984924e-01
-2.25067899e-01
-9.12873074e-02
-5.12346506e-01
-3.53837222e-01
-7.72402734e-02
-1.25908822e-01
-7.40898728e-01
-5.20402849e-01
-1.78918064e-01
-6.53946996e-01
-7.08605796e-02
2.26231754e-01
-2.01900363e-01
3.80599685e-02
1.67632345e-02
7.02193856e-01
2.28425846e-01
7.55863547e-01
4.62126702e-01
8.86337757e-01
7.45285451e-01
9.40086722e-01
1.07445490e+00
1.12164974e+00
8.61260593e-01
9.80967760e-01
2.22238898e-01
3.33184481e-01
4.68327671e-01
4.30926412e-01
4.35586005e-01
8.32653940e-01
1.07186687e+00
-1.69212356e-01
2.91949939e-02
-1.74359858e-01
-7.85850406e-01
-4.48188543e-01
-8.52222562e-01
-1.06081927e+00
-1.15845180e+00
-9.38798189e-01
-4.47219908e-01
-4.08460498e-01
-6.99365512e-02
6.10445857e-01
1.13520488e-01
6.59513950e-01
-2.10637882e-01
3.02736282e-01
2.57502854e-01
1.10866618e+00
4.33840185e-01
9.85652983e-01
5.72496116e-01
1.35969007e+00
4.47271734e-01
1.02634728e+00
1.28219855e+00
1.10532296e+00
1.11736870e+00
4.61892664e-01
3.87824148e-01
2.19763979e-01
3.82918447e-01
4.26771313e-01
-7.41936406e-03
5.18213630e-01
5.82050681e-01
2.36579813e-02
8.54313225e-02
-1.38911918e-01
1.59699053e-01
2.34855548e-01
-1.74547926e-01
6.39393926e-01
7.36215353e-01
1.76790878e-01
9.25564021e-02
2.45527744e-01
-2.55845517e-01
-3.07896324e-02
1.11343898e-03
-3.67255211e-02
-2.47341275e-01
-1.45338373e-02
-5.77478930e-02
-2.23312795e-01
-6.12681210e-02
-1.62827179e-01
-1.24101564e-02
-8.61604139e-02
1.64251905e-02
-5.81033388e-03
4.36969846e-02
3.27206761e-01
4.82162893e-01
1.35825717e+00
1.04830599e+00
1.43854737e+00
1.67893779e+00
1.34736741e+00
2.01231647e+00
2.30516744e+00
2.52724838e+00
2.55647922e+00
1.54596758e+00
1.98354423e+00
1.38964021e+00
1.01960921e+00
1.09841025e+00
6.59880996e-01
7.69882917e-01
8.36542428e-01
9.94146466e-01
-5.77923320e-02
1.09904695e+00
4.50475484e-01
7.28854835e-01
4.19866860e-01
5.76506138e-01
5.70068121e-01
4.28538680e-01
5.15364110e-01
5.67385793e-01
9.36154306e-01
6.29325807e-01
1.42899418e+00
1.18630803e+00
1.43396723e+00
8.39859068e-01
1.13525844e+00
9.80937004e-01
6.22530341e-01
3.84456903e-01
7.37843394e-01
6.74550354e-01
3.02091479e-01
1.47772717e+00
7.74915099e-01
-3.15383464e-01
-1.22875917e+00
-8.44828188e-01
-2.19017148e+00
-9.66882110e-01
-1.79731846e+00
-1.40527785e+00
-1.88147509e+00
-1.29781842e+00
-2.04421854e+00
-1.28557611e+00
-1.96401441e+00
-1.45583272e+00
-1.96982718e+00
-1.46009612e+00
-2.17297125e+00
-1.47160184e+00
-2.16219378e+00
-1.82780504e+00
-2.20186734e+00
-2.03617167e+00
-2.53950763e+00
-2.45233274e+00
-2.32997727e+00
-2.13132000e+00
-2.30112624e+00
-1.67632723e+00
-6.73876882e-01
-1.07957676e-01
8.22369874e-01
7.09076583e-01
5.97522378e-01
1.21396399e+00
1.21240664e+00
1.90702569e+00
1.82810140e+00
2.27527189e+00
1.95058656e+00
1.85303974e+00
2.04778886e+00
1.58662570e+00
1.21037853e+00
1.34244716e+00
8.86318326e-01
1.28481293e+00
1.43655491e+00
9.86966789e-01
7.83179045e-01
2.55578756e-01
1.93939209e+00
1.06802058e+00
6.31013393e-01
2.89564759e-01
1.81065664e-01
5.23146093e-01
4.97871161e-01
4.69022453e-01
8.62116694e-01
1.04592431e+00
1.17144489e+00
6.27740026e-01
9.23956752e-01
5.11813879e-01
7.17839539e-01
8.20889771e-01
4.21195149e-01
7.94003963e-01
1.27226293e+00
1.13554919e+00
1.01152909e+00
1.27495956e+00
1.53397655e+00
1.80226040e+00
1.84026432e+00
1.63309455e+00
1.67542756e+00
1.82376337e+00
1.59606767e+00
1.50505364e+00
1.18393433e+00
1.13437748e+00
1.44474030e+00
1.29693830e+00
6.99327886e-01
1.06605113e+00
1.77806926e+00
1.46620464e+00
1.20373011e+00
1.69055676e+00
1.24658430e+00
1.84488177e+00
2.15996766e+00
2.26945734e+00
2.35848117e+00
1.92108250e+00
2.03385687e+00
1.73484242e+00
1.76511180e+00
1.21912885e+00
1.04291415e+00
6.17356896e-01
8.90641928e-01
1.04654992e+00
4.20599245e-02
-7.29976743e-02
-5.81111670e-01
-1.46093857e+00
-7.64047980e-01
-1.32738709e+00
-1.57285261e+00
-8.59605908e-01
-8.89128208e-01
-1.23310804e+00
-1.15288162e+00
-1.06491554e+00
-1.15553200e+00
-1.19389904e+00
-8.82948518e-01
-1.48621440e+00
-1.09969580e+00
-7.77342498e-01
-7.71791101e-01
-4.93715703e-01
-5.25127709e-01
-3.69057149e-01
-2.21961156e-01
-2.78578013e-01
-3.05906057e-01
-1.33301210e+00
-1.07630467e+00
-1.40442789e+00
-1.29152513e+00
-1.29702115e+00
-1.07117820e+00
-1.65802002e+00
-1.56488276e+00
-1.03067017e+00
-1.17245889e+00
-1.09317327e+00
-8.51744413e-01
-6.24904037e-01
-3.82182598e-01
-4.59385753e-01
-4.79899973e-01
-2.03417853e-01
-4.63179648e-01
-3.50643873e-01
-4.22087550e-01
-4.60064173e-01
-3.24923128e-01
-1.20583601e-01
-2.83313930e-01
-6.45941615e-01
3.64207216e-02
-3.33844006e-01
-2.63531119e-01
-2.40778387e-01
-1.11465804e-01
-7.70752788e-01
-2.77545303e-01
-5.02532661e-01
-7.85872638e-01
-2.42674798e-01
-7.82021463e-01
-5.84636033e-01
-4.98369098e-01
-1.07191777e+00
-8.37973595e-01
-7.33971655e-01
-7.68609524e-01
-4.08458859e-01
-1.58873045e+00
-1.22564149e+00
-1.47041297e+00
-1.59087479e+00
-1.14735436e+00
-1.82241142e+00
-4.61027563e-01
-1.01518726e+00
-7.08876729e-01
-1.35465324e+00
-1.01399899e+00
-3.94314110e-01
-9.64188933e-01
-1.26813257e+00
-1.23607731e+00
-1.09594393e+00
-1.03511345e+00
-1.83290148e+00
-1.60717046e+00
-1.17672288e+00
-1.14911592e+00
-1.07458746e+00
-4.20289814e-01
-5.78844190e-01
-6.61425769e-01
-1.09991086e+00
-5.40571809e-01
-7.98409998e-01
-7.08809674e-01
-9.54541266e-01
-5.45889795e-01
-1.34754252e+00
-7.55932689e-01
-1.07067013e+00
-4.58929002e-01
-7.16273725e-01
-3.26562971e-01
-8.13188732e-01
-4.86692548e-01
-8.74303937e-01
-1.23952556e+00
-1.66000760e+00
-2.15923643e+00
-2.08448815e+00
-2.06721783e+00
-2.83456922e+00
-2.77415085e+00
-4.17224503e+00
-3.59421349e+00
-3.18733931e+00
-2.90589952e+00
-2.65269136e+00
-2.40450406e+00
-2.52652669e+00
-1.48026597e+00
-1.82258856e+00
-6.32973373e-01
-9.95039642e-01
-7.80923545e-01
-7.02831209e-01
7.51551241e-02
-6.91671312e-01
-1.46442920e-01
1.21508598e-01
-5.32234311e-01
-2.15105027e-01
-2.58307964e-01
1.97725579e-01
-4.82168943e-01
-1.06819376e-01
-5.55375516e-01
-3.74253958e-01
-1.67943180e-01
-1.29278690e-01
-5.33911884e-01
-6.50163293e-01
-1.09438825e+00
-1.58396351e+00
-1.57280564e+00
-2.22693086e+00
-2.16409039e+00
-2.02802610e+00
-2.41811848e+00
-1.60591662e+00
-1.98969591e+00
-4.22673583e-01
-4.02360886e-01
-3.48042309e-01
-3.47271860e-01
-3.29716146e-01
-4.71690893e-01
-4.35727507e-01
-5.41488349e-01
-4.97723609e-01
-4.92971271e-01
-5.43454766e-01
-4.52282965e-01
-8.11375260e-01
-9.71741855e-01
-7.23544598e-01
-1.08977783e+00
-8.32396030e-01
-7.46039152e-01
-6.74315453e-01
-9.18691278e-01
-7.10734606e-01
-1.36027658e+00
-1.23243606e+00
-1.46692812e+00
-1.71917486e+00
-1.27511001e+00
-3.42348479e-02
-1.14604616e+00
-5.47635853e-01
-8.20431560e-02
-8.53750646e-01
-3.12397897e-01
-4.64918762e-01
-6.87367544e-02
5.10289073e-01
5.23275256e-01
6.07944071e-01
9.16665494e-01
3.39122415e-01
8.47889423e-01
4.92427528e-01
4.53582853e-01
9.74191308e-01
-3.03846523e-02
-1.84677746e-02
4.16535974e-01
6.15154803e-01
1.43357903e-01
1.26273558e-01
6.28969431e-01
2.74977207e-01
6.30454719e-01
3.29649061e-01
8.61170471e-01
3.76786143e-01
6.06243074e-01
2.50871778e-01
2.41319537e-01
1.15648799e-01
1.88052475e-01
-2.29382738e-01
-2.43858576e-01
1.14124916e-01
-3.76019180e-02
1.11336267e+00
4.65216726e-01
1.34782112e+00
1.05041993e+00
1.07534587e+00
8.37002277e-01
1.17314005e+00
9.57612216e-01
1.84141064e+00
1.68408346e+00
1.72270751e+00
1.44081473e+00
2.18508840e+00
2.04216957e+00
2.25159883e+00
2.15121889e+00
2.56370687e+00
2.17447591e+00
2.60307455e+00
3.07461596e+00
2.97544146e+00
3.41166949e+00
3.50105858e+00
3.44697404e+00
3.14693022e+00
3.70061731e+00
3.43672419e+00
3.57007432e+00
3.65580010e+00
3.56780601e+00
3.45309687e+00
2.71276236e+00
3.55823922e+00
2.86651182e+00
2.91827726e+00
2.65000463e+00
2.64037108e+00
2.51644278e+00
2.55408716e+00
1.58851433e+00
1.79065979e+00
8.23458612e-01
3.67664397e-01
5.70118487e-01
1.60128742e-01
-1.23681724e-01
-5.31965494e-01
-4.98279721e-01
-3.55082035e-01
-1.31265193e-01
-2.59774745e-01
3.91562521e-01
3.51770133e-01
6.09395683e-01
2.07808867e-01
3.49727511e-01
4.98086601e-01
2.22740829e-01
2.15666950e-01
1.05101079e-01
3.06791306e-01
4.85444888e-02
2.46394813e-01
-4.03729528e-02
6.26322255e-02
4.84680682e-01
-2.84089208e-01
6.78294837e-01
4.03721571e-01
6.67963147e-01
-9.92015749e-02
9.41461623e-01
6.97880983e-01
9.81165290e-01
4.14437443e-01
7.98074484e-01
6.32449314e-02
2.75609493e-01
3.71975720e-01
8.23182404e-01
1.55247092e-01
6.68761492e-01
2.92473912e-01
4.91242558e-01
2.99981266e-01
2.06312582e-01
1.67783186e-01
-1.59682497e-01
-2.96902418e-01
-2.41425112e-01
-9.11176324e-01
-1.42639190e-01
-1.20462024e+00
-1.07523632e+00
-5.28945744e-01
-6.82309091e-01
-3.30063134e-01
-9.43332911e-02
-1.64440185e-01
1.52179092e-01
-2.39723891e-01
-1.21785343e-01
-4.64389503e-01
6.55512065e-02
-7.77140796e-01
-1.78961858e-01
-2.58374661e-01
-4.38996255e-01
-3.57061952e-01
-1.71479285e-01
-3.28399241e-01
-1.03037834e-01
-4.22669053e-01
1.22724757e-01
3.30549270e-01
5.76177120e-01
6.90955281e-01
8.27978969e-01
1.16200447e+00
1.38365030e+00
1.35850716e+00
1.83084440e+00
1.70740783e+00
2.05344582e+00
1.37238765e+00
1.36062837e+00
1.89630198e+00
2.53784680e+00
-3.45293254e-01
-1.15417814e+00
-1.10687768e+00
-8.42233598e-01
-5.83714902e-01
-1.08478808e+00
-1.09649050e+00
-5.07711411e-01
5.50408363e-01
1.14435232e+00
5.30079722e-01
1.21935976e+00
1.95522642e+00
2.25953627e+00
2.37715459e+00
2.94280958e+00
2.43229246e+00
2.40362191e+00
2.41372848e+00
2.85358834e+00
2.48367882e+00
3.35302186e+00
3.12729120e+00
3.67482042e+00
3.26366353e+00
3.28021479e+00
2.33700228e+00
2.97876310e+00
3.65178108e+00
3.53839564e+00
3.03322124e+00
2.59875703e+00
3.07759285e+00
1.89086437e+00
2.70239592e+00
2.69450617e+00
3.85953474e+00
3.01033688e+00
3.28691411e+00
1.70504057e+00
3.01492548e+00
1.59949863e+00
2.91943693e+00
2.25380254e+00
2.97164726e+00
2.22747254e+00
3.20015383e+00
1.89458764e+00
3.11792755e+00
1.51996195e+00
1.95793450e+00
1.78426814e+00
2.12797070e+00
1.82935083e+00
1.79622436e+00
1.92094374e+00
1.60881901e+00
1.00610340e+00
9.55261052e-01
1.15538263e+00
1.35085964e+00
6.08542800e-01
1.67619932e+00
7.63693571e-01
-3.09042096e-01
-1.64957777e-01
2.19197080e-01
-5.53876162e-01
2.42932379e-01
-3.92309457e-01
4.75025550e-02
-4.27402467e-01
2.04922587e-01
-1.68770134e-01
-8.95349383e-02
-9.69343539e-03
1.09994864e+00
9.85241055e-01
1.57202172e+00
1.13649607e+00
1.32148218e+00
1.35556054e+00
1.46587193e+00
4.82075274e-01
7.04195142e-01
1.84781551e+00
1.48380911e+00
1.07377625e+00
9.61889565e-01
1.37544250e+00
1.30090761e+00
3.25128889e+00
3.63515186e+00
3.81904674e+00
3.96143532e+00
3.31957030e+00
3.75751567e+00
4.56919193e+00
2.71632743e+00
3.78508997e+00
3.44544029e+00
3.71243405e+00
3.65015197e+00
3.45552325e+00
1.91864848e+00
2.52473688e+00
1.67456162e+00
1.89124823e+00
1.71474814e+00
1.78859854e+00
1.92996967e+00
2.23041177e+00
2.00020385e+00
1.47276056e+00
1.36896169e+00
7.70719171e-01
8.44646454e-01
5.54541349e-01
5.16970754e-02
4.39404458e-01
8.78958702e-02
1.76839292e-01
3.43225300e-01
3.74890774e-01
-1.27757028e-01
8.47237855e-02
1.58191070e-01
-4.60235775e-01
7.47954547e-02
-4.75842446e-01
-5.53383291e-01
-7.09481537e-01
-7.14654624e-01
-6.05055630e-01
-8.72584760e-01
-7.76613116e-01
-1.06294596e+00
-1.00375581e+00
-1.07691300e+00
-1.10356796e+00
-1.38577044e+00
-1.17879760e+00
-9.69095588e-01
-1.05930960e+00
-9.90114808e-01
-1.10941076e+00
-1.03400815e+00
-1.10902512e+00
-1.31536698e+00
-1.17626715e+00
-1.39254272e+00
-1.22223389e+00
-1.53565073e+00
-1.41616988e+00
-3.56781363e-01
3.04879636e-01
2.78611574e-02
1.16007352e+00
3.08973074e-01
3.45183700e-01
5.76600850e-01
3.51530582e-01
5.85126281e-01
4.72654879e-01
6.09360576e-01
6.37545288e-01
7.10393488e-01
1.27938474e-02
6.70208097e-01
-4.74613518e-01
3.73612732e-01
-9.44815695e-01
-4.22157347e-01
-6.99347034e-02
4.01188374e-01
-4.36508507e-01
1.31309420e-01
4.85433578e-01
4.51150835e-01
1.05669844e+00
8.69704723e-01
1.21325636e+00
6.34826899e-01
9.15205240e-01
5.97655416e-01
3.26745361e-01
-6.61195740e-02
1.90153018e-01
1.32614329e-01
-1.21650591e-01
1.79536000e-01
3.30994517e-01
-7.32284009e-01
-9.48746324e-01
-7.40824103e-01
-1.37054431e+00
-6.75404251e-01
-1.24755907e+00
-9.87051249e-01
-1.61858284e+00
-1.07846761e+00
-1.46236968e+00
-9.30992246e-01
-1.15861654e+00
-3.46847445e-01
-6.20353281e-01
-3.55060279e-01
-5.31654775e-01
2.41964534e-01
-1.46272406e-01
2.56864995e-01
-2.81684369e-01
1.53470352e-01
-7.41631448e-01
-6.84320688e-01
-9.89480436e-01
-1.21541965e+00
-5.74078918e-01
4.11354870e-01
-2.13339806e-01
-4.46776778e-01
4.18724090e-01
-6.51043534e-01
3.95926327e-01
-4.01089340e-01
6.01939499e-01
-7.90183917e-02
2.97176689e-01
1.44424736e-01
3.84858489e-01
5.58769032e-02
-3.65951061e-01
2.40131438e-01
-2.51408607e-01
7.00458705e-01
-6.03557408e-01
-1.71611384e-01
-8.86654034e-02
4.59292769e-01
-5.39934516e-01
6.74991548e-01
7.79911429e-02
8.24062586e-01
9.28866327e-01
1.02635229e+00
1.26447558e+00
1.02252495e+00
1.19073236e+00
7.12174296e-01
6.67231858e-01
6.50630951e-01
8.29247296e-01
5.91344953e-01
5.37444353e-01
1.13718897e-01
-4.31352913e-01
-3.71779531e-01
-1.96981800e+00
-1.36343086e+00
-1.97367048e+00
-1.67003465e+00
-2.42367792e+00
-1.57614815e+00
-2.22618842e+00
-7.81787932e-01
-1.15325093e+00
-1.33041716e+00
-1.16609383e+00
-4.39565003e-01
-1.53609604e-01
-3.11981142e-01
-2.74048537e-01
-2.63908774e-01
-6.54995739e-01
-2.86147565e-01
-5.31151175e-01
-5.91574252e-01
-1.05114079e+00
-1.15956378e+00
-1.11470211e+00
-1.06102908e+00
-1.04673004e+00
1.39612248e-02
-1.17361414e+00
-6.63500667e-01
-7.45286793e-02
-5.50230443e-01
1.37614235e-01
-5.83557546e-01
7.30108023e-01
1.03796196e+00
1.21349049e+00
6.35632455e-01
7.43192017e-01
2.51491398e-01
8.06154668e-01
1.60970032e-01
4.63999629e-01
5.29470146e-01
1.21903098e+00
9.30402040e-01
7.52879798e-01
7.49548793e-01
2.40322813e-01
1.14563131e+00
7.57218301e-01
1.56491828e+00
1.33295774e+00
1.66731083e+00
1.86676908e+00
1.41759920e+00
1.56773543e+00
1.36735451e+00
1.45168698e+00
1.38649344e+00
1.74741352e+00
1.45528412e+00
1.28145790e+00
1.97490120e+00
6.06936216e-01
3.89171451e-01
-1.78912565e-01
-1.08091041e-01
3.62654477e-01
-3.65193367e-01
-1.14843450e-01
7.84072503e-02
1.63654864e-01
3.68711114e-01
1.77286580e-01
4.12458450e-01
2.44780630e-02
6.21260226e-01
2.30071172e-02
5.62398732e-01
9.57900193e-03
5.91235638e-01
3.41640085e-01
4.52917308e-01
5.09335697e-01
8.95791888e-01
1.21438932e+00
1.08020067e+00
1.19832122e+00
1.46258140e+00
1.50117922e+00
1.60947764e+00
6.45701736e-02
9.90515351e-01
8.54936779e-01
-3.41115177e-01
7.34900713e-01
-3.37937444e-01
-1.36578768e-01
4.49746698e-01
5.39552152e-01
6.26761913e-01
8.05452883e-01
2.06250548e-01
8.07039067e-02
4.36530471e-01
5.06915808e-01
7.60440007e-02
3.41832042e-01
-1.53874174e-01
-3.03112924e-01
-8.44932079e-01
-1.36302125e+00
-9.44106936e-01
-5.05209684e-01
-5.90877533e-01
-7.60306835e-01
-6.04605734e-01
-6.07281983e-01
-4.84516889e-01
-6.59641981e-01
-5.17491937e-01
-1.32816911e-01
-1.22842535e-01
-7.90034235e-02
6.74453080e-02
-1.65684447e-01
-2.65188843e-01
-4.50748712e-01
4.21317130e-01
-3.65380384e-02
2.45718751e-02
3.17376912e-01
3.01594019e-01
4.08210814e-01
3.68968576e-01
4.66376305e-01
1.63192362e-01
3.60885203e-01
1.68916658e-01
2.26748392e-01
1.58498287e-01
-1.25636205e-01
-5.07366657e-01
-2.66036242e-01
-5.89470029e-01
-3.60963419e-02
-3.32332343e-01
-1.49097157e+00
-1.01606214e+00
-2.19429421e+00
-1.70028293e+00
-2.12408662e+00
-1.67172205e+00
-1.96101308e+00
-1.11603081e+00
1.95863947e-01
2.44674876e-01
5.54992631e-02
1.22253764e+00
5.58470547e-01
1.41812527e+00
1.60396814e+00
8.38576674e-01
1.34506786e+00
1.34893751e+00
1.01193166e+00
1.33497703e+00
3.64682674e-01
9.70480740e-01
-4.73861933e-01
-2.45874122e-01
-7.24383235e-01
-6.42351210e-01
-8.11838269e-01
-5.67998290e-01
-1.38175452e+00
-6.71232760e-01
-5.21696866e-01
-6.85845733e-01
-6.22394443e-01
-3.20461035e-01
-2.97994018e-01
1.23811141e-02
-8.51307213e-02
6.94971979e-02
6.25396132e-01
8.10097456e-01
9.14496958e-01
2.36131221e-01
4.70334321e-01
9.40553665e-01
1.28204441e+00
1.66193709e-01
-2.91231483e-01
-3.09252858e-01
-4.42609906e-01
-5.04194140e-01
-3.65754038e-01
-8.47689033e-01
-5.12147725e-01
-1.14355095e-01
-4.03443635e-01
-5.78841090e-01
-8.59299600e-01
-4.03214872e-01
-8.34316671e-01
-5.32955945e-01
-6.81971192e-01
-2.93477029e-01
-1.32797703e-01
-6.86653912e-01
-5.70837557e-01
-4.60356295e-01
-4.20715153e-01
3.23070139e-02
1.20144725e-01
4.43179160e-02
3.48711431e-01
1.40057087e-01
5.13772547e-01
3.37561399e-01
-2.91395873e-01
7.02124787e-03
8.58792067e-01
3.68997633e-01
2.92234957e-01
-2.51057595e-01
-2.87777215e-01
-5.50428629e-02
5.74733317e-01
-1.93035435e-02
-1.94405675e-01
-4.99088526e-01
-6.15007758e-01
-1.06171346e+00
-7.25984931e-01
-9.02677655e-01
-8.06496024e-01
-5.90696871e-01
-1.18928218e+00
-5.14935851e-01
-1.69521317e-01
-2.42660284e-01
-2.14497656e-01
4.34097126e-02
-3.14129949e-01
-4.49294001e-01
-2.03917861e-01
-4.05225664e-01
-5.65355182e-01
-5.48757613e-01
-5.82249165e-01
-4.71380413e-01
-4.81351972e-01
-4.96972859e-01
-1.51407167e-01
4.96827483e-01
2.74957508e-01
8.00435424e-01
2.74321616e-01
6.47280216e-01
4.49937671e-01
7.20889926e-01
4.46410090e-01
1.11502481e+00
3.02364618e-01
9.64148939e-01
9.31258976e-01
1.39451587e+00
5.90705693e-01
1.14811838e+00
1.44225228e+00
1.68079782e+00
2.61293650e+00
2.07911873e+00
1.87941813e+00
2.19613338e+00
1.76163578e+00
1.50926447e+00
1.37900150e+00
9.04115260e-01
7.81377017e-01
1.75014400e+00
1.33133900e+00
1.64581871e+00
1.37565279e+00
1.31250846e+00
9.57208395e-01
1.28118634e+00
1.11932540e+00
8.23956847e-01
4.72320795e-01
7.66725123e-01
9.02667046e-01
5.87589204e-01
1.89913735e-01
5.63056529e-01
-1.63444072e-01
-3.09188634e-01
-4.81969178e-01
3.97063047e-02
-5.55047333e-01
-3.83402824e-01
-1.32938951e-01
-5.62364817e-01
-2.89511889e-01
-1.17853671e-01
-3.73816818e-01
-2.22512305e-01
1.44059464e-01
1.00721493e-02
-1.20498613e-01
8.45915079e-02
9.89899226e-03
2.88545966e-01
9.74651039e-01
4.33304042e-01
1.10728180e+00
4.93654877e-01
7.82244027e-01
-6.36890411e-01
-1.28855896e+00
-6.94389999e-01
-9.51309919e-01
-7.42944479e-01
-1.00826371e+00
-1.06017315e+00
-6.14175379e-01
-7.19274461e-01
-7.80200779e-01
-1.05407143e+00
-8.80306125e-01
-5.00010312e-01
-1.10196459e+00
-8.83101583e-01
-9.26066339e-01
-4.48390424e-01
-1.91596076e-01
-6.07189298e-01
-4.04995650e-01
-2.53231198e-01
-6.01923503e-02
-2.19550967e-01
-4.87860858e-01
2.71144658e-01
2.54374862e-01
1.20966423e+00
6.02165997e-01
5.42038083e-01
9.82291937e-01
9.63470638e-01
6.58224285e-01
7.43827701e-01
-2.37248495e-01
-1.10554360e-01
-7.28130341e-01
-7.31916726e-01
-3.35638314e-01
-7.12634504e-01
-9.24883008e-01
-8.47523749e-01
-9.85724926e-01
-6.49845362e-01
-5.66325963e-01
1.23416685e-01
-4.76469621e-02
1.93043441e-01
5.58065295e-01
-8.30129161e-03
2.24560723e-01
1.90091118e-01
9.94872749e-02
-4.90362287e-01
9.23491493e-02
-6.62004888e-01
-1.92117959e-01
-3.65561955e-02
-2.42943633e-02
2.18019068e-01
-4.85114083e-02
4.14727509e-01
1.97136626e-01
1.96449667e-01
-6.36735484e-02
-1.86035365e-01
2.88345248e-01
1.50987208e-01
2.93113403e-02
6.81157485e-02
-1.11609563e-01
3.23896036e-02
-3.52602065e-01
-3.29268247e-01
9.29654017e-02
1.53399557e-01
3.78704458e-01
7.36854970e-01
5.51248789e-01
9.44952726e-01
3.93404096e-01
7.86932468e-01
9.86009836e-01
8.91788661e-01
1.36154318e+00
1.10669374e+00
7.11564600e-01
6.29592121e-01
9.03208315e-01
3.28535199e-01
7.15713918e-01
-1.33761480e-01
1.87197059e-01
-6.15664944e-02
-1.25035837e-01
-5.29199660e-01
2.53720373e-01
1.51949316e-01
9.81310725e-01
-4.05694209e-02
1.57413042e+00
1.39229894e+00
1.18929327e+00
1.39400697e+00
2.45101953e+00
1.40940976e+00
2.09972954e+00
9.43277240e-01
1.83131206e+00
1.21378638e-01
1.83772862e-01
9.12698746e-01
1.08858263e+00
4.27997857e-01
1.02837205e-01
4.74950261e-02
6.51779100e-02
-2.65906215e-01
1.77610591e-01
-4.41435933e-01
-4.95022416e-01
9.99122560e-02
-3.11888725e-01
1.66768953e-01
5.08794248e-01
3.37611437e-02
4.06129032e-01
4.92770880e-01
-9.42549184e-02
8.38575065e-02
-5.68111420e-01
2.13084176e-01
1.14843128e-02
-1.41539454e-01
-4.40829188e-01
-4.06321198e-01
-4.42663878e-01
-9.22977254e-02
-7.50042796e-01
-7.43993700e-01
-9.77630377e-01
-5.30969620e-01
-1.26951087e+00
-7.60250211e-01
-6.83197916e-01
-6.74409628e-01
-3.21521014e-01
-7.73675978e-01
-5.27031004e-01
-3.28674734e-01
7.05566555e-02
-3.16959500e-01
-1.58449814e-01
-3.24067801e-01
-2.98773140e-01
-1.31198928e-01
-1.37431455e+00
-7.15595543e-01
-1.13878763e+00
-1.81706619e+00
-2.34261727e+00
-2.23130703e+00
-2.40487003e+00
-1.32544637e+00
-1.92404950e+00
-2.13132739e+00
-2.28732514e+00
-1.83837891e+00
-1.87386250e+00
-1.28614688e+00
-1.42537355e+00
-2.86001742e-01
-7.99950480e-01
1.48685753e+00
1.37052035e+00
1.06877053e+00
1.33191204e+00
8.85072172e-01
1.01544583e+00
1.51792586e+00
1.17895269e+00
4.73704934e-01
4.71055150e-01
-5.81651807e-01
-2.14734957e-01
-3.03590596e-01
-1.39472261e-01
2.55335450e-01
-1.91769660e-01
3.52613360e-01
-4.79388535e-02
-1.82196587e-01
-1.70923755e-01
9.29557979e-02
-3.85338664e-01
1.29995301e-01
2.57338155e-02
-2.40806371e-01
-2.57858574e-01
-2.50661492e-01
-3.78757752e-02
-5.32906890e-01
-6.43990815e-01
-7.90309250e-01
-6.06257856e-01
-7.44509816e-01
-7.16813028e-01
-1.06920266e+00
-1.02842975e+00
-1.20133460e+00
-7.03845441e-01
-1.40080178e+00
-8.97612572e-01
-9.85857248e-01
-5.22283316e-01
-5.60111940e-01
-8.18748116e-01
-3.73018563e-01
-2.09246621e-01
-2.62219575e-03
1.17831850e+00
-4.19665799e-02
8.20461512e-01
1.52636111e+00
1.89296019e+00
1.80811596e+00
2.09204197e+00
2.37223649e+00
1.10908639e+00
1.45695376e+00
1.84989846e+00
9.84515488e-01
5.37903190e-01
8.25274885e-01
5.95324099e-01
6.08366907e-01
1.89347997e-01
-2.45361000e-01
-5.22080138e-02
-4.01853591e-01
-4.32498157e-01
-2.16479953e-02
2.78764755e-01
-3.51775467e-01
-1.81669518e-01
4.88351583e-02
-1.58085283e-02
6.32435739e-01
4.08947229e-01
1.59018070e-01
6.09544516e-01
-2.01227531e-01
-1.13331243e-01
-2.35778183e-01
-4.12281871e-01
-5.40627778e-01
-7.39197358e-02
-3.77566032e-02
-4.31472138e-02
-1.80546567e-01
-2.88226843e-01
2.95058079e-02
-1.48889661e-01
-6.26299798e-01
-4.43955868e-01
-4.00635511e-01
-8.07567716e-01
-9.11612034e-01
-1.02532816e+00
-7.88344800e-01
-1.13080728e+00
-8.58390093e-01
-2.13629052e-01
-4.11370188e-01
-4.06876095e-02
-4.75033253e-01
-5.26897609e-01
-5.71732447e-02
-2.59946972e-01
-3.86595815e-01
2.81610459e-01
-2.30967179e-01
1.97980046e-01
4.24120203e-03
-6.66724006e-03
1.16307542e-01
-6.36784211e-02
3.48046096e-03
3.78026456e-01
-2.82399356e-01
5.93919218e-01
4.86002147e-01
1.00063920e+00
8.54407787e-01
7.49451816e-01
9.17960584e-01
1.51037490e+00
1.15664983e+00
1.02714825e+00
7.45057285e-01
1.18011713e+00
1.37812543e+00
1.48459673e+00
1.22426367e+00
1.47051156e+00
1.09574533e+00
4.23812270e-01
7.80345082e-01
8.41846526e-01
1.75535321e-01
-5.59030771e-02
-2.32456215e-02
2.69947410e-01
3.76761168e-01
-3.42901856e-01
3.22125465e-01
2.72638142e-01
2.11449713e-01
1.48599252e-01
2.92249680e-01
1.19413152e-01
-8.50666523e-01
-1.07431769e+00
-6.87463224e-01
-6.73997462e-01
-8.42016041e-01
-8.82969439e-01
-9.93240178e-01
-8.21724296e-01
-8.14346373e-01
-8.07102680e-01
-6.65828466e-01
-8.11832786e-01
-7.23685622e-01
-1.76269042e+00
-8.36599708e-01
-1.66321516e+00
-1.14478683e+00
-1.20489228e+00
-1.52357030e+00
-1.81257021e+00
-1.70204842e+00
-1.57085514e+00
-1.19171095e+00
-8.78755987e-01
-1.05183423e+00
-5.48829913e-01
-3.76834452e-01
-9.75306332e-01
-6.46378934e-01
-1.16314673e+00
-1.46575534e+00
-2.38659072e+00
-1.72589600e+00
-1.89637578e+00
-1.26541638e+00
-7.32134998e-01
-1.25510848e+00
-1.61742067e+00
-1.63162768e+00
-1.05025315e+00
-1.46947217e+00
-7.74248481e-01
-8.58411133e-01
-7.66897857e-01
-1.13742173e+00
-1.71388316e+00
-1.26726270e+00
-1.23797500e+00
-1.49080276e+00
-5.87698221e-01
-1.41197264e+00
-7.91906476e-01
-7.22936451e-01
-4.81040001e-01
-5.63353598e-01
-3.59129548e-01
-4.59764183e-01
-4.13755506e-01
-5.88328719e-01
-4.71880645e-01
-6.76865637e-01
-4.37672198e-01
-5.54082334e-01
-1.90747499e-01
-5.87733805e-01
-1.41694891e+00
-1.24149418e+00
-1.00117028e+00
-1.59256661e+00
-1.41386127e+00
-1.77872753e+00
-1.42270005e+00
-1.76605010e+00
-1.80744219e+00
-2.15947556e+00
-2.10539436e+00
-2.11383319e+00
-2.04431796e+00
-2.05847406e+00
-2.60509944e+00
-2.20606661e+00
-2.04100776e+00
-2.48300815e+00
-2.09079170e+00
-2.07967114e+00
-1.86687279e+00
-1.55513108e+00
-1.55113208e+00
-1.02235210e+00
-9.72058594e-01
-5.72073519e-01
-3.71933244e-02
-7.10561872e-01
-5.75775921e-01
-7.07296014e-01
5.68182886e-01
-6.89757526e-01
-4.08787757e-01
-1.42790604e+00
-1.18200338e+00
-8.99744630e-01
-5.24988472e-01
-1.52056980e+00
-1.24209023e+00
-1.66076005e+00
-1.45189893e+00
-1.96936202e+00
-8.28235209e-01
-4.47862417e-01
-6.36001050e-01
-3.61877412e-01
-5.79644978e-01
-4.19075519e-01
-1.16143778e-01
-7.65074193e-01
-4.86035686e-04
-3.24715018e-01
-6.27710044e-01
-1.41207099e-01
3.49987805e-01
3.57488066e-01
1.06775738e-01
-5.99267602e-01
-9.20906544e-01
-4.91845936e-01
-1.30382240e+00
-8.47999156e-01
-5.30049324e-01
-5.78885794e-01
-4.52347338e-01
-2.25087613e-01
-3.19813013e-01
-1.88172325e-01
-1.59327447e-01
1.86787978e-01
-1.83137998e-01
2.00114802e-01
1.12188317e-01
4.83409641e-03
6.75638855e-01
1.71339735e-01
2.48195872e-01
2.45843023e-01
1.10075641e+00
7.64296114e-01
1.10725033e+00
1.50980091e+00
1.14657128e+00
1.58465838e+00
8.97131503e-01
7.47494221e-01
8.90085280e-01
6.96026981e-01
1.44210115e-01
9.96237323e-02
-3.20801169e-01
1.36970878e-01
-1.36961654e-01
-4.22119945e-01
-2.85993516e-01
-1.21362066e+00
-9.02106613e-02
-6.70717418e-01
5.30706882e-01
1.98988751e-01
-1.17425427e-01
7.68882632e-01
1.89885676e+00
1.05992317e+00
1.80709386e+00
4.14436400e-01
1.56047499e+00
5.14317453e-01
5.18036842e-01
9.45537865e-01
9.21928704e-01
7.87609756e-01
5.13066649e-01
-6.45833509e-03
4.50565428e-01
1.93883866e-01
9.40865651e-02
2.90326662e-02
-7.32643232e-02
1.37849702e-02
-3.30448359e-01
-9.93828028e-02
1.21379592e-01
1.13283783e-01
-2.39635214e-01
-9.42234248e-02
-7.33270049e-02
4.22141105e-01
4.90205020e-01
-1.96849391e-01
1.36453986e-01
-9.95047465e-02
1.27976239e-01
-5.64366877e-01
-4.61420357e-01
-6.33602738e-01
-4.03957725e-01
-3.57668370e-01
-5.47707021e-01
-3.76436323e-01
-1.05031312e+00
-4.49720293e-01
-1.40832675e+00
-2.08932504e-01
-5.73716640e-01
-9.32600737e-01
-8.60903800e-01
-1.24682784e+00
-7.91095495e-01
-7.45428503e-01
-1.56044558e-01
-4.81043011e-01
-2.23115757e-01
7.27773532e-02
8.82360935e-01
1.28172264e-01
6.72701180e-01
7.32189715e-01
1.07180154e+00
8.39282036e-01
1.53568530e+00
5.68463087e-01
1.11858833e+00
1.40673280e+00
1.34998786e+00
1.68890738e+00
1.74712539e+00
1.49984443e+00
1.48449802e+00
9.68677580e-01
1.10305643e+00
4.04141903e-01
4.75539207e-01
9.85442340e-01
8.37506413e-01
5.46927750e-01
-2.34636679e-01
3.08386654e-01
8.33710060e-02
1.40260056e-01
5.23243904e-01
-3.11449915e-01
-1.25934616e-01
4.13270965e-02
2.92038862e-02
5.15761316e-01
-2.95011878e-01
2.53124714e-01
-4.71044838e-01
1.49085671e-01
-2.96820492e-01
3.28033030e-01
3.04571211e-01
5.26405334e-01
2.38592461e-01
4.91256684e-01
3.43232870e-01
4.86014873e-01
3.73671174e-01
6.26681983e-01
2.67446280e-01
6.84813321e-01
1.75400794e-01
3.37305248e-01
-1.68083623e-01
6.04400933e-01
2.74253696e-01
4.89238381e-01
4.96632695e-01
2.38659754e-01
-2.75291558e-02
2.85838656e-02
-5.53791597e-02
-1.80335253e-01
8.30409303e-02
-2.77424961e-01
3.95538092e-01
4.55313176e-01
-8.13836932e-01
1.98632315e-01
-4.16383743e-01
-8.60636413e-01
-1.54420137e+00
-7.37131774e-01
-1.22810674e+00
-7.40925014e-01
5.70575178e-01
3.86025906e-01
-3.87605458e-01
-9.92436051e-01
7.35817373e-01
-5.08415818e-01
1.42988360e+00
6.48255110e-01
1.40795267e+00
-3.68537247e-01
-1.80256709e-01
8.57475922e-02
4.80595201e-01
-3.09921384e-01
1.83236688e-01
-7.55999506e-01
4.67633456e-01
5.51318526e-01
7.28162885e-01
5.32967269e-01
8.85076597e-02
5.23505628e-01
1.53844282e-01
6.05500452e-02
1.45425007e-01
1.07577756e-01
1.78554922e-01
5.88538885e-01
-3.87677848e-02
-9.89640057e-01
-9.92675781e-01
-4.36734289e-01
-5.17570913e-01
-5.29232025e-01
-6.68946266e-01
-6.19647264e-01
-4.98687208e-01
-7.30334461e-01
-2.64510691e-01
-9.16193008e-01
-3.80608350e-01
-5.52481055e-01
-5.98304152e-01
-6.70570552e-01
-3.38827372e-01
-5.48574150e-01
-3.60847056e-01
-3.53645891e-01
-1.09961584e-01
1.90715864e-01
-1.66224033e-01
-4.77672108e-02
-2.51056671e-01
1.98752776e-01
6.19720817e-01
-3.82008374e-01
1.80614471e-01
-2.04312727e-01
-6.11062884e-01
-5.73176384e-01
1.35088935e-01
-3.23875397e-01
6.37253404e-01
7.60871410e-01
1.11935699e+00
7.15511084e-01
8.76314759e-01
1.13848376e+00
2.53623080e+00
1.29899621e+00
2.00944209e+00
7.19906569e-01
1.50373280e+00
-2.29571223e-01
-1.90673545e-01
-3.20894569e-01
-9.15783703e-01
1.55811131e-01
4.83129531e-01
-7.80870616e-01
-4.05019164e-01
5.13993278e-02
4.63153757e-02
-2.45251790e-01
2.62092680e-01
2.40179539e-01
2.09100157e-01
-1.26242936e-02
6.03145845e-02
1.35966957e-01
2.19846013e-04
2.59265482e-01
1.59223467e-01
1.28036484e-01
2.36862097e-02
3.47441226e-01
1.51062757e-01
1.55258879e-01
-1.96445081e-02
2.35411659e-01
1.26251146e-01
1.97875425e-01
-1.40510194e-04
5.01246713e-02
-5.54771759e-02
5.00803404e-02
-7.74752200e-01
-4.18345779e-01
-5.67190289e-01
-8.49957541e-02
-2.68166274e-01
-4.40057933e-01
-3.51492971e-01
-4.08382058e-01
-2.10150614e-01
-6.68621063e-01
-6.75996602e-01
-3.83022964e-01
-2.53445774e-01
9.00210887e-02
-7.34223604e-01
-2.79011160e-01
-3.01418930e-01
-2.02549860e-01
-7.87465513e-01
-5.15612960e-01
-1.63583708e+00
-1.01602268e+00
-1.89781642e+00
-1.46740210e+00
-1.17417824e+00
-2.14490771e+00
-2.09451628e+00
-2.37318110e+00
-2.23719215e+00
-1.80649161e+00
-2.23062420e+00
-1.74184537e+00
-2.02233553e+00
-2.25860643e+00
-2.07545638e+00
-2.28359318e+00
-1.33098245e+00
-1.07033443e+00
-1.23817658e+00
-7.93284237e-01
-3.81940424e-01
-4.27776515e-01
-6.00923896e-01
-1.05575718e-01
-2.54757285e-01
-3.59597743e-01
-2.03528658e-01
-3.56285721e-01
-2.36208513e-01
-5.49504012e-02
-7.25362822e-03
4.01340187e-01
9.65721428e-01
3.45413834e-01
3.02300841e-01
4.06089991e-01
4.50113267e-01
7.57937372e-01
5.02209902e-01
7.20479608e-01
9.90633845e-01
1.19718015e+00
1.18417561e+00
1.22237325e+00
9.59155381e-01
1.16318583e+00
6.42514348e-01
1.28560841e+00
8.64263892e-01
9.86007690e-01
4.10661131e-01
4.27776277e-01
7.92263895e-02
6.89196363e-02
-2.94802189e-02
-5.57449199e-02
2.74331063e-01
4.78643090e-01
7.40907528e-03
3.52500975e-01
2.06350654e-01
3.41957301e-01
4.01857048e-01
3.65278035e-01
2.28818506e-02
3.31163347e-01
1.75534904e-01
9.22024846e-02
3.40008944e-01
-9.04734880e-02
7.21677780e-01
-2.66647428e-01
-1.53815046e-01
-4.68497306e-01
-3.57088655e-01
-1.62452054e+00
-1.39825106e+00
-1.09603143e+00
-1.41748774e+00
-1.00523496e+00
-5.36682963e-01
-1.17829990e+00
-2.93699563e-01
4.50852305e-01
8.20212439e-02
5.54153860e-01
5.35516858e-01
9.96576726e-01
-1.69302896e-02
4.35711026e-01
1.21454656e-01
2.25381851e-01
1.05570361e-01
5.32210529e-01
-3.88392620e-02
-2.56620020e-01
-5.34144819e-01
3.40635441e-02
-5.01888156e-01
-9.33535174e-02
-2.50317901e-01
-1.21075764e-01
2.21461743e-01
2.67786801e-01
-8.84660557e-02
1.17940702e-01
8.94965306e-02
2.15064734e-01
3.29396576e-01
2.36555189e-01
6.58361495e-01
7.19202638e-01
1.27516425e+00
8.58997881e-01
1.09901738e+00
1.25412035e+00
1.06106400e+00
9.47061539e-01
4.13547814e-01
9.63670194e-01
6.68692529e-01
1.27755475e+00
6.36345804e-01
1.14517856e+00
1.04790902e+00
1.53350186e+00
8.46438825e-01
1.44635594e+00
5.11230886e-01
1.17662549e+00
4.66478646e-01
7.92974055e-01
8.95918787e-01
7.30590880e-01
2.68732578e-01
7.03166604e-01
4.14060622e-01
5.81515789e-01
4.07392919e-01
7.62236357e-01
6.27684653e-01
5.90149105e-01
1.12128079e+00
2.16854900e-01
6.32298231e-01
6.11535966e-01
9.61057365e-01
3.65366310e-01
8.60934138e-01
-1.72481492e-01
1.84717163e-01
3.00901949e-01
1.99574575e-01
5.77136874e-01
6.95280492e-01
6.57597542e-01
7.99882770e-01
5.36942244e-01
3.53492945e-01
2.62807906e-01
1.71558902e-01
-1.46578401e-02
5.49801923e-02
1.61065787e-01
1.61202252e-01
-3.02677415e-03
3.17661241e-02
3.32815439e-01
-2.97629893e-01
-2.38693431e-01
-3.08481097e-01
-1.88994184e-01
-9.57818389e-01
-5.65561593e-01
-3.61156583e-01
-4.05942857e-01
-2.83910453e-01
-2.53722072e-01
-6.89089119e-01
-1.91970989e-01
-5.26956439e-01
-9.43092585e-01
-6.68359101e-01
-9.90942180e-01
-7.94259310e-01
-3.94482851e-01
-8.54124069e-01
-4.31301415e-01
-6.41073644e-01
-8.77199650e-01
-1.13983607e+00
-1.18395555e+00
-1.03849328e+00
-1.98961049e-01
-1.55758572e+00
-1.12794816e+00
-9.09710228e-01
-1.57993102e+00
-1.74152744e+00
-1.27631319e+00
-9.20186043e-01
-4.51285154e-01
-9.58171070e-01
6.15207791e-01
3.97781134e-01
1.80382133e-02
1.28924757e-01
-1.52686268e-01
1.52843073e-01
6.08485818e-01
9.08334196e-01
6.46007895e-01
3.82912040e-01
8.88918936e-02
4.40638244e-01
6.59555078e-01
7.30484799e-02
5.89253962e-01
3.23576897e-01
6.50763214e-01
9.03103724e-02
1.98213920e-01
1.32696018e-01
-5.58947206e-01
-2.22949848e-01
-2.88712591e-01
-1.28032416e-01
1.36001885e-01
-6.24922886e-02
-3.75813022e-02
-9.65738520e-02
-4.82500158e-02
-1.70844242e-01
-7.31050134e-01
-2.34042868e-01
-5.04164875e-01
-9.39475715e-01
-6.53317988e-01
-3.02675217e-01
-1.03379583e+00
-1.04105926e+00
-6.09646797e-01
-9.83337939e-01
-6.12940192e-01
-9.18710470e-01
-1.22743559e+00
-1.04244363e+00
-1.18791771e+00
-8.71256411e-01
-9.80032444e-01
-1.23107255e-01
-5.97523153e-01
-1.00453243e-01
4.03674781e-01
4.69555199e-01
8.88437033e-01
7.62708664e-01
1.06870472e+00
9.81115326e-02
-4.01853658e-02
2.94761300e-01
-2.96312779e-01
-8.50617170e-01
-3.39597017e-01
-3.38760436e-01
-1.02474459e-01
-5.63120306e-01
-1.49116731e+00
-1.50200403e+00
-1.55064261e+00
-1.22875392e+00
-1.61447573e+00
-6.80810750e-01
-7.64996648e-01
-7.77287781e-01
-6.99641407e-01
-2.44782642e-01
-4.42173064e-01
6.26092553e-02
4.57800180e-01
1.51903689e-01
2.88082838e-01
3.81299257e-01
2.05556825e-02
4.46313292e-01
9.57001150e-02
9.08700302e-02
-1.85938597e-01
-1.74657404e-02
1.26958340e-01
-4.78003681e-01
-1.82152227e-01
-1.04248017e-01
-1.75958395e-01
-5.19287810e-02
5.09696543e-01
1.37906462e-01
1.00134991e-01
-1.33356094e-01
2.89085329e-01
1.81557983e-01
5.33815622e-01
3.20679903e-01
5.21331310e-01
1.04051304e+00
6.14560723e-01
8.47470760e-01
8.42780292e-01
4.06918794e-01
9.49197054e-01
4.80127573e-01
4.97727454e-01
7.98020840e-01
7.52363443e-01
1.45137835e+00
1.06922472e+00
4.59134370e-01
7.77559340e-01
1.00379467e+00
7.91360915e-01
8.38227272e-01
6.58712208e-01
3.63093793e-01
5.62491655e-01
8.30133617e-01
8.34599197e-01
1.53576568e-01
5.53611457e-01
-4.67836320e-01
-6.25713050e-01
-5.19774258e-01
-6.87725067e-01
-9.18362379e-01
-5.05696237e-01
-6.24659598e-01
-5.76887608e-01
1.96034953e-01
-3.58806434e-03
1.86809495e-01
-1.87805146e-01
1.63795725e-01
-7.52097785e-01
-6.83010072e-02
-2.93025196e-01
-3.97295445e-01
5.25792241e-02
7.86431015e-01
2.81411558e-01
8.90809000e-01
2.68009156e-01
6.76479220e-01
-1.33222342e+00
-1.33258259e+00
-9.03229713e-01
-8.66883516e-01
-1.09643543e+00
-1.06507039e+00
-9.13610101e-01
-1.29098392e+00
-1.06765139e+00
-9.75585878e-01
-1.11415291e+00
-5.92055559e-01
-8.79402876e-01
-1.38696957e+00
-1.14434505e+00
-8.76222491e-01
-1.36733830e+00
-1.76823246e+00
-1.22131443e+00
-1.80250525e+00
-1.30657780e+00
-1.66107988e+00
-1.37770808e+00
-1.25898671e+00
-1.24409914e+00
-8.02335620e-01
-1.92296910e+00
-5.26348710e-01
-1.28894067e+00
-1.11113000e+00
-4.07680303e-01
2.29831561e-01
-3.37138623e-01
7.81059682e-01
1.07958901e+00
7.34875798e-01
1.67320848e-01
5.24359584e-01
2.97695428e-01
9.12423059e-02
3.43420595e-01
6.35434031e-01
1.97913069e-02
7.41991550e-02
-1.42185664e+00
-1.52214015e+00
-2.06108212e+00
-2.39680958e+00
-1.57449508e+00
-5.82766175e-01
-1.72276664e+00
-1.47701919e+00
-9.70347971e-02
-7.17667282e-01
-4.32557642e-01
1.62813496e-02
9.69049558e-02
-2.39926189e-01
-5.58484018e-01
-7.92500496e-01
-6.23768747e-01
-5.82600832e-01
-4.15948451e-01
-3.24978858e-01
-1.14185977e+00
-1.58293200e+00
-9.17072892e-01
-9.51857209e-01
-9.02413368e-01
-1.10128057e+00
-8.96376252e-01
-7.81011343e-01
-7.23800302e-01
-9.12235439e-01
-1.03536224e+00
-5.03647864e-01
-1.06424820e+00
-1.24648702e+00
-1.03772914e+00
-6.64812505e-01
-1.30369461e+00
-7.01089978e-01
-7.99723625e-01
-1.17364836e+00
-6.84710801e-01
-1.05637538e+00
-9.58749712e-01
-9.73235428e-01
-9.62687314e-01
-4.11664277e-01
-4.81737196e-01
-7.01027334e-01
-5.29617906e-01
-2.22365946e-01
-4.33998078e-01
-2.62095571e-01
-4.67521042e-01
2.61984587e-01
7.57579058e-02
1.32045817e+00
1.17869115e+00
8.48126650e-01
3.45549554e-01
1.00419617e+00
5.55716097e-01
1.29096627e+00
1.04776099e-01
9.83827055e-01
-7.64543235e-01
-1.12929511e+00
-8.87309909e-01
-4.50230867e-01
-1.38461626e+00
-1.30100477e+00
-1.82089531e+00
-1.19752312e+00
-9.97571170e-01
-6.27689123e-01
-3.76657128e-01
-5.02598345e-01
3.18491124e-02
-3.43513310e-01
-2.66830713e-01
-1.48384556e-01
-4.70221072e-01
-1.86776355e-01
-3.26687604e-01
-4.17762250e-01
-2.12697923e-01
-7.69581124e-02
-4.26495016e-01
-1.23763569e-01
-2.62317091e-01
-2.93866634e-01
-2.09021121e-01
-1.46074235e-01
-2.25941822e-01
1.40263960e-01
7.42062449e-01
3.13837230e-01
6.69702768e-01
3.61788779e-01
8.66038620e-01
-6.76427603e-01
8.13009501e-01
9.55025554e-02
1.24798149e-01
-4.15516756e-02
-4.50997293e-01
-3.24723542e-01
5.90444021e-02
-4.13588077e-01
-6.19049184e-02
-1.50068387e-01
3.73247117e-01
7.14459002e-01
2.17537940e-01
1.13977945e+00
1.37513220e+00
1.35179591e+00
1.87092412e+00
1.73410523e+00
1.58389401e+00
2.34918523e+00
2.49902177e+00
2.02526712e+00
2.02811551e+00
2.54332399e+00
1.93956697e+00
2.41434813e+00
1.53586042e+00
1.69858217e+00
7.52408057e-02
1.48839161e-01
9.35285687e-01
1.29862118e+00
3.03543419e-01
2.69014925e-01
-2.12936848e-01
5.94686806e-01
-1.44397169e-01
5.05817235e-01
-7.60512769e-01
-5.37882149e-01
-7.33914733e-01
-4.69183892e-01
-1.25727743e-01
-5.14327943e-01
-1.70984924e-01
-6.19422495e-01
-3.15737247e-01
-4.64241713e-01
-1.76989570e-01
-3.33602428e-01
1.39851943e-01
2.50862539e-01
2.81070113e-01
1.80907145e-01
2.41763830e-01
4.09322351e-01
3.71678501e-01
2.14596421e-01
6.09652936e-01
5.14379799e-01
1.80409133e-01
6.01875246e-01
4.36863959e-01
6.39204204e-01
5.57012975e-01
3.88015062e-01
6.18831992e-01
3.01661879e-01
5.04913270e-01
3.58678818e-01
4.41526175e-01
-3.28384973e-02
4.76118416e-01
-1.15498632e-01
5.17667592e-01
2.15635657e+00
9.83018875e-01
1.63433886e+00
2.65022254e+00
3.31405306e+00
2.86219120e+00
3.72201538e+00
2.77968359e+00
3.41159701e+00
3.59930229e+00
3.31926322e+00
3.38290858e+00
3.52005744e+00
3.24420905e+00
3.44940615e+00
1.37105131e+00
2.76933789e+00
4.78785187e-01
6.65269077e-01
6.59133911e-01
5.67078769e-01
6.90989971e-01
6.13183379e-01
1.01123668e-01
5.26830077e-01
-5.15728593e-02
2.49325648e-01
6.69491217e-02
-1.98913947e-01
-5.15463173e-01
-1.48292333e-01
2.41952632e-02
1.75313890e-01
8.74584392e-02
1.87834263e-01
-1.15966216e-01
3.01428974e-01
-1.75645185e+00
-2.08754659e+00
-1.07948339e+00
-1.41840816e+00
-1.52953649e+00
-1.89359939e+00
-1.67803228e+00
-1.58818150e+00
-1.76017523e+00
-1.44202054e+00
-2.48585081e+00
-1.96568751e+00
-1.96648538e+00
-2.22889495e+00
-2.16576457e+00
-2.20505977e+00
-2.26041627e+00
-1.99269629e+00
-2.45964599e+00
-1.82752120e+00
-1.80037105e+00
-1.33450341e+00
-1.17797768e+00
-1.34780586e+00
-5.90085149e-01
2.67426461e-01
-7.17070758e-01
-6.08830094e-01
-1.00963008e+00
-1.06326222e+00
-1.33154690e+00
-1.22924042e+00
-1.59660101e+00
-1.84190619e+00
-1.91420615e+00
-1.36592650e+00
-2.05044985e+00
-1.78650606e+00
-9.44023848e-01
-3.36444438e-01
-1.18541861e+00
-1.33464015e+00
-1.35451567e+00
-1.23860967e+00
-1.81793177e+00
-2.05596709e+00
-1.23249817e+00
-1.53520691e+00
-9.91251707e-01
-4.46789056e-01
-1.00112164e+00
-1.55330062e+00
-1.41312063e+00
-9.93178487e-01
-1.17498600e+00
-7.68312335e-01
-1.03344953e+00
-7.15573907e-01
-8.72720957e-01
-2.61361748e-01
-5.86879611e-01
-2.88805813e-01
-5.63573539e-01
6.81985691e-02
-3.35444689e-01
-1.18907802e-01
-2.87431419e-01
-8.01128894e-02
6.57291561e-02
1.37842745e-01
-8.52138475e-02
-1.62315704e-02
6.08235970e-03
1.93306059e-02
-7.34564424e-01
-6.54031456e-01
-8.31900418e-01
-9.16071236e-01
-1.00261712e+00
-7.93471456e-01
-8.97799909e-01
-1.54160035e+00
-1.14325249e+00
-1.42716098e+00
-1.25426984e+00
-1.06791759e+00
-1.22775447e+00
-1.32377744e+00
-6.95877612e-01
-8.98916543e-01
-1.10114121e+00
-1.27083659e+00
-9.58895981e-01
-1.24850202e+00
-1.61775863e+00
-1.62860262e+00
-2.04121327e+00
-2.32229996e+00
-2.77410054e+00
-2.45615268e+00
-2.46037507e+00
-2.38543057e+00
-2.43727612e+00
-1.18118644e+00
-2.21970105e+00
-1.41388786e+00
-1.86914718e+00
-7.87718773e-01
-1.12357700e+00
-1.01158857e+00
-7.02160835e-01
-6.63461328e-01
-8.46850574e-01
-1.95197567e-01
-2.43727081e-02
-3.38051133e-02
-5.78663111e-01
-1.81869119e-01
-2.61816114e-01
-3.10106128e-01
-3.31572831e-01
-1.44926354e-01
-1.39170364e-01
-1.31088972e-01
-1.20130979e-01
-3.13436061e-01
-1.53426796e-01
-6.92018867e-02
7.88233459e-01
5.13392627e-01
7.21984625e-01
3.69519770e-01
6.53572500e-01
5.04079163e-01
4.63296890e-01
4.92524475e-01
9.91594195e-01
5.97695827e-01
7.29823172e-01
6.77921474e-01
1.20551598e+00
2.29256526e-01
7.88904011e-01
5.95457911e-01
1.05980253e+00
1.62944531e+00
9.71483946e-01
8.94775152e-01
9.14108396e-01
7.60729730e-01
1.01636446e+00
1.07418513e+00
5.46596169e-01
6.12766087e-01
1.62151694e+00
1.43926394e+00
1.47435522e+00
1.82460833e+00
1.99502552e+00
1.64856648e+00
2.20250654e+00
1.45227087e+00
8.12731206e-01
6.64545774e-01
9.03079987e-01
1.43866420e+00
9.42333519e-01
3.76229912e-01
4.16191906e-01
-7.44420767e-01
-4.56333190e-01
-1.36809063e+00
-2.27500960e-01
-5.29880404e-01
-8.13241526e-02
-3.34361941e-01
-7.89368749e-02
4.33456413e-02
5.99196792e-01
-7.14814737e-02
-5.55608511e-01
-2.52077132e-01
-2.19745822e-02
-4.76787865e-01
-4.67427701e-01
-1.88427746e-01
2.26447970e-01
1.03325999e+00
1.21371493e-01
1.30199337e+00
3.24372739e-01
9.31192219e-01
-7.36044273e-02
-1.00766264e-01
2.80458868e-01
5.96657991e-02
-2.90184543e-02
-5.42362183e-02
3.00698698e-01
-2.94156335e-02
-4.20824699e-02
-4.71349478e-01
-7.57803500e-01
-4.43542451e-01
-6.15816951e-01
-9.26746488e-01
-7.08232045e-01
-8.37874711e-01
-6.96679890e-01
-6.97651446e-01
-8.48776340e-01
-6.21757686e-01
-7.70697415e-01
-6.84604466e-01
-1.19970918e+00
-1.22959387e+00
-1.23411202e+00
-1.06635022e+00
-7.67763197e-01
-1.26516283e+00
-1.07541561e+00
-1.17890155e+00
-7.81151891e-01
-9.18238640e-01
-5.31195521e-01
-1.03510833e+00
-6.53673351e-01
-6.46573663e-01
-3.81474108e-01
-3.35769206e-01
-1.20097935e+00
-1.25560379e+00
-1.00962269e+00
-1.15238178e+00
-8.96751702e-01
-1.10064113e+00
-1.30169213e+00
-1.73682487e+00
-1.69272697e+00
-1.46490860e+00
-1.92898035e+00
-1.01710629e+00
-1.33092964e+00
-1.05750132e+00
-9.70800459e-01
-4.72467959e-01
-6.48604333e-01
-6.77929163e-01
-2.03813985e-01
-5.56614697e-01
-7.02576816e-01
-3.82558852e-01
-6.91143334e-01
-2.83461779e-01
-3.02613288e-01
-1.85123190e-01
-1.89814705e-03
-1.48344964e-01
5.90435445e-01
2.18417719e-01
3.73030007e-01
1.19972922e-01
4.30635691e-01
1.69543013e-01
7.52684176e-01
3.74864966e-01
6.08879089e-01
2.34015092e-01
5.51599860e-01
2.41802752e-01
6.81031704e-01
8.37476134e-01
1.00912619e+00
1.43213153e+00
1.19217098e+00
9.83403683e-01
1.14306819e+00
9.92263496e-01
1.09522140e+00
9.41557765e-01
5.25858462e-01
8.78870904e-01
1.22341216e+00
2.58267450e+00
1.56357121e+00
2.25901222e+00
2.47318268e+00
2.35485911e+00
2.74738550e+00
2.74847603e+00
2.27593040e+00
2.63705397e+00
2.73182535e+00
2.34518027e+00
3.08672404e+00
3.77144432e+00
2.75298786e+00
2.66570950e+00
1.60523272e+00
2.14693689e+00
1.35118872e-01
3.19124401e-01
9.57832456e-01
6.00510836e-01
1.12684774e+00
1.47046256e+00
2.13972673e-01
6.14234328e-01
4.20392096e-01
5.98875999e-01
5.53591073e-01
1.06940225e-01
2.03443781e-01
5.35562098e-01
2.89400518e-01
5.84566057e-01
1.61024421e-01
7.26653516e-01
2.45342076e-01
4.73297507e-01
-2.20245689e-01
-1.10163763e-01
5.37684374e-02
2.37133488e-01
4.84152108e-01
3.43697160e-01
4.64157164e-01
2.28491232e-01
3.69295686e-01
-1.53129235e-01
-7.20955968e-01
-3.41058612e-01
-5.04045904e-01
-5.34195960e-01
-6.71248674e-01
2.54999459e-01
-4.48301345e-01
-5.63711941e-01
2.59443503e-02
-3.36789429e-01
2.46436819e-01
-1.87490165e-01
-5.92179716e-01
-7.22207427e-01
-3.97795290e-01
-5.48623323e-01
-8.44592094e-01
-1.21502411e+00
-8.34132731e-01
-1.37592363e+00
-1.93493843e+00
-1.90850043e+00
-2.44667935e+00
-2.61220050e+00
-2.43762803e+00
-2.46753311e+00
-2.61191344e+00
-2.69830823e+00
-2.51190758e+00
-1.51223218e+00
-2.35710716e+00
-1.84510660e+00
-2.05561495e+00
-6.91115439e-01
-1.62382078e+00
-1.69036472e+00
-1.73745906e+00
-1.55827534e+00
-1.84074390e+00
-1.50195694e+00
-1.43462765e+00
-1.40190291e+00
-1.05171740e+00
-9.46284592e-01
-3.30927581e-01
-4.78650391e-01
3.94622535e-02
-8.40422437e-02
-5.54268301e-01
-3.63612682e-01
-3.39236259e-01
-2.57510781e-01
1.08159833e-01
-2.79673725e-01
-7.30719090e-01
-1.14307106e+00
-1.74272388e-01
-8.63502443e-01
-7.69443810e-01
-7.75313616e-01
-2.77040154e-01
-2.61495709e-01
-1.71791464e-01
-1.76966712e-01
-8.74682128e-01
-4.50284213e-01
-7.88903594e-01
-7.19908357e-01
-1.12843776e+00
-6.36037171e-01
-8.20518970e-01
-5.55097342e-01
-5.24408340e-01
-4.05193567e-01
-4.48723465e-01
-3.03625762e-01
-6.86482608e-01
-1.20184171e+00
-5.85492849e-01
-5.52638590e-01
7.62740150e-02
5.73836446e-01
-3.04873828e-02
1.00145483e+00
1.91511154e+00
2.85661864e+00
2.46544242e+00
2.11592364e+00
2.93512285e-01
1.56380737e+00
1.92779791e+00
2.59108734e+00
1.46626079e+00
1.31696022e+00
8.94030333e-01
1.28855073e+00
3.97245556e-01
2.76424229e-01
-4.39937860e-01
-2.36563042e-01
-2.02602386e-01
-1.79788247e-01
1.04058109e-01
2.46662080e-01
-3.96166474e-01
-3.39686364e-01
-7.37515748e-01
-3.82793695e-01
-2.78586268e-01
-6.61027193e-01
-5.97117603e-01
-6.50170922e-01
-6.06923938e-01
-4.83721495e-01
-4.17378753e-01
-5.26731431e-01
-3.53246748e-01
-3.10163379e-01
1.21779762e-01
-3.88409615e-01
-3.36898565e-01
-4.45119664e-02
-2.49952137e-01
-3.46389115e-01
-4.84918714e-01
-3.80414575e-01
-8.47553670e-01
-6.67877495e-01
-6.39156640e-01
-1.00947392e+00
-8.69835913e-01
-1.24000835e+00
-1.19619441e+00
-1.85398507e+00
-1.33865905e+00
-1.62363756e+00
-1.85933387e+00
-1.66975319e+00
-1.96162784e+00
-1.20307934e+00
-1.13645971e+00
-1.50282824e+00
-7.91401684e-01
-6.66672528e-01
1.97110265e-01
1.19701087e+00
1.19681321e-01
1.54960382e+00
2.25422788e+00
2.39469576e+00
2.41809916e+00
1.94094265e+00
1.20102978e+00
1.19922435e+00
1.38148189e+00
1.29867756e+00
4.45201218e-01
4.08228308e-01
3.84667039e-01
9.40998673e-01
7.00157523e-01
7.42416978e-01
8.58101666e-01
1.48115480e+00
1.29990208e+00
1.87145889e+00
1.69649005e+00
1.82947850e+00
8.24160516e-01
1.53755808e+00
4.15093929e-01
4.45992976e-01
4.95575696e-01
2.49633357e-01
2.29675561e-01
5.92099547e-01
2.60092229e-01
-1.45434644e-02
1.86835468e-01
-1.66765600e-01
-4.93094355e-01
-9.95352566e-02
3.63673896e-01
9.32401940e-02
-1.68406144e-01
1.84720312e-03
4.81325872e-02
-2.73864307e-02
-4.67750311e-01
4.45105471e-02
-1.19826145e-01
1.15107372e-01
-3.75231415e-01
-6.22661829e-01
-1.70408964e-01
-1.22375083e+00
-5.16507745e-01
-1.76006114e+00
-5.71860254e-01
-7.36490011e-01
-1.14208281e+00
-1.15025020e+00
-1.43712413e+00
-1.18225396e+00
-1.06248009e+00
-6.31389499e-01
-7.40945399e-01
-2.81995714e-01
7.56077528e-01
3.60077852e-03
2.81589758e-02
1.75308853e-01
-4.17508066e-01
-7.72258580e-01
-1.93260267e-01
-1.33220041e+00
-1.55982232e+00
-1.05425954e+00
-9.63678777e-01
-1.07614017e+00
-1.79178858e+00
-1.16824615e+00
-1.83103406e+00
-6.53481841e-01
-6.18008018e-01
-8.17128301e-01
-1.11996603e+00
-1.01606405e+00
-4.08272147e-01
-7.25365698e-01
-3.89584333e-01
-3.62966150e-01
-1.03802896e+00
-5.39922059e-01
-6.45704150e-01
-3.26937847e-02
-4.23298955e-01
-2.67934471e-01
-2.64321178e-01
-2.64584839e-01
-2.55109906e-01
-5.18713892e-01
-1.12088017e-01
-4.51759249e-01
-1.43265933e-01
-1.49623305e-01
-3.00922185e-01
-1.44753596e-02
-5.75724244e-02
3.81618068e-02
1.12692595e-01
2.09134176e-01
3.59433562e-01
-2.71409482e-01
3.74410272e-01
-2.84749251e-02
1.17919169e-01
1.11471497e-01
-1.98748648e-01
-3.95116389e-01
-4.41170521e-02
4.64286774e-01
1.23057395e-01
-4.40147460e-01
2.24031642e-01
-7.18614221e-01
-3.20583373e-01
-5.85111201e-01
-8.81985724e-01
-8.91054630e-01
-1.08449078e+00
-1.25265515e+00
-9.99313951e-01
-2.50358582e-01
-3.94769639e-01
-1.93915769e-01
2.91039973e-01
-3.65551263e-01
1.20942466e-01
2.71639764e-01
6.97451770e-01
-1.08697943e-01
1.21960491e-01
2.02435464e-01
2.56586760e-01
-3.73734862e-01
4.17446673e-01
1.09437615e-01
8.96311700e-01
3.43755260e-02
1.39108941e-01
1.33112565e-01
-3.62403303e-01
-7.10956678e-02
-1.51569739e-01
4.78697896e-01
-1.93572372e-01
3.71303409e-01
7.94269621e-01
8.27331841e-01
1.45915449e-01
1.58069551e-01
8.24412525e-01
4.84611183e-01
6.08901799e-01
9.17703882e-02
2.75642395e-01
3.69588196e-01
5.62789023e-01
2.01583169e-02
-4.39968169e-01
-7.70836711e-01
-1.08020639e+00
-6.70214057e-01
-8.92895699e-01
-7.19375730e-01
-9.67477024e-01
-8.18421066e-01
-1.78833401e+00
-1.12896991e+00
-1.54610455e+00
-1.08696187e+00
-1.64423740e+00
-1.64977336e+00
-1.53649020e+00
-2.98410606e+00
-2.06151891e+00
-2.90997028e+00
-2.84007239e+00
-2.66746783e+00
-3.12832761e+00
-2.54230952e+00
-2.63314915e+00
-2.96411896e+00
-1.76931775e+00
-2.12376118e+00
-1.35698819e+00
-4.06839669e-01
-1.75435042e+00
-3.74326319e-01
1.63550079e-01
6.35045528e-01
1.33303804e-02
-4.26982790e-02
-6.58880770e-01
-2.05142006e-01
-5.51716387e-01
-3.28837335e-01
-2.35617831e-01
6.73697293e-02
-5.24187148e-01
-2.27780864e-01
-2.16485843e-01
2.92943388e-01
7.55365908e-01
1.24266171e+00
1.39968765e+00
1.97585034e+00
1.57629931e+00
1.39287221e+00
5.99961817e-01
1.59802318e+00
6.22629702e-01
8.04741144e-01
-3.29979718e-01
2.36422569e-01
3.37882400e-01
3.52471888e-01
1.19247466e-01
-6.25649750e-01
1.28765345e-01
-8.89855444e-01
-4.06490117e-01
-7.42324829e-01
-3.76630843e-01
-6.85822189e-01
-7.31177211e-01
-1.92666098e-01
-4.70596999e-01
-2.98544496e-01
-4.56247807e-01
-6.06944501e-01
-8.82450163e-01
-7.91047931e-01
-1.38985920e+00
-3.92108113e-01
-1.19507670e+00
-8.58853936e-01
-1.39810574e+00
-8.37502182e-01
-1.53285432e+00
-1.88201404e+00
-1.38785040e+00
-1.34863067e+00
-1.19651675e+00
-1.24445975e+00
-1.27769101e+00
-1.58721673e+00
-1.11016273e+00
-1.56447423e+00
-2.16402960e+00
-1.87610924e+00
-2.04514956e+00
-1.96175992e+00
-1.94694936e+00
-1.57768524e+00
-2.57294321e+00
-1.21491635e+00
-1.36437118e+00
-5.47040820e-01
-9.05447602e-01
-1.34548163e+00
-1.01003718e+00
-1.10901952e+00
-4.31627095e-01
1.30328983e-01
-3.49845827e-01
1.86330631e-01
-1.13317050e-01
3.72859947e-02
-6.49713755e-01
-4.94816490e-02
-4.15828973e-01
-4.50898141e-01
-7.26718068e-01
-7.22635925e-01
1.40122011e-01
1.12629160e-01
-3.15956861e-01
-2.40541562e-01
2.83446796e-02
-2.03633100e-01
-1.32317886e-01
-5.03265679e-01
-4.70207393e-01
-5.55039525e-01
-5.08977413e-01
-3.66169423e-01
1.05742168e+00
1.07071400e+00
9.10907567e-01
1.12433147e+00
1.00245500e+00
9.63373184e-01
1.06609619e+00
1.19667280e+00
1.46642756e+00
1.18758523e+00
1.74167371e+00
9.84774411e-01
1.47476721e+00
8.19552064e-01
1.27188659e+00
6.10240102e-01
1.20174885e+00
1.15738893e+00
1.03070116e+00
7.98906744e-01
5.29400468e-01
6.72214329e-01
5.88894308e-01
4.76278841e-01
-1.58791188e-02
3.15039545e-01
1.24226403e+00
4.44878489e-01
9.77181256e-01
1.18985331e+00
1.05669427e+00
4.77616161e-01
1.75407124e+00
8.03619862e-01
7.93608010e-01
1.37518203e+00
1.55414855e+00
8.91150296e-01
-8.17457307e-03
9.25169066e-02
7.95787498e-02
1.09456265e+00
6.32201612e-01
7.94367135e-01
1.92972317e-01
1.59238920e-01
1.07546277e-01
5.73781729e-01
3.22072431e-02
2.34442353e-01
-1.62324250e-01
3.59208472e-02
-3.49187046e-01
2.54572570e-01
4.07414913e-01
-3.75544876e-01
-2.23811582e-01
8.48738179e-02
-3.18879485e-02
2.60042280e-01
-2.71675050e-01
5.00143707e-01
4.37949076e-02
3.79300565e-01
-8.53784442e-01
-1.72334254e-01
-5.31219721e-01
-2.81046838e-01
-1.87535733e-01
-3.27527434e-01
-2.98982859e-02
-3.61005306e-01
-8.45260993e-02
3.59130174e-01
4.53308970e-01
8.91182780e-01
6.60375416e-01
5.71471751e-01
6.95319533e-01
9.34302151e-01
9.23229396e-01
7.88283765e-01
1.10234344e+00
8.40792835e-01
9.02333915e-01
7.94682086e-01
9.97020841e-01
9.58641291e-01
1.19184792e+00
1.38975894e+00
5.33713758e-01
8.50215703e-02
7.15377152e-01
2.28328213e-01
4.31069106e-01
3.49820048e-01
-1.50229060e-03
-1.52264133e-01
-8.72313976e-02
-1.53734252e-01
-2.10478798e-01
7.63703659e-02
5.58633059e-02
-9.71797943e-01
-3.13810170e-01
-9.35325205e-01
-1.22294736e+00
-8.12541723e-01
-1.14712274e+00
-1.02901375e+00
-1.04247618e+00
-1.12614048e+00
-7.42787898e-01
-9.85697091e-01
-6.49129391e-01
-1.07135522e+00
-3.01961862e-02
-6.70816958e-01
-1.57546148e-01
-5.41185975e-01
-6.00207448e-01
-8.89955163e-01
-5.92430353e-01
-4.40938592e-01
-3.52136075e-01
-3.65090191e-01
-1.88997209e-01
-3.61377597e-01
-1.37734151e+00
-7.78705001e-01
-1.02346420e+00
-1.02068055e+00
-1.10860658e+00
-1.00549364e+00
-7.62315571e-01
-8.56529117e-01
-1.38445807e+00
-3.03479970e-01
-1.02133226e+00
3.93161148e-01
-7.44610354e-02
-1.78575680e-01
-1.79333389e-01
-2.39127919e-01
-5.38853109e-02
-3.77710490e-03
2.73375690e-01
7.83045411e-01
7.50409484e-01
2.66973257e-01
-3.32378224e-02
-1.49186239e-01
2.67786533e-01
-2.42826659e-02
-7.54447877e-01
-4.78608757e-01
-9.07175720e-01
-6.03610754e-01
-1.28364950e-01
1.04298759e+00
9.03237537e-02
1.40745771e+00
-4.36966084e-02
1.28837988e-01
3.31348889e-02
5.52349150e-01
2.99021631e-01
-5.14110029e-01
1.93274900e-01
2.96634257e-01
-2.17342511e-01
-1.89461112e-01
1.79490983e-01
1.82372466e-01
1.24688067e-05
-1.06586162e-02
7.75913745e-02
2.36235112e-01
3.52069110e-01
1.38849065e-01
9.69150722e-01
4.66439366e-01
3.47052217e-01
5.57760239e-01
8.57319951e-01
4.87318337e-01
6.00071013e-01
9.10999596e-01
7.82879412e-01
5.62888205e-01
9.57840025e-01
3.59563828e-01
-1.37153482e+00
-1.25400627e+00
-1.35340261e+00
-1.07714117e+00
-1.17214429e+00
-1.07592368e+00
-8.82426679e-01
-8.60064924e-01
-9.15550292e-01
-5.34291506e-01
-2.91198611e-01
-1.40123323e-01
-3.21602046e-01
-7.46511519e-01
4.71060984e-02
-7.58085251e-01
-1.21079944e-01
-2.46965051e-01
1.77216649e-01
-4.01178956e-01
-2.61108220e-01
-8.09304893e-01
-4.45474178e-01
-3.26326579e-01
-3.51183563e-01
-6.14125788e-01
1.89582512e-01
-2.57804513e-01
9.56623107e-02
4.32905495e-01
6.83359087e-01
1.41595125e-01
5.23994982e-01
9.44354296e-01
8.78772557e-01
1.64192045e+00
1.51853383e+00
9.68332767e-01
6.60089314e-01
4.02051300e-01
5.28753161e-01
1.47019279e+00
5.80354214e-01
8.21179032e-01
-4.33839053e-01
-4.26019460e-01
-3.71571869e-01
1.57738537e-01
-6.42818809e-01
-5.48909307e-01
-1.22648227e+00
-3.82642657e-01
9.34536234e-02
-2.69657075e-01
-2.61703223e-01
-3.02429020e-01
-3.16086769e-01
-1.87461376e-01
-3.58594537e-01
-1.49660185e-01
-2.89191991e-01
-1.04857951e-01
-1.50477603e-01
-6.13612775e-03
-6.24583602e-01
-4.74200189e-01
-7.52874196e-01
-6.38834715e-01
-5.81539631e-01
-7.50837862e-01
-8.83542955e-01
-7.46180773e-01
-4.30873901e-01
-6.14484131e-01
-6.33691132e-01
-8.39209676e-01
-5.71514308e-01
-7.22483575e-01
-3.48207146e-01
-6.00771070e-01
-4.59282041e-01
-3.77896102e-03
-2.82578856e-01
-4.45698470e-01
-3.77168119e-01
-5.18997610e-01
-1.25844494e-01
7.56351948e-02
-2.80148655e-01
3.14781040e-01
6.95356786e-01
-2.31549263e-01
4.92879510e-01
3.75364095e-01
4.62349653e-01
2.41213500e-01
4.71254051e-01
3.97715330e-01
1.49023607e-01
9.71492767e-01
7.18916953e-01
3.51939112e-01
2.58880317e-01
3.57055157e-01
3.42539586e-02
3.29458594e-01
-2.67756283e-01
3.45220864e-02
-7.26074100e-01
-5.37493646e-01
-2.99528450e-01
7.73056969e-02
-6.95897102e-01
-8.81895661e-01
-9.20293629e-01
-5.19536376e-01
-3.60059679e-01
-5.20469785e-01
-2.25456923e-01
-3.86421561e-01
-5.89862317e-02
-4.52187538e-01
-1.55692603e-02
8.62843767e-02
-2.50435859e-01
5.26258945e-01
1.14975847e-01
3.36199731e-01
-1.03663826e+00
-3.13920379e-01
-2.93208688e-01
-4.58349794e-01
-2.28978515e-01
-3.22344363e-01
1.62307084e-01
2.91376799e-01
3.82829279e-01
5.18678308e-01
1.29052317e+00
1.08282602e+00
9.34661090e-01
1.14726245e+00
1.26927686e+00
7.71350741e-01
1.41892862e+00
8.35653543e-01
1.22034955e+00
7.39273310e-01
7.05091119e-01
5.89801788e-01
6.28539205e-01
-2.05629542e-01
4.66098368e-01
1.22055002e-01
5.34248054e-01
4.31347579e-01
5.51367521e-01
3.01327258e-01
1.08883607e+00
5.09006381e-01
7.95948565e-01
7.61491835e-01
1.93787134e+00
1.06817400e+00
8.80188882e-01
6.96294129e-01
9.82618988e-01
7.59561002e-01
1.00557804e+00
6.25624061e-01
3.08132052e-01
3.36432725e-01
-2.90678859e-01
-4.03951764e-01
-6.71136558e-01
7.79259726e-02
-9.80060697e-01
8.69806483e-03
-3.67883325e-01
2.91327477e-01
3.41950387e-01
6.53016746e-01
-7.52740353e-02
1.16690621e-01
2.31435657e-01
-3.82435173e-02
6.38643324e-01
5.10334074e-01
3.49982798e-01
7.59804547e-01
4.47383106e-01
4.02097762e-01
8.80004540e-02
5.39681315e-01
7.24626184e-01
5.17839849e-01
5.96888423e-01
5.21408319e-01
7.75425196e-01
1.98265582e-01
5.00054181e-01
1.22710682e-01
-4.93056737e-02
-2.95288473e-01
-5.62508523e-01
-5.12864888e-01
-3.31941992e-01
2.69369725e-02
-3.79297823e-01
-6.72209799e-01
-5.13899386e-01
-6.33946836e-01
-7.85894811e-01
-4.67609674e-01
-5.61838627e-01
-3.92492056e-01
-6.55963421e-01
-3.67051452e-01
-8.85639429e-01
6.66407645e-01
-1.64456621e-01
1.74346104e-01
5.46346486e-01
5.90050876e-01
7.28568792e-01
4.25855577e-01
4.19094056e-01
8.21381092e-01
5.12636364e-01
5.09215832e-01
1.12119269e+00
1.29588056e+00
8.66097510e-01
6.36839628e-01
7.50283480e-01
5.42530894e-01
-8.03134561e-01
-7.25251973e-01
-3.41973126e-01
-3.10648382e-01
-1.39398232e-01
4.72829252e-01
-5.70933260e-02
3.59968171e-02
-1.77958548e-01
-4.26615663e-02
3.31254974e-02
-4.74438109e-02
2.40787804e-01
6.82484433e-02
9.64783132e-02
5.63994229e-01
-9.72701609e-02
4.88612026e-01
1.39003649e-01
3.27506304e-01
-4.90093619e-01
-5.44732630e-01
-7.87505627e-01
-4.46705550e-01
-5.16675413e-01
-3.48525375e-01
-3.99312884e-01
-5.22750989e-03
-6.99078012e-03
1.08784653e-01
2.38427058e-01
2.73783892e-01
-6.62487298e-02
1.22243557e-02
3.84321183e-01
-5.76408148e-01
9.47266296e-02
-7.42241561e-01
-2.85200477e-01
-7.94032335e-01
-7.42636204e-01
-8.59414995e-01
-7.20323265e-01
-1.25848448e+00
-6.19097352e-01
-1.40157115e+00
-6.33596480e-01
-7.32560396e-01
-5.41242063e-01
-1.30496606e-01
6.05772913e-01
-3.12740803e-02
3.40222418e-01
8.00373316e-01
1.32202423e+00
1.57370055e+00
1.56936955e+00
8.97437692e-01
1.33475840e+00
1.10239267e+00
1.66463029e+00
2.13513803e+00
2.03331852e+00
1.54012406e+00
1.25763917e+00
1.53938138e+00
1.54913366e+00
2.42095876e+00
9.88386452e-01
1.15911770e+00
7.43999302e-01
1.76974738e+00
6.14859700e-01
1.11741388e+00
-6.48644805e-01
2.75898948e-02
-2.70733219e-02
3.99143808e-02
5.75053632e-01
-4.61325869e-02
3.83469015e-01
-9.28399898e-03
2.46273410e-02
-1.35320485e-01
1.58036396e-01
-1.33191004e-01
2.15193078e-01
-1.14677489e-01
2.39736184e-01
1.77564863e-02
4.64857258e-02
3.23532522e-01
4.17944402e-01
3.34678032e-02
3.02541345e-01
8.67357776e-02
5.95858097e-01
4.71479505e-01
4.99056041e-01
6.68137610e-01
9.82005417e-01
1.71374798e+00
1.19443965e+00
1.41415834e+00
1.54665530e+00
1.26730895e+00
1.10486341e+00
6.58441305e-01
9.43951190e-01
7.37028837e-01
1.51419973e+00
1.23482203e+00
1.38182330e+00
1.13611627e+00
1.25374794e+00
1.55805409e+00
1.81654966e+00
1.26203489e+00
3.51885498e-01
8.70090604e-01
1.24866879e+00
1.50290728e+00
8.41204643e-01
7.16112673e-01
7.74779141e-01
9.37921166e-01
-2.34000906e-01
4.32262063e-01
-2.21960787e-02
-5.12341380e-01
-2.01986462e-01
2.29907036e-01
-6.15206897e-01
-3.70802045e-01
-1.26198590e-01
-1.77479789e-01
-4.02754426e-01
3.72463048e-01
-5.01211345e-01
-3.15756112e-01
-3.86159033e-01
-3.41986895e-01
2.13390440e-01
8.53876948e-01
4.24612910e-01
9.83365238e-01
2.45777935e-01
6.99150920e-01
6.25705302e-01
1.20037246e+00
8.44878733e-01
9.68931198e-01
8.95453215e-01
8.00873518e-01
1.12016153e+00
2.14152694e-01
9.74666595e-01
7.00085759e-01
1.85487664e+00
1.53404784e+00
1.66417360e+00
1.79516673e+00
1.94134855e+00
2.59865665e+00
2.66154456e+00
2.52214003e+00
2.72042680e+00
2.08964705e+00
2.30035448e+00
2.01346350e+00
1.81582689e+00
2.06686759e+00
1.36905205e+00
1.17300904e+00
1.15568733e+00
1.26714694e+00
1.63790882e+00
1.74945402e+00
1.55178225e+00
1.47797513e+00
1.16942167e+00
9.30917203e-01
1.51860267e-01
1.12722683e+00
1.19980645e+00
1.18989480e+00
1.33218098e+00
1.91769254e+00
7.85847664e-01
2.08941579e-01
-4.85418797e-01
4.82392877e-01
-8.36240232e-01
-8.07056129e-01
1.04303204e-01
-3.32222253e-01
1.11296289e-01
-3.66609454e-01
-2.81362653e-01
-2.96770245e-01
1.34094298e-01
-3.07599276e-01
7.86194324e-01
-7.95696303e-02
-1.09620117e-01
-2.30272144e-01
-2.87778765e-01
-1.94843546e-01
-3.49517949e-02
-5.16611695e-01
2.48423934e-01
-1.83798894e-01
1.51670888e-01
-3.95944953e-01
-2.17450783e-02
2.97551602e-02
2.00679749e-01
-1.13378741e-01
-3.98394465e-01
1.08041592e-01
4.20023352e-01
1.58146828e-01
-3.42566967e-01
-4.65418160e-01
-1.73405319e-01
5.95855294e-03
-2.57855862e-01
2.87779182e-01
-3.35937530e-01
2.73104876e-01
-1.65035978e-01
-2.18044326e-01
1.41249433e-01
-1.21515013e-01
-1.63587183e-01
-4.01704878e-01
-3.21197122e-01
8.20494741e-02
2.67632872e-01
1.22242287e-01
4.93335873e-01
-2.75664032e-01
-5.52447103e-02
4.86234844e-01
2.98971981e-01
1.62768319e-01
-9.82886434e-01
6.47911653e-02
2.85721779e-01
4.95904952e-01
-4.75423276e-01
-1.04226470e+00
-5.29717624e-01
-3.47188175e-01
-1.05267870e+00
-5.54068506e-01
-9.95422423e-01
-7.38207459e-01
-8.78499329e-01
-3.31175208e-01
-1.04682517e+00
-8.98885608e-01
-8.63754213e-01
-6.01435244e-01
-7.74205565e-01
-3.02940726e-01
-7.05451488e-01
-6.70480967e-01
-7.91409165e-02
-6.06888890e-01
-2.83800036e-01
1.47517741e-01
-4.35390294e-01
5.18951416e-01
-1.40566334e-01
2.28584468e-01
-6.03587069e-02
3.42266321e-01
-3.64941686e-01
4.22078893e-02
-1.89237431e-01
-6.20290712e-02
-2.29626924e-01
-2.55899012e-01
-3.03530395e-01
5.66992126e-02
-5.51167905e-01
-4.03452925e-02
6.77489191e-02
-1.45989545e-02
-1.60755083e-01
-4.03402090e-01
-3.13817173e-01
-2.36800611e-01
-2.70443022e-01
1.07129656e-01
-5.57435602e-02
-1.95065334e-01
-2.27547050e-01
-4.73205447e-01
-2.80869246e-01
1.02024369e-01
-2.96605885e-01
-5.29441833e-01
-2.73299307e-01
-6.77787885e-02
1.72830760e-01
5.08712411e-01
1.41764700e-01
3.00309718e-01
1.97240636e-01
1.76097468e-01
7.24864364e-01
1.01939440e+00
7.67284453e-01
4.67132837e-01
6.39264226e-01
2.37668306e-02
7.77549744e-02
-1.66348353e-01
-1.73656810e-02
2.45167553e-01
3.74655157e-01
3.47933263e-01
6.59906089e-01
3.50849301e-01
-1.12157859e-01
1.32908627e-01
4.04078782e-01
2.07632035e-01
4.96602118e-01
2.08559170e-01
4.60511416e-01
8.85418057e-03
-3.09334189e-01
-3.70723218e-01
-1.44396678e-01
-8.04096937e-01
-1.25190601e-01
-4.09576356e-01
-4.15919811e-01
-1.34082764e-01
-5.86301163e-02
-2.05862761e-01
-3.67732509e-03
-1.66981325e-01
8.46917834e-03
-1.89029314e-02
-2.14923337e-01
-4.76369470e-01
-1.05361533e+00
-9.24786687e-01
-9.95516300e-01
-4.95325387e-01
-7.47647822e-01
-2.16697127e-01
-9.02268052e-01
-4.19110477e-01
-6.07708335e-01
-3.92469555e-01
-1.46088675e-01
-1.57987192e-01
-3.70169729e-01
-6.73343778e-01
-1.71660706e-01
4.48869288e-01
-9.91486534e-02
7.76496828e-01
9.75359753e-02
2.03055918e-01
1.09609199e+00
9.87442076e-01
8.23147953e-01
1.10810971e+00
6.99350178e-01
8.85118783e-01
9.25807655e-01
8.53936732e-01
6.16164744e-01
2.29036510e-01
2.64695436e-01
8.46962631e-01
6.71358109e-01
5.60916185e-01
3.72194499e-01
8.86424601e-01
5.03384531e-01
1.12829494e+00
8.35770905e-01
1.11818480e+00
6.02361560e-01
8.11334372e-01
4.15293932e-01
4.85930741e-01
-9.08145029e-03
1.48092449e-01
6.38491690e-01
8.21373686e-02
6.03761435e-01
9.28230286e-01
4.80194896e-01
1.04937315e+00
5.08438885e-01
6.40107512e-01
7.03800857e-01
5.43627620e-01
8.38069975e-01
6.02120578e-01
8.06814134e-01
3.80519807e-01
3.48962337e-01
1.45718437e-02
7.36373246e-01
-6.72845915e-02
3.49802747e-02
-4.38612580e-01
2.53701657e-01
-8.38342011e-01
-2.25271344e-01
3.08933675e-01
5.17406881e-01
7.89245725e-01
2.89531469e-01
3.38311903e-02
2.57250816e-01
5.50483763e-01
2.36109793e-01
9.81311858e-01
-6.77603111e-02
3.96448582e-01
9.64238465e-01
2.59508312e-01
7.00005770e-01
6.80090249e-01
4.84447718e-01
6.44541457e-02
2.65294194e-01
3.04983765e-01
2.39159420e-01
3.82319510e-01
3.50858480e-01
1.69091463e-01
5.39501071e-01
3.19236904e-01
6.37029231e-01
1.06271259e-01
6.46206737e-01
3.43566120e-01
1.39147329e+00
1.39142525e+00
1.06354451e+00
1.17311704e+00
1.06491363e+00
6.79582298e-01
1.01309717e+00
4.61074859e-01
4.05490279e-01
2.63811231e-01
5.39122932e-02
3.96151468e-02
4.45690066e-01
-1.72340512e-01
4.37308222e-01
2.84035742e-01
2.09171504e-01
6.23804688e-01
4.27466989e-01
4.69462305e-01
3.53045762e-01
-2.24407896e-01
1.53206050e-01
-1.74856484e-01
1.43223166e-01
-5.12227453e-02
-2.26478070e-01
1.62367851e-01
2.94432163e-01
-3.28221351e-01
-6.96072996e-01
-9.12979186e-01
-3.70408297e-01
-3.32585424e-01
-4.47110355e-01
-9.60220620e-02
-3.03050637e-01
3.65089417e-01
-2.08126009e-01
1.46808416e-01
3.35180908e-01
3.72629464e-01
2.23913714e-01
-1.67844892e-01
1.71365365e-01
2.63109654e-01
7.71709681e-01
1.61552653e-01
5.70441544e-01
2.75222480e-01
6.06246948e-01
3.87659669e-01
8.74197185e-01
-6.12261996e-04
-3.81339699e-01
4.59471762e-01
7.07654595e-01
4.48487282e-01
-1.20242931e-01
-9.30873394e-01
1.49897069e-01
2.61547863e-01
5.67887485e-01
3.63096483e-02
1.13161063e+00
1.20249987e+00
1.07080448e+00
1.53661561e+00
9.01225805e-01
9.41234767e-01
7.49688029e-01
1.02425277e+00
2.80892551e-01
4.93600219e-01
-5.40005147e-01
-1.92797557e-01
-1.26546428e-01
-2.20898122e-01
6.83877198e-03
3.57999265e-01
1.07503116e-01
5.73773503e-01
-1.35891154e-01
3.94431382e-01
-6.58699453e-01
-4.75221932e-01
-5.77963889e-01
-3.35273862e-01
-2.86688536e-01
-4.53199327e-01
-3.80464941e-01
-7.18356431e-01
-4.74100649e-01
-3.59432966e-01
-2.84767807e-01
2.28359967e-01
1.78251237e-01
-1.37239611e+00
-1.90224007e-01
-9.70107913e-01
-3.68929207e-01
-8.73338342e-01
-6.61396921e-01
-1.51212966e+00
-1.25638151e+00
-1.46658134e+00
-1.32996225e+00
-6.24142945e-01
-1.32453203e+00
-1.32591760e+00
-7.09737360e-01
-2.33431315e+00
-1.38575459e+00
-1.43086910e+00
-2.10439754e+00
-2.92959285e+00
-2.85301042e+00
-2.81368065e+00
-1.96876073e+00
-2.32748222e+00
-2.68113685e+00
-2.40773082e+00
-2.66018057e+00
-2.08353448e+00
-2.56296992e+00
-2.86598325e+00
-2.17571115e+00
-2.81912017e+00
-1.94810021e+00
-2.39709997e+00
-2.60152745e+00
-2.80294323e+00
-2.63680410e+00
-2.18136954e+00
-2.10063195e+00
-2.27306032e+00
-1.13734901e+00
-1.26620197e+00
-7.25129128e-01
-7.09065735e-01
4.28727753e-02
-8.60181749e-01
-6.90406322e-01
-7.52557635e-01
-9.73047853e-01
-3.55668038e-01
-2.32170671e-01
-1.93458915e-01
-1.15185595e+00
-1.19428182e+00
-6.48012340e-01
-5.22649884e-01
-6.03390574e-01
-8.32102120e-01
-2.67723590e-01
-5.54360509e-01
-6.09328628e-01
-3.42527181e-01
4.83132862e-02
4.81161863e-01
-3.33375424e-01
3.12757134e-01
4.99619424e-01
5.74646771e-01
-2.44894275e-03
-3.42992693e-01
2.60062456e-01
7.35402778e-02
1.37750953e-01
7.64355138e-02
-1.72582462e-01
-2.56251842e-01
-3.20879191e-01
-3.69038731e-01
-1.06785893e+00
-2.26422119e+00
-1.26296592e+00
-1.85218108e+00
-1.74765515e+00
-2.16508794e+00
-1.90900850e+00
-1.55048323e+00
-6.15997732e-01
2.82924801e-01
-5.59211195e-01
-1.21349061e+00
-8.33975971e-01
-4.46891934e-01
-2.74417818e-01
8.72161150e-01
2.84834355e-01
1.09780931e+00
2.12147310e-02
-1.14701893e-02
-1.49492934e-01
4.02406961e-01
-3.97336215e-01
-3.34499866e-01
-4.53860670e-01
-3.75894248e-01
5.25125682e-01
1.76991180e-01
5.06345294e-02
-2.14235961e-01
-1.33064181e-01
-3.23462754e-01
-2.35575005e-01
-1.77358493e-01
-5.09355307e-01
-1.00287177e-01
-3.03429998e-02
-3.33941698e-01
6.12214088e-01
6.00998282e-01
8.84480119e-01
5.09507418e-01
6.60274625e-01
5.84683895e-01
8.59755278e-01
3.80761832e-01
9.75827992e-01
6.24730766e-01
7.93157578e-01
9.33738410e-01
9.31211174e-01
1.16422224e+00
7.85796821e-01
1.59006953e+00
1.56670630e+00
1.81513119e+00
1.60016727e+00
1.78773785e+00
1.70141566e+00
1.56612945e+00
1.48717546e+00
1.20059621e+00
1.15439284e+00
1.05033469e+00
6.08023524e-01
4.49184895e-01
7.83220828e-01
5.71361005e-01
1.74207181e-01
6.89063728e-01
-1.99179887e-03
2.39763577e-02
-7.36861229e-01
6.97736084e-01
7.10304916e-01
8.12283993e-01
1.33139110e+00
2.23840857e+00
1.28515828e+00
1.13100290e+00
4.93129879e-01
9.29591417e-01
6.41218305e-01
4.48068917e-01
1.30290258e+00
1.01383090e+00
1.36596859e+00
1.02128220e+00
6.02369070e-01
7.41703451e-01
1.74535096e-01
2.93861181e-01
2.01542929e-01
-9.98985209e-03
-2.99858809e-01
-2.92861313e-01
-2.09696546e-01
1.28232583e-01
2.72849381e-01
-3.87160003e-01
1.60575137e-01
2.34000068e-02
-4.82643962e-01
-5.32778025e-01
-8.91016543e-01
-1.93988085e-01
-6.25128508e-01
-6.82440519e-01
-5.63080013e-01
-8.14527869e-01
-5.73971987e-01
-3.63252342e-01
1.09789133e-01
3.50889206e-01
1.00856096e-01
2.13429883e-01
3.56518835e-01
-1.56242670e-02
2.21463114e-01
-1.35866582e-01
2.43631214e-01
8.27564225e-02
-1.13008484e-01
-9.68010798e-02
3.43743503e-01
4.00503337e-01
4.42183226e-01
4.37346727e-01
-3.85550410e-01
-1.64673603e+00
-5.38736284e-01
-1.47261333e+00
-2.20193839e+00
-2.11665082e+00
-2.74214840e+00
-2.22069764e+00
-1.77612793e+00
-1.51482570e+00
-1.77980089e+00
-2.01349092e+00
-1.92985427e+00
-1.55924451e+00
-1.68879354e+00
-1.32038212e+00
-1.21651220e+00
-7.23272085e-01
-1.74500719e-01
1.61278754e-01
-2.90851474e-01
-3.90296370e-01
-1.53269291e-01
1.60523102e-01
-4.01819021e-01
6.01423085e-02
7.55588651e-01
-1.96256757e-01
4.55311388e-02
-1.27929956e-01
5.36858104e-02
-4.87672955e-01
-6.34581029e-01
-1.17149317e+00
-6.65869653e-01
-1.13229573e+00
-8.09334219e-01
-6.89710200e-01
-1.36214864e+00
-1.43684208e+00
-8.20388436e-01
-9.19410706e-01
-9.15232241e-01
-1.02080560e+00
-6.16378486e-01
-5.49890697e-01
-2.49816939e-01
4.62451652e-02
-3.03934276e-01
-1.39617950e-01
-8.09959136e-03
-7.69920528e-01
-7.72349164e-02
-2.00999558e-01
-4.17104274e-01
-9.80122313e-02
7.41602406e-02
-6.04884207e-01
2.10069362e-02
-5.02303839e-01
-1.30505964e-01
-2.76993603e-01
-2.36666292e-01
6.53422952e-01
6.13221407e-01
9.16950256e-02
4.06802893e-01
9.09999669e-01
8.91732335e-01
7.65208781e-01
1.11559343e+00
1.05900133e+00
4.09080148e-01
1.70318913e+00
1.66813684e+00
1.32125127e+00
7.97058344e-01
1.80378795e+00
6.30732894e-01
2.42691708e+00
9.67127383e-01
1.22564185e+00
4.61354405e-02
2.51288742e-01
2.53673404e-01
6.24211952e-02
5.10553002e-01
5.22735536e-01
-5.63373387e-01
-9.21701081e-03
-1.13759758e-02
-3.95555705e-01
1.84728771e-01
-2.38627672e-01
-2.10882187e-01
-1.47554800e-01
-3.72884363e-01
-3.45713913e-01
-2.03854427e-01
-3.09862167e-01
-1.24365911e-01
-2.63728261e-01
-5.05402327e-01
-4.61252630e-01
1.58315152e-01
-1.99824095e-01
-2.86174834e-01
-3.86128873e-01
2.94470284e-02
-1.16558969e-02
2.27627084e-01
1.23252057e-01
3.51644784e-01
3.96172017e-01
4.83516008e-01
7.33125508e-01
3.83916080e-01
9.43685174e-01
8.48041534e-01
1.27127039e+00
1.07962120e+00
1.34079683e+00
1.35135949e+00
1.33824646e+00
1.09931219e+00
4.24864501e-01
7.12105036e-01
1.01612973e+00
5.00003219e-01
1.44657207e+00
9.28812802e-01
7.95084536e-01
1.20934725e+00
1.58567417e+00
1.76015162e+00
2.08734488e+00
2.45899463e+00
1.75573123e+00
2.29848433e+00
2.32027268e+00
2.01208210e+00
2.09205389e+00
1.90257466e+00
1.99962878e+00
9.31433439e-01
1.42038393e+00
4.86398935e-01
9.59749892e-02
2.76446879e-01
4.39906791e-02
5.01338661e-01
8.77443969e-01
6.73446879e-02
1.95221052e-01
6.70740664e-01
9.63593185e-01
9.63547647e-01
5.49326122e-01
3.21765989e-01
5.34327388e-01
2.50151634e-01
4.14318532e-01
4.08434868e-01
1.79070726e-01
2.87115932e-01
3.22189867e-01
-1.58159900e+00
-1.22344935e+00
-7.71306038e-01
-1.17294693e+00
-9.93485153e-01
-1.06470513e+00
-6.74134076e-01
-9.02490675e-01
-5.16294479e-01
-2.23026782e-01
-4.10900921e-01
2.85367340e-01
2.28205230e-02
-9.47509035e-02
1.55217469e-01
6.70071065e-01
1.98716477e-01
6.33439243e-01
1.04410231e+00
9.22842145e-01
1.14677584e+00
5.56701899e-01
4.26618010e-01
4.95828867e-01
1.28428951e-01
3.62926006e-01
-2.64104217e-01
-4.60020632e-01
4.54783626e-02
-4.97797728e-01
-5.87282419e-01
-2.38068581e-01
-5.77934325e-01
1.26710498e+00
9.79896784e-01
1.70633662e+00
1.52548206e+00
1.38005948e+00
1.30032611e+00
1.35073006e+00
1.62848234e+00
2.09403968e+00
7.97671616e-01
1.61463892e+00
1.35285240e-02
-2.92423904e-01
-3.14785361e-01
-8.73869434e-02
-5.09679556e-01
-4.49710131e-01
-8.15821350e-01
-9.57804441e-01
-3.86822224e-01
-1.88197866e-01
-1.41224131e-01
-2.27128267e-01
9.16739926e-02
-4.30504799e-01
-9.65688378e-02
1.53467536e-01
-2.28736565e-01
2.85251915e-01
1.89956725e-01
-7.55826803e-03
2.10317448e-01
-1.88523874e-01
3.09508383e-01
-1.54551968e-01
-1.12024389e-01
-1.74916074e-01
-4.54453118e-02
4.38739136e-02
2.04748243e-01
4.75044511e-02
-3.12211126e-01
-2.66597390e-01
3.51588093e-02
3.79780054e-01
-8.24603066e-02
1.15799317e-02
-1.48925722e-01
5.29075503e-01
8.50343406e-02
4.98551339e-01
4.45125014e-01
1.70836851e-01
3.74707341e-01
-3.45335990e-01
1.80017099e-01
2.88058728e-01
6.12783551e-01
1.72938323e+00
1.01600528e+00
8.39685857e-01
1.44770443e+00
2.16421413e+00
2.06152868e+00
2.07840610e+00
6.27971530e-01
7.95019388e-01
1.48399758e+00
1.95771265e+00
1.19116867e+00
2.65558422e-01
9.37875211e-01
8.20209444e-01
3.52234989e-01
7.01384693e-02
-1.34655222e-01
1.63543031e-01
1.70935661e-01
1.41411871e-01
5.48542261e-01
7.43155777e-01
-1.30285874e-01
3.15919608e-01
1.52155638e-01
2.20039532e-01
-3.35874021e-01
-1.31212234e-01
-2.07923532e-01
-1.69971228e-01
-1.60868660e-01
3.47686499e-01
4.68982644e-02
6.28489256e-01
3.15758325e-02
4.39347923e-01
-5.83785415e-01
-2.43266761e-01
-2.52178162e-01
-3.22627157e-01
-2.41833359e-01
-3.20835024e-01
-3.90497178e-01
-8.58482793e-02
-2.45823652e-01
-1.76176235e-01
-1.28614351e-01
-3.64710152e-01
-1.60240412e-01
-1.22171557e+00
-3.92354280e-01
-1.39532602e+00
-4.64949936e-01
-8.46017122e-01
-9.79318380e-01
-1.18949866e+00
-1.31624997e+00
-1.16009998e+00
-1.37102914e+00
-1.05448902e+00
-1.03264236e+00
-8.77166152e-01
-2.05607593e-01
-1.48982286e+00
-8.77058864e-01
-1.51718926e+00
-1.71631539e+00
-2.63005185e+00
-2.07088423e+00
-2.64805150e+00
-1.88772881e+00
-1.90136266e+00
-2.33423615e+00
-2.36332703e+00
-2.50159407e+00
-2.17470145e+00
-2.27205467e+00
-2.23520088e+00
-1.56138396e+00
-2.39644980e+00
-2.12144041e+00
-2.61294651e+00
-2.14974785e+00
-1.95248723e+00
-2.50705051e+00
-1.15240312e+00
-1.49919331e+00
-1.16462839e+00
-1.42691410e+00
-4.29495752e-01
-1.61224151e+00
-9.48124588e-01
-6.85999393e-01
-8.94069254e-01
-3.08513880e-01
1.98437557e-01
-1.81829870e-01
6.18205905e-01
5.59119880e-02
6.73866630e-01
-9.15592611e-01
-9.59038377e-01
-4.03810233e-01
-6.46929801e-01
-6.86237276e-01
-6.50288224e-01
-3.24970126e-01
-4.30466026e-01
-2.86071002e-01
-1.47498786e-01
-4.72314924e-01
7.28137384e-04
-4.54017222e-02
-9.45475459e-01
-4.58445609e-01
-6.64890170e-01
-2.68705070e-01
-7.41325319e-01
-4.21243876e-01
-8.71596575e-01
-5.88044286e-01
-7.99693823e-01
-1.23645353e+00
-1.31462181e+00
-8.92267048e-01
-8.64559352e-01
-4.04239595e-01
-6.23070180e-01
-6.75933719e-01
-4.00357842e-01
2.76455492e-01
3.90683860e-01
3.36673230e-01
1.08615093e-01
-3.60782027e-01
-4.59236681e-01
-3.56331646e-01
5.21890111e-02
-8.46549213e-01
-6.80887222e-01
-1.06752276e+00
-2.27856964e-01
-6.70922577e-01
-9.46782470e-01
-2.18729997e+00
-2.14946151e+00
-2.25692630e+00
-2.09980750e+00
-2.18044329e+00
-1.29371464e+00
-1.82178497e+00
-1.68240106e+00
-1.15657759e+00
-5.47204673e-01
-6.59512281e-01
-8.22471917e-01
-2.78486550e-01
-5.41596770e-01
-4.08269405e-01
-1.84584856e-01
-1.65823817e-01
5.91933168e-02
3.36154699e-01
2.73418486e-01
1.38612106e-01
3.73002112e-01
8.97612929e-01
3.21285307e-01
6.25468254e-01
2.95793533e-01
9.13866341e-01
4.58205670e-01
7.53774107e-01
4.73750561e-01
8.94523799e-01
8.71107280e-01
9.32029605e-01
5.83829165e-01
6.93454325e-01
1.04157794e+00
1.28284276e+00
1.28949797e+00
1.07954538e+00
1.17096829e+00
9.26666856e-01
1.51340508e+00
8.61444592e-01
9.90846097e-01
6.63171887e-01
3.88953030e-01
1.06274271e+00
-1.15320459e-01
4.20976430e-01
2.23719776e-01
4.22735661e-01
1.41161516e-01
1.87185675e-01
-8.29913318e-02
5.26320219e-01
3.41820151e-01
1.29473612e-01
1.93957672e-01
7.69346416e-01
4.87676889e-01
8.89032245e-01
-9.31522548e-02
5.58869481e-01
-1.99227914e-01
9.59535182e-01
8.12629819e-01
8.55781138e-01
1.22714710e+00
5.92742085e-01
5.09031475e-01
1.17022002e+00
5.76155901e-01
4.87263024e-01
2.78308362e-01
-5.33010177e-02
-3.85256946e-01
-2.11497396e-01
-2.87775367e-01
2.93163031e-01
7.05501974e-01
1.59043536e-01
1.23172176e+00
5.33169091e-01
6.95412278e-01
-1.21662486e+00
-4.74834174e-01
-9.92910028e-01
-5.57600439e-01
-7.07795799e-01
-6.69551730e-01
-4.19177771e-01
-7.01543391e-01
-9.85135138e-01
-1.56213418e-01
-2.88704216e-01
1.99988276e-01
-3.12077999e-01
-7.60711670e-01
-2.69654542e-01
-8.58827829e-01
-6.08382404e-01
-1.51701856e+00
-1.08938396e+00
-1.72304821e+00
-1.51020837e+00
-1.38135672e+00
-1.42438948e+00
-1.15530896e+00
-6.34613514e-01
-1.40199333e-01
-1.15775871e+00
-1.24925888e+00
-1.26687360e+00
-1.56947458e+00
-1.61540544e+00
-1.28319860e+00
-2.21904230e+00
-1.64837313e+00
-1.60166883e+00
-1.79110110e+00
-2.33213210e+00
-1.98737264e+00
-2.07210755e+00
-1.79656410e+00
-2.33466196e+00
-1.77594125e+00
-2.23829937e+00
-1.15781915e+00
-2.24673796e+00
-2.10909510e+00
-2.18946624e+00
-2.06109381e+00
-1.95571339e+00
-1.01483548e+00
-1.52717185e+00
-1.16622126e+00
9.02505312e-03
-4.85591263e-01
-2.24247709e-01
7.57785812e-02
3.81359667e-01
-3.28046799e-01
-3.06314558e-01
-4.98088241e-01
-2.94194043e-01
-3.23090225e-01
1.23284250e-01
-3.11842952e-02
-9.25404608e-01
-5.78312814e-01
-4.94152367e-01
-4.67443645e-01
-4.97806311e-01
-4.31930691e-01
1.57727137e-01
-5.28134942e-01
-5.74109256e-01
-1.10448971e-01
1.81461230e-01
1.10069013e+00
4.93193030e-01
1.16527118e-01
2.74514288e-01
2.24667296e-01
4.34017092e-01
-4.13959235e-01
4.06405985e-01
-2.67604291e-01
-4.63268384e-02
-2.81424463e-01
-9.71759081e-01
-9.48040903e-01
-7.90610492e-01
-1.10028720e+00
-1.34363985e+00
-1.04242444e+00
-1.47297990e+00
-1.21467030e+00
-3.91899586e-01
2.85529435e-01
-2.29583472e-01
9.07578111e-01
1.13382339e+00
9.38372672e-01
5.45855939e-01
9.12934244e-01
4.19597715e-01
1.25689542e+00
6.47510886e-01
1.59129333e+00
9.71584260e-01
6.32084846e-01
-8.04788888e-01
-7.42773235e-01
-7.92729616e-01
-9.75484371e-01
-5.65017939e-01
-1.24469556e-01
-1.21486485e+00
-6.67929351e-01
3.32248509e-01
3.55968550e-02
4.06890512e-01
3.24950814e-01
5.55804729e-01
1.16272688e-01
-1.09629929e-01
-5.58232963e-01
3.75103019e-02
-7.60756612e-01
2.61508882e-01
-3.55961412e-01
-1.02934289e+00
-8.10611844e-01
-1.90857232e-01
-7.84000516e-01
-7.09029675e-01
-6.86524987e-01
-3.92619669e-01
-6.41484618e-01
-1.07819796e+00
-5.61572433e-01
-1.18185782e+00
-2.28661165e-01
-6.04246140e-01
-5.70632219e-01
-1.00686347e+00
-2.57551521e-01
-4.64411616e-01
-2.71090031e-01
-1.74618065e-01
3.91942590e-01
3.01424474e-01
3.60767990e-01
-2.37114251e-01
-1.89235315e-01
1.77023903e-01
-1.21578360e-02
-7.40247816e-02
6.91834033e-01
-5.99271283e-02
4.48448569e-01
1.44696057e+00
2.65608311e+00
1.93683219e+00
2.46542668e+00
1.94510102e+00
1.70362389e+00
1.72440648e+00
2.62644839e+00
2.42993093e+00
2.26227713e+00
1.96299815e+00
1.53209949e+00
7.89755940e-01
9.07054901e-01
1.99068815e-01
1.00084350e-01
-1.23418629e-01
-5.06392717e-01
2.22022951e-01
1.94187775e-01
-2.18754057e-02
-5.23694992e-01
1.73093632e-01
-7.32087046e-02
2.45621428e-01
1.59179285e-01
2.17529193e-01
1.43945441e-01
-1.31729051e-01
2.86229223e-01
3.28308903e-02
3.43034476e-01
5.26059806e-01
4.09932882e-01
-4.58154976e-01
-4.34448481e-01
3.32762480e-01
-2.73867160e-01
1.81201071e-01
-3.16418618e-01
4.18289274e-01
2.57223338e-01
7.68767774e-01
3.16762477e-01
3.85245234e-01
3.57226819e-01
5.91032922e-01
6.99184000e-01
6.67200923e-01
1.01743352e+00
7.03984439e-01
1.08904278e+00
1.08268189e+00
1.13540661e+00
1.30104709e+00
9.54876244e-01
8.63416553e-01
1.29369438e-01
6.44479394e-01
9.17874455e-01
1.08155847e+00
6.99997008e-01
9.17574704e-01
4.76019025e-01
6.12394750e-01
-1.15913123e-01
2.21100777e-01
-3.86456639e-01
-1.22688234e-01
-1.75358713e-01
-4.23764139e-01
-5.70552349e-01
2.36658096e-01
-3.38526547e-01
2.91601658e-01
-7.11184323e-01
5.60871176e-02
-8.85762691e-01
-3.13626766e-01
-4.90757614e-01
-3.76177013e-01
-9.97020006e-02
-3.78538996e-01
3.60371262e-01
-1.47410735e-01
6.86134398e-02
-1.61185712e-01
1.01112081e-02
-5.56168318e-01
-2.34312162e-01
2.88486719e-01
-1.05708488e-03
4.79923993e-01
1.29368103e+00
5.20727217e-01
2.05999756e+00
8.39479327e-01
1.07238317e+00
-6.90446422e-02
4.26953465e-01
-1.30536512e-01
1.19235866e-01
-1.01272814e-01
-5.24053685e-02
-3.54554623e-01
-4.61710989e-01
-6.98977709e-01
-3.59456271e-01
-1.06763434e+00
-7.62802660e-01
-6.93068743e-01
-1.35476387e+00
-1.09253168e+00
-1.48043704e+00
-1.00002861e+00
-1.32865310e+00
-1.34755504e+00
-1.27203774e+00
-1.41996396e+00
-1.25576425e+00
-1.89188921e+00
-1.28426337e+00
-1.82663941e+00
-1.46519065e+00
-1.24505746e+00
-9.63032663e-01
-1.39984024e+00
-7.64164567e-01
-3.81119907e-01
3.43780488e-01
-2.84018219e-01
4.75593328e-01
-4.98513758e-01
-5.11040688e-01
-2.41260305e-01
7.12597296e-02
-6.88612103e-01
-9.46772575e-01
-4.53077912e-01
-1.81986690e-01
-1.45329133e-01
-4.49886084e-01
8.28745425e-01
1.26509130e+00
7.92270243e-01
1.44502294e+00
1.09663510e+00
9.66028929e-01
1.01522529e+00
9.61579263e-01
8.34630668e-01
8.87927532e-01
2.53323257e-01
4.66082469e-02
4.32559997e-01
-3.01468998e-01
1.83019951e-01
-1.74856707e-01
2.39662215e-01
-5.94269872e-01
5.79434782e-02
-3.83876078e-02
7.47010291e-01
9.89557147e-01
5.74352685e-03
7.93425262e-01
4.56127107e-01
7.79321015e-01
4.17659760e-01
9.36792374e-01
3.82567763e-01
6.64454222e-01
8.30302298e-01
2.81875879e-01
3.15181017e-01
-1.06958792e-01
5.22727817e-02
-1.14085758e+00
-6.26519024e-01
-1.12849271e+00
-9.79208767e-01
-1.26450372e+00
-1.66168857e+00
-1.46788287e+00
-1.17488992e+00
-8.82104993e-01
-9.25674856e-01
-7.53848314e-01
-2.13543564e-01
-8.76504481e-01
-4.11797881e-01
-4.39230889e-01
-2.96041101e-01
-1.29051173e+00
-1.67308956e-01
-8.31300378e-01
1.88597992e-01
-1.47893131e-01
3.40753853e-01
-4.09037739e-01
-7.04018474e-01
-1.70717835e+00
-9.58515704e-01
-5.90916097e-01
-2.24691659e-01
-5.44328630e-01
-1.97854578e+00
-1.59796846e+00
-2.09531593e+00
-1.75843167e+00
-2.22147870e+00
-1.98715544e+00
-2.33450389e+00
-1.61344445e+00
-9.71689761e-01
-5.06002545e-01
-5.20531178e-01
-4.85948831e-01
1.44816106e-02
2.14902721e-02
-3.82328749e-01
-7.12306499e-01
-7.06647635e-01
-2.81986207e-01
-5.37304401e-01
-3.06593835e-01
-1.14887500e+00
-2.83237845e-01
-4.11949396e-01
-3.39180470e-01
-5.00793874e-01
-3.52668434e-01
6.55751824e-02
-3.67514044e-01
-4.63508308e-01
-1.31433755e-01
-1.39651358e-01
1.08300082e-01
-2.97286659e-01
-5.25698364e-01
-1.34511620e-01
-3.33330661e-01
-1.82424724e-01
-8.14629734e-01
-4.88009959e-01
-8.32874238e-01
-6.80739045e-01
-7.01319396e-01
-7.34045625e-01
-8.42031717e-01
-5.22706866e-01
-3.19274426e-01
-1.07740664e+00
-3.10787708e-01
-7.06407189e-01
-5.52962244e-01
1.60223812e-01
1.58216894e-01
-2.15295583e-01
1.62451327e-01
3.06786776e-01
-3.09259593e-01
-5.46572089e-01
-2.08533540e-01
-3.88865054e-01
-5.27296185e-01
-7.83476710e-01
-7.81644225e-01
-1.14838386e+00
-9.56508040e-01
-2.25055289e+00
-2.25583839e+00
-2.12721157e+00
-2.01157856e+00
-1.86122596e+00
-7.41209030e-01
-1.11697948e+00
-1.10749936e+00
-4.86981183e-01
-2.54617244e-01
-2.85455585e-02
-2.22557038e-01
-2.17064336e-01
-3.59474123e-01
-2.01072767e-01
1.02409065e-01
-1.60224989e-01
-1.68244779e-01
9.40710958e-03
1.63256079e-01
-1.09655641e-01
-4.67759669e-02
5.15117884e-01
-2.03114077e-01
-4.09252383e-02
-1.31633664e-02
1.98552147e-01
-3.19820046e-01
-1.65826622e-02
9.37619209e-02
-6.76056623e-01
4.45746571e-01
-1.30554333e-01
-2.11924389e-02
-4.92674232e-01
5.05418479e-01
-7.50965178e-02
3.68156761e-01
9.96181518e-02
6.47567093e-01
5.53760588e-01
6.71937883e-01
3.23428780e-01
1.54107183e-01
5.04267573e-01
4.53652084e-01
-2.58751452e-01
-6.01446092e-01
-3.23003739e-01
-7.43885159e-01
-1.07362914e+00
-8.26990008e-01
-1.55888700e+00
-1.37403309e+00
-1.20181847e+00
-1.22990382e+00
-1.45295489e+00
-1.13043725e+00
-5.66343844e-01
3.83500010e-01
-4.58567679e-01
1.04654841e-01
-3.15287173e-01
1.11943595e-01
1.15190244e+00
1.23124218e+00
1.23467398e+00
1.06970441e+00
1.81915796e+00
1.89287019e+00
1.46077597e+00
1.48743582e+00
1.64885771e+00
9.26960111e-01
1.01221097e+00
8.25376868e-01
7.45463133e-01
3.76270771e-01
4.92171258e-01
7.52797246e-01
6.70010984e-01
2.38088757e-01
6.09850407e-01
2.61035085e-01
-4.10714513e-03
-1.64862245e-01
3.10696840e-01
-3.23012173e-01
-1.26543716e-01
-1.52288154e-01
1.39912099e-01
-2.86265224e-01
1.14984907e-01
2.70525783e-01
-2.53265589e-01
5.95204294e-01
4.62235928e-01
5.43917000e-01
2.46766120e-01
1.06523144e+00
8.61965418e-01
1.32216036e+00
1.18025064e+00
1.61980975e+00
1.69790876e+00
1.20490921e+00
1.00784159e+00
6.30197227e-01
9.21374977e-01
7.37351477e-01
6.01291239e-01
8.79636645e-01
7.23645389e-01
8.50073099e-01
8.11058462e-01
1.49468076e+00
1.19585347e+00
4.16360497e-01
-7.29072034e-01
-1.72904670e-01
-8.59685168e-02
4.41004634e-01
1.94909200e-01
2.20626563e-01
8.47437307e-02
2.41052821e-01
6.14583530e-02
1.23502083e-01
6.54440522e-01
8.75104606e-01
1.18295860e+00
7.94535518e-01
1.71848464e+00
1.55899489e+00
8.53717387e-01
1.12159872e+00
8.54792058e-01
5.54170489e-01
4.21976149e-01
4.28212583e-01
6.50635302e-01
3.74797404e-01
1.74916610e-01
7.44493008e-01
5.12656510e-01
5.12774229e-01
8.72915864e-01
2.66668111e-01
-3.50453854e-01
-4.79699194e-01
-1.46745205e-01
-8.72260988e-01
-6.08633578e-01
-5.96086204e-01
-7.16369510e-01
-5.12163818e-01
-8.76835883e-01
-6.05077505e-01
-1.62807834e+00
-1.09285152e+00
-1.21503484e+00
-3.97436082e-01
-1.07665873e+00
-4.63035226e-01
-1.20759749e+00
-4.47712302e-01
-1.04119313e+00
-9.81962904e-02
-1.17574602e-01
-1.73789248e-01
-3.70528907e-01
-3.86054426e-01
6.53683254e-03
5.09901583e-01
-2.68650979e-01
-4.87455815e-01
-5.81982017e-01
-9.87397194e-01
-8.10364723e-01
-8.05425122e-02
-9.36524391e-01
-8.35601687e-01
-1.69683909e+00
-5.43245077e-01
-1.18750083e+00
-8.22459221e-01
-9.16727483e-01
-9.16353226e-01
-1.01505816e+00
-4.65212792e-01
-9.99351680e-01
-5.48558533e-01
-8.06219876e-01
-8.72069418e-01
-3.68289173e-01
-2.83658564e-01
-3.24158400e-01
-2.64707625e-01
-1.24988826e-02
-3.51424515e-01
-2.82032549e-01
1.21360883e-01
-1.16770521e-01
2.17155427e-01
2.83601165e-01
-3.73952021e-03
3.44702184e-01
1.09097791e+00
3.70022595e-01
1.42988491e+00
7.69018292e-01
9.49333072e-01
7.98499227e-01
5.83475947e-01
1.15032589e+00
6.58975720e-01
1.28126824e+00
7.11375475e-01
9.61630404e-01
1.45152199e+00
2.15570951e+00
1.53134763e+00
2.26094651e+00
1.41842425e+00
2.24026132e+00
1.90091288e+00
1.84114516e+00
1.83532298e+00
2.24774313e+00
2.74568391e+00
2.38651681e+00
2.47137117e+00
2.40850782e+00
2.04232168e+00
1.89225090e+00
1.20600653e+00
1.58770728e+00
1.74530327e+00
2.13963962e+00
6.62425458e-01
1.87579894e+00
4.70883071e-01
2.62864023e-01
-3.76285613e-01
5.25235236e-01
-9.28682327e-01
-3.56340736e-01
-7.71505833e-01
-4.82586712e-01
-5.76311469e-01
-9.38593566e-01
-7.27251291e-01
-6.48068607e-01
-7.29092658e-01
-6.68447554e-01
-5.10482848e-01
-5.71070969e-01
-8.17289770e-01
-9.92627263e-01
-7.97746897e-01
-1.11197782e+00
-5.80621183e-01
-8.83409023e-01
-4.51974720e-01
-6.46018445e-01
2.03896567e-01
-4.23689455e-01
-3.80854934e-01
-2.11264249e-02
-4.94333208e-01
1.00830711e-01
6.92978084e-01
4.01265085e-01
9.23819482e-01
3.93095851e-01
6.67383850e-01
-1.62500358e+00
-1.27808464e+00
-1.51828039e+00
-1.62091351e+00
-1.45782268e+00
-1.20911038e+00
-1.07295573e+00
-7.24042833e-01
-5.98702967e-01
-2.14897797e-01
-5.33612788e-01
2.84925848e-01
-2.07654774e-01
3.31661612e-01
3.19032460e-01
6.31380975e-02
2.04470694e-01
4.64419782e-01
9.17662024e-01
1.06745279e+00
1.06447887e+00
1.66157141e-01
1.03838563e+00
4.96750772e-01
1.04406881e+00
4.79768723e-01
2.41591513e-01
2.63605505e-01
5.63487768e-01
4.12010670e-01
8.42118979e-01
1.06203842e+00
8.78525794e-01
1.53184319e+00
1.20702016e+00
1.64364219e+00
1.71434677e+00
1.39643216e+00
2.13102245e+00
1.40589392e+00
2.20887542e+00
1.22641718e+00
9.03203547e-01
9.97543693e-01
4.42137867e-01
2.26374164e-01
4.77418065e-01
3.27966034e-01
2.02108532e-01
-1.45035952e-01
-6.79493904e-01
-1.91515952e-01
-6.20248556e-01
-8.53467405e-01
-6.65546119e-01
-3.59613597e-01
-3.35127562e-01
-6.84820414e-01
-3.51946533e-01
1.90129623e-01
-3.00981194e-01
3.17421705e-01
-8.99527892e-02
-9.46406722e-02
-6.54194891e-01
-3.44842464e-01
1.58459600e-02
-4.12912339e-01
-7.82693252e-02
-4.03092891e-01
-5.14796488e-02
-2.91955739e-01
-5.96449226e-02
1.74054429e-01
1.58501506e-01
5.66555977e-01
7.67270863e-01
-1.76002666e-01
5.77754140e-01
2.32419327e-01
8.05553973e-01
1.00158465e+00
7.99820721e-01
8.47440124e-01
8.99563074e-01
6.05158746e-01
5.05117595e-01
6.96959734e-01
2.55670190e-01
4.72550988e-01
3.03033322e-01
-6.61443532e-01
-2.73024261e-01
-9.37048316e-01
-1.04823291e+00
-1.73677206e+00
-1.50334144e+00
-1.30799162e+00
-3.83131057e-01
-1.10905552e+00
-1.61466837e+00
-1.52453852e+00
-6.97884798e-01
-1.01067305e+00
-6.85635030e-01
-1.59545183e+00
-1.29066837e+00
-1.51425683e+00
-8.28266919e-01
-1.66990280e+00
-1.18490577e+00
-1.22182453e+00
-1.25115907e+00
-6.92862570e-01
-6.31379366e-01
-1.19427371e+00
-7.45731711e-01
-4.12035078e-01
-6.10203445e-01
-3.72607559e-01
-4.34767395e-01
-3.65500450e-01
-1.82405546e-01
8.10731173e-01
-1.77982166e-01
1.15450644e+00
5.06852210e-01
8.74967813e-01
-1.14440821e-01
1.46013767e-01
1.30034596e-01
1.40108094e-02
8.61388221e-02
-7.50584900e-02
2.69672900e-01
3.50964755e-01
6.25943184e-01
6.79581642e-01
1.39018738e+00
7.75005281e-01
1.11895192e+00
1.01951420e+00
1.33238113e+00
5.84705889e-01
1.62283242e+00
1.10456038e+00
9.93714809e-01
6.09762251e-01
5.49138606e-01
7.05248713e-01
7.04843163e-01
1.91052064e-01
4.14438039e-01
3.38328034e-01
9.06024873e-01
3.22204381e-01
7.11237609e-01
5.90874732e-01
1.01918852e+00
8.13819051e-01
7.55147934e-01
4.47609186e-01
4.57593381e-01
1.12732124e+00
8.89302492e-01
8.53867531e-01
1.03086102e+00
1.92438042e+00
8.07747960e-01
8.05772960e-01
-1.83659881e-01
6.41234636e-01
-4.40953285e-01
-1.90688163e-01
4.61728543e-01
9.55241561e-01
2.16833249e-01
2.57450908e-01
-2.35399995e-02
5.88693500e-01
-4.81912643e-02
2.07905293e-01
-5.62200435e-02
-3.66001993e-01
-5.14040053e-01
-6.16544008e-01
-1.19145878e-01
-2.24948913e-01
-1.19228214e-02
-3.33438814e-01
-3.44273448e-02
-1.51013881e-01
-4.33445513e-01
-7.67140150e-01
-1.00144222e-01
-2.04766020e-01
-1.12647980e-01
-4.47060347e-01
-3.14798445e-01
-2.90018767e-01
-2.17991561e-01
-1.28087506e-01
-6.95164144e-01
-2.84213424e-01
-3.32974702e-01
-4.44192052e-01
-6.72046185e-01
1.47376910e-01
-3.10464293e-01
6.00308552e-02
-5.96110784e-02
1.13371491e-01
5.75157285e-01
3.52698714e-01
1.40875190e-01
-1.14824362e-01
3.33699226e-01
9.15778100e-01
3.50296758e-02
7.72586167e-02
-3.51707377e-02
-1.84650287e-01
-4.54768211e-01
3.39783162e-01
-3.22720647e-01
1.95008516e-01
-6.54816553e-02
1.07810831e+00
4.91019130e-01
5.15913248e-01
1.02292478e+00
2.76802826e+00
1.13232970e+00
2.23973656e+00
6.42014265e-01
1.74739563e+00
-1.88625202e-01
-1.75779507e-01
-2.72571314e-02
-4.22188133e-01
2.77493477e-01
1.77036300e-01
-7.26981044e-01
-6.33070827e-01
-3.01273942e-01
-2.96739995e-01
2.89919637e-02
7.29255984e-03
5.37653193e-02
3.38738680e-01
-1.54567450e-01
1.29128575e-01
-2.55051367e-02
-1.90744866e-02
1.90766811e-01
1.15611576e-01
-2.58427382e-01
-9.14011657e-01
4.81696576e-02
-3.71394962e-01
-3.07584941e-01
-7.16500223e-01
-4.64540035e-01
-3.24979246e-01
-1.65467709e-01
-8.81823540e-01
-8.74340534e-01
-1.12873626e+00
-9.66902137e-01
-6.78263187e-01
-9.94169891e-01
-7.81280756e-01
-9.66979980e-01
-3.74756068e-01
-9.68355358e-01
-3.30251604e-01
-4.10110474e-01
-1.89252436e-01
-1.12145767e-01
-8.54715824e-01
8.73284191e-02
3.49489063e-01
5.86111903e-01
1.29579771e+00
6.64224863e-01
4.94423926e-01
1.08326304e+00
5.00088871e-01
8.54494631e-01
-2.52559811e-01
-2.18791291e-02
-3.32281500e-01
-1.47101507e-01
-3.64631921e-01
-5.75874984e-01
-2.90051848e-01
-8.83757114e-01
-4.30003911e-01
-5.99323094e-01
-7.41865635e-02
-6.11823797e-01
-2.79944807e-01
-4.37223941e-01
-1.62809193e-01
-2.86412120e-01
3.29103321e-01
-6.21275663e-01
-1.20474443e-01
-8.72677028e-01
-2.46798337e-01
-5.51021993e-01
-3.00572723e-01
2.41993949e-01
1.19062647e-01
-1.48964807e-01
2.17125461e-01
-2.61760861e-01
6.31947339e-01
-2.19810888e-01
3.94004315e-01
-1.38862717e+00
-1.50827396e+00
-1.60515022e+00
-1.26380122e+00
-8.04936349e-01
-1.06304288e+00
-1.30960393e+00
-1.10588825e+00
-1.77867436e+00
-1.16930282e+00
-2.15518141e+00
-9.72437024e-01
-1.65470302e+00
-1.36556494e+00
-1.32775807e+00
-1.39384878e+00
-1.49272072e+00
-1.60519755e+00
-1.06145012e+00
-1.15960896e+00
-9.84603047e-01
-1.45416045e+00
-1.30277991e+00
-1.05523372e+00
-7.14097500e-01
-1.19232190e+00
-1.57372832e+00
-8.95422399e-01
-1.44807708e+00
-1.07832789e+00
-7.81875134e-01
-2.83822358e-01
-3.67476523e-01
-2.06661131e-02
-4.75144386e-01
-1.37124693e+00
-1.30260956e+00
-3.41401517e-01
-1.11357391e+00
-2.12969184e+00
-1.04687059e+00
-1.46372366e+00
-6.80726290e-01
-1.61870110e+00
-9.26292419e-01
-1.31357014e+00
-1.56037092e+00
-1.75194848e+00
-1.71402574e+00
-1.16870427e+00
-7.09989130e-01
-1.30145395e+00
-6.26504302e-01
-3.67222220e-01
-1.70798123e+00
-2.57261425e-01
-2.22385198e-01
-3.54493797e-01
-3.51937376e-02
-4.00771439e-01
-3.22420895e-01
-5.17368913e-01
-8.15263271e-01
-6.96120679e-01
-3.39066654e-01
4.45918173e-01
-7.92618692e-02
4.36107934e-01
8.19904208e-02
3.74161005e-01
6.05072916e-01
5.80398887e-02
3.24254900e-01
1.13536760e-01
1.07531083e+00
9.81984258e-01
7.80792058e-01
1.40312862e+00
1.21711552e+00
1.90814340e+00
1.72874153e+00
1.39993262e+00
1.92901099e+00
1.51908410e+00
1.78536570e+00
1.32579994e+00
1.42164803e+00
1.09234202e+00
1.06830370e+00
6.90247178e-01
1.21246092e-01
6.70935512e-01
9.37665761e-01
8.74420583e-01
1.24116564e+00
1.31121671e+00
9.57942843e-01
1.67431760e+00
1.90052056e+00
1.49616098e+00
1.79990053e+00
1.65833008e+00
1.31514680e+00
1.35839665e+00
1.33046937e+00
1.31556952e+00
3.99181470e-02
1.11767435e+00
-3.39609623e-01
-6.55896962e-01
-6.97324216e-01
-6.54804409e-01
-9.46509063e-01
-1.14747226e+00
-9.66219604e-01
-9.63995993e-01
2.29590863e-01
1.46903157e-01
9.43571627e-01
1.81089059e-01
-7.45794103e-02
1.12119950e-01
-5.30388176e-01
-7.47565746e-01
-4.91265386e-01
-1.25074780e+00
-3.47656131e-01
-5.15873134e-01
1.75629362e-01
-6.41437471e-01
-1.22742699e-02
2.42060833e-02
-1.54520243e-01
-4.67448682e-01
-4.88663644e-01
-3.45157743e-01
-1.13261573e-01
-3.49162310e-01
8.53049662e-03
-1.37199327e-01
-6.27648011e-02
-6.13525212e-01
-2.91182280e-01
-3.32375586e-01
-1.41506717e-01
3.70119393e-01
-1.60195306e-01
-7.28197396e-02
-2.34072790e-01
2.47522086e-01
6.29244745e-01
1.02230597e+00
4.35230702e-01
8.28886747e-01
1.29474044e+00
2.06480908e+00
1.28990138e+00
2.07053995e+00
2.05284142e+00
2.31163549e+00
2.46710491e+00
2.46930790e+00
1.83950102e+00
2.44120979e+00
2.65432167e+00
2.15598631e+00
2.52763796e+00
2.54435396e+00
2.45590138e+00
2.15310884e+00
1.54716980e+00
2.11176896e+00
1.75487423e+00
1.37371171e+00
1.65070736e+00
1.63303971e+00
1.56172872e+00
7.18905509e-01
3.84397238e-01
2.68137485e-01
1.83467679e-02
-4.06372637e-01
1.91517517e-01
1.79732561e-01
-1.58117458e-01
1.80312037e-01
-2.78423369e-01
-2.27645233e-01
-3.64547998e-01
-3.56951118e-01
-4.13472474e-01
-1.31257623e-01
-7.13406861e-01
-3.62482607e-01
-3.63056958e-01
-3.48315686e-01
-8.92588377e-01
-4.37994778e-01
-3.58419001e-01
-5.01178741e-01
-1.27852404e+00
-7.59195089e-01
-9.81250048e-01
-2.81827688e-01
-9.32125688e-01
1.86578408e-02
-5.64895928e-01
-5.57528496e-01
-8.48574042e-01
-8.29172194e-01
-7.75590003e-01
-1.83526035e-02
-3.70661020e-01
-2.08995730e-01
-2.12123185e-01
-5.36400318e-01
7.73888156e-02
-3.79529178e-01
-9.61574912e-01
7.16231167e-01
-5.50567269e-01
2.56104708e-01
1.40465081e+00
2.90159273e+00
1.78816652e+00
3.49107814e+00
2.27139950e+00
3.00661278e+00
2.92331505e+00
2.94795227e+00
2.67293262e+00
1.94207859e+00
2.52652287e+00
2.54203105e+00
9.61088538e-01
1.89517760e+00
5.11382580e-01
5.12325287e-01
2.55916089e-01
5.30950010e-01
2.02627555e-01
4.59409617e-02
2.58666158e-01
-1.45320743e-01
9.27288830e-02
3.31894666e-01
2.83577740e-01
1.28389090e-01
1.70785561e-02
5.98640889e-02
1.39641300e-01
4.09287721e-01
-1.13138318e-01
1.94707662e-01
-1.07142463e-01
2.60700375e-01
6.22869074e-01
1.48677453e-01
2.60118306e-01
1.78481415e-01
4.72939730e-01
3.32695156e-01
5.63377701e-02
4.22914326e-01
7.23278999e-01
2.34875038e-01
4.68839705e-01
-2.40801647e-01
3.49110514e-01
4.95523334e-01
5.03486753e-01
4.53262031e-01
7.78055429e-01
7.07769811e-01
4.50792611e-01
4.31078970e-01
4.60038632e-01
6.16462409e-01
6.63113713e-01
9.02212262e-02
4.99274433e-01
1.50284290e-01
8.73326600e-01
3.86626124e-01
1.16489840e+00
6.65712178e-01
1.33397949e+00
6.17778659e-01
1.28434658e+00
2.49982595e-01
5.23790061e-01
3.81207317e-01
9.82933819e-01
5.53599656e-01
3.06553483e-01
-9.29348052e-01
5.23508132e-01
3.20271432e-01
7.21160591e-01
3.06674182e-01
1.02093220e+00
1.27799177e+00
9.87018168e-01
1.79045868e+00
6.77210867e-01
1.05575764e+00
8.95197809e-01
1.38415790e+00
4.63907421e-01
1.04565835e+00
-2.36668035e-01
6.08679168e-02
7.27445185e-02
-2.90945955e-02
3.98334950e-01
3.68942678e-01
3.48721147e-01
6.42384827e-01
7.52842873e-02
4.26912785e-01
-7.73350358e-01
-1.07376659e+00
-6.95444405e-01
-6.56867504e-01
-7.42868245e-01
-6.91872776e-01
-6.75555766e-01
-5.18791139e-01
-8.90936852e-01
-4.79784101e-01
-1.02418351e+00
-9.77941751e-02
-8.76210332e-01
-1.31138742e-01
-1.00764608e+00
-6.72269106e-01
-8.86908710e-01
-9.74609256e-01
-8.37482274e-01
-4.35782135e-01
-7.18665183e-01
-5.67793190e-01
-5.89806199e-01
-1.36552870e+00
-2.35766187e-01
-5.71173131e-01
-6.78375185e-01
-6.18542850e-01
-8.42799067e-01
-8.23773623e-01
-8.47963691e-01
-7.03379393e-01
-8.59357417e-01
-6.87926173e-01
-1.37182522e+00
-2.11746857e-01
-2.54698962e-01
-7.18775570e-01
-4.91022259e-01
-8.38794827e-01
2.35152077e-02
6.25993490e-01
7.80682936e-02
2.50995070e-01
3.71669620e-01
4.08256263e-01
2.46407509e-01
3.16074461e-01
3.74312490e-01
5.05909860e-01
-3.58256325e-02
3.29136878e-01
6.61830664e-01
6.44794047e-01
4.39544410e-01
3.58287513e-01
5.09462774e-01
6.92902803e-01
5.85487485e-01
3.68524969e-01
5.02890885e-01
2.10225284e-01
2.19754919e-01
-8.83882046e-02
-1.64405882e-01
2.17460304e-01
7.92932734e-02
-1.82345152e-01
1.43780932e-01
1.08645260e-01
2.36459762e-01
-9.05603692e-02
4.15021271e-01
3.67837071e-01
6.04613304e-01
6.49583399e-01
8.44742119e-01
8.84456873e-01
9.93130624e-01
1.40036583e+00
1.45550835e+00
1.63209128e+00
1.46988261e+00
1.31888998e+00
1.40871310e+00
1.36331618e+00
1.48168147e+00
1.27217567e+00
1.09642482e+00
1.34642148e+00
8.04096520e-01
1.02269661e+00
1.10460722e+00
9.71781790e-01
9.81470704e-01
1.18803656e+00
8.74945998e-01
8.96292925e-01
9.45483863e-01
7.60444462e-01
6.59112990e-01
1.05556500e+00
1.01073158e+00
3.99041027e-01
9.83882189e-01
2.74610251e-01
9.42753404e-02
-5.88441379e-02
-6.61980391e-01
-7.52786160e-01
-4.55963999e-01
-5.68563044e-01
-2.62987673e-01
-1.76707953e-02
-3.42406154e-01
-4.71088767e-01
6.18802428e-01
3.29148978e-01
4.12878275e-01
3.51316109e-02
-4.64747138e-02
-2.80556172e-01
-9.76726636e-02
2.17988074e-01
2.43719313e-02
2.75274187e-01
1.45671621e-01
2.53614515e-01
-7.92363644e-01
-1.46259749e+00
-1.01721489e+00
-1.07431042e+00
-9.42566633e-01
-1.27317011e+00
-1.08476138e+00
-5.69756925e-01
-6.99212968e-01
-4.99853909e-01
-8.15113425e-01
-2.85200655e-01
-5.29234171e-01
-2.01692164e-01
-5.48299730e-01
-1.05572093e+00
-8.73228133e-01
-1.26170051e+00
-1.10324633e+00
-7.58074820e-01
-7.99387217e-01
-1.03825128e+00
-1.12260365e+00
-1.92756104e+00
-3.43288153e-01
-2.21405879e-01
-9.99085248e-01
-1.50702858e+00
-1.22778118e+00
-1.60044229e+00
-1.52101266e+00
-1.02131164e+00
-1.30248117e+00
-1.98639858e+00
-1.62704098e+00
-1.55612528e+00
-1.84414256e+00
-1.52245498e+00
-2.04084659e+00
-2.02282262e+00
-1.63170397e+00
-1.51911926e+00
-1.13299930e+00
-1.32222533e+00
-1.32714808e+00
-1.81830621e+00
-1.59261394e+00
-1.67799616e+00
-1.75891912e+00
-1.04186392e+00
-1.82389295e+00
-9.86769021e-01
-5.57042599e-01
-2.92500108e-01
-6.55529201e-01
9.19971541e-02
5.65638304e-01
3.88132259e-02
-3.64111662e-01
-2.50184327e-01
4.52507995e-02
-2.42358238e-01
2.09648833e-01
-3.78395975e-01
-2.77157784e-01
-1.54555440e-01
-2.28537068e-01
-2.09155351e-01
-6.87431395e-02
-1.17667399e-01
8.83822292e-02
-2.90506542e-01
-2.92817533e-01
4.20479067e-02
2.14246973e-01
8.38221312e-01
4.08993930e-01
-2.41927370e-01
3.17046374e-01
-3.23567659e-01
1.25033930e-01
-4.71158266e-01
5.38085513e-02
-3.05633366e-01
-4.89250392e-01
-5.35517573e-01
-7.56905675e-01
-3.48916143e-01
-6.52924359e-01
-1.35958111e+00
-3.74236107e-01
-1.45259738e+00
-1.13185811e+00
-6.55975282e-01
-6.07092917e-01
-5.39760351e-01
-9.75711167e-01
-6.95730567e-01
-5.52842081e-01
-9.61666286e-01
-1.45725822e+00
-8.40067685e-01
-1.25676870e+00
-1.18301952e+00
-1.21668828e+00
-1.53387928e+00
-1.06438506e+00
-1.74907732e+00
-7.62660921e-01
-1.16858470e+00
-1.49431419e+00
-1.56453407e+00
-1.56299055e+00
-1.67345834e+00
-7.01820552e-01
-1.49556947e+00
-7.69445539e-01
-8.66621971e-01
-5.62970340e-01
-5.96077681e-01
-2.02117413e-01
-6.05779886e-01
-1.19817816e-01
-1.17478333e-01
-3.70514244e-01
1.15017727e-01
-1.13613367e-01
-2.34041587e-02
1.46236753e+00
1.80726218e+00
1.33398998e+00
1.45454502e+00
1.32690370e+00
1.23907006e+00
1.31538534e+00
1.38806403e+00
1.76335597e+00
1.60718358e+00
2.42759919e+00
1.30860722e+00
1.97948921e+00
1.62024820e+00
1.83598399e+00
9.76042151e-01
2.18040204e+00
1.98426223e+00
1.76276219e+00
1.82968974e+00
1.19160783e+00
1.24892068e+00
1.42549801e+00
1.40707958e+00
9.11286712e-01
1.15788591e+00
1.29620063e+00
1.47388029e+00
1.50539827e+00
1.12819898e+00
1.25399387e+00
1.12088108e+00
1.58874679e+00
1.94569361e+00
1.99283206e+00
2.69132614e+00
3.10937500e+00
2.35014176e+00
2.67775512e+00
2.78668785e+00
2.63753867e+00
2.52861905e+00
1.86087084e+00
2.14509845e+00
-2.58253187e-01
-3.39631230e-01
1.11753173e-01
-1.97969168e-01
1.21587683e-02
-4.58216280e-01
-1.27766657e+00
-7.38450825e-01
-4.82481450e-01
2.97940951e-02
3.63930672e-01
-1.34282649e-01
2.55487770e-01
-1.75849572e-01
-1.79985002e-01
-8.91930982e-02
-3.23699892e-01
-2.04015762e-01
-4.64614294e-02
-6.18233867e-02
-1.91650495e-01
-2.88111508e-01
-4.61755157e-01
-2.67197162e-01
-9.71780643e-02
-2.58860737e-01
-4.84099776e-01
-2.57515341e-01
-2.33175576e-01
-1.51052445e-01
-2.31643468e-01
-3.46071899e-01
-3.49395692e-01
-9.44887400e-01
-6.28643990e-01
-9.16259646e-01
-4.82264996e-01
-8.06250274e-01
-9.67082739e-01
-1.35156298e+00
-1.33177531e+00
-1.07933569e+00
-8.59980166e-01
-6.37739778e-01
-6.15774810e-01
-2.43119404e-01
-1.25985136e-02
-3.41744363e-01
-8.04600343e-02
-1.44182935e-01
1.84797987e-01
4.09653008e-01
7.64564797e-02
-5.35137177e-01
-7.09345281e-01
2.22710427e-02
7.71566853e-02
4.31455940e-01
9.82451066e-02
-7.84852132e-02
-4.04027045e-01
-6.03449166e-01
-1.24531972e+00
-1.11730874e+00
-2.07483053e+00
-2.19997787e+00
-1.87187493e+00
-1.91217816e+00
-1.96480870e+00
-1.96004808e+00
-1.53822148e+00
-1.77605307e+00
-8.53779078e-01
-1.06158876e+00
-4.62913781e-01
-5.39111257e-01
-4.46677864e-01
-7.40107834e-01
-5.39287329e-01
-3.64155084e-01
-7.52442777e-01
-2.45286021e-02
-4.36278045e-01
1.27700180e-01
-1.72442031e+00
-1.95585215e+00
-1.93720853e+00
-1.55840290e+00
-1.44465661e+00
-1.51970613e+00
-1.79328501e+00
-1.27152479e+00
-1.75058842e+00
-1.12740254e+00
-1.82111335e+00
-1.30870914e+00
-1.50789607e+00
-1.64386356e+00
-1.11394715e+00
-1.48544061e+00
-1.31429446e+00
-1.42930603e+00
-1.19211626e+00
-1.57852852e+00
-1.06344807e+00
-1.35832453e+00
-1.18344665e+00
-1.06437206e+00
-6.71297848e-01
-6.49084151e-01
-6.30422354e-01
2.64311045e-01
-5.92710972e-01
2.59176672e-01
8.25649500e-01
1.59145296e+00
1.22363400e+00
1.91127574e+00
1.30527508e+00
1.14167380e+00
8.77447605e-01
1.44626546e+00
1.33936775e+00
8.75496864e-01
1.27546680e+00
1.11789000e+00
1.23277247e+00
5.00441134e-01
5.58772264e-03
-9.04288664e-02
2.06681281e-01
4.47368845e-02
4.67762314e-02
3.09815973e-01
-3.15910399e-01
1.18126191e-01
1.65681958e-01
2.69971758e-01
-1.16454029e+00
3.42318229e-02
-1.74446464e-01
-1.69078127e-01
6.49263635e-02
-5.72564483e-01
1.88372180e-01
-6.20082676e-01
-3.15391451e-01
-4.17572409e-01
3.72183084e-01
7.43555188e-01
2.35342458e-01
1.49052873e-01
6.85209870e-01
6.32550418e-01
3.19155425e-01
3.74668837e-01
6.20303452e-01
5.61538577e-01
2.80324370e-01
6.86077297e-01
7.91661561e-01
-1.74696058e-01
1.57961980e-01
-5.94609827e-02
1.03656948e-01
2.94280350e-01
3.95372599e-01
7.66245706e-04
6.08295128e-02
-4.77699399e-01
-7.17495322e-01
-3.65465015e-01
-8.11121047e-01
-8.19228768e-01
2.13251784e-01
-3.10271829e-02
-1.71526670e-01
2.74071425e-01
1.03956483e-01
1.01125705e+00
2.64807552e-01
7.91009843e-01
-4.41542566e-01
-3.01437736e-01
-1.23206399e-01
5.58265269e-01
-1.03007507e+00
-6.43896043e-01
-8.05993378e-01
-4.85373229e-01
-9.04168129e-01
-7.87044287e-01
-1.03032100e+00
-1.02052855e+00
-1.19945419e+00
-1.05947173e+00
-1.44024730e+00
-1.12060046e+00
-6.29423559e-01
-8.22662115e-01
-1.11904669e+00
-6.20863676e-01
-2.25424603e-01
-2.89485812e-01
4.18459207e-01
-4.56603259e-01
2.25527152e-01
4.81348276e-01
-4.81206104e-02
3.03864449e-01
5.84406294e-02
2.86230091e-02
-1.74984384e+00
-1.69902372e+00
-1.60062301e+00
-1.26412690e+00
-1.52295709e+00
-1.16149223e+00
-1.32831538e+00
-1.30944824e+00
-1.43658853e+00
-1.23776257e+00
-1.65168750e+00
-1.30137980e+00
-1.98886979e+00
-2.20905423e+00
-1.57230246e+00
-1.61280549e+00
-1.75349975e+00
-1.81808662e+00
-1.22078991e+00
-1.92759621e+00
-1.52133739e+00
-1.84132838e+00
-1.35406590e+00
-7.62669146e-01
-1.11064529e+00
-1.52357781e+00
-1.32369852e+00
1.33324089e-02
-6.57916009e-01
-4.43376116e-02
2.87991345e-01
-1.19066261e-01
9.67600718e-02
1.21127975e+00
9.16540444e-01
1.52949405e+00
1.62127352e+00
1.21839118e+00
2.06980276e+00
1.71351600e+00
2.00499058e+00
2.07381701e+00
1.68233883e+00
1.46721280e+00
4.61133718e-01
2.32353285e-01
5.47335625e-01
3.03612471e-01
4.06070560e-01
5.98194301e-01
-1.25787735e-01
2.51637071e-01
-3.74673694e-01
-2.84821361e-01
-9.24790084e-01
-3.76336873e-01
-5.22849262e-01
-4.51270550e-01
-1.60418674e-01
-3.27832609e-01
-4.01933372e-01
-5.13800144e-01
-9.37714994e-01
-4.61903244e-01
-9.81615603e-01
-9.08745050e-01
-9.89123702e-01
-1.06950104e+00
-8.17095757e-01
-8.07384968e-01
-8.46123457e-01
-5.98558545e-01
4.01579440e-02
1.43580467e-01
1.93864554e-01
3.82519990e-01
5.67585647e-01
-4.10340101e-01
5.40359199e-01
6.87398240e-02
4.06958461e-01
3.08181494e-01
6.08673930e-01
-3.79655987e-01
2.85006493e-01
-6.29456997e-01
-5.59510350e-01
-3.90887767e-01
-9.41914558e-01
-4.85374421e-01
-2.03950047e-01
-1.60575998e+00
-5.19412458e-01
-1.18411732e+00
-9.59701657e-01
-1.28864872e+00
-4.31208253e-01
-2.96754658e-01
4.22319293e-01
6.01854026e-01
9.64432806e-02
1.02594897e-01
-5.56972146e-01
3.27585757e-01
-4.81069505e-01
9.01012540e-01
5.25011361e-01
2.60535926e-01
-5.64955354e-01
-6.53534234e-01
-7.26528525e-01
-5.77785313e-01
-9.88663018e-01
-1.71092004e-01
-9.02272344e-01
1.93053365e-01
8.73773396e-01
4.62794781e-01
-1.38938859e-01
4.33344275e-01
9.28062022e-01
1.27892211e-01
6.92375064e-01
2.14115351e-01
5.12798846e-01
5.18723607e-01
9.52274024e-01
7.30722025e-02
6.61512136e-01
7.84939468e-01
5.26136398e-01
4.84785199e-01
7.72683501e-01
7.02160656e-01
6.65106416e-01
6.44993186e-01
5.91112792e-01
4.65369940e-01
9.47167099e-01
4.87713009e-01
7.14634120e-01
-6.22396804e-02
3.59397858e-01
-1.43144667e-01
6.23165548e-01
3.92549336e-01
3.94122079e-02
-2.68360525e-01
-4.17812318e-01
5.55248596e-02
6.37062825e-03
6.28594235e-02
2.61498205e-02
3.63286793e-01
1.02202725e+00
7.92832494e-01
8.04861128e-01
1.38570476e+00
1.70380223e+00
1.50481188e+00
1.83015466e+00
1.40921032e+00
1.42574859e+00
1.61756086e+00
1.89517713e+00
2.01028490e+00
1.71945024e+00
1.25985181e+00
1.56038690e+00
9.77914631e-01
6.69962823e-01
3.37501884e-01
-1.03056908e+00
-1.14678800e+00
-9.65091228e-01
-8.28243434e-01
-1.23299456e+00
-1.28311682e+00
-9.85411763e-01
-1.05256224e+00
-3.03256717e-02
4.11885343e-02
1.79018617e-01
-1.22998238e-01
1.76164582e-02
-1.56276420e-01
2.60789752e-01
2.23078385e-01
8.67809877e-02
3.45623523e-01
-7.41792396e-02
2.43927225e-01
4.44674790e-01
3.21510911e-01
4.12018031e-01
9.93019417e-02
3.26947570e-01
2.60978729e-01
3.60353023e-01
1.34641886e-01
4.39697713e-01
2.48068143e-02
7.23367095e-01
1.66694775e-01
7.28677094e-01
7.84904242e-01
8.44601274e-01
7.82425106e-01
1.33726239e+00
1.78816664e+00
1.50446618e+00
1.70115149e+00
1.61417341e+00
1.35879719e+00
1.57113469e+00
1.13860869e+00
1.16019118e+00
9.50978994e-01
1.40442872e+00
1.73230815e+00
1.36234677e+00
1.01077628e+00
5.49263418e-01
4.89283264e-01
4.22076315e-01
5.03226042e-01
4.14205968e-01
8.76601815e-01
1.11753154e+00
6.73375666e-01
8.77279580e-01
1.92175615e+00
1.01510406e+00
1.87701523e+00
8.75193119e-01
2.06319761e+00
7.14445710e-01
8.97246778e-01
1.25330997e+00
1.52703035e+00
1.23466861e+00
1.07744324e+00
-1.33865550e-01
7.63711035e-01
-1.04673542e-02
3.48079771e-01
-2.29801998e-01
-7.15047447e-03
3.48856971e-02
2.28224620e-02
2.67366562e-02
4.19839472e-01
3.12931806e-01
3.55167866e-01
1.34537876e-01
1.75549254e-01
4.52024490e-01
5.72311282e-02
1.59463007e-02
2.44662613e-01
-1.71337813e-01
-1.64385349e-01
-1.33876696e-01
1.07410662e-02
1.61503017e-01
1.74703687e-01
5.90271473e-01
4.70882729e-02
4.45645303e-01
4.41299558e-01
3.46597522e-01
1.94205150e-01
3.83588523e-01
3.88269275e-01
3.74586821e-01
1.29789740e-01
1.67116910e-01
2.02580184e-01
1.00101810e-02
-7.46107893e-03
-1.19226143e-01
4.44783717e-02
5.40081561e-01
3.54167253e-01
5.15691161e-01
9.21756089e-01
1.12501907e+00
1.42369604e+00
1.37946773e+00
1.31847608e+00
2.03369647e-01
6.48895681e-01
1.07182682e+00
9.74055111e-01
-1.02816731e-01
-2.78623551e-01
-3.81516904e-01
-2.68227428e-01
-7.57575035e-01
-3.01336467e-01
-3.38928461e-01
3.56046706e-02
-3.06687355e-01
-1.16727546e-01
2.58607622e-02
5.97660206e-02
-4.23594207e-01
3.42938565e-02
5.64318821e-02
-4.29909639e-02
9.01249766e-01
4.49793428e-01
7.04351842e-01
2.95606613e-01
-6.17582388e-02
-3.72852892e-01
-1.14627749e-01
-6.42808437e-01
-1.77945569e-01
-3.39992315e-01
3.06784689e-01
-2.04011649e-01
7.40891337e-01
4.00817901e-01
5.67630112e-01
1.87262759e-01
7.25678682e-01
7.90813744e-01
1.13711250e+00
4.46215600e-01
6.95567012e-01
2.11362734e-01
5.38299441e-01
5.47640383e-01
6.90708041e-01
8.30419481e-01
5.04158080e-01
9.63465929e-01
7.40824044e-01
6.84754789e-01
8.71540725e-01
7.56466150e-01
7.78060853e-01
-7.51756504e-03
3.12660068e-01
5.99377871e-01
1.34403932e+00
1.02416408e+00
1.31179440e+00
1.35932755e+00
1.54780555e+00
5.60542583e-01
1.97693813e+00
4.06265825e-01
8.95397067e-01
6.98658288e-01
1.02662265e+00
7.62895226e-01
-6.48037493e-02
4.26741958e-01
-4.51582789e-01
5.78460336e-01
2.13826284e-01
4.08183575e-01
-3.17592710e-01
-8.88748616e-02
-5.01218140e-01
-1.44224718e-01
-4.55833286e-01
2.77104616e-01
-2.96944946e-01
2.17199951e-01
5.68345748e-02
4.84819055e-01
1.50267825e-01
-5.87810017e-02
3.06814939e-01
3.13420057e-01
1.34807363e-01
1.97944671e-01
-5.24026640e-02
6.77496076e-01
7.31898770e-02
1.40989423e-01
-5.86740851e-01
-4.48053092e-01
2.23384678e-01
-2.07189947e-01
1.87467188e-01
-9.78216976e-02
4.10821110e-01
7.23603904e-01
1.12196469e+00
7.57952511e-01
3.38661492e-01
4.47483808e-01
6.55601144e-01
3.42007428e-01
9.34088007e-02
2.88815379e-01
-3.60042341e-02
1.59774944e-01
3.11359227e-01
-1.08944930e-01
2.35248357e-01
-1.79059654e-01
-3.09687674e-01
-1.23014271e+00
-6.18935168e-01
-3.91316444e-01
3.31241041e-01
-4.84359711e-01
4.98134643e-02
-3.68830860e-01
1.07642084e-01
-3.32630336e-01
6.44172490e-01
-3.63895267e-01
4.17557448e-01
-3.14682394e-01
-3.89150351e-01
-1.63504452e-01
-6.47156894e-01
-6.72877073e-01
-5.36824644e-01
-3.71767312e-01
-1.80122197e-01
-7.52572417e-01
-1.44922781e+00
-1.54214573e+00
-2.02016354e+00
-1.53179801e+00
-2.24176741e+00
-1.07062697e+00
-1.56584489e+00
-1.06546092e+00
-1.19414783e+00
-5.56025982e-01
-1.23996985e+00
-9.21818554e-01
-3.82739574e-01
-7.47237206e-01
-1.21573135e-01
2.32149586e-01
-3.64212036e-01
9.26383197e-01
-2.36243885e-02
3.73971194e-01
7.60413766e-01
1.25625050e+00
8.38818431e-01
7.56991863e-01
1.26885784e+00
1.21326053e+00
1.28901315e+00
7.38489330e-01
1.06495333e+00
8.53693366e-01
9.53736186e-01
6.92339361e-01
4.59396601e-01
8.83884728e-01
1.02672529e+00
1.67457879e+00
1.90786135e+00
1.22700787e+00
1.53875649e+00
8.84131491e-01
1.05285382e+00
1.19111025e+00
5.62124193e-01
8.83998632e-01
4.19470698e-01
-4.38968241e-02
1.38079330e-01
-4.47034717e-01
2.77330846e-01
-2.70267278e-01
-6.35934174e-01
-7.20180154e-01
-1.40568423e+00
-1.06874359e+00
-1.23746872e+00
-5.43530345e-01
-6.81539774e-01
-8.49844575e-01
-1.81985185e-01
7.90631592e-01
-1.20648108e-01
4.53611672e-01
2.22648531e-01
1.00454485e+00
1.81948507e+00
2.47597837e+00
2.46651626e+00
3.05081773e+00
2.41736054e+00
1.86641729e+00
2.03489780e+00
2.37408090e+00
1.43359077e+00
1.14194155e+00
6.02556944e-01
4.05668795e-01
4.41538781e-01
-3.41600329e-02
4.86785352e-01
3.00849795e-01
3.90458018e-01
-5.17485663e-02
4.34074104e-01
6.73573539e-02
8.81668180e-02
-1.12753764e-01
-3.37132275e-01
-1.83617081e-02
-5.29698789e-01
-3.64113033e-01
-4.71294403e-01
-7.59193659e-01
-7.69711435e-01
-1.63920760e-01
2.00487748e-02
6.52952611e-01
6.58462346e-01
-4.92737144e-02
1.58262908e-01
-5.86989462e-01
3.72300893e-01
-2.13617146e-01
-3.48089635e-01
-1.62298173e-01
-5.58414936e-01
-2.33070925e-01
-2.70386338e-01
-4.99164611e-01
1.18787490e-01
-4.41831261e-01
1.26235887e-01
-1.16351336e-01
-1.85341358e-01
5.32236755e-01
4.89396185e-01
7.03056633e-01
5.37879050e-01
-1.84272468e-01
-1.29233575e+00
-1.87480822e-01
-3.20822358e-01
-1.60420537e-01
-4.93188858e-01
1.49551660e-01
-6.95464313e-01
-1.17001094e-01
-5.27988136e-01
-2.56211877e-01
1.39447004e-01
4.61003274e-01
7.62358308e-01
8.05047929e-01
1.11001849e+00
7.95974076e-01
3.48602593e-01
6.76214755e-01
4.42853481e-01
3.83032978e-01
6.90495670e-01
7.18256235e-02
3.10263336e-01
2.62181282e-01
-1.37914032e-01
-1.95887551e-01
1.50955513e-01
-4.91005003e-01
2.87442952e-01
-1.19431257e-01
-6.02243960e-01
-4.25681949e-01
-7.16978431e-01
-6.08885109e-01
-5.62717259e-01
-5.99681377e-01
-3.59414667e-01
-4.14902508e-01
-1.91315755e-01
-6.88092187e-02
5.61281204e-01
9.74915624e-01
8.93425524e-01
1.27646172e+00
1.41946983e+00
8.68722498e-01
1.35507214e+00
1.28586709e+00
1.54003406e+00
1.42222738e+00
1.26455951e+00
7.67054498e-01
1.07771051e+00
5.51567614e-01
9.38461483e-01
4.28462416e-01
4.23628837e-01
-1.07286298e+00
2.11077392e-01
-4.55012232e-01
-1.03206348e+00
-2.09530759e+00
-1.48393846e+00
-2.22775507e+00
-6.34186447e-01
-2.00032330e+00
-1.98963654e+00
-1.80815542e+00
-1.78910589e+00
-2.25594163e+00
-1.44415832e+00
-3.04161286e+00
-1.13059199e+00
-2.27684498e+00
-3.51988465e-01
-7.22632229e-01
-7.38342464e-01
-1.03299344e+00
-7.46910155e-01
-6.07195914e-01
-5.43220997e-01
-2.56011456e-01
5.27990520e-01
-1.27793401e-01
3.20870757e-01
1.84946641e-01
6.01411402e-01
-4.18314189e-02
5.48517779e-02
8.03286806e-02
1.71121925e-01
4.46639240e-01
5.78402221e-01
1.24390982e-03
-1.77146256e+00
-1.95508277e+00
-1.43855584e+00
-1.51888251e+00
-1.28452682e+00
-1.47586179e+00
-1.37788582e+00
-1.13756061e+00
-9.23422873e-01
-1.04033518e+00
-1.38954198e+00
-8.43418360e-01
-1.25094604e+00
-2.14518261e+00
-1.31737447e+00
-1.72019303e+00
-1.42971814e+00
-1.89266491e+00
-1.45481050e+00
-2.13590956e+00
-1.51051021e+00
-2.20418906e+00
-2.38408017e+00
-2.34396291e+00
-1.65861154e+00
-1.66058230e+00
-1.87593067e+00
-2.68076444e+00
-2.07548189e+00
-2.55640173e+00
-2.46814275e+00
-2.95724297e+00
-2.98928022e+00
-2.82562017e+00
-1.64378154e+00
-1.64413011e+00
-2.17411017e+00
-2.15050244e+00
-1.54267585e+00
-8.07050049e-01
-1.15284479e+00
-9.92559135e-01
-7.02705383e-01
-1.28389704e+00
-1.83916008e+00
-2.53076744e+00
-1.98492765e+00
-2.23822403e+00
-2.18146873e+00
-9.18673635e-01
-2.37640572e+00
-1.13209963e+00
-9.45936382e-01
-3.53976727e-01
-1.13349903e+00
-1.19387023e-01
4.18215692e-01
-2.73023576e-01
-3.06618929e-01
-2.20410854e-01
-8.05388466e-02
-2.76670843e-01
1.16025195e-01
-8.61630440e-02
7.56790876e-01
1.22704959e+00
6.84720397e-01
1.16302896e+00
5.98531842e-01
9.89446104e-01
9.04731929e-01
2.65881807e-01
4.88950044e-01
2.83318639e-01
8.53578806e-01
5.69639325e-01
7.48491824e-01
1.00122809e+00
1.06680703e+00
1.17840970e+00
1.26845753e+00
8.09940934e-01
9.72496033e-01
1.06449687e+00
7.38065004e-01
1.06928098e+00
1.37146318e+00
1.44987726e+00
7.70852923e-01
5.17876029e-01
2.04051271e-01
1.52599204e+00
1.06217635e+00
1.88815343e+00
2.30425954e+00
2.65982270e+00
2.79545522e+00
2.68830657e+00
1.10839224e+00
1.21685481e+00
1.77508581e+00
1.92348397e+00
1.48810291e+00
-2.69206762e-01
8.23440731e-01
-5.22956289e-02
1.93573330e-02
-3.82773280e-01
3.66568208e-01
3.96862216e-02
3.19338918e-01
-2.56012052e-01
3.70119065e-01
-1.74363688e-01
1.27615559e+00
-3.69941831e-01
-1.52457818e-01
-4.70768839e-01
6.52031362e-01
-2.52734751e-01
-1.20669889e+00
1.67564664e-03
-5.38978338e-01
-1.06823057e-01
-4.51939374e-01
-3.78691584e-01
-3.48988235e-01
2.49812588e-01
-1.56341064e+00
-1.43100405e+00
-1.05589950e+00
-1.21572447e+00
-9.62358057e-01
-1.35302186e+00
-1.08587933e+00
-1.16731858e+00
-1.00917852e+00
-5.47317684e-01
-8.50224376e-01
1.66010723e-01
1.65385604e-01
-4.46059406e-01
1.82623014e-01
4.48746026e-01
2.54072666e-01
3.77161115e-01
7.62472689e-01
5.58651507e-01
1.15780926e+00
4.69501734e-01
1.21977627e-02
2.97973812e-01
1.62150189e-01
3.96679968e-01
-3.13976675e-01
-8.95186186e-01
-5.02585113e-01
-9.62319791e-01
-1.12821925e+00
-7.76623249e-01
-6.91283762e-01
-3.82736623e-01
-2.64478326e-01
-1.02199745e+00
-1.35156405e+00
-4.71654356e-01
-1.09508598e+00
-1.47665370e+00
-1.04625583e+00
-6.60706162e-01
8.11975524e-02
-8.87842119e-01
2.25350425e-01
-1.80910394e-01
-5.69751084e-01
-7.64542341e-01
-6.03729069e-01
-4.06640679e-01
2.19761401e-01
-5.97718120e-01
5.87707937e-01
6.73833117e-02
-5.48091114e-01
4.47419316e-01
4.13363278e-01
4.09658551e-02
2.39267215e-01
-1.17355481e-01
2.71042258e-01
-3.04603219e-01
5.50857663e-01
-3.73993039e-01
-8.52548838e-01
-1.25414824e+00
-2.88214356e-01
-6.54448688e-01
-5.65932870e-01
-8.97398174e-01
-4.32668090e-01
-4.16391283e-01
-8.48454237e-01
-9.29429471e-01
-1.38812876e+00
-1.12832034e+00
-1.46413219e+00
-7.74116576e-01
-1.47656441e+00
-9.04179215e-01
-1.47222650e+00
-1.19008780e+00
-1.40942872e+00
-1.18035269e+00
-1.19493985e+00
-6.48364604e-01
-7.09059834e-01
-1.29551113e+00
-2.65730530e-01
5.90767004e-02
1.14141434e-01
1.22869647e+00
1.38538048e-01
1.08347464e+00
1.38308465e+00
1.68358707e+00
1.36031067e+00
7.47455299e-01
-1.93431631e-01
-2.16552064e-01
-1.70940042e-01
4.57896680e-01
-4.61464018e-01
-2.84128577e-01
-1.02707589e+00
-1.69648930e-01
-1.02660191e+00
-4.07058418e-01
-7.37950444e-01
-8.80744576e-01
-7.47847974e-01
-4.11833793e-01
-8.32662642e-01
-5.40722571e-02
-8.84706229e-02
-3.67744118e-01
-5.40001035e-01
-1.83043048e-01
-7.07930923e-02
1.97744220e-01
1.08409664e-02
4.15257126e-01
2.07929939e-01
2.86066115e-01
-1.51438713e-01
1.48218140e-01
-4.75911319e-01
9.53464955e-02
-4.21068549e-01
1.36368245e-01
-4.30132806e-01
-1.58233941e-01
-2.62634605e-01
-3.11431319e-01
-2.09328905e-01
-3.08087647e-01
-5.74892998e-01
2.62646794e-01
2.69384891e-01
5.91138363e-01
7.50896156e-01
6.20348036e-01
1.12189996e+00
-1.99335039e-01
8.24763834e-01
5.86413443e-01
7.79989898e-01
1.02835357e+00
6.77970827e-01
9.40057710e-02
2.26270556e-01
-4.65108715e-02
6.75587505e-02
-3.16350013e-02
-2.34400362e-01
7.26932287e-01
-6.79378882e-02
2.54998505e-01
7.44175673e-01
1.61787784e+00
1.63751364e+00
2.23966742e+00
1.32010007e+00
1.52938116e+00
1.76908600e+00
1.85447729e+00
1.22965264e+00
1.10245955e+00
1.15856767e+00
1.35611367e+00
6.61669850e-01
6.90365493e-01
-1.93397596e-01
-3.07755396e-02
1.71378985e-01
9.74200442e-02
2.44910330e-01
3.43826920e-01
-1.73078537e-01
3.58776510e-01
7.05806792e-01
7.36084819e-01
-1.56512156e-01
1.80709124e-01
6.31443739e-01
1.54085577e-01
3.20940673e-01
3.75141025e-01
3.96249413e-01
5.07547930e-02
4.40795809e-01
-9.66382846e-02
-2.42023513e-01
-3.80834520e-01
-4.70977455e-01
-4.27924693e-01
-1.16443776e-01
-2.76203603e-01
-2.50496477e-01
-8.28608796e-02
-1.12829633e-01
-2.37643361e-01
-6.32413208e-01
-3.69857848e-01
-7.03039229e-01
-9.05951381e-01
-9.01743531e-01
-6.65400624e-01
-8.51832509e-01
-6.04656577e-01
-5.13183534e-01
-7.19691873e-01
-4.84832793e-01
-8.14419210e-01
-9.08940971e-01
-9.02783453e-01
-8.45109224e-01
-7.76768923e-01
-5.60028732e-01
-7.72856534e-01
-5.68242371e-01
-5.56076229e-01
-5.16712844e-01
-7.85457432e-01
-6.76469564e-01
-5.80600858e-01
8.35882485e-01
-1.06714571e+00
-7.92711020e-01
-4.24237102e-01
-9.20133770e-01
-1.65688980e+00
-7.25206852e-01
-1.10719967e+00
-2.41724148e-01
-1.54846513e+00
-2.77196348e-01
-7.04504430e-01
-9.65701282e-01
-8.93296897e-01
-1.09014511e+00
-7.86669493e-01
-6.56697810e-01
-2.64554203e-01
-1.67114455e-02
-5.80432639e-02
5.46793826e-03
3.80803823e-01
7.88352191e-01
3.19022030e-01
5.35698414e-01
7.03509390e-01
3.93847555e-01
7.34225214e-01
2.80787140e-01
4.97457504e-01
4.69867796e-01
1.18784964e+00
5.54656148e-01
1.01335657e+00
7.67342865e-01
1.00363648e+00
1.26036155e+00
4.56393361e-01
9.39574480e-01
7.29462564e-01
1.46760619e+00
1.29939044e+00
1.06400597e+00
1.53840113e+00
1.55532515e+00
2.34842896e+00
2.13602400e+00
1.55725396e+00
2.05932021e+00
1.39088666e+00
1.74759710e+00
1.52644086e+00
1.28411520e+00
1.38059759e+00
8.99908841e-01
4.68677700e-01
-3.24246734e-02
-3.01215262e-03
5.34848571e-01
1.17938027e-01
1.22753054e-01
3.75056446e-01
-4.85455275e-01
2.67190784e-02
-1.17342129e-01
1.65399417e-01
8.21237359e-03
2.42301375e-02
2.08269536e-01
7.14245915e-01
4.52633463e-02
-1.04757912e-01
-1.12475061e+00
-6.71130270e-02
-9.11856115e-01
-1.10763311e+00
-3.26654702e-01
-4.91806030e-01
-3.73862386e-01
-7.33307779e-01
-2.36798301e-01
-3.35766882e-01
3.20971280e-01
1.09745683e-02
8.49880338e-01
1.20179661e-01
-1.32496566e-01
-1.10161111e-01
-4.28329498e-01
-3.26243311e-01
-1.50872663e-01
-7.73018539e-01
6.47656918e-02
-2.03442007e-01
-2.33241796e-01
-1.08061932e-01
-2.29316622e-01
-5.86404264e-01
-5.78241527e-01
-4.95629340e-01
-5.67720890e-01
-3.56280774e-01
-3.07742178e-01
-2.02713013e-01
1.13886274e-01
5.72595954e-01
9.02029037e-01
4.69668269e-01
6.30411267e-01
-9.80527475e-02
6.53448045e-01
9.88760948e-01
6.03884339e-01
8.35359991e-01
7.69163191e-01
2.45943114e-01
6.75712675e-02
-2.56397575e-01
1.58309147e-01
3.21874201e-01
3.45521837e-01
-5.87373227e-02
2.63150454e-01
-3.28288138e-01
1.68448731e-01
7.79413655e-02
5.02230942e-01
2.23058999e-01
9.96155381e-01
-5.87480485e-01
1.18790762e-02
5.15929341e-01
-4.69417274e-01
-1.12124455e+00
-5.87125123e-01
-5.66469073e-01
-1.10429175e-01
-1.01757467e+00
-1.69236705e-01
-3.83333713e-01
-6.34619653e-01
-6.46553099e-01
-5.26125789e-01
2.17732877e-01
-3.29773128e-01
5.42631269e-01
1.19842720e+00
9.00665283e-01
2.77394980e-01
9.19238031e-01
1.22069013e+00
5.40252864e-01
6.79960251e-01
5.02432823e-01
9.83542085e-01
4.01941270e-01
1.01551461e+00
2.35376105e-01
6.15331471e-01
4.21239346e-01
9.07092631e-01
7.09681511e-01
6.07475996e-01
4.60198253e-01
5.77015877e-01
2.61315793e-01
5.52877307e-01
2.52865463e-01
7.26000965e-01
5.07016003e-01
1.02624071e+00
2.92627007e-01
3.97341937e-01
7.22158432e-01
3.99548680e-01
7.43856728e-01
4.47965145e-01
2.28139535e-01
3.68700296e-01
4.85398978e-01
1.40246898e-01
2.97023803e-01
-2.74789989e-01
6.09885752e-01
7.40207255e-01
1.58676434e+00
7.79907525e-01
1.71146858e+00
1.82526863e+00
2.65589046e+00
2.82497549e+00
2.99078274e+00
2.08288956e+00
2.68315840e+00
2.80415320e+00
3.01059556e+00
1.91601598e+00
2.24611592e+00
1.75233614e+00
2.34068227e+00
1.02527225e+00
1.45532405e+00
-1.27947524e-01
-4.15681839e-01
-1.55819416e-01
-2.46748999e-01
-1.05104782e-01
5.68748862e-02
-1.53693795e-01
-3.30996633e-01
4.44588393e-01
6.19285643e-01
1.15612352e+00
3.07105035e-01
3.26953918e-01
6.58673108e-01
4.43482488e-01
6.94501877e-01
4.99726146e-01
7.14014828e-01
5.15365422e-01
5.80067813e-01
-2.35711679e-01
-1.81011349e-01
-2.82023489e-01
-3.17664683e-01
4.26814477e-05
-1.26514539e-01
-2.73782551e-01
-2.67490625e-01
-1.72411129e-02
1.09498024e-01
-4.17045146e-01
1.09820694e-01
5.03532328e-02
-1.72604889e-01
9.27176699e-02
4.97160032e-02
-3.63956749e-01
-1.49144024e-01
-9.47413892e-02
-3.52034390e-01
-1.29527614e-01
-4.92726415e-01
-3.18104446e-01
-2.00630993e-01
-5.31137288e-01
-1.14007562e-01
-4.27389860e-01
-1.38797462e+00
-6.80262983e-01
-1.43134105e+00
-1.94533229e+00
-1.74583340e+00
-2.02707982e+00
-1.24249518e+00
-1.51825380e+00
-2.20018685e-01
-7.73679376e-01
-1.26592517e+00
-1.17034757e+00
-1.23995997e-01
-7.67497301e-01
1.93338782e-01
-5.80993831e-01
6.72209740e-01
4.78213802e-02
3.12749654e-01
9.78729501e-02
8.31068635e-01
-1.75621621e-02
-8.46643187e-03
-4.77651119e-01
2.32372084e-03
9.12572294e-02
-6.27208650e-02
-4.62130755e-01
-2.18343988e-01
3.35441321e-01
-3.39322805e-01
2.07536090e-02
4.99705851e-01
-2.73907691e-01
1.01616347e+00
5.02897024e-01
3.90299737e-01
7.29679838e-02
1.89231798e-01
5.40405631e-01
2.87060380e-01
5.24996698e-01
5.25938272e-01
9.25192058e-01
3.50338757e-01
5.51134348e-01
1.60966828e-01
4.23659742e-01
2.35849053e-01
-1.18810371e-01
1.90361857e-01
3.88741910e-01
9.63572085e-01
6.57333970e-01
9.24576938e-01
1.21889865e+00
8.46289515e-01
1.04433656e+00
7.68491387e-01
8.20757031e-01
1.04421556e+00
6.84321463e-01
1.84749991e-01
6.70780838e-01
1.30300570e+00
9.18410063e-01
1.35785604e+00
7.31251121e-01
4.94213402e-01
4.30864066e-01
5.00311852e-01
-3.39105040e-01
1.09356642e+00
9.45394158e-01
4.07471865e-01
1.44577086e+00
2.53982949e+00
1.44354546e+00
1.71885002e+00
7.85146475e-01
1.68149209e+00
-1.54724419e-01
-9.32648852e-02
4.87729192e-01
1.80244476e-01
3.79448712e-01
5.14888227e-01
-3.62845510e-01
2.61877984e-01
-1.69154674e-01
-2.98954487e-01
-1.37882099e-01
-1.12205483e-01
2.54873574e-01
7.84903169e-02
1.79344937e-01
5.01502931e-01
1.49622694e-01
6.28852844e-01
-6.53978586e-02
2.36851633e-01
-6.01779461e-01
-9.35600460e-01
-9.53974843e-01
-1.03829467e+00
-1.05170655e+00
-8.45625043e-01
-1.13315356e+00
-8.50819290e-01
-1.39031470e+00
-9.49823618e-01
-1.56503475e+00
-1.12836206e+00
-1.64346325e+00
-1.86614692e+00
-1.54482234e+00
-2.63367319e+00
-2.01503873e+00
-2.45505381e+00
-2.33043933e+00
-2.48111010e+00
-2.66437459e+00
-2.29166508e+00
-2.55750895e+00
-2.47295213e+00
-1.68777156e+00
-2.22516727e+00
-6.66581154e-01
1.01611979e-01
-1.06616187e+00
-1.93032133e-03
8.93105268e-01
1.82203484e+00
9.73570228e-01
1.36015606e+00
3.63201469e-01
-3.34873758e-02
3.21195312e-02
7.90514708e-01
-1.90790772e-01
-1.42890275e-01
-2.34503433e-01
3.70277405e-01
4.24677074e-01
2.30857968e-01
1.34861875e+00
2.02482629e+00
1.30340505e+00
1.90574181e+00
1.54794455e+00
1.79927218e+00
1.31191635e+00
2.00370574e+00
8.38022888e-01
5.14114261e-01
-5.77709138e-01
9.78734493e-02
3.39569092e-01
-1.84153482e-01
3.70844990e-01
-2.33907893e-01
1.74261048e-01
-5.84471673e-02
-2.76687562e-01
-8.83569121e-02
2.78296232e-01
6.77069649e-02
6.99943805e-04
5.63117629e-03
3.79513800e-01
2.87946761e-01
-6.33303542e-03
2.50447214e-01
9.66670290e-02
2.24616483e-01
-6.68740094e-01
-5.33650100e-01
-3.91981542e-01
-9.00221229e-01
-7.66743779e-01
-8.30154598e-01
-5.66249013e-01
-9.74088609e-01
-9.54766572e-01
-1.11001313e+00
-9.95320499e-01
-9.28052723e-01
-1.39863873e+00
-1.18134987e+00
-1.39677751e+00
-1.24568605e+00
-6.20729208e-01
-7.42028058e-01
-8.28308284e-01
-1.03597093e+00
-3.20267171e-01
1.21645160e-01
1.02721810e-01
5.02999902e-01
6.07945733e-02
9.57785308e-01
9.22974110e-01
6.09596968e-01
4.67510104e-01
1.73470199e-01
5.10644972e-01
1.20382941e+00
8.76003861e-01
1.26419234e+00
1.14724898e+00
1.75403261e+00
1.35792816e+00
2.12143254e+00
1.36412597e+00
1.45744073e+00
7.66552329e-01
1.34666383e+00
3.26974869e-01
9.18514371e-01
-4.26014006e-01
4.85834628e-02
2.83518463e-01
1.64691195e-01
3.10222089e-01
2.50207901e-01
-6.29889518e-02
7.19497740e-01
2.80074596e-01
5.44921458e-01
-6.98917568e-01
-3.50056261e-01
-4.45334971e-01
-2.30732009e-01
-7.46350586e-02
-2.60228664e-01
-2.44166672e-01
-4.46051776e-01
-2.87850231e-01
-1.16929159e-01
2.85811335e-01
2.75283784e-01
4.13399398e-01
3.33142132e-01
8.99670780e-01
7.13431537e-01
8.16025436e-01
7.50250161e-01
1.02860892e+00
8.36936653e-01
9.27993178e-01
5.35093844e-01
7.38651812e-01
7.99909770e-01
4.28200901e-01
5.78748167e-01
1.16960043e-02
4.15188849e-01
4.05332834e-01
1.25060156e-01
4.63066787e-01
1.12438965e+00
9.45966065e-01
2.40089631e+00
2.17576981e+00
2.84822202e+00
2.43725944e+00
2.31710625e+00
1.90654981e+00
2.73215127e+00
2.19235635e+00
3.15362549e+00
1.28517663e+00
2.68273258e+00
2.45927557e-01
6.84944019e-02
-1.36759337e-02
4.44492459e-01
-4.13381755e-01
-3.74594480e-01
-4.87636030e-01
-2.88578779e-01
5.40914595e-01
7.26035237e-01
3.51212695e-02
5.36095686e-02
3.64220776e-02
-3.03058177e-01
1.18891373e-01
1.21984772e-01
8.67445469e-02
1.05885476e-01
1.61082968e-01
2.47925669e-02
1.77111939e-01
3.69059026e-01
-3.40672374e-01
2.77708434e-02
-1.99658927e-02
7.70910159e-02
1.14939630e-01
3.97928432e-03
3.24794561e-01
8.02098691e-01
6.15739584e-01
1.27489233e+00
9.50412512e-01
1.03436339e+00
1.01117802e+00
2.46362954e-01
6.95297182e-01
2.88938761e-01
7.11339116e-01
3.95714164e-01
3.85805331e-02
-4.64039713e-01
2.48319954e-01
2.14223221e-01
2.99805015e-01
4.23621275e-02
-2.62381613e-01
-1.08179355e+00
-4.20721054e-01
-6.76500499e-01
-1.18347538e+00
-1.49532950e+00
-1.19766283e+00
-2.40158629e+00
-1.37129664e+00
-1.78497243e+00
-2.02193403e+00
-1.64920306e+00
-1.76635754e+00
-2.21143913e+00
-1.50064135e+00
-2.37881279e+00
-1.14228499e+00
-2.28360868e+00
-1.49600768e+00
-1.48951066e+00
-1.57455313e+00
-2.45877481e+00
-1.13838339e+00
-1.15823340e+00
-1.47057128e+00
-1.40942860e+00
-2.10716426e-01
-7.70802200e-01
-4.47641939e-01
-1.70370221e-01
2.00625718e-01
-6.36751533e-01
-5.59652627e-01
-8.47694516e-01
-5.24058342e-01
-5.09908557e-01
-3.66208911e-01
-5.21041274e-01
-2.76942234e-02
-5.12896061e-01
3.19282532e-01
2.10123241e-01
-9.10706744e-02
-1.22651525e-01
2.67205797e-02
1.13589736e-02
-2.27937356e-01
-5.24237275e-01
-4.72259998e-01
-2.62568712e-01
-7.15458333e-01
1.50855944e-01
-5.54944992e-01
1.16340041e-01
-4.26725060e-01
-3.08168642e-02
-3.32927167e-01
8.98013171e-03
-3.71428914e-02
1.58427954e-01
-7.67694786e-02
-5.97058177e-01
-2.50457320e-02
-4.55855638e-01
-1.71408594e-01
8.98026943e-01
2.86000043e-01
5.34513712e-01
1.08491516e+00
1.56456387e+00
1.54315639e+00
1.88448906e+00
1.44419885e+00
1.63940358e+00
2.32126617e+00
2.31436372e+00
1.09652221e+00
1.14978123e+00
1.23108268e+00
2.05187249e+00
6.54757857e-01
1.25955379e+00
3.47554162e-02
8.10929015e-02
-1.91768378e-01
4.38600518e-02
-2.79964715e-01
1.51061669e-01
-9.05538574e-02
2.60718822e-01
5.69624066e-01
8.66751313e-01
3.35211724e-01
9.51838866e-02
1.54222548e-01
5.98784983e-02
1.39860660e-01
-7.49660581e-02
4.87814983e-03
-5.49719632e-01
-4.86000061e-01
-2.05856398e-01
-7.66742408e-01
-1.64945096e-01
-6.49830282e-01
-3.12148064e-01
-5.42938352e-01
-3.84319991e-01
-2.76373535e-01
-1.01289935e-01
-4.55179602e-01
7.74473622e-02
-1.60619095e-01
-2.79131144e-01
-1.68198690e-01
-3.95484686e-01
-1.54712006e-01
-5.70149124e-01
-8.60708300e-03
-7.89176524e-01
-5.49547672e-01
-7.53453374e-01
-6.30818725e-01
-5.83365083e-01
-5.13022780e-01
-5.70097983e-01
-3.62489849e-01
1.02269426e-02
-2.50305504e-01
-3.69715333e-01
-8.91994610e-02
2.44391561e-01
6.67644918e-01
1.09201849e+00
7.98256576e-01
2.91429460e-01
-7.72466898e-01
-1.87888052e-02
3.40204716e-01
7.28186846e-01
1.19973212e-01
5.47810137e-01
-5.63182712e-01
-1.01088393e+00
-1.72142768e+00
-1.12220514e+00
-2.18081284e+00
-2.16063929e+00
-1.44708002e+00
-1.60163367e+00
-1.63949180e+00
-1.12666953e+00
-1.14592421e+00
-8.18144381e-01
-6.97067142e-01
-7.42931664e-01
3.25976685e-03
-4.39265296e-02
-1.21138088e-01
-3.13058823e-01
-8.31792116e-01
-8.96398425e-01
-5.28096735e-01
-1.34502912e+00
-2.69296646e-01
-5.68312645e-01
-1.11408436e+00
-1.37707746e+00
-1.07618856e+00
-8.99928808e-01
-1.10935509e+00
-1.07087922e+00
-1.05985570e+00
-1.31103861e+00
-1.87449276e+00
-1.35869932e+00
-1.71662641e+00
-6.93366289e-01
-1.38770103e+00
-1.77294278e+00
-1.52096450e+00
-1.36350608e+00
-1.55509877e+00
-1.53779411e+00
-1.44416308e+00
-1.26595652e+00
-1.06724870e+00
-7.25558817e-01
-1.11886036e+00
-5.61280549e-01
-6.95724070e-01
-1.33963954e+00
-1.38007534e+00
-7.28966117e-01
-1.42430878e+00
-8.39652002e-01
-2.81416804e-01
1.21903904e-01
-5.74058890e-01
8.04041922e-01
4.49184686e-01
-1.78088948e-01
-2.62612283e-01
7.32799061e-03
1.10677969e+00
-8.90903056e-01
1.02695024e+00
-9.67552841e-01
-2.19125733e-01
-1.17524600e+00
1.87891439e-01
-4.98001695e-01
-5.64201057e-01
-7.17243016e-01
-3.87180060e-01
-1.13734615e+00
-3.69469583e-01
-1.48378146e+00
-2.88631190e-02
-5.88059247e-01
-4.77087349e-01
-6.00923784e-02
-4.89317477e-01
-4.94081974e-02
-4.93399471e-01
-2.79256284e-01
-3.40551645e-01
-2.53960282e-01
-2.08112732e-01
2.19205707e-01
-2.35636592e-01
1.36765316e-01
-8.49096105e-02
2.41779555e-02
-9.54423100e-02
-1.02305196e-01
-9.68600884e-02
-1.41003639e-01
4.15030448e-03
1.91089600e-01
1.73342332e-01
7.76190087e-02
2.68298298e-01
-2.94793636e-01
-8.45172033e-02
1.60662249e-01
-1.38077825e-01
1.54543996e-01
-6.71513304e-02
-3.37060571e-01
-8.90613124e-02
-1.34519175e-01
-4.68754247e-02
1.65736601e-01
-2.20500067e-01
7.73657024e-01
2.09784374e-01
6.30596936e-01
4.48168516e-01
1.00380409e+00
1.39308834e+00
2.16875148e+00
1.71576011e+00
2.03287172e+00
1.19106245e+00
2.28612065e+00
2.33489776e+00
2.51041079e+00
1.72621250e+00
1.74246120e+00
1.43460178e+00
1.36507702e+00
2.22868100e-02
5.03042877e-01
-1.57540727e+00
-1.80020523e+00
-1.25722265e+00
-1.35681307e+00
-1.26639402e+00
-1.01976049e+00
-1.19254875e+00
-1.23218787e+00
-2.31913850e-01
-3.31922114e-01
5.09699106e-01
-2.24661872e-01
-2.32185915e-01
-2.48481825e-01
-2.83137172e-01
-3.89485881e-02
-2.31122360e-01
-1.81337118e-01
-1.78393111e-01
-5.21713169e-03
-7.67711848e-02
2.61279911e-01
6.24553978e-01
1.95748359e-01
4.22706217e-01
4.29663867e-01
9.57933545e-01
5.36328077e-01
7.95355618e-01
3.76211077e-01
9.49554503e-01
6.85257912e-01
7.99360037e-01
1.03865281e-01
8.74646664e-01
7.12309301e-01
1.18490183e+00
1.23042631e+00
1.33331621e+00
7.82940567e-01
9.99926031e-01
7.74550140e-01
2.60265559e-01
4.29433644e-01
1.77642211e-01
5.52295409e-02
9.97906983e-01
-3.92179012e-01
6.35252893e-01
3.98835801e-02
-1.80316158e-02
-9.88484740e-01
-4.76017892e-01
-4.94126260e-01
-1.33010224e-01
7.42669106e-01
5.89381695e-01
-6.85671493e-02
-1.14707589e-01
8.34241688e-01
-8.73727202e-02
1.40378153e+00
2.44855642e-01
1.41314733e+00
-6.20972514e-01
-4.13791388e-01
-5.09828508e-01
4.46751863e-01
-8.32850695e-01
-2.20506415e-01
-8.59709620e-01
-1.07954420e-01
3.06567699e-01
4.08939838e-01
4.06116545e-01
-2.12978423e-01
2.41913438e-01
-8.00360516e-02
-1.35517754e-02
4.28414971e-01
7.66557157e-02
6.42801225e-01
3.25468570e-01
4.62097466e-01
-1.96107924e-01
-6.47363961e-01
-1.95085570e-01
-3.45721215e-01
-1.50427669e-01
-5.91865659e-01
-3.46984625e-01
-1.74003318e-01
-1.14657812e-01
-1.78927034e-01
-1.02430260e+00
-6.66525126e-01
-6.87638879e-01
1.91643894e-01
-4.94097918e-01
7.41011575e-02
-5.68393052e-01
-1.65642619e-01
-2.43645191e-01
2.68195868e-01
3.75889212e-01
1.73801363e-01
3.07068944e-01
-3.59325826e-01
4.14253265e-01
8.61212373e-01
3.14795882e-01
8.70067358e-01
5.57070553e-01
7.17327952e-01
1.04833269e+00
1.61809850e+00
1.06475413e+00
8.84006679e-01
-4.49986219e-01
6.37646973e-01
6.86579525e-01
5.62048435e-01
7.12393999e-01
5.38521349e-01
5.68568408e-01
9.62952822e-02
-1.23979017e-01
7.34846964e-02
-8.35386589e-02
2.97583312e-01
4.16934311e-01
4.12845016e-01
6.96786225e-01
5.36643624e-01
-4.70289821e-03
1.78385496e-01
-1.57940015e-01
-2.22582564e-01
1.26783594e-01
1.98150352e-01
8.06235671e-01
2.28099510e-01
2.21814916e-01
7.91499436e-01
2.15714782e-01
9.77044940e-01
3.96600217e-01
5.87307215e-01
-4.40902323e-01
-6.67695105e-01
1.50861681e-01
-3.68754834e-01
1.42819792e-01
-2.47213945e-01
7.79995918e-02
4.69381720e-01
9.69697833e-01
5.63273013e-01
6.73714161e-01
1.92188218e-01
6.46513283e-01
-1.48741096e-01
7.33038127e-01
2.15834871e-01
3.95394862e-01
7.00101674e-01
5.96521795e-01
2.00456679e-01
6.62760615e-01
-1.20429248e-01
7.29079619e-02
-3.64233106e-01
-2.27232859e-01
1.72247574e-01
4.94134247e-01
-3.14848185e-01
4.44373131e-01
-6.90829277e-01
-4.11355585e-01
-1.52739143e+00
-1.01441629e-01
-7.43689895e-01
6.44833624e-01
3.90433192e-01
1.40767843e-01
-2.06183568e-01
-9.41485092e-02
-1.19595088e-01
-4.47499380e-02
5.94316244e-01
5.35379827e-01
-3.24941039e-01
-1.15983438e+00
-1.32228959e+00
-1.24369669e+00
-1.13835025e+00
-1.37550211e+00
-1.41220614e-01
-1.31928611e+00
-1.61722004e-01
-3.43086928e-01
2.38456458e-01
-1.04365766e+00
-2.99090683e-01
-1.17812552e-01
-1.55207023e-01
2.08288133e-01
9.16833699e-01
3.78189057e-01
1.64391708e+00
6.31364644e-01
1.02523172e+00
7.21672893e-01
2.45296896e-01
4.68457133e-01
4.86216582e-02
2.16877833e-02
4.99152876e-02
-1.20165057e-01
1.84445485e-01
5.43157637e-01
3.04733515e-01
3.55976969e-01
3.30362737e-01
7.14436650e-01
7.43907452e-01
3.45052987e-01
2.75187314e-01
6.41200423e-01
9.83199835e-01
3.53725314e-01
8.04772973e-01
5.57285726e-01
7.70362258e-01
7.46253669e-01
1.04902603e-01
6.39999509e-01
5.00674188e-01
1.21484494e+00
2.02543497e+00
1.41150081e+00
1.75205076e+00
2.73129582e+00
3.24562192e+00
3.32486963e+00
2.62337565e+00
1.85160017e+00
1.21520960e+00
2.24583793e+00
2.90525961e+00
2.10509682e+00
1.56890941e+00
1.68407440e+00
1.29571545e+00
1.14575076e+00
8.06340396e-01
1.49545109e+00
1.71566403e+00
1.53396714e+00
1.48767459e+00
1.98545885e+00
1.74325860e+00
1.33247149e+00
1.54791367e+00
1.35961616e+00
1.05509782e+00
5.39311528e-01
4.97141689e-01
2.89711863e-01
-1.49862310e-02
1.01365469e-01
-1.35666311e-01
2.95191407e-01
-3.82715434e-01
-3.65197659e-02
-1.17792413e-01
-5.01541376e-01
-4.20973390e-01
-6.31839395e-01
-2.96642274e-01
-3.85989398e-01
-5.29888451e-01
-4.29953158e-01
-5.81096947e-01
-7.95053899e-01
-3.11387539e-01
-1.63677931e-01
-1.47714168e-01
-3.44040662e-01
-3.29800129e-01
-1.10403232e-01
-1.11437701e-01
-1.25645995e-01
-2.25023136e-01
-2.35658750e-01
-4.63017106e-01
-3.65107298e-01
-2.13480458e-01
4.87578800e-03
2.09142417e-01
9.47773829e-02
5.38845539e-01
-9.59022995e-03
3.26424301e-01
2.99091041e-01
5.45368433e-01
1.01967084e+00
1.36681151e+00
1.27218103e+00
1.25781035e+00
1.39453983e+00
1.21578741e+00
1.06676984e+00
1.38202739e+00
1.12284815e+00
1.13989696e-01
5.88886380e-01
6.53044553e-03
-1.41317979e-01
-6.54128909e-01
-1.99076891e+00
-2.33629894e+00
-1.99512529e+00
-2.34623933e+00
-1.90499568e+00
-1.52892220e+00
-1.59838271e+00
-1.81770790e+00
2.06078857e-01
-3.34896922e-01
2.36915082e-01
4.02757913e-01
3.94765854e-01
3.94228160e-01
1.01005524e-01
-6.07554859e-04
-1.92330271e-01
2.63214290e-01
-1.48099596e-02
2.28903726e-01
8.56147110e-01
5.69369078e-01
4.45185274e-01
6.22628272e-01
5.70399582e-01
3.89263868e-01
1.85292363e-01
7.35419333e-01
8.71155739e-01
7.02238560e-01
1.14778352e+00
2.47918189e-01
9.60346401e-01
3.95857990e-01
4.16054994e-01
3.18487510e-02
5.57088494e-01
7.88752496e-01
1.34279996e-01
-7.80678466e-02
-1.14451274e-01
5.31179532e-02
3.32425565e-01
1.73585922e-01
1.02496557e-01
9.68419313e-01
1.21049476e+00
5.76676130e-01
1.10281968e+00
1.23180175e+00
1.28729904e+00
6.70742095e-01
1.66199505e+00
1.20063615e+00
2.06272364e+00
2.04925251e+00
2.41861820e+00
1.94926274e+00
1.59152353e+00
9.55799222e-01
1.73405766e+00
1.52918077e+00
1.21412575e+00
5.49246252e-01
-1.13615918e+00
-1.17857277e+00
-1.29740262e+00
-1.29338193e+00
-1.31096041e+00
-1.42864525e+00
-2.03836393e+00
-1.34484065e+00
-5.03132790e-02
9.60254073e-02
2.58610189e-01
-8.61860141e-02
2.64342934e-01
1.06911056e-01
1.12186804e-01
-1.01962231e-01
-9.48530957e-02
2.31229335e-01
-8.58226418e-02
1.90873876e-01
-1.31345963e+00
-1.79734051e+00
-9.59382653e-01
-1.30186439e+00
-1.13806283e+00
-1.34410501e+00
-1.07943189e+00
-6.20376289e-01
5.77528030e-03
-3.33862543e-01
-1.24310823e-02
-2.61654519e-02
-2.00707149e-02
2.78421521e-01
1.48335546e-01
4.88273650e-01
3.56055260e-01
7.61499941e-01
8.42549860e-01
2.91648775e-01
8.26007307e-01
7.24086091e-02
1.81632936e-02
-5.49526870e-01
2.17642128e-01
3.69481891e-01
7.90655196e-01
-9.99198139e-01
6.42361462e-01
-6.14303887e-01
-4.55482870e-01
-1.25951028e+00
-9.27223206e-01
-1.23859715e+00
-1.05156660e+00
-3.93087029e-01
-3.34123820e-01
-7.40437210e-01
-1.40967774e+00
-1.66755116e+00
-1.22622502e+00
-3.33800882e-01
-1.03827751e+00
-3.61957401e-01
-1.31684172e+00
-1.37393773e+00
-1.50821793e+00
-7.49264121e-01
-1.89734995e+00
-1.51419449e+00
-2.05136418e+00
-8.64875019e-01
-8.29400588e-03
2.93101985e-02
-8.41348529e-01
-4.89900678e-01
-1.81911111e-01
-7.50904143e-01
-1.53152227e-01
-4.83720094e-01
5.98763973e-02
-4.16167565e-02
3.54837596e-01
-3.22170198e-01
-1.05893373e+00
-1.38475657e+00
-6.27868772e-01
-5.35299182e-01
-7.52503574e-01
-9.01251376e-01
-4.03129131e-01
-3.69569421e-01
-4.42453206e-01
-5.67360222e-01
-2.02462971e-01
-1.99371040e-01
-5.17611802e-01
-6.24931157e-01
-1.22611903e-01
-2.05100328e-01
-5.75994551e-01
-1.34955980e-02
-9.50080715e-03
-4.41652924e-01
-7.20528513e-02
-3.47255975e-01
-6.44659922e-02
-2.77628601e-01
-2.58878380e-01
2.60986894e-01
2.26844281e-01
1.18569307e-01
3.74204069e-01
7.19252169e-01
4.33945805e-01
7.27831274e-02
6.49674356e-01
1.17980349e+00
1.21366405e+00
2.29862285e+00
2.52180457e+00
1.67193115e+00
8.49863052e-01
1.60060239e+00
1.01775205e+00
2.83277535e+00
1.33978546e+00
2.12167740e+00
-2.15073004e-01
-2.92719245e-01
-2.72280514e-01
4.78376336e-02
-5.51993310e-01
-5.06102383e-01
-1.39002252e+00
-6.61085546e-01
-2.32507989e-01
7.40783513e-02
7.17858151e-02
-3.25301498e-01
-1.01695098e-01
-1.84991643e-01
-2.57239699e-01
-4.28153366e-01
-2.69813299e-01
-7.16458738e-01
-5.16955614e-01
-7.28100657e-01
2.22171277e-01
3.51701677e-01
4.94498461e-02
3.91050041e-01
5.67900658e-01
2.86711633e-01
3.77194911e-01
2.27467436e-02
4.39094663e-01
1.62317306e-01
4.38729644e-01
4.54253346e-01
1.46763235e-01
-6.85489848e-02
-2.10640654e-01
1.75782189e-01
3.09709847e-01
-3.89453322e-01
2.03653812e-01
-3.35323483e-01
-2.90438652e-01
-2.82961756e-01
-6.85891688e-01
-6.56279504e-01
-6.60644889e-01
-5.12410641e-01
-1.32959449e+00
-1.08019555e+00
-1.16537130e+00
-1.68058062e+00
-1.90446687e+00
-2.17790222e+00
-2.38223529e+00
-1.68216527e+00
-6.04775190e-01
-6.59129560e-01
-1.26474166e+00
-1.47429824e+00
-1.15213454e+00
-2.27455050e-02
-5.87656558e-01
9.64311779e-01
5.26492476e-01
9.10939813e-01
2.92222381e-01
4.18401808e-01
-1.40928105e-01
1.60770789e-01
1.71896279e-01
5.83037138e-01
-5.44000328e-01
1.62696615e-01
1.21671951e+00
9.16638792e-01
4.52998757e-01
6.11462891e-01
1.08587492e+00
5.14179945e-01
5.31991720e-01
-2.24056810e-01
3.49811584e-01
-4.03736234e-01
2.41494685e-01
-3.26667041e-01
