fffffeb9
fffffefc
ffffff8b
0000005e
0000005e
0000005e
0000005e
0000005e
0000005e
0000005e
0000005e
0000005e
0000005e
0000005e
0000005e
0000005e
0000005e
0000005e
000000bc
000002d8
0000039a
0000018a
fffffff8
fffffe9e
fffffeec
000000f4
0000013a
00000200
00000218
0000045c
00000696
00000432
ffffffe6
fffffbe6
fffffb32
fffffc0e
fffffc8e
fffffc8c
fffffcd6
fffffd72
fffffe1c
ffffff12
0000000a
00000050
00000064
000000ea
000000ee
000000b6
0000005e
0000005e
0000005e
0000005e
0000005e
00000098
00000094
00000032
00000036
000000ac
000000ca
000000a6
0000005e
0000005e
0000018e
000001fb
ffffffea
0000008d
0000012f
00000170
00000170
00000170
00000170
00000170
00000170
00000170
00000170
00000170
00000170
00000170
00000170
00000170
00000170
00000170
0000018c
000001c0
00000176
00000106
0000023e
00000430
00000528
0000041c
000002a6
00000318
0000031a
00000382
000001d6
ffffffc8
fffffed0
ffffff30
00000022
0000016c
00000328
000002f0
00000350
0000042a
000003dc
000002f8
0000022e
00000242
000002e2
000002a6
0000021c
000001b6
00000170
00000170
00000170
00000170
00000170
00000138
000000a0
000000c2
0000015c
00000222
000001d6
0000016a
00000170
00000170
00000140
000001ba
fffffef4
ffffff25
ffffff4d
ffffff81
ffffff81
ffffff81
ffffff81
ffffff81
ffffff81
ffffff81
ffffff81
ffffff81
ffffff81
ffffff81
ffffff81
ffffff81
ffffff81
ffffff81
ffffff93
ffffff05
fffffd69
fffffdc3
fffffd5f
ffffff5b
00000091
00000355
00000261
00000005
fffffe4f
ffffff53
fffffdf5
fffffc97
fffffe85
fffffe23
fffffde9
000004a3
000002ff
00000303
0000039f
000002f7
000001fd
ffffff77
ffffff1f
fffffce5
fffffd5b
fffffd2f
fffffd19
fffffe1b
ffffff81
ffffff81
ffffff81
ffffff81
ffffff81
00000139
00000215
fffffec5
fffffebd
fffffde9
fffffdab
fffffea3
ffffff81
ffffff81
000002b1
000000f5
fffffea7
00000024
000001e0
00000354
00000354
00000354
00000354
00000354
00000354
00000354
00000354
00000354
00000354
00000354
00000354
00000354
00000354
00000354
000003f0
0000050a
00000514
00000672
000008aa
000009ca
00000980
0000066a
0000034a
000000a0
ffffff3e
ffffffda
fffffea8
fffffcc6
fffffa8a
fffffc26
fffffd3a
00000072
00000108
ffffff04
ffffff0e
fffffd5a
fffffcbc
fffffcfc
fffffe12
00000076
00000258
00000310
0000030a
00000258
00000354
00000354
00000354
00000354
00000354
0000034a
00000334
00000332
000002d4
000002d0
00000244
000002ba
00000354
00000354
0000059c
0000069d
0000042c
000002a8
00000181
0000013e
0000013e
0000013e
0000013e
0000013e
0000013e
0000013e
0000013e
0000013e
0000013e
0000013e
0000013e
0000013e
0000013e
0000013e
00000144
00000224
0000016a
fffffee8
fffffade
fffff7a2
fffff630
fffff84c
fffffa14
fffffa80
fffffb82
fffffeea
000002ca
000002a6
000001de
00000210
000002da
00000000
fffffdce
ffffff36
00000218
000003a0
00000624
0000081a
0000095e
0000080a
00000642
0000040c
00000176
000000dc
0000013e
0000013e
0000013e
0000013e
0000013e
00000108
00000116
000001ac
00000270
0000020e
000000e2
000000e8
0000013e
0000013e
0000006e
fffffde6
00000099
00000147
0000008e
00000054
00000054
00000054
00000054
00000054
00000054
00000054
00000054
00000054
00000054
00000054
00000054
00000054
00000054
00000054
00000008
ffffff78
ffffffda
000000c6
000001a2
00000114
000000f8
000000b8
00000102
0000013a
0000008a
ffffffce
000000fe
00000258
00000296
00000356
00000242
000000d0
00000210
ffffffac
fffffc6a
fffffdfc
ffffffba
0000004c
ffffff90
000000a4
00000126
000000f2
0000017a
00000120
00000054
00000054
00000054
00000054
00000054
00000024
00000010
fffffff0
ffffff92
0000007a
0000015c
000000ce
00000054
00000054
ffffff57
0000004e
000001d9
000000fa
0000004f
ffffffa6
ffffffa6
ffffffa6
ffffffa6
ffffffa6
ffffffa6
ffffffa6
ffffffa6
ffffffa6
ffffffa6
ffffffa6
ffffffa6
ffffffa6
ffffffa6
ffffffa6
ffffff40
fffffdfe
fffffdce
fffffd86
fffffdf8
fffffe48
fffffe14
ffffff56
ffffff9e
fffffea2
fffffdf8
fffffcc6
fffffe28
0000001c
0000038c
00000472
00000366
00000276
00000106
00000106
000001a4
000001e6
0000019c
000000e0
00000096
0000000c
ffffffce
00000002
ffffffd0
ffffff84
ffffffa6
ffffffa6
ffffffa6
ffffffa6
ffffffa6
00000014
00000050
00000012
00000010
fffffff0
ffffff9e
ffffff7e
ffffffa6
ffffffa6
ffffff51
fffffe09
fffffece
ffffff98
fffffe5c
fffffbf9
fffffbf9
fffffbf9
fffffbf9
fffffbf9
fffffbf9
fffffbf9
fffffbf9
fffffbf9
fffffbf9
fffffbf9
fffffbf9
fffffbf9
fffffbf9
fffffbf9
fffffcd3
fffffdb9
fffffd0b
fffffbb1
fffffd9f
00000001
ffffff8d
000000eb
000001b9
000001a5
ffffff67
fffffe91
fffffe41
fffffc0f
fffffba5
ffffff3d
000001db
ffffff4f
fffffb99
fffffa71
fffff8dd
fffffa31
ffffff49
00000081
00000073
ffffff37
0000007d
000000c7
ffffff6d
fffffd73
fffffbf9
fffffbf9
fffffbf9
fffffbf9
fffffbf9
fffffb67
fffffa65
fffffa81
fffffc01
fffffcef
fffffd8b
fffffd03
fffffbf9
fffffbf9
fffffc18
fffffbf3
fffffc3f
fffffd1c
fffffe2a
ffffff4d
ffffff4d
ffffff4d
ffffff4d
ffffff4d
ffffff4d
ffffff4d
ffffff4d
ffffff4d
ffffff4d
ffffff4d
ffffff4d
ffffff4d
ffffff4d
ffffff4d
ffffff47
fffffef5
fffffed7
000000f3
000003b3
0000055b
00000535
000002a3
00000211
0000008f
ffffff2b
fffffccb
fffffc85
fffffd9f
ffffff51
00000187
00000129
fffffd49
ffffffb1
000003e5
000003b5
0000020d
000000a1
000002af
0000024b
ffffffc9
fffffd87
fffffd4f
fffffea9
ffffff3d
ffffff4d
ffffff4d
ffffff4d
ffffff4d
ffffff4d
ffffffab
0000006b
0000008b
ffffff2d
fffffe83
ffffff55
ffffff4f
ffffff4d
ffffff4d
ffffff47
00000164
00000222
000001bf
00000282
00000132
00000132
00000132
00000132
00000132
00000132
00000132
00000132
00000132
00000132
00000132
00000132
00000132
00000132
00000132
000000da
ffffffee
00000016
00000210
ffffff08
fffffe20
fffffdc8
fffffe4a
fffffc36
fffffd5a
fffffd58
fffffde8
fffffe42
00000122
ffffff46
fffffe16
000000a6
000002ea
fffffd1a
fffffef8
0000003a
fffffe6e
0000005e
fffffe84
00000142
000000f2
0000020e
0000021c
000001b2
0000015c
00000132
00000132
00000132
00000132
00000132
000000c0
00000082
00000088
000001c2
000000ae
00000098
00000198
00000132
00000132
00000214
fffffe63
00000027
00000030
ffffffdd
ffffff8f
ffffff8f
ffffff8f
ffffff8f
ffffff8f
ffffff8f
ffffff8f
ffffff8f
ffffff8f
ffffff8f
ffffff8f
ffffff8f
ffffff8f
ffffff8f
ffffff8f
ffffff77
ffffff0d
ffffffff
fffffc5d
fffffaf7
fffffd29
fffffec5
ffffff47
0000005b
000001c7
000002a7
0000025b
000002ed
00000137
ffffffdf
ffffff93
fffffffd
fffffceb
fffffcdb
ffffff59
ffffffab
ffffffcd
fffffed3
00000059
ffffff53
fffffe3f
fffffe3d
ffffff0f
ffffff8b
ffffffb9
ffffff8f
ffffff8f
ffffff8f
ffffff8f
ffffff8f
ffffff69
ffffff5d
ffffffc7
ffffff85
ffffff7f
ffffffd3
ffffff91
ffffff8f
ffffff8f
fffffcd5
fffffceb
ffffff8a
ffffff1d
ffffff0a
00000005
00000005
00000005
00000005
00000005
00000005
00000005
00000005
00000005
00000005
00000005
00000005
00000005
00000005
00000005
00000079
0000026f
00000313
000000f1
fffffe49
fffffb47
fffffb93
fffffd55
ffffff31
0000016b
000001fb
00000369
000003c7
000003b3
00000299
0000009b
0000004f
fffffe65
fffffff1
ffffffb5
000001d1
00000323
000000bf
000001a5
00000171
0000019f
000000d5
0000005b
00000185
00000055
00000005
00000005
00000005
00000005
00000005
ffffff8b
ffffffc7
00000139
00000215
0000023f
0000016b
ffffffff
00000005
00000005
ffffff94
00000066
ffffffde
ffffffef
ffffffe9
000000b1
000000b1
000000b1
000000b1
000000b1
000000b1
000000b1
000000b1
000000b1
000000b1
000000b1
000000b1
000000b1
000000b1
000000b1
0000002b
fffffea9
ffffff65
00000139
000002c9
000002f1
000002b9
00000273
0000019b
000000ed
0000012f
fffffff1
ffffffe9
000002cb
0000048b
000004b9
00000367
000003a1
000002dd
00000283
000001cd
00000269
0000022f
00000219
00000231
000001f3
000001c1
000000ef
000000e1
000000b9
000000b1
000000b1
000000b1
000000b1
000000b1
0000009f
000000ad
000000af
0000008d
000000d9
0000010d
000000a3
000000b1
000000b1
000000ca
000000b0
00000138
00000186
00000196
0000018c
0000018c
0000018c
0000018c
0000018c
0000018c
0000018c
0000018c
0000018c
0000018c
0000018c
0000018c
0000018c
0000018c
0000018c
0000011c
00000096
00000074
ffffff22
fffffeba
ffffff3c
ffffff60
fffffcf4
fffffc6c
fffffb28
fffffaf8
fffffa3e
fffffa3c
fffffafe
fffffccc
ffffff72
00000198
000001ea
00000226
0000019c
00000262
000001f0
0000024c
0000017a
00000138
000001c2
000001b4
000001e8
0000019c
00000194
0000018c
0000018c
0000018c
0000018c
0000018c
000001b4
00000172
0000015a
00000168
0000016a
00000176
000001c6
0000018c
0000018c
00000161
00000160
000000d2
000000a0
ffffffd2
fffffe6e
fffffe6e
fffffe6e
fffffe6e
fffffe6e
fffffe6e
fffffe6e
fffffe6e
fffffe6e
fffffe6e
fffffe6e
fffffe6e
fffffe6e
fffffe6e
fffffe6e
fffffde8
fffffcac
fffffc20
fffffe54
00000098
000001ae
00000088
00000080
0000009e
00000128
000000f2
00000056
0000019e
000002f6
00000394
000000a6
fffffe1e
ffffff16
ffffff2c
fffffce0
fffffba2
fffffbd4
fffffd2c
fffffc7e
fffffd36
fffffe2a
fffffdec
fffffd8a
fffffda2
fffffe6e
fffffe6e
fffffe6e
fffffe6e
fffffe6e
fffffe6e
ffffff5a
ffffff78
fffffdbc
fffffd4a
fffffd60
fffffdf2
fffffe82
fffffe6e
fffffe6e
fffffe76
fffffdf7
0000029f
000002c2
0000002f
fffffe2f
fffffe2f
fffffe2f
fffffe2f
fffffe2f
fffffe2f
fffffe2f
fffffe2f
fffffe2f
fffffe2f
fffffe2f
fffffe2f
fffffe2f
fffffe2f
fffffe2f
fffffda3
fffffca3
fffffbf1
fffffd51
fffffd47
fffffd8f
fffffca3
fffffded
fffffd69
fffffc15
fffffb79
ffffffdf
00000169
00000237
000002f1
000000e1
00000001
0000029b
00000151
fffffc45
fffff71d
fffffb47
ffffffab
fffffef3
000000d5
0000024f
000003cf
0000028b
0000004f
fffffeab
fffffe2f
fffffe2f
fffffe2f
fffffe2f
fffffe2f
fffffef7
ffffff55
fffffce1
fffffc6b
fffffd3d
fffffe9d
fffffe6d
fffffe2f
fffffe2f
ffffff2b
fffffe06
00000348
000002c0
000002df
000002a0
000002a0
000002a0
000002a0
000002a0
000002a0
000002a0
000002a0
000002a0
000002a0
000002a0
000002a0
000002a0
000002a0
000002a0
00000318
0000043c
00000584
0000032c
000000a6
ffffff8c
00000076
00000372
000003e0
000003f6
00000428
000002ee
000002b6
00000094
fffffdfa
fffffe54
ffffff56
fffffe1a
fffffbf8
fffff974
fffffa96
fffffad0
fffffbd4
fffffe3c
ffffffa8
00000136
00000262
000002f2
00000264
0000028c
000002a0
000002a0
000002a0
000002a0
000002a0
00000270
000001e8
00000180
000001c0
00000266
0000026a
000002b0
000002a0
000002a0
00000012
ffffff8f
fffffe50
fffffe9d
ffffff88
ffffffed
ffffffed
ffffffed
ffffffed
ffffffed
ffffffed
ffffffed
ffffffed
ffffffed
ffffffed
ffffffed
ffffffed
ffffffed
ffffffed
ffffffed
ffffffcd
ffffff6b
ffffffb1
fffffff5
00000033
ffffffff
ffffff57
fffffe9b
fffffd41
fffffce9
fffffd1b
fffffcfb
fffffcb7
fffffd45
fffffdbf
ffffff11
ffffff45
0000006d
00000105
00000139
0000014d
00000169
00000305
000002db
0000026f
0000020f
00000143
00000043
ffffffc1
00000023
ffffffed
ffffffed
ffffffed
ffffffed
ffffffed
00000013
00000039
0000000f
fffffff9
ffffffe7
0000001f
00000029
ffffffed
ffffffed
00000100
00000167
fffffe2c
fffffdb7
fffffd89
fffffd97
fffffd97
fffffd97
fffffd97
fffffd97
fffffd97
fffffd97
fffffd97
fffffd97
fffffd97
fffffd97
fffffd97
fffffd97
fffffd97
fffffd97
fffffde5
fffffe99
0000001b
00000235
0000004d
ffffff07
0000002f
fffffffb
000000d1
00000099
0000003b
ffffff27
fffffefb
000000db
ffffff6b
fffffdff
fffffedf
00000047
fffffe3b
fffffcf9
fffffe63
fffffe57
fffffd4b
fffffd01
fffffd8b
fffffdbb
fffffd17
fffffcef
fffffd41
fffffd4b
fffffd97
fffffd97
fffffd97
fffffd97
fffffd97
fffffd9d
fffffda5
fffffdc7
fffffe31
fffffdb1
fffffd5f
fffffd5f
fffffd97
fffffd97
fffffe55
fffffe62
fffffbc9
fffffbb0
fffffbe4
fffffc0b
fffffc0b
fffffc0b
fffffc0b
fffffc0b
fffffc0b
fffffc0b
fffffc0b
fffffc0b
fffffc0b
fffffc0b
fffffc0b
fffffc0b
fffffc0b
fffffc0b
fffffbd3
fffffbc7
fffffd3f
0000009b
0000052f
000005b3
000002c7
ffffffd3
fffffe1b
fffffc07
fffffbe1
fffffcb9
fffffda5
fffffe93
fffffedf
0000006d
fffffeed
fffffad9
fffffc43
fffffdb5
fffffe0b
fffffd03
fffffbe7
fffffc65
fffffcb1
fffffbe1
fffffb89
fffffb4f
fffffbb3
fffffba3
fffffc0b
fffffc0b
fffffc0b
fffffc0b
fffffc0b
fffffbb1
fffffbb9
fffffc5b
fffffb93
fffffaf7
fffffb57
fffffbdb
fffffc0b
fffffc0b
fffffd37
ffffff1a
fffffdd8
00000045
000001ed
00000177
00000177
00000177
00000177
00000177
00000177
00000177
00000177
00000177
00000177
00000177
00000177
00000177
00000177
00000177
000001c7
00000191
00000123
000001df
00000429
00000743
000006bd
00000277
0000016f
00000177
ffffffa3
ffffff15
fffffa51
fffff86b
fffff74f
fffffa5b
ffffff8f
00000285
00000351
00000539
00000147
fffffe1b
fffffe2d
fffffc15
fffffc67
fffffe05
000000f7
00000223
0000025d
00000213
00000177
00000177
00000177
00000177
00000177
000000f9
00000007
00000127
00000213
000001a5
000001a9
00000205
00000177
00000177
000003ee
00000464
fffffeb8
ffffff1e
fffffed9
fffffe7e
fffffe7e
fffffe7e
fffffe7e
fffffe7e
fffffe7e
fffffe7e
fffffe7e
fffffe7e
fffffe7e
fffffe7e
fffffe7e
fffffe7e
fffffe7e
fffffe7e
ffffff7c
0000020e
0000037a
00000514
0000022a
fffffec6
fffffd96
fffffc10
fffffc52
fffffc7e
fffffd48
ffffff42
fffffeee
fffffe9c
fffffcf6
fffffc48
fffffeb0
fffffdfa
fffffc7a
fffffae0
fffff854
fffffb0c
ffffff44
000001f4
0000055e
00000724
00000626
00000346
00000160
00000002
fffffe7e
fffffe7e
fffffe7e
fffffe7e
fffffe7e
fffffe16
fffffe10
fffffe8e
fffffea6
ffffff12
ffffffe6
ffffff9a
fffffe7e
fffffe7e
00000057
0000005b
00000185
000001ea
00000217
00000310
00000310
00000310
00000310
00000310
00000310
00000310
00000310
00000310
00000310
00000310
00000310
00000310
00000310
00000310
00000262
0000017c
000000fe
000000d6
00000068
fffffed4
ffffff4a
ffffffe8
ffffffdc
0000002a
000000a0
0000011e
000001a0
000002e6
000001e0
ffffffd8
fffffe20
00000022
000001d2
00000060
000000a6
00000350
000004b4
000005de
0000063c
0000073c
00000590
00000424
000003ee
0000035a
00000310
00000310
00000310
00000310
00000310
00000320
000002ce
0000031c
000002e0
00000330
000003b2
0000032e
00000310
00000310
00000217
000001e6
ffffff15
ffffff64
fffffe0b
fffffff8
fffffff8
fffffff8
fffffff8
fffffff8
fffffff8
fffffff8
fffffff8
fffffff8
fffffff8
fffffff8
fffffff8
fffffff8
fffffff8
fffffff8
00000048
0000009a
fffffe64
ffffffe8
00000372
00000290
00000248
00000218
000001e2
00000192
00000138
00000274
000001ec
000001e4
0000047e
0000038a
fffffd8e
fffffef6
0000035a
000001fc
ffffff76
ffffff4c
fffffda4
fffffba6
fffffb10
fffffc5e
fffffd1e
fffffdb4
00000000
ffffffe0
fffffff8
fffffff8
fffffff8
fffffff8
fffffff8
00000022
0000008c
fffffffc
fffffedc
fffffe98
ffffff9c
ffffffe8
fffffff8
fffffff8
00000055
0000004e
fffffe4e
fffffecf
fffffefa
fffffef4
fffffef4
fffffef4
fffffef4
fffffef4
fffffef4
fffffef4
fffffef4
fffffef4
fffffef4
fffffef4
fffffef4
fffffef4
fffffef4
fffffef4
fffffece
fffffe64
ffffff10
ffffffa0
ffffff42
fffffea4
ffffff26
00000116
00000162
00000022
fffffdd8
fffffd3c
fffffd26
fffffdac
fffffcb0
fffffaf4
ffffface
ffffff6a
0000020c
000000e4
ffffffb8
ffffff82
ffffffc2
fffffd96
fffffc68
fffffc14
fffffc42
fffffcf0
fffffdec
fffffe96
fffffef4
fffffef4
fffffef4
fffffef4
fffffef4
ffffff28
ffffff0a
fffffe20
fffffdc4
fffffdb4
fffffe32
fffffeb4
fffffef4
fffffef4
00000026
0000009c
fffffebd
fffffef1
000000c5
00000262
00000262
00000262
00000262
00000262
00000262
00000262
00000262
00000262
00000262
00000262
00000262
00000262
00000262
00000262
000001ae
00000086
0000018c
00000426
00000506
00000150
00000028
ffffff38
fffffe4a
fffffd98
fffffdcc
fffffd30
fffffcac
fffffde6
fffffeb6
fffffd4c
fffffe6a
0000015e
00000022
000000f6
0000024e
000002c0
000002a2
00000270
00000422
000003a8
000002b4
000001b0
000001f2
000002b6
00000262
00000262
00000262
00000262
00000262
000002d0
0000021c
00000130
0000028e
00000216
000002b2
000002aa
00000262
00000262
000003cc
00000359
fffffe48
fffffebc
fffffe8d
fffffde0
fffffde0
fffffde0
fffffde0
fffffde0
fffffde0
fffffde0
fffffde0
fffffde0
fffffde0
fffffde0
fffffde0
fffffde0
fffffde0
fffffde0
fffffe54
fffffee6
fffffdbc
fffffc2a
fffffc70
ffffff58
00000016
ffffff6c
000000a0
00000292
00000290
000001be
0000009e
ffffffc4
0000011a
000002b8
000001e2
fffffeb8
fffffdce
00000352
00000230
ffffff18
fffffc9e
fffffca8
fffffca8
fffffaf0
fffffaca
fffffb0a
fffffc10
fffffd54
fffffde0
fffffde0
fffffde0
fffffde0
fffffde0
fffffe64
ffffff1e
ffffff18
fffffeac
fffffd30
fffffd0e
fffffd64
fffffde0
fffffde0
fffffe36
fffffddf
fffffe6a
fffffe33
fffffe11
ffffffc2
ffffffc2
ffffffc2
ffffffc2
ffffffc2
ffffffc2
ffffffc2
ffffffc2
ffffffc2
ffffffc2
ffffffc2
ffffffc2
ffffffc2
ffffffc2
ffffffc2
000000c0
000002ba
000002ea
000000a6
fffffe48
fffffd78
fffffe46
fffffe84
fffffdd2
fffffd04
fffffd14
fffffed4
ffffff1a
fffffcf2
fffffc38
fffffcd0
fffffd8a
fffffee6
ffffffc6
000001bc
00000206
0000028a
00000260
00000264
0000013c
00000020
00000064
0000003c
00000042
00000020
ffffffc2
ffffffc2
ffffffc2
ffffffc2
ffffffc2
ffffff76
ffffff64
ffffffd2
ffffffd0
ffffffe4
0000000a
fffffffa
ffffffc2
ffffffc2
000000cc
0000010b
ffffff07
ffffff91
000000e8
000001a1
000001a1
000001a1
000001a1
000001a1
000001a1
000001a1
000001a1
000001a1
000001a1
000001a1
000001a1
000001a1
000001a1
000001a1
00000197
000001a7
00000329
000002ff
000001e9
ffffffa1
ffffffe1
ffffffcd
00000149
00000313
000003b3
000002ef
000001b5
000001b1
00000187
00000375
000004f1
00000349
0000036f
0000054d
00000707
0000059b
00000515
000005f7
00000409
000001dd
000000a1
000000a5
000000eb
00000131
000001a1
000001a1
000001a1
000001a1
000001a1
000000e1
0000006b
000001c5
00000275
000001a7
0000013f
00000151
000001a1
000001a1
000000d9
000001b3
fffffdc9
fffffce3
fffffd5d
fffffde8
fffffde8
fffffde8
fffffde8
fffffde8
fffffde8
fffffde8
fffffde8
fffffde8
fffffde8
fffffde8
fffffde8
fffffde8
fffffde8
fffffde8
fffffdf0
fffffe74
fffffede
fffffdfa
fffffdec
fffffea8
fffffebe
fffffd8c
fffffd6e
fffffd7c
fffffe06
fffffe42
fffffee2
ffffffc8
ffffff52
0000000a
ffffffda
fffffbc4
fffffba2
fffffe94
fffffeb8
fffffd7a
fffffaee
fffffc34
fffffc5e
fffffc02
fffffb3a
fffffc7a
fffffd9e
fffffdec
fffffde8
fffffde8
fffffde8
fffffde8
fffffde8
fffffda4
fffffd78
fffffe5e
fffffe20
fffffdb0
fffffde4
fffffdf6
fffffde8
fffffde8
fffffd35
fffffe4a
000000c6
0000018d
000003c0
00000447
00000447
00000447
00000447
00000447
00000447
00000447
00000447
00000447
00000447
00000447
00000447
00000447
00000447
00000447
0000046f
000004e3
00000389
000001f3
00000179
00000041
ffffffa3
0000011b
00000247
000001d5
fffffffd
ffffff11
fffffe99
fffffd5d
fffffbc7
fffffa9f
fffffcb3
fffffd8d
fffffee1
fffffc91
fffffb99
fffffc3f
fffffe7f
00000101
000003a5
000004bd
000004f7
00000527
0000053b
0000050b
00000447
00000447
00000447
00000447
00000447
000003ff
0000032d
000002dd
000002fb
0000043f
00000531
000004c7
00000447
00000447
00000465
00000457
00000094
00000129
0000006f
fffffed6
fffffed6
fffffed6
fffffed6
fffffed6
fffffed6
fffffed6
fffffed6
fffffed6
fffffed6
fffffed6
fffffed6
fffffed6
fffffed6
fffffed6
fffffec2
ffffff2c
fffffde8
fffffbfe
fffffcde
ffffffca
fffffffa
ffffffc4
000000ba
0000017a
000001f2
0000023a
00000360
00000178
000000b6
00000340
00000284
0000000c
fffffffa
ffffffae
fffffeea
fffffcce
fffffc96
fffffc86
fffffbde
fffffc0c
fffffda0
fffffeb6
fffffe98
fffffe94
fffffed6
fffffed6
fffffed6
fffffed6
fffffed6
fffffef2
ffffff64
ffffff08
fffffe9a
fffffe82
fffffe3c
fffffec8
fffffed6
fffffed6
fffffe2c
fffffeb7
0000003f
ffffff8d
fffffef0
ffffff3d
ffffff3d
ffffff3d
ffffff3d
ffffff3d
ffffff3d
ffffff3d
ffffff3d
ffffff3d
ffffff3d
ffffff3d
ffffff3d
ffffff3d
ffffff3d
ffffff3d
fffffeb5
fffffe09
00000045
000003f3
0000082d
0000075d
000003fb
ffffff87
fffffe2b
fffffcdd
fffffdfb
ffffff57
00000003
0000003f
00000293
0000034d
00000221
000000e9
ffffff13
ffffffb9
000000d7
fffffef3
fffffd93
fffffef7
ffffff9d
ffffff93
ffffff7b
ffffff51
ffffff51
fffffeed
ffffff3d
ffffff3d
ffffff3d
ffffff3d
ffffff3d
ffffff6b
ffffff5b
fffffef5
ffffff07
ffffff23
fffffee1
ffffff09
ffffff3d
ffffff3d
ffffff42
ffffff51
00000380
0000036a
00000078
00000033
00000033
00000033
00000033
00000033
00000033
00000033
00000033
00000033
00000033
00000033
00000033
00000033
00000033
00000033
0000008b
ffffffdd
fffffec3
000001c7
000001b7
fffffff3
fffffee1
fffffee9
ffffff59
fffffe93
ffffff01
ffffffc5
fffffd65
fffffcc9
fffffeab
fffffe99
ffffff0f
000001a3
fffffebb
fffffa07
fffff87b
fffffbf9
fffffd0f
ffffff2b
000001a9
00000285
00000277
000001f7
00000241
00000121
00000033
00000033
00000033
00000033
00000033
0000005b
00000095
fffffec9
fffffe4b
fffffffb
0000014f
000000d1
00000033
00000033
fffffff0
fffffdd0
00000120
0000008e
00000032
0000004e
0000004e
0000004e
0000004e
0000004e
0000004e
0000004e
0000004e
0000004e
0000004e
0000004e
0000004e
0000004e
0000004e
0000004e
00000000
fffffe10
fffffe08
fffffebc
ffffff96
0000001c
0000005c
ffffffd8
fffffef4
ffffff10
fffffeb0
fffffc56
fffffb4e
fffffcf8
fffffdcc
ffffff4a
fffffecc
fffffe64
ffffff1a
00000028
000001cc
00000266
000002dc
0000023a
00000198
00000142
000000ca
00000020
00000000
ffffffc6
0000004e
0000004e
0000004e
0000004e
0000004e
ffffffce
ffffffb2
fffffff0
fffffff6
fffffffe
ffffffce
fffffffe
0000004e
0000004e
fffffeef
fffffef2
00000038
00000017
000000de
000001a6
000001a6
000001a6
000001a6
000001a6
000001a6
000001a6
000001a6
000001a6
000001a6
000001a6
000001a6
000001a6
000001a6
000001a6
0000021e
00000334
00000428
000002f4
00000244
0000008e
00000096
000000b0
0000020e
00000326
00000328
00000116
00000036
fffffeda
fffffe22
ffffff26
000000d8
ffffff54
000000b4
00000068
00000194
00000002
fffffcd8
fffffe2a
fffffd20
fffffd38
fffffd22
ffffff4c
0000012a
000001b4
000001a6
000001a6
000001a6
000001a6
000001a6
000000f4
00000088
000001c2
0000020e
000002cc
00000244
0000015e
000001a6
000001a6
0000010b
000001f4
fffffe4d
ffffff3a
00000022
00000040
00000040
00000040
00000040
00000040
00000040
00000040
00000040
00000040
00000040
00000040
00000040
00000040
00000040
00000040
ffffff50
fffffc36
fffffb0e
fffffc38
0000004c
0000040a
000004fc
00000162
fffffe88
fffffca6
fffffb9a
fffff9ce
fffffa3e
fffffe2a
00000016
0000035a
00000438
0000020e
000002a0
000003e4
00000460
0000042e
0000025e
000000e2
fffffff6
ffffffa8
ffffff0c
ffffff80
0000011a
000000f0
00000040
00000040
00000040
00000040
00000040
00000098
000000dc
00000090
ffffff3e
ffffff42
000000ae
000000c8
00000040
00000040
00000062
00000185
fffffc93
fffffc8e
fffffda2
fffffe47
fffffe47
fffffe47
fffffe47
fffffe47
fffffe47
fffffe47
fffffe47
fffffe47
fffffe47
fffffe47
fffffe47
fffffe47
fffffe47
fffffe47
fffffe2d
fffffe57
fffffdcf
fffffceb
fffffd79
00000069
0000032f
0000036d
000003b5
000003ab
0000023d
0000011f
000001a1
000000d9
00000017
fffffedd
fffffe01
ffffff1f
0000024f
000005a9
00000643
0000040f
00000211
fffffe61
fffffabd
fffff7fb
fffff84f
fffffb21
fffffdbb
fffffe7f
fffffe47
fffffe47
fffffe47
fffffe47
fffffe47
fffffe6b
fffffe51
fffffe03
fffffdfb
fffffdcb
fffffe03
fffffe6f
fffffe47
fffffe47
ffffff0c
00000058
00000091
ffffffdc
ffffff86
00000105
00000105
00000105
00000105
00000105
00000105
00000105
00000105
00000105
00000105
00000105
00000105
00000105
00000105
00000105
000001fb
0000046d
00000337
00000235
00000377
00000285
0000035b
00000143
00000207
00000199
000001ef
00000213
000000c7
fffffa91
fffffa9f
fffffd0f
fffffe5f
fffffc71
00000133
fffffc45
ffffff61
00000011
fffffe6b
fffffeb1
fffffd7f
0000004d
ffffff8f
00000053
0000003d
0000003d
00000105
00000105
00000105
00000105
00000105
00000055
00000085
00000285
000000d9
000001b3
000000d9
00000053
00000105
00000105
0000008e
0000033f
00000213
000002ab
00000171
00000302
00000302
00000302
00000302
00000302
00000302
00000302
00000302
00000302
00000302
00000302
00000302
00000302
00000302
00000302
0000037e
0000041e
000004c6
00000546
00000504
ffffff0a
fffffb06
fffffb2a
fffffb18
fffffc8c
fffffd0a
fffffecc
ffffffd8
000000b2
000000ea
fffffffc
fffffefe
fffffe1c
ffffffac
fffffb8a
fffffc0a
0000026a
00000398
00000576
00000872
00000a1c
00000846
00000502
00000484
0000030a
00000302
00000302
00000302
00000302
00000302
000002aa
00000288
00000364
00000308
000003e4
0000046e
000002a0
00000302
00000302
0000027f
000001eb
fffffe88
fffffff5
000000b5
000001c6
000001c6
000001c6
000001c6
000001c6
000001c6
000001c6
000001c6
000001c6
000001c6
000001c6
000001c6
000001c6
000001c6
000001c6
0000021a
0000030c
00000306
000001ee
00000182
ffffff7c
fffffd24
fffffcd8
fffffc4c
fffffcdc
fffffc40
fffffe36
000001ca
000001f0
00000116
fffffe4e
fffffdca
fffffe4e
00000280
000001e6
000001a4
000003bc
000003b2
00000392
00000264
000002b8
0000034c
000002ae
0000029c
000001cc
000001c6
000001c6
000001c6
000001c6
000001c6
0000019e
000001be
000001f8
000001bc
0000024e
0000026c
000001a6
000001c6
000001c6
00000242
0000038a
fffffe56
fffffbb5
fffffc13
fffffc28
fffffc28
fffffc28
fffffc28
fffffc28
fffffc28
fffffc28
fffffc28
fffffc28
fffffc28
fffffc28
fffffc28
fffffc28
fffffc28
fffffc28
fffffb4e
fffff900
fffff920
fffffd42
000001a0
000004da
0000045c
00000396
00000336
0000036a
00000250
ffffff26
fffffc78
fffffdaa
ffffffa6
fffffee6
00000044
000001f0
fffffcec
fffffd3c
ffffff22
fffffe6e
fffffd1a
fffffd22
ffffffda
ffffff4c
fffffd9c
fffffd1c
fffffcb4
fffffc78
fffffc28
fffffc28
fffffc28
fffffc28
fffffc28
fffffc26
fffffc20
fffffbf6
fffffce2
fffffc76
fffffc54
fffffc86
fffffc28
fffffc28
fffffc57
fffffc06
00000041
ffffffd9
ffffff66
fffffead
fffffead
fffffead
fffffead
fffffead
fffffead
fffffead
fffffead
fffffead
fffffead
fffffead
fffffead
fffffead
fffffead
fffffead
fffffe9d
fffffe63
fffffe83
fffffd1d
fffffb39
fffffa2d
fffff9c7
fffff919
fffff9f3
fffffc47
fffffdc7
fffffd1f
fffffbf5
fffffb33
fffffbe9
fffffcaf
fffffd6b
ffffff11
000000d1
000000b9
0000003f
00000175
00000441
0000031d
000000e7
ffffff99
000000cd
0000011b
ffffffb7
fffffeed
fffffead
fffffead
fffffead
fffffead
fffffead
fffffe2f
fffffd2f
fffffcff
fffffe13
ffffff37
ffffff4d
fffffeef
fffffead
fffffead
fffffe1c
fffffddf
00000329
0000025f
0000013b
000001fb
000001fb
000001fb
000001fb
000001fb
000001fb
000001fb
000001fb
000001fb
000001fb
000001fb
000001fb
000001fb
000001fb
000001fb
00000225
000001bf
0000024f
000003f7
00000467
000002d3
0000015f
00000009
00000101
000001ef
00000253
00000223
00000203
000003a7
000005f7
000006a5
000007df
000003eb
0000020b
fffffe61
fffffe7f
000001d1
000000a7
00000257
000001e1
0000025f
0000026f
000002d3
00000299
000001d5
000001fb
000001fb
000001fb
000001fb
000001fb
00000039
fffffd4f
fffffe8d
0000004f
0000028d
000002c5
000001a5
000001fb
000001fb
ffffffd6
ffffff85
00000561
000003cb
000001f6
00000121
00000121
00000121
00000121
00000121
00000121
00000121
00000121
00000121
00000121
00000121
00000121
00000121
00000121
00000121
000000fb
00000041
000001c5
00000231
000000bf
fffffe95
fffffd7f
fffffc51
fffffba1
fffffd67
ffffffb7
ffffff75
fffffe15
000000cd
00000387
00000477
0000066b
000005b9
fffffa7b
fffff7d1
fffff85b
fffffca9
ffffff41
0000018b
0000059f
000007a3
000008ef
0000054b
000002a9
000001b5
00000121
00000121
00000121
00000121
00000121
00000083
ffffff9d
ffffff57
0000029f
0000026d
000001eb
0000015b
00000121
00000121
ffffffe8
fffffb13
fffffeb8
ffffffef
0000004a
fffffff1
fffffff1
fffffff1
fffffff1
fffffff1
fffffff1
fffffff1
fffffff1
fffffff1
fffffff1
fffffff1
fffffff1
fffffff1
fffffff1
fffffff1
ffffff9d
ffffff1f
ffffff81
000000c7
000001ab
000002d3
000001e9
000001cd
000001e7
00000139
00000111
00000197
00000287
00000335
000002f7
00000255
000000b5
000000c7
000001c5
0000014f
fffffcdf
fffffbe3
fffffd13
fffffd25
fffffcf1
fffffce7
ffffff3f
0000004d
00000087
ffffffe7
fffffff1
fffffff1
fffffff1
fffffff1
fffffff1
00000021
00000033
ffffff91
ffffff8b
ffffffa3
0000001f
fffffff7
fffffff1
fffffff1
000000d5
0000010b
000000ac
000000f8
00000075
00000030
00000030
00000030
00000030
00000030
00000030
00000030
00000030
00000030
00000030
00000030
00000030
00000030
00000030
00000030
0000004a
00000034
00000072
ffffff2c
fffffdb6
fffffc9a
fffffaee
fffffaca
fffffbb4
fffffd24
fffffca0
fffffb54
fffffbe6
00000016
00000160
00000204
0000027a
00000106
00000098
0000006e
00000218
00000584
000007de
00000874
0000091c
00000768
00000488
0000004e
ffffff22
ffffffb2
00000030
00000030
00000030
00000030
00000030
fffffffa
0000006c
000000d6
000000de
00000070
ffffffee
ffffffb4
00000030
00000030
000000aa
ffffffe1
00000074
ffffff8d
ffffff61
ffffff64
ffffff64
ffffff64
ffffff64
ffffff64
ffffff64
ffffff64
ffffff64
ffffff64
ffffff64
ffffff64
ffffff64
ffffff64
ffffff64
ffffff64
fffffebe
fffffd2e
fffffb74
fffffc52
fffffd94
fffffe76
ffffff70
fffffe68
fffffd98
fffffcbe
fffffcf2
fffffe36
fffffdb8
fffffe5a
00000032
0000003a
fffffeec
ffffffcc
ffffff68
fffffda8
fffffd4a
fffffcbc
fffffc88
fffffc3c
fffffca4
fffffdf4
fffffecc
ffffffb0
ffffffc6
ffffff6c
ffffff64
ffffff64
ffffff64
ffffff64
ffffff64
ffffff52
ffffff36
fffffebc
fffffef4
ffffff56
ffffff64
ffffff6c
ffffff64
ffffff64
ffffffbf
ffffff86
00000081
ffffff96
0000026d
00000116
00000116
00000116
00000116
00000116
00000116
00000116
00000116
00000116
00000116
00000116
00000116
00000116
00000116
00000116
00000176
00000206
00000168
00000056
ffffff70
ffffffcc
00000172
ffffff96
fffffff6
ffffff60
ffffff06
fffffd8e
fffffdae
ffffff26
ffffff5a
fffffede
000000a4
00000102
fffffece
000000a0
00000364
ffffffe6
00000030
ffffff4c
ffffff78
fffffee0
fffffe50
0000003e
00000052
00000082
00000116
00000116
00000116
00000116
00000116
00000140
00000144
000000ea
00000188
00000140
00000076
00000112
00000116
00000116
00000117
00000117
00000002
fffffdf7
fffffdee
ffffff46
ffffff46
ffffff46
ffffff46
ffffff46
ffffff46
ffffff46
ffffff46
ffffff46
ffffff46
ffffff46
ffffff46
ffffff46
ffffff46
ffffff46
fffffefa
fffffe44
ffffff68
00000122
000001d4
ffffff74
0000025a
00000344
00000194
0000008c
ffffffd2
ffffff58
fffffea0
ffffff18
00000020
fffffdba
fffffd90
0000013a
fffffe60
fffffc58
00000102
0000011c
ffffff4e
fffffe50
fffffd50
fffffdd0
fffffd4a
fffffe78
ffffff82
fffffeb0
ffffff46
ffffff46
ffffff46
ffffff46
ffffff46
ffffff44
fffffe9c
fffffdf8
fffffede
fffffff2
ffffff90
fffffed2
ffffff46
ffffff46
ffffff56
00000015
0000019e
00000137
ffffff31
fffffff7
fffffff7
fffffff7
fffffff7
fffffff7
fffffff7
fffffff7
fffffff7
fffffff7
fffffff7
fffffff7
fffffff7
fffffff7
fffffff7
fffffff7
ffffffc9
ffffffc3
fffffcf5
fffffe77
000002bb
ffffff8f
fffffe25
fffffd6f
fffffe75
fffffcd7
fffffdd1
fffffe51
fffffd4b
fffffb39
ffffff45
fffffe7b
fffffaeb
fffffd93
000002f3
fffffb53
fffffa81
fffffe3f
fffffee5
ffffffcb
ffffff3d
0000027f
000001b1
00000059
00000103
fffffff5
fffffff7
fffffff7
fffffff7
fffffff7
fffffff7
0000004b
000000d9
ffffff8f
fffffe89
00000015
000000e7
ffffffb1
fffffff7
fffffff7
ffffff16
00000063
ffffff2b
00000047
fffffe96
ffffff6b
ffffff6b
ffffff6b
ffffff6b
ffffff6b
ffffff6b
ffffff6b
ffffff6b
ffffff6b
ffffff6b
ffffff6b
ffffff6b
ffffff6b
ffffff6b
ffffff6b
ffffff29
ffffff4d
000000dd
fffffeff
ffffff21
0000000b
ffffffb3
00000019
ffffff41
00000069
000000bf
00000081
000000b7
000001e7
fffffe4b
00000039
00000029
fffffbfb
fffffbc1
ffffff21
fffffe09
0000004b
ffffff93
000001ff
0000019b
0000018d
00000193
fffffebf
ffffff5f
ffffff6b
ffffff6b
ffffff6b
ffffff6b
ffffff6b
ffffff6b
ffffff1b
fffffee7
00000025
00000075
ffffff15
ffffff79
ffffff3f
ffffff6b
ffffff6b
fffffdfb
fffffe13
00000328
00000332
000002f0
000002a3
000002a3
000002a3
000002a3
000002a3
000002a3
000002a3
000002a3
000002a3
000002a3
000002a3
000002a3
000002a3
000002a3
000002a3
0000028b
00000213
000001c1
000000c3
fffffe29
fffffdad
fffffeeb
00000093
0000012f
000001b5
00000245
0000010d
00000011
00000197
00000309
000003dd
00000407
000003d3
00000327
000002f3
0000031b
00000435
000004b9
00000531
0000040d
00000293
0000022d
00000227
0000023b
0000029f
000002a3
000002a3
000002a3
000002a3
000002a3
000002a5
0000028b
0000025b
00000265
00000267
00000281
00000295
000002a3
000002a3
00000108
ffffff2e
fffffe97
fffffe0d
fffffe95
ffffff91
ffffff91
ffffff91
ffffff91
ffffff91
ffffff91
ffffff91
ffffff91
ffffff91
ffffff91
ffffff91
ffffff91
ffffff91
ffffff91
ffffff91
ffffff29
ffffff8d
ffffffd9
00000183
000003e5
00000487
0000042b
0000019d
000000fd
000001d9
00000321
00000503
000004c1
000002c3
0000006d
0000004b
00000183
ffffffa1
fffffca1
ffffff07
ffffffc7
fffffdbf
fffffd0f
0000002b
00000265
0000013b
00000135
00000129
000000bf
ffffffa5
ffffff91
ffffff91
ffffff91
ffffff91
ffffff91
ffffff27
fffffe1f
fffffe2f
ffffffd9
00000023
ffffffd1
ffffff85
ffffff91
ffffff91
ffffff12
fffffe57
fffffd63
fffffd21
fffffdd8
fffffead
fffffead
fffffead
fffffead
fffffead
fffffead
fffffead
fffffead
fffffead
fffffead
fffffead
fffffead
fffffead
fffffead
fffffead
fffffe13
fffffd01
fffffd99
ffffffcf
000001d1
00000351
0000038b
000001e3
00000025
fffffeef
fffffe21
fffffff9
fffffe9b
fffffc51
fffffaa9
fffff7fb
fffff883
0000020f
000000ef
00000025
fffffeed
fffffd2b
fffffb03
fffff883
fffff907
fffffadf
fffffc13
fffffe5f
fffffeef
fffffdcd
fffffead
fffffead
fffffead
fffffead
fffffead
ffffff7f
ffffff9d
fffffd53
fffffd95
fffffd4f
fffffd83
fffffe27
fffffead
fffffead
000002b5
00000260
00000246
00000246
000001d8
0000021b
0000021b
0000021b
0000021b
0000021b
0000021b
0000021b
0000021b
0000021b
0000021b
0000021b
0000021b
0000021b
0000021b
0000021b
00000137
fffffec1
ffffff6b
00000279
00000575
000005e7
00000487
000001af
000000c1
ffffffdb
00000001
fffffeb1
fffffcdb
ffffff69
000002b1
00000351
0000023f
0000025b
00000355
00000249
00000015
ffffff41
ffffff0d
fffffeed
ffffff65
000000f7
000001f7
000001f5
000001e9
00000237
0000021b
0000021b
0000021b
0000021b
0000021b
00000287
000002a7
00000201
0000018d
000001a5
0000020f
0000023d
0000021b
0000021b
00000146
000000c7
ffffffac
00000006
0000002b
ffffffc1
ffffffc1
ffffffc1
ffffffc1
ffffffc1
ffffffc1
ffffffc1
ffffffc1
ffffffc1
ffffffc1
ffffffc1
ffffffc1
ffffffc1
ffffffc1
ffffffc1
ffffffa3
00000009
ffffffa3
fffffd0d
fffffbb3
fffffee1
000001b9
000003eb
00000255
0000013b
00000107
0000015d
000001fd
ffffff3d
fffffd39
00000069
0000034f
00000261
000000b9
00000163
000001e5
000003db
0000045d
00000439
00000317
00000159
00000105
000002a1
0000026d
00000137
ffffffc1
ffffffc1
ffffffc1
ffffffc1
ffffffc1
ffffff8d
ffffffef
000000d9
00000109
00000165
0000017d
00000077
ffffffc1
ffffffc1
ffffff59
ffffff6d
fffffed7
fffffe76
fffffe3b
fffffd17
fffffd17
fffffd17
fffffd17
fffffd17
fffffd17
fffffd17
fffffd17
fffffd17
fffffd17
fffffd17
fffffd17
fffffd17
fffffd17
fffffd17
fffffccf
fffffe63
00000079
ffffff8b
fffffddb
fffffc93
fffffbe3
fffffc1f
fffffd4f
fffffe69
ffffffeb
00000143
000005d1
000005e9
0000047b
00000299
00000175
fffffb69
fffffbf5
fffffbb1
fffffc9d
fffffeed
00000277
00000515
000004e1
0000039b
00000163
fffffef7
fffffe43
fffffdeb
fffffd17
fffffd17
fffffd17
fffffd17
fffffd17
fffffccb
fffffc8d
fffffd87
fffffcf1
fffffcb7
fffffd75
fffffdd5
fffffd17
fffffd17
fffffac6
fffffd2d
000000ae
000000af
000000c9
0000009e
0000009e
0000009e
0000009e
0000009e
0000009e
0000009e
0000009e
0000009e
0000009e
0000009e
0000009e
0000009e
0000009e
0000009e
00000054
ffffffbe
ffffffd6
ffffffd8
00000014
000000d6
00000074
fffffee6
fffffc90
fffffb62
fffffbba
fffffc0e
fffffc82
fffffd9a
ffffffde
00000170
000000ee
0000007a
00000094
000000c2
0000014c
000002e0
000003a4
0000032c
000002f6
00000270
000001ac
00000120
00000074
00000060
0000009e
0000009e
0000009e
0000009e
0000009e
000000c8
000000d6
00000086
0000001e
0000002e
00000040
00000070
0000009e
0000009e
fffffff3
ffffffbd
ffffffce
ffffff26
fffffdfc
fffffdab
fffffdab
fffffdab
fffffdab
fffffdab
fffffdab
fffffdab
fffffdab
fffffdab
fffffdab
fffffdab
fffffdab
fffffdab
fffffdab
fffffdab
fffffda3
fffffca7
fffffa63
fffffc53
fffffe73
ffffff21
00000099
000003b9
0000042b
0000064d
000006fb
0000081d
000002b9
fffffe4f
fffffd77
fffffc79
fffffbfb
fffffc67
fffffeef
fffffe2d
fffffd53
fffffd71
fffffce3
fffffb8b
fffffbab
fffffd5b
ffffff6d
ffffffb1
fffffe01
fffffd5f
fffffdab
fffffdab
fffffdab
fffffdab
fffffdab
fffffcaf
fffffc3d
fffffe27
fffffead
ffffff1b
fffffdf9
fffffd45
fffffdab
fffffdab
fffffd94
fffffdbb
00000083
ffffffe1
00000288
00000373
00000373
00000373
00000373
00000373
00000373
00000373
00000373
00000373
00000373
00000373
00000373
00000373
00000373
00000373
00000329
000003b3
00000393
000003d3
000002df
000000ab
ffffff55
ffffff3f
fffffffd
00000097
000000eb
000000d5
000002f9
00000465
000004e7
00000203
00000131
fffffff1
00000239
0000022d
00000363
00000123
fffffffd
ffffffdf
00000015
0000005b
000001c3
000002df
000002c7
000002e9
00000373
00000373
00000373
00000373
00000373
00000349
0000034f
00000361
00000445
00000497
00000327
000002ff
00000373
00000373
00000287
000002b4
0000000b
000000ce
000000f5
0000007c
0000007c
0000007c
0000007c
0000007c
0000007c
0000007c
0000007c
0000007c
0000007c
0000007c
0000007c
0000007c
0000007c
0000007c
00000114
00000164
000001e8
00000172
fffffeb2
fffffc48
fffffc10
fffffcc8
fffffc14
fffffd9e
fffffe42
fffffe02
fffffc1a
fffffbb0
fffffbda
fffffcc2
fffffd50
fffffe3c
fffffe7a
00000070
000000c8
0000009a
00000288
000002be
00000228
00000156
000000f0
ffffff6e
ffffff7a
00000052
0000007c
0000007c
0000007c
0000007c
0000007c
000000c0
000000c4
000000ca
00000012
ffffff08
ffffffb0
00000092
0000007c
0000007c
0000004c
ffffff7e
0000015a
000001c6
00000244
0000029a
0000029a
0000029a
0000029a
0000029a
0000029a
0000029a
0000029a
0000029a
0000029a
0000029a
0000029a
0000029a
0000029a
0000029a
00000264
0000025a
000003b2
000003c0
000002c0
00000212
00000154
000000a2
00000026
ffffff42
fffffe28
fffffe42
ffffff94
000002d8
000004da
00000420
000004d2
00000660
0000040c
00000168
000001b6
00000270
00000186
0000010a
00000112
000001f8
00000248
000001e2
000001a8
00000222
0000029a
0000029a
0000029a
0000029a
0000029a
000002de
000002cc
000002a2
00000362
0000034c
0000026c
00000228
0000029a
0000029a
0000038f
000002ec
000000e8
0000000b
ffffff5a
ffffff91
ffffff91
ffffff91
ffffff91
ffffff91
ffffff91
ffffff91
ffffff91
ffffff91
ffffff91
ffffff91
ffffff91
ffffff91
ffffff91
ffffff91
ffffffb1
ffffffb9
fffffef9
fffffe13
fffffdb9
fffffdeb
fffffd39
fffffac1
fffffb4b
fffffcfd
ffffff27
000000f3
000000a7
ffffff4f
fffffee3
00000005
00000205
fffffe1b
fffffca5
ffffff3f
000001bb
000003f9
000005f9
000008a1
0000097f
00000809
0000051b
00000161
ffffffb3
ffffffc3
ffffff91
ffffff91
ffffff91
ffffff91
ffffff91
ffffff2f
ffffff3f
ffffffe5
0000001f
ffffffef
ffffffdd
ffffffd1
ffffff91
ffffff91
fffffe23
fffffe28
000003b1
000000d2
ffffff86
fffffe8d
fffffe8d
fffffe8d
fffffe8d
fffffe8d
fffffe8d
fffffe8d
fffffe8d
fffffe8d
fffffe8d
fffffe8d
fffffe8d
fffffe8d
fffffe8d
fffffe8d
fffffe1f
fffffd05
fffffbef
fffffa69
fffff9d9
fffffe79
000003e9
00000405
00000245
00000163
00000247
000001c7
0000002f
fffffff9
000002af
000004e5
00000641
000002f7
fffffd67
fffffbb5
fffffd9f
ffffff3b
ffffffc9
00000063
000000ab
000000a7
000000f5
00000015
ffffff53
fffffe7d
fffffe8d
fffffe8d
fffffe8d
fffffe8d
fffffe8d
fffffeb3
fffffea9
fffffe3b
fffffee5
ffffff01
fffffeb1
fffffe6f
fffffe8d
fffffe8d
fffffc60
fffffab7
0000006c
000000dd
ffffffc6
ffffff19
ffffff19
ffffff19
ffffff19
ffffff19
ffffff19
ffffff19
ffffff19
ffffff19
ffffff19
ffffff19
ffffff19
ffffff19
ffffff19
ffffff19
fffffee7
fffffe8d
fffffe3d
fffffef7
0000009b
00000379
00000419
00000233
00000065
ffffff33
ffffff25
ffffffb5
fffffeb5
ffffff63
fffffef5
00000079
0000016b
ffffff61
fffffc93
fffffc1b
fffffabb
fffffbd3
fffffe13
ffffff4f
00000085
00000237
0000037b
00000203
0000013d
ffffff95
ffffff19
ffffff19
ffffff19
ffffff19
ffffff19
fffffef3
fffffe9b
fffffe8d
fffffec9
ffffff3f
ffffff93
ffffff5b
ffffff19
ffffff19
fffffe74
fffffe6b
fffffb7c
fffffce2
ffffff65
ffffff2a
ffffff2a
ffffff2a
ffffff2a
ffffff2a
ffffff2a
ffffff2a
ffffff2a
ffffff2a
ffffff2a
ffffff2a
ffffff2a
ffffff2a
ffffff2a
ffffff2a
ffffff0e
ffffff4c
fffffeec
ffffffec
ffffffbc
00000100
00000286
000002fc
00000358
0000019c
fffffeec
ffffffb0
ffffffbe
fffffd68
fffff912
fffff640
fffff6e8
fffffe8e
0000061a
0000052a
00000002
fffffdf4
fffffea4
fffffc8e
fffffb64
fffffab4
fffffd40
fffffff2
fffffffa
ffffff8c
ffffff2a
ffffff2a
ffffff2a
ffffff2a
ffffff2a
ffffffdc
000000e2
fffffed4
fffffe78
fffffef2
ffffff2e
ffffff72
ffffff2a
ffffff2a
0000014e
0000036a
fffffde2
fffffde8
fffffed7
ffffffc4
ffffffc4
ffffffc4
ffffffc4
ffffffc4
ffffffc4
ffffffc4
ffffffc4
ffffffc4
ffffffc4
ffffffc4
ffffffc4
ffffffc4
ffffffc4
ffffffc4
fffffffc
000000e8
000000ae
0000004e
0000009e
00000144
0000012a
00000100
000000be
00000184
0000022e
000001a4
000001e4
00000028
fffffe30
fffffc54
fffffc16
fffffce4
ffffff12
00000014
000000e2
0000001a
ffffff5e
ffffff40
fffffedc
ffffff38
ffffff42
fffffeea
ffffff14
ffffff9a
ffffffc4
ffffffc4
ffffffc4
ffffffc4
ffffffc4
ffffffc4
ffffffaa
ffffffec
fffffffa
ffffffc8
ffffff90
ffffffa2
ffffffc4
ffffffc4
00000080
000001d0
fffffa29
fffff8bb
fffff98f
fffffc4e
fffffc4e
fffffc4e
fffffc4e
fffffc4e
fffffc4e
fffffc4e
fffffc4e
fffffc4e
fffffc4e
fffffc4e
fffffc4e
fffffc4e
fffffc4e
fffffc4e
fffffcf4
ffffff24
ffffffb8
fffffd04
fffffb04
fffffbe8
fffffd04
fffffcea
fffffd92
fffffdf4
fffffdf6
fffffdba
ffffffee
ffffff66
fffffd42
fffffb22
fffffb8c
fffffd18
fffffe54
00000110
000006ca
000006ec
0000031c
0000030a
00000236
00000004
fffffbea
fffffa40
fffffaca
fffffb7c
fffffc4e
fffffc4e
fffffc4e
fffffc4e
fffffc4e
fffffd6a
fffffe5a
fffffd7c
fffffda6
fffffd34
fffffbac
fffffb64
fffffc4e
fffffc4e
fffffed1
0000008f
ffffff6d
ffffff2e
ffffff3a
00000047
00000047
00000047
00000047
00000047
00000047
00000047
00000047
00000047
00000047
00000047
00000047
00000047
00000047
00000047
00000037
0000020d
000000c5
fffffe21
fffffcad
fffffcc5
ffffff5b
00000237
000002b1
00000347
000002a9
000003e9
00000679
0000043f
000002d1
00000071
fffffe7b
fffffeb9
ffffff3d
0000008d
0000029b
00000141
fffffe11
fffffd05
fffffb81
fffffab5
fffffb15
fffffd57
ffffffa3
ffffff89
00000047
00000047
00000047
00000047
00000047
00000057
00000095
0000002b
00000053
00000061
0000000b
ffffff8f
00000047
00000047
fffffff4
00000036
fffffe3e
ffffff7b
000000aa
0000015d
0000015d
0000015d
0000015d
0000015d
0000015d
0000015d
0000015d
0000015d
0000015d
0000015d
0000015d
0000015d
0000015d
0000015d
0000014b
0000006f
00000167
00000333
000003bf
000002d7
000001b7
00000143
ffffff93
fffffd99
fffffb53
fffffad9
fffff7ed
fffff955
fffffb15
fffffd95
fffffe41
00000403
000005bb
0000055d
00000073
fffffea5
fffffe4f
fffffd35
fffffcff
fffffc51
fffffdd1
ffffff83
000000cb
0000016b
0000015d
0000015d
0000015d
0000015d
0000015d
00000215
00000299
0000001b
ffffffeb
00000031
0000014b
00000181
0000015d
0000015d
00000422
000003d9
00000311
000003a9
0000031a
0000017b
0000017b
0000017b
0000017b
0000017b
0000017b
0000017b
0000017b
0000017b
0000017b
0000017b
0000017b
0000017b
0000017b
0000017b
000001cf
00000241
00000237
00000051
fffffc1d
fffff965
fffff811
fffffa59
fffffc5d
ffffff11
00000109
00000381
0000037d
00000365
0000020b
000001d1
000002a1
00000285
0000015d
00000051
ffffff0d
0000005b
000003df
00000577
00000649
000005d3
000004b7
000002ff
000001b7
000001a7
0000017b
0000017b
0000017b
0000017b
0000017b
00000175
00000119
00000113
000000fd
00000111
00000131
000001b5
0000017b
0000017b
000000cb
ffffffb4
00000004
00000098
0000003c
ffffff72
ffffff72
ffffff72
ffffff72
ffffff72
ffffff72
ffffff72
ffffff72
ffffff72
ffffff72
ffffff72
ffffff72
ffffff72
ffffff72
ffffff72
00000008
00000196
000000d8
fffffd62
fffffbee
fffffbd4
fffffcb4
fffffd94
ffffff02
0000000c
ffffffde
ffffffd6
00000288
00000022
fffffede
ffffff7c
fffffed4
fffffd62
00000272
00000192
0000016e
000001d8
00000416
000003b2
00000108
000000d8
ffffffec
000000ac
0000007e
ffffffa6
ffffff72
ffffff72
ffffff72
ffffff72
ffffff72
ffffffa2
00000022
0000005e
fffffefa
ffffff68
ffffffce
ffffffb0
ffffff72
ffffff72
fffffe7a
000000a7
000004b5
000005b6
00000697
0000075b
0000075b
0000075b
0000075b
0000075b
0000075b
0000075b
0000075b
0000075b
0000075b
0000075b
0000075b
0000075b
0000075b
0000075b
00000743
000007b1
000006db
000003eb
ffffff57
fffffad5
fffff905
fffffac9
fffffb67
fffffcd5
fffffe85
00000191
0000050b
0000067b
00000767
000006d1
0000063d
000005f1
00000775
000006e1
0000066d
0000071f
000007b5
000008bd
000008d1
000008bb
00000817
000006c3
00000679
0000073b
0000075b
0000075b
0000075b
0000075b
0000075b
00000727
0000076b
000007b3
0000079f
000007d7
00000757
00000719
0000075b
0000075b
0000051e
000003ad
00000188
0000009d
ffffffd7
fffffe8c
fffffe8c
fffffe8c
fffffe8c
fffffe8c
fffffe8c
fffffe8c
fffffe8c
fffffe8c
fffffe8c
fffffe8c
fffffe8c
fffffe8c
fffffe8c
fffffe8c
fffffe8a
fffffdf8
fffffcf0
fffffc2a
fffffb68
fffffbf6
fffffc0e
fffffdfc
fffffe1a
fffffd30
fffffc96
fffffc34
fffffc3c
fffffcce
ffffff98
00000160
000000d8
00000254
00000280
ffffffba
000000dc
000000e0
000000e2
fffffe9c
fffffe2e
fffffe6e
fffffea2
ffffff5a
fffffe8a
fffffe34
fffffe8c
fffffe8c
fffffe8c
fffffe8c
fffffe8c
ffffff20
0000001c
ffffff6c
fffffe70
fffffecc
fffffe44
fffffe56
fffffe8c
fffffe8c
fffffe76
fffffe0c
fffffd67
fffffddf
ffffff8f
fffffff5
fffffff5
fffffff5
fffffff5
fffffff5
fffffff5
fffffff5
fffffff5
fffffff5
fffffff5
fffffff5
fffffff5
fffffff5
fffffff5
fffffff5
0000004b
00000009
fffffec1
0000010d
0000011b
000000f5
000000a7
000004bd
0000052d
000003a5
00000263
ffffffbb
fffffe83
ffffff83
0000030d
ffffffa1
fffffc7f
00000277
00000685
00000835
0000063b
000000e3
fffffe4f
fffff995
fffff667
fffff551
fffff737
fffffb03
fffffccd
ffffff31
fffffff5
fffffff5
fffffff5
fffffff5
fffffff5
0000006d
000000e5
0000009b
ffffffcf
ffffff41
fffffef5
ffffff83
fffffff5
fffffff5
000003ae
00000374
ffffffd0
ffffffc4
ffffffa9
fffffef3
fffffef3
fffffef3
fffffef3
fffffef3
fffffef3
fffffef3
fffffef3
fffffef3
fffffef3
fffffef3
fffffef3
fffffef3
fffffef3
fffffef3
ffffff37
ffffff97
ffffff61
00000017
ffffffbb
ffffff01
fffffdad
fffffd25
fffffc37
fffffa0b
fffff973
fffff8fb
fffff8f5
fffff87d
fffff8ab
fffff7ff
fffff909
fffff9a7
fffff90d
fffff7f3
fffff787
fffff7a5
fffff945
fffffae9
fffffcad
fffffe3b
ffffff15
ffffffb7
ffffff43
ffffff53
fffffef3
fffffef3
fffffef3
fffffef3
fffffef3
ffffff47
fffffee3
fffffed1
fffffec7
ffffff23
ffffff4b
ffffff53
fffffef3
fffffef3
ffffff22
ffffff00
000000ed
ffffff64
fffffdbb
fffffcec
fffffcec
fffffcec
fffffcec
fffffcec
fffffcec
fffffcec
fffffcec
fffffcec
fffffcec
fffffcec
fffffcec
fffffcec
fffffcec
fffffcec
fffffc6e
fffffbf6
fffffb40
fffffb18
fffffb00
fffffc10
fffffcf0
ffffffa8
00000148
00000194
0000025c
00000212
000002d2
0000021c
00000132
ffffffea
ffffff58
fffffda6
fffffe14
fffffffe
0000013e
ffffff60
fffffcc4
fffffb84
fffffad2
fffffad0
fffffb3a
fffffbd6
fffffc94
fffffcb4
fffffcec
fffffcec
fffffcec
fffffcec
fffffcec
fffffcfe
fffffda2
fffffdfc
fffffe06
fffffd66
fffffc7e
fffffcd4
fffffcec
fffffcec
fffffc67
fffffc50
fffffeed
fffffeda
fffffe63
fffffe0a
fffffe0a
fffffe0a
fffffe0a
fffffe0a
fffffe0a
fffffe0a
fffffe0a
fffffe0a
fffffe0a
fffffe0a
fffffe0a
fffffe0a
fffffe0a
fffffe0a
fffffe2e
fffffe48
fffffeea
fffffff0
ffffff96
fffffe10
fffffe12
fffffece
00000034
0000019a
000001b4
000001f8
0000020c
00000318
0000010c
fffffe2c
fffffd2a
fffffd2e
fffffe98
ffffffb0
00000038
000000e0
000000f0
ffffffb0
fffffeb2
fffffeb8
fffffe8c
fffffe58
fffffe80
fffffe2c
fffffe0a
fffffe0a
fffffe0a
fffffe0a
fffffe0a
fffffd26
fffffca2
fffffdea
fffffe1c
fffffe0a
fffffe26
fffffe2a
fffffe0a
fffffe0a
fffffe32
fffffe73
0000015a
000002d9
00000232
00000081
00000081
00000081
00000081
00000081
00000081
00000081
00000081
00000081
00000081
00000081
00000081
00000081
00000081
00000081
ffffffe9
ffffffed
00000187
0000031d
000001c5
00000223
0000013b
000003cd
0000058d
0000031d
000000ab
000002e3
000004d5
000009b1
0000071d
00000407
00000391
000002c3
00000143
00000037
fffffb63
fffffa8b
fffffb45
fffffbf1
fffffd4b
fffffd4d
fffffe71
ffffffc5
00000193
0000019b
00000081
00000081
00000081
00000081
00000081
000000f1
000001a9
00000193
00000005
fffffee9
0000011d
00000161
00000081
00000081
00000057
fffffffe
0000016f
00000131
00000103
000000d5
000000d5
000000d5
000000d5
000000d5
000000d5
000000d5
000000d5
000000d5
000000d5
000000d5
000000d5
000000d5
000000d5
000000d5
000000f5
00000139
000001a5
00000243
00000139
fffffdf3
fffffaf1
fffffae9
fffffc51
fffffce1
fffffd1f
fffffdc9
00000003
000000db
000000b9
ffffff9b
00000101
fffffe97
fffffd95
fffffd03
fffffe2b
ffffff7d
0000011d
0000037b
0000051f
00000535
00000431
00000225
000000f7
000000e9
000000d5
000000d5
000000d5
000000d5
000000d5
000000b1
00000051
00000033
000000e3
0000017b
0000011b
000000db
000000d5
000000d5
00000032
ffffffe3
000000d9
000000cb
0000002d
ffffffec
ffffffec
ffffffec
ffffffec
ffffffec
ffffffec
ffffffec
ffffffec
ffffffec
ffffffec
ffffffec
ffffffec
ffffffec
ffffffec
ffffffec
00000026
000000f4
0000012c
ffffff4a
fffffe58
fffffcfa
fffffc7e
fffffb8c
fffffdde
000001b6
0000026e
0000005c
00000060
000000da
00000054
000000a2
0000015c
fffffabe
fffffb30
fffffe1c
fffffdca
ffffff66
000000ae
000003b4
00000504
000005fa
00000448
0000015c
00000102
0000009e
ffffffec
ffffffec
ffffffec
ffffffec
ffffffec
fffffed4
fffffe12
00000118
00000176
000000f2
000000f2
00000032
ffffffec
ffffffec
fffffc75
fffffd2a
000000ad
000000f7
0000014e
00000104
00000104
00000104
00000104
00000104
00000104
00000104
00000104
00000104
00000104
00000104
00000104
00000104
00000104
00000104
000000d4
00000070
000000da
000000fc
000000d6
fffffeb4
fffffc7c
fffffbee
fffffd14
fffffc72
fffffb54
fffffb2a
fffffa72
fffff936
fffff784
fffff814
fffffa6c
fffffb9a
fffffd96
fffffe66
ffffff34
fffffe0a
fffffdbe
fffffde2
fffffda8
fffffe00
fffffe4c
fffffec4
fffffecc
ffffff20
00000104
00000104
00000104
00000104
00000104
ffffff40
fffffd5a
fffffdb8
fffffe28
fffffe0e
fffffe40
fffffffc
00000104
00000104
0000011c
000000f2
fffffea9
fffffee9
ffffff6b
ffffff7b
ffffff7b
ffffff7b
ffffff7b
ffffff7b
ffffff7b
ffffff7b
ffffff7b
ffffff7b
ffffff7b
ffffff7b
ffffff7b
ffffff7b
ffffff7b
ffffff7b
ffffffd7
0000001b
000001b9
0000051b
00000719
000005f9
00000335
ffffff8f
fffffe4b
fffffd4f
fffffec3
ffffff49
fffffe39
fffffd5b
fffffc0b
fffffbe5
fffffcd5
fffffbb3
fffffcf1
fffffded
fffffc91
fffffb97
fffffcf3
ffffffbb
0000018b
0000026d
00000253
000001d1
000000f1
ffffffcf
ffffff7b
ffffff7b
ffffff7b
ffffff7b
ffffff7b
ffffff69
ffffff6d
ffffff99
ffffff61
ffffff8d
ffffffd3
ffffffb7
ffffff7b
ffffff7b
fffffee2
00000065
00000046
0000021c
ffffff84
fffffecc
fffffecc
fffffecc
fffffecc
fffffecc
fffffecc
fffffecc
fffffecc
fffffecc
fffffecc
fffffecc
fffffecc
fffffecc
fffffecc
fffffecc
ffffff36
00000006
000000b2
ffffff64
fffffc66
fffff912
fffff838
fffffc4e
ffffff5a
00000068
fffffe74
000000d2
00000388
0000044c
000000ac
fffffd5c
fffffc8e
fffffdd4
00000008
fffffc08
fffff70c
fffffbf8
fffffe42
fffffe06
fffffe6a
00000058
000000e2
0000004a
0000010a
ffffff40
fffffecc
fffffecc
fffffecc
fffffecc
fffffecc
fffffe6e
fffffe0e
fffffeb4
fffffe00
fffffe96
ffffffec
fffffed4
fffffecc
fffffecc
ffffffe2
0000007d
000004d2
0000048f
0000040a
000003f8
000003f8
000003f8
000003f8
000003f8
000003f8
000003f8
000003f8
000003f8
000003f8
000003f8
000003f8
000003f8
000003f8
000003f8
00000450
000004a8
0000041c
0000034c
0000020c
00000118
00000190
0000035a
00000398
000004a4
000005fa
00000614
000006e8
000006fe
00000740
00000708
00000530
00000288
00000010
fffffe0c
fffffe9a
fffffe42
fffffd5e
fffffeda
ffffffc0
00000178
000002a2
000002fc
00000328
0000034c
000003f8
000003f8
000003f8
000003f8
000003f8
00000458
000004aa
000004cc
00000490
0000044a
00000394
0000035e
000003f8
000003f8
000001d8
ffffffe9
fffff921
fffff99e
fffffc81
fffffe68
fffffe68
fffffe68
fffffe68
fffffe68
fffffe68
fffffe68
fffffe68
fffffe68
fffffe68
fffffe68
fffffe68
fffffe68
fffffe68
fffffe68
fffffe6c
fffffe9a
ffffff12
fffffda8
ffffff0e
000002e0
00000416
000001cc
000000cc
000002f2
00000290
00000136
ffffff48
ffffff66
fffffb18
fffffa76
fffffa72
fffff958
fffff7ba
000004bc
00000832
000004d2
00000124
00000046
00000074
fffffcc8
fffffcda
fffffb80
fffffc36
fffffd68
fffffe68
fffffe68
fffffe68
fffffe68
fffffe68
fffffe9a
fffffec0
ffffff30
000000b0
fffffd44
fffffcd0
fffffde4
fffffe68
fffffe68
fffffe92
fffffe21
ffffff5a
00000044
000000bb
00000105
00000105
00000105
00000105
00000105
00000105
00000105
00000105
00000105
00000105
00000105
00000105
00000105
00000105
00000105
0000017d
00000231
000002c7
000000bf
fffffc9d
fffffa37
fffffa27
fffffc51
fffffca1
fffffd51
fffffd61
fffffead
ffffff11
fffffee1
fffffe05
fffffd5d
fffffe35
00000013
0000021b
0000044f
0000035d
000002f3
00000389
000002cb
000001bf
00000123
000001f7
0000015f
00000123
00000119
00000105
00000105
00000105
00000105
00000105
00000111
0000015b
00000173
00000171
000000e3
000000f7
00000113
00000105
00000105
0000010a
0000010c
fffffe46
fffffdc8
0000009a
000000cb
000000cb
000000cb
000000cb
000000cb
000000cb
000000cb
000000cb
000000cb
000000cb
000000cb
000000cb
000000cb
000000cb
000000cb
000000eb
0000015b
0000016b
ffffffe1
fffffff7
ffffffd9
ffffff33
fffffd3d
ffffff41
000000a3
fffffffb
fffffd95
fffffcf3
fffffd6f
fffffd55
fffffd0d
fffffeed
fffffc9f
fffffb69
000002f1
00000883
000003b9
000001b7
000002b5
00000303
00000115
fffffe0f
fffffc1d
fffffc5b
fffffefb
000000cb
000000cb
000000cb
000000cb
000000cb
000000bb
0000014f
00000293
0000025f
ffffff15
fffffd7f
ffffffe1
000000cb
000000cb
00000036
0000008e
fffffebc
fffffe42
fffffebe
ffffff1d
ffffff1d
ffffff1d
ffffff1d
ffffff1d
ffffff1d
ffffff1d
ffffff1d
ffffff1d
ffffff1d
ffffff1d
ffffff1d
ffffff1d
ffffff1d
ffffff1d
fffffee7
fffffe7b
ffffff71
00000163
000002c9
00000329
000002ef
00000297
00000075
fffffe59
fffffe53
fffffe7d
fffffe03
fffffe27
fffffdf9
fffffe1d
fffffe37
fffffed3
fffffda5
fffffeeb
ffffffed
fffffe8b
fffffb7b
fffffb4d
fffffbbf
fffffb75
fffffc45
fffffe1f
ffffff7d
ffffff3d
ffffff1d
ffffff1d
ffffff1d
ffffff1d
ffffff1d
ffffff71
ffffff8b
fffffec7
fffffee7
ffffff15
ffffff0b
ffffff37
ffffff1d
ffffff1d
ffffffe9
ffffffb2
fffffb27
fffffdc5
ffffffeb
000000f9
000000f9
000000f9
000000f9
000000f9
000000f9
000000f9
000000f9
000000f9
000000f9
000000f9
000000f9
000000f9
000000f9
000000f9
00000181
00000187
00000085
000002b1
00000431
00000593
000005dd
000008f1
00000795
0000037f
ffffff51
fffffe9b
fffffb8f
fffff8c1
fffff81f
fffff8bd
fffff7dd
00000305
00000be1
00000b03
000005ff
ffffffb5
fffffcff
fffff843
fffff3c9
fffff2b7
fffff51f
fffffc13
ffffffe9
0000009d
000000f9
000000f9
000000f9
000000f9
000000f9
000001a9
000002cf
00000143
ffffff35
ffffff95
00000061
000000d3
000000f9
000000f9
0000068b
000008cf
fffffe70
fffffe8e
fffffe58
fffffe60
fffffe60
fffffe60
fffffe60
fffffe60
fffffe60
fffffe60
fffffe60
fffffe60
fffffe60
fffffe60
fffffe60
fffffe60
fffffe60
fffffe60
fffffe62
fffffd92
fffffe20
fffffece
0000002e
00000212
00000166
fffffe06
fffffdd0
fffffdee
fffffd30
fffffb4c
fffff7f2
fffff65a
fffff724
fffffbf6
fffffe12
fffffd8a
00000180
0000021a
00000216
ffffff52
fffffd44
fffffc96
fffffb24
fffffbb8
fffffb6a
fffffcc6
fffffe00
fffffe56
fffffe60
fffffe60
fffffe60
fffffe60
fffffe60
fffffe4a
fffffeac
00000008
fffffdf2
fffffe10
fffffe2c
fffffe3a
fffffe60
fffffe60
fffffe50
0000011d
ffffff1c
00000025
0000003a
0000000f
0000000f
0000000f
0000000f
0000000f
0000000f
0000000f
0000000f
0000000f
0000000f
0000000f
0000000f
0000000f
0000000f
0000000f
ffffffbb
ffffff23
fffffed3
fffffeed
00000029
ffffffa7
fffffed5
fffffdc1
fffffd8b
fffffd7b
fffffd47
fffffb95
fffffb2d
fffffb7b
fffffd8f
ffffff29
ffffff4f
00000171
0000017d
000000d7
00000029
000000f7
0000016f
000001c1
00000265
00000279
00000113
ffffffd5
ffffffad
ffffffbb
0000000f
0000000f
0000000f
0000000f
0000000f
0000001b
0000006b
00000053
00000025
fffffffd
ffffffff
ffffffcf
0000000f
0000000f
0000004f
000000a2
fffffeac
fffffe33
fffffe05
fffffdfd
fffffdfd
fffffdfd
fffffdfd
fffffdfd
fffffdfd
fffffdfd
fffffdfd
fffffdfd
fffffdfd
fffffdfd
fffffdfd
fffffdfd
fffffdfd
fffffdfd
fffffe6f
ffffff7f
ffffff93
fffffe49
fffffe3b
fffffe6b
ffffffe7
000000a7
000000a7
000001a1
00000155
000001c9
000003a3
00000465
00000557
000006af
0000068f
00000395
0000034f
0000021b
0000047f
0000074b
000007fb
000006b5
00000477
000001db
ffffff57
fffffdcb
fffffe3f
fffffe53
fffffdfd
fffffdfd
fffffdfd
fffffdfd
fffffdfd
fffffd6b
fffffd21
fffffdcd
fffffd89
fffffe63
fffffe9d
fffffe3b
fffffdfd
fffffdfd
fffffe2d
ffffff09
fffffd75
fffffe57
00000093
0000016f
0000016f
0000016f
0000016f
0000016f
0000016f
0000016f
0000016f
0000016f
0000016f
0000016f
0000016f
0000016f
0000016f
0000016f
0000026d
00000451
0000042d
000004e5
0000044b
00000249
000001b3
000000e7
000000a7
000000a1
000000e7
000003f3
000002a3
00000033
fffffbdf
fffff947
fffff9f5
fffffc05
ffffff9f
00000061
ffffff53
fffffe29
fffffe5f
ffffff97
0000002b
0000010b
00000167
00000177
00000193
000001af
0000016f
0000016f
0000016f
0000016f
0000016f
0000015f
000000db
000000b5
000000c1
000000a9
0000014f
000001b7
0000016f
0000016f
00000321
000003a8
000002bd
00000295
000001cf
000000f7
000000f7
000000f7
000000f7
000000f7
000000f7
000000f7
000000f7
000000f7
000000f7
000000f7
000000f7
000000f7
000000f7
000000f7
00000167
0000025b
0000019b
fffffd0b
fffff9e9
fffff89b
fffff919
fffffe15
ffffffcd
000001fd
00000199
00000183
00000203
00000197
00000077
000000b3
00000039
00000057
ffffff19
fffffe31
fffffea7
0000001d
000001f3
00000309
000002c3
00000209
00000215
0000011d
0000006d
00000089
000000f7
000000f7
000000f7
000000f7
000000f7
000000b5
0000009b
000000f5
00000121
000000d9
00000083
000000a5
000000f7
000000f7
00000011
fffffeb9
fffffa73
fffffa59
fffffb1e
fffffbd4
fffffbd4
fffffbd4
fffffbd4
fffffbd4
fffffbd4
fffffbd4
fffffbd4
fffffbd4
fffffbd4
fffffbd4
fffffbd4
fffffbd4
fffffbd4
fffffbd4
fffffbda
fffffd06
fffffdc6
ffffff8e
000000cc
000001a4
00000112
fffffe68
fffffd02
fffffb3e
fffffc04
fffffdb4
fffffd1e
ffffface
fffff6c6
fffff456
fffff572
fffff8cc
fffffae0
ffffff3e
ffffffc2
fffffce0
fffffa3c
fffff860
fffff814
fffff8a4
fffff9f8
fffffc18
fffffbf6
fffffb34
fffffbd4
fffffbd4
fffffbd4
fffffbd4
fffffbd4
fffffbde
fffffb88
fffffb5a
fffffb7c
fffffb48
fffffaf0
fffffb4e
fffffbd4
fffffbd4
fffffe58
00000047
ffffff45
fffffe4d
fffffb4a
fffff8de
fffff8de
fffff8de
fffff8de
fffff8de
fffff8de
fffff8de
fffff8de
fffff8de
fffff8de
fffff8de
fffff8de
fffff8de
fffff8de
fffff8de
fffff9a2
fffffb6c
fffffaa4
fffff726
fffff7c2
fffffa3c
fffffb2e
fffffd0c
fffffda6
fffffd1e
fffffdac
000000a0
00000134
fffffd66
fffffba8
ffffff10
fffffe60
fffffbf8
fffffaae
fffff9c0
fffff8ce
fffff9c0
fffffb54
fffffbdc
fffffbdc
fffffbbc
fffffb78
fffffa30
fffff8f8
fffff88c
fffff8de
fffff8de
fffff8de
fffff8de
fffff8de
fffff89c
fffff908
fffff8f0
fffff7a0
fffff7a2
fffff83a
fffff8d8
fffff8de
fffff8de
fffff961
fffff9ab
00000382
00000485
00000350
000002a5
000002a5
000002a5
000002a5
000002a5
000002a5
000002a5
000002a5
000002a5
000002a5
000002a5
000002a5
000002a5
000002a5
000002a5
00000295
000001e1
000002c3
00000517
000004d5
000000d3
fffffd6f
fffffdad
fffffee7
fffffeaf
fffffedf
fffffebd
000000b3
00000259
00000439
00000353
000002b9
000003ab
00000393
fffffe69
fffffc53
fffffe6d
00000087
0000007d
ffffff7f
00000131
00000395
000003a7
000002db
000002b9
000002a5
000002a5
000002a5
000002a5
000002a5
0000024d
000001cd
00000137
00000185
0000030b
00000327
000002b5
000002a5
000002a5
0000023e
000001a4
000001d6
000000b6
00000025
fffffeeb
fffffeeb
fffffeeb
fffffeeb
fffffeeb
fffffeeb
fffffeeb
fffffeeb
fffffeeb
fffffeeb
fffffeeb
fffffeeb
fffffeeb
fffffeeb
fffffeeb
ffffff59
ffffffd3
ffffffe7
ffffff2b
ffffff1d
00000009
ffffffef
00000121
00000235
0000043f
00000455
00000257
00000291
0000023f
000002b9
000001cd
000001af
fffffd1f
fffffa39
fffff9b3
fffffa83
fffff9f3
fffffa85
fffffc8f
fffffe23
ffffff73
ffffffc7
ffffffbd
fffffe7f
fffffecf
fffffeeb
fffffeeb
fffffeeb
fffffeeb
fffffeeb
fffffefd
fffffe8b
fffffecf
00000005
0000004d
ffffff01
fffffea1
fffffeeb
fffffeeb
fffffd45
fffffc8c
0000007b
00000081
00000084
00000087
00000087
00000087
00000087
00000087
00000087
00000087
00000087
00000087
00000087
00000087
00000087
00000087
00000087
00000087
000000c1
000000c7
0000024b
00000427
00000535
0000028d
ffffffc3
fffffb5b
fffffc03
fffffe59
00000049
00000097
fffffe8b
ffffff57
ffffff87
ffffffff
00000045
ffffff95
000000b9
0000014b
fffffe1b
ffffff09
ffffffef
000000d5
000001df
0000047b
0000047d
0000056f
0000051f
000002dd
00000087
00000087
00000087
00000087
00000087
ffffff2f
fffffdfb
0000002b
00000079
000001d1
00000339
00000201
00000087
00000087
ffffff98
fffffff6
0000014f
000001bf
000001ec
000001e7
000001e7
000001e7
000001e7
000001e7
000001e7
000001e7
000001e7
000001e7
000001e7
000001e7
000001e7
000001e7
000001e7
000001e7
0000016d
00000193
0000005f
fffffd89
fffffbb5
fffffbc9
fffffc9b
00000075
00000015
fffffec1
fffffd87
ffffff81
00000015
0000005b
00000001
0000005f
ffffffcb
00000519
000005ad
000002a5
000001b1
0000028f
00000371
00000169
00000073
00000081
00000159
00000315
000002ed
00000257
000001e7
000001e7
000001e7
000001e7
000001e7
00000223
000002a3
000001ab
00000105
00000229
00000287
00000247
000001e7
000001e7
000002a5
00000267
fffffeb5
fffffd87
fffffcb7
fffffd11
fffffd11
fffffd11
fffffd11
fffffd11
fffffd11
fffffd11
fffffd11
fffffd11
fffffd11
fffffd11
fffffd11
fffffd11
fffffd11
fffffd11
fffffd09
fffffca9
fffffe37
ffffffa9
ffffffbf
00000097
0000007d
ffffff6f
fffffe01
fffffd37
fffffd71
fffffd29
fffffe3f
000001ed
000002ab
00000359
00000115
000000c7
fffffec5
00000049
000001a7
0000026b
0000017b
ffffffb5
ffffff65
fffffe6b
fffffd6f
fffffd25
fffffce5
fffffd01
fffffd11
fffffd11
fffffd11
fffffd11
fffffd11
fffffd6f
fffffdb3
fffffd0d
fffffd35
fffffd55
fffffd33
fffffcf5
fffffd11
fffffd11
fffffd6d
fffffd39
00000176
0000013a
0000012d
00000171
00000171
00000171
00000171
00000171
00000171
00000171
00000171
00000171
00000171
00000171
00000171
00000171
00000171
00000171
0000013b
000000e7
000000b3
00000013
0000001f
00000101
00000215
00000345
00000353
00000359
00000355
000002c5
00000329
0000033b
00000383
0000031d
0000019b
ffffffb5
ffffff0b
fffffefb
ffffffe3
ffffffe3
ffffff25
000000ef
000000ff
000000c9
0000002f
0000000b
00000041
000000df
00000171
00000171
00000171
00000171
00000171
000001e1
00000267
00000217
00000175
000000df
000000b5
00000131
00000171
00000171
ffffffdf
ffffffb4
fffffead
ffffff83
ffffff13
fffffe9e
fffffe9e
fffffe9e
fffffe9e
fffffe9e
fffffe9e
fffffe9e
fffffe9e
fffffe9e
fffffe9e
fffffe9e
fffffe9e
fffffe9e
fffffe9e
fffffe9e
fffffefc
ffffff82
fffffebe
fffffce0
fffffcb4
fffffef8
fffffd00
fffffd0a
fffffd26
fffffeaa
ffffff1a
fffffe78
fffffe1c
fffffd1e
fffffcc4
ffffff58
ffffffc6
fffffcea
fffffdf2
00000156
0000019c
00000140
00000238
000002f0
00000240
00000044
ffffffb4
fffffe94
fffffdbc
fffffe80
fffffe9e
fffffe9e
fffffe9e
fffffe9e
fffffe9e
fffffe82
fffffe88
ffffff28
ffffff28
fffffe48
fffffe4a
fffffe92
fffffe9e
fffffe9e
fffffe69
fffffe9a
ffffff90
ffffff12
fffffeaa
fffffe4e
fffffe4e
fffffe4e
fffffe4e
fffffe4e
fffffe4e
fffffe4e
fffffe4e
fffffe4e
fffffe4e
fffffe4e
fffffe4e
fffffe4e
fffffe4e
fffffe4e
fffffe28
fffffdee
fffffdbc
fffffc80
fffffcbe
fffffd22
fffffc72
fffffcaa
fffffd10
fffffe12
fffffe52
fffffde4
fffffc48
fffffae6
fffffc48
fffffe16
ffffff20
fffffdc4
0000000e
0000027e
000003b2
00000460
0000053c
00000536
00000310
00000106
ffffff66
fffffdec
fffffd44
fffffe0e
fffffe4e
fffffe4e
fffffe4e
fffffe4e
fffffe4e
fffffe44
fffffe4c
fffffeb4
fffffea8
fffffe2c
fffffdd8
fffffe22
fffffe4e
fffffe4e
fffffdc7
fffffe62
000001d7
00000104
ffffffa6
fffffe94
fffffe94
fffffe94
fffffe94
fffffe94
fffffe94
fffffe94
fffffe94
fffffe94
fffffe94
fffffe94
fffffe94
fffffe94
fffffe94
fffffe94
fffffe28
fffffc38
fffffba0
fffffacc
fffffb10
fffffc42
fffffd96
00000084
0000023a
00000478
00000576
000000e8
fffffebe
ffffff68
000002d2
000005a2
0000047a
0000032c
00000256
000002ea
000003e6
00000440
0000047c
000003ee
000001da
000000d0
0000004c
ffffff0a
fffffe00
fffffe3c
fffffe94
fffffe94
fffffe94
fffffe94
fffffe94
fffffea8
ffffff06
ffffff38
ffffff1c
fffffed6
fffffe9c
fffffe3a
fffffe94
fffffe94
fffffc54
fffffc1c
fffffefb
fffffdc0
fffffee0
00000120
00000120
00000120
00000120
00000120
00000120
00000120
00000120
00000120
00000120
00000120
00000120
00000120
00000120
00000120
00000192
0000021c
000002fa
0000058a
0000058e
0000035a
0000044a
00000484
00000384
000000fe
0000006e
fffffe84
fffffa1c
fffff7f0
fffff8b8
fffffa36
fffffab8
0000028a
00000714
00000040
0000046e
00000128
fffffd92
fffffafe
fffff970
fffff8ea
fffff912
fffffda2
fffffddc
ffffff7c
00000120
00000120
00000120
00000120
00000120
0000016e
000001e8
000000cc
00000006
000002a6
00000048
ffffffaa
00000120
00000120
0000050d
00000648
000004bb
0000014c
00000138
000001fc
000001fc
000001fc
000001fc
000001fc
000001fc
000001fc
000001fc
000001fc
000001fc
000001fc
000001fc
000001fc
000001fc
000001fc
000001a6
00000050
00000010
00000358
00000038
fffffd7c
ffffff9e
00000142
ffffff18
fffffdb8
fffffe84
ffffffb2
ffffffa6
fffffe66
00000010
fffffdfc
ffffff98
000006ca
00000170
fffff97c
ffffff1e
000000d8
ffffff3a
fffffdac
ffffff98
000001be
000001f6
000002f8
000001d0
000001b2
000001fc
000001fc
000001fc
000001fc
000001fc
00000216
000001b0
000000b6
0000016c
00000328
00000236
0000019e
000001fc
000001fc
0000020d
ffffffc6
000000a5
000000ef
00000170
00000215
00000215
00000215
00000215
00000215
00000215
00000215
00000215
00000215
00000215
00000215
00000215
00000215
00000215
00000215
000001fb
000001af
00000125
00000197
000001ef
0000023b
0000025f
0000025d
00000225
000001c1
0000016d
00000047
fffffe4f
fffffc4d
fffffd0f
fffffcaf
fffffda5
fffffedf
00000081
00000203
00000097
fffffdc7
fffffaff
fffffadf
fffffb09
fffffbf5
fffffdb3
0000002b
0000018b
000001df
00000215
00000215
00000215
00000215
00000215
00000227
0000021f
0000024f
00000285
00000231
00000213
000001d5
00000215
00000215
00000167
0000013d
00000049
000001a8
000002d6
00000333
00000333
00000333
00000333
00000333
00000333
00000333
00000333
00000333
00000333
00000333
00000333
00000333
00000333
00000333
000002e1
000002dd
000001d3
00000135
000000f5
00000191
000000ad
ffffff73
ffffff47
ffffffcb
fffffffd
00000139
00000421
00000565
00000607
00000527
000004b1
00000331
00000443
0000059b
00000493
0000028f
0000016d
00000197
000001db
0000011d
000000f3
0000011d
0000023f
00000347
00000333
00000333
00000333
00000333
00000333
00000359
00000371
00000335
00000307
000002ad
000002ff
0000037b
00000333
00000333
00000284
000002d8
0000006c
fffffff4
fffffe97
fffffd18
fffffd18
fffffd18
fffffd18
fffffd18
fffffd18
fffffd18
fffffd18
fffffd18
fffffd18
fffffd18
fffffd18
fffffd18
fffffd18
fffffd18
fffffcde
fffffcf0
fffffc0c
fffff99a
fffff874
fffff916
fffff908
fffffa2c
fffffc6e
fffffcd6
fffffc1e
fffffd76
000000da
00000278
000002cc
0000050e
00000608
000003e0
0000011c
fffffe8c
ffffffda
00000362
000005c0
000005ee
000006a2
000006d8
00000540
0000035c
00000142
fffffe72
fffffd18
fffffd18
fffffd18
fffffd18
fffffd18
fffffd8e
fffffee0
ffffffbe
0000007e
00000066
ffffff46
fffffdc0
fffffd18
fffffd18
fffffd92
fffffd8c
00000104
0000007b
00000106
000000c3
000000c3
000000c3
000000c3
000000c3
000000c3
000000c3
000000c3
000000c3
000000c3
000000c3
000000c3
000000c3
000000c3
000000c3
00000113
0000016b
00000205
0000008f
fffffe95
fffffc97
fffffa6b
fffffa6d
fffffb97
fffffdcf
fffffe23
fffffcdf
ffffff1f
00000059
000000d9
000000a7
000001ab
ffffffd1
fffffef1
00000181
00000399
00000303
000002d9
000002ef
00000311
000001f3
0000017d
00000155
000000ed
00000111
000000c3
000000c3
000000c3
000000c3
000000c3
ffffffa7
fffffe9b
ffffffd7
0000016f
000001cb
00000129
000000e9
000000c3
000000c3
ffffffef
fffffef7
0000045a
00000449
00000380
000002f3
000002f3
000002f3
000002f3
000002f3
000002f3
000002f3
000002f3
000002f3
000002f3
000002f3
000002f3
000002f3
000002f3
000002f3
000002c3
0000021f
0000032f
00000445
00000399
00000313
00000285
0000012d
fffffed7
fffffedd
00000087
00000181
00000165
000002d3
00000259
000001ff
000001d1
000000b3
fffffbe9
fffff9e1
fffff8b7
fffffa37
fffffc05
fffffd91
ffffff81
0000020f
00000471
000004e9
000004a5
00000395
000002f3
000002f3
000002f3
000002f3
000002f3
000002bb
00000191
000000d1
000001cb
000002a1
00000393
00000373
000002f3
000002f3
000000f9
ffffff04
00000207
00000024
fffffe0d
fffffd2b
fffffd2b
fffffd2b
fffffd2b
fffffd2b
fffffd2b
fffffd2b
fffffd2b
fffffd2b
fffffd2b
fffffd2b
fffffd2b
fffffd2b
fffffd2b
fffffd2b
fffffd11
fffffd29
fffffc5d
fffffa4b
fffff8d9
fffff843
fffff847
fffff8e7
fffff943
fffffbf5
fffffcdd
fffffdb7
0000009b
000001d1
000003ef
00000527
00000507
0000005f
fffffcb5
fffffdf1
000001e9
0000031f
000003f3
000002dd
00000103
000000cb
00000015
ffffff4f
fffffe5d
fffffd23
fffffd2b
fffffd2b
fffffd2b
fffffd2b
fffffd2b
fffffc89
fffffc15
fffffe0b
fffffed3
fffffe8b
fffffd4d
fffffd01
fffffd2b
fffffd2b
fffffa8f
fffffa30
fffffd95
fffffeb4
ffffffc4
ffffffef
ffffffef
ffffffef
ffffffef
ffffffef
ffffffef
ffffffef
ffffffef
ffffffef
ffffffef
ffffffef
ffffffef
ffffffef
ffffffef
ffffffef
fffffff5
000000a7
ffffff97
ffffff95
000000f5
00000205
000002f3
00000737
000007b5
00000575
000001a7
ffffffb1
ffffff2b
fffffe45
00000049
00000175
ffffffe9
0000032f
000005ff
000007c7
000005f7
00000179
fffffe6b
fffffbe5
fffff9bf
fffff7c7
fffff84b
fffff941
fffffb9f
fffffe91
ffffffef
ffffffef
ffffffef
ffffffef
ffffffef
ffffffc5
0000012d
000001c9
000000b3
fffffe43
fffffd79
ffffff1f
ffffffef
ffffffef
000001b0
000001f3
00000083
00000091
00000107
0000019e
0000019e
0000019e
0000019e
0000019e
0000019e
0000019e
0000019e
0000019e
0000019e
0000019e
0000019e
0000019e
0000019e
0000019e
0000017e
000000c6
00000150
000004c0
000006b2
000007e0
00000704
000004a0
00000238
00000088
000000e2
000000a2
fffffe82
ffffff72
000000cc
00000156
000001ae
00000562
00000384
0000016a
fffffecc
fffffd58
fffffb62
fffffa8a
fffffbc0
fffffd58
ffffff18
00000122
00000236
0000021c
0000019e
0000019e
0000019e
0000019e
0000019e
000001f6
00000234
000000e4
0000016e
0000022a
0000021c
000001d0
0000019e
0000019e
000002e7
00000223
000004e6
00000575
00000169
ffffff06
ffffff06
ffffff06
ffffff06
ffffff06
ffffff06
ffffff06
ffffff06
ffffff06
ffffff06
ffffff06
ffffff06
ffffff06
ffffff06
ffffff06
fffffe44
fffffcf8
fffffa54
fffff822
fffff6ea
fffff72c
fffff806
fffff90a
fffffa3e
fffffaba
fffffa86
0000007c
000003f4
0000042a
00000016
00000144
00000342
000000a0
fffffecc
fffffb0c
fffff6d4
fffffd20
000002f6
0000039c
00000598
00000820
00000974
0000070c
0000053e
000000d2
ffffff06
ffffff06
ffffff06
ffffff06
ffffff06
fffffe30
fffffda6
fffffe92
fffffe74
ffffffc4
000001a6
00000052
ffffff06
ffffff06
fffffc9f
fffffba9
fffffecb
fffffefb
ffffff4e
ffffffb6
ffffffb6
ffffffb6
ffffffb6
ffffffb6
ffffffb6
ffffffb6
ffffffb6
ffffffb6
ffffffb6
ffffffb6
ffffffb6
ffffffb6
ffffffb6
ffffffb6
ffffff7a
ffffff10
ffffff1a
fffffea2
fffffee0
0000007e
000002d4
000004f0
00000414
00000248
00000142
0000019a
000002de
00000488
00000434
000002d2
00000238
00000234
00000218
000002e6
00000454
00000518
00000372
0000010e
fffffe84
fffffbde
fffffb4e
fffffd22
ffffff3e
ffffff9e
ffffffb6
ffffffb6
ffffffb6
ffffffb6
ffffffb6
ffffff98
ffffffae
0000002a
ffffff66
fffffee8
ffffff82
ffffffa6
ffffffb6
ffffffb6
00000028
0000008a
0000017b
00000144
000001b0
000001d6
000001d6
000001d6
000001d6
000001d6
000001d6
000001d6
000001d6
000001d6
000001d6
000001d6
000001d6
000001d6
000001d6
000001d6
000001c2
000000c0
000001f8
00000442
00000312
00000372
00000410
00000376
0000037e
0000053e
00000686
00000652
00000784
00000c2e
00000e3e
00000a2e
00000976
00000864
0000029a
0000018e
0000008a
00000104
0000020e
000001fe
000004d0
00000508
00000432
00000334
000002c6
000002d6
000001d6
000001d6
000001d6
000001d6
000001d6
00000268
00000374
0000036e
000003ca
00000418
000003e0
00000288
000001d6
000001d6
000001c2
0000002a
000003e8
00000395
000002b9
0000024d
0000024d
0000024d
0000024d
0000024d
0000024d
0000024d
0000024d
0000024d
0000024d
0000024d
0000024d
0000024d
0000024d
0000024d
000001bd
ffffff21
ffffff85
fffffdbd
fffffcbf
fffffea1
0000006f
0000029b
000001d1
00000187
00000107
fffffd3f
fffffc2f
ffffff7f
000003b7
000007b7
00000759
00000729
000004ed
000004b7
00000675
000006ff
000005c3
00000505
000003b9
00000135
ffffffa7
ffffffc7
00000105
000001bf
0000024d
0000024d
0000024d
0000024d
0000024d
000002bf
00000379
00000255
000001a3
000001d7
000001eb
000001c5
0000024d
0000024d
00000036
fffffe73
000001f2
00000118
ffffff02
fffffeba
fffffeba
fffffeba
fffffeba
fffffeba
fffffeba
fffffeba
fffffeba
fffffeba
fffffeba
fffffeba
fffffeba
fffffeba
fffffeba
fffffeba
fffffec6
ffffff1e
fffffed0
fffffe30
fffffd2e
fffffdba
ffffff36
00000062
00000250
0000059a
000008ee
00000a5e
000009dc
00000758
00000624
0000082c
00000776
000001d8
ffffffb8
fffffe36
fffffe24
ffffffc4
0000010a
000001ac
00000316
0000058e
00000600
00000424
0000016a
ffffffd4
fffffeba
fffffeba
fffffeba
fffffeba
fffffeba
fffffec4
ffffffde
00000194
00000192
00000252
000000da
ffffff48
fffffeba
fffffeba
fffffd8e
fffffd29
00000247
0000002b
fffffffb
000000a2
000000a2
000000a2
000000a2
000000a2
000000a2
000000a2
000000a2
000000a2
000000a2
000000a2
000000a2
000000a2
000000a2
000000a2
0000004c
ffffff72
ffffffb6
ffffff0c
fffffe34
fffffe8e
fffffe50
fffffd3c
fffffb24
fffffcba
ffffff62
000000bc
ffffff9e
00000102
0000022c
00000092
000000ba
0000015e
fffff778
fffffae8
fffffe48
0000001c
fffffefc
fffffe8a
000001d6
000002ec
00000448
000001c2
0000007e
00000008
000000a2
000000a2
000000a2
000000a2
000000a2
00000068
ffffff36
fffffea6
00000222
00000100
fffffff0
00000034
000000a2
000000a2
00000067
fffffb7d
00000015
000000c0
000000b2
00000068
00000068
00000068
00000068
00000068
00000068
00000068
00000068
00000068
00000068
00000068
00000068
00000068
00000068
00000068
0000007a
ffffff66
ffffff5a
ffffffe2
000000ea
00000322
000004b0
000007ba
00000a26
00000c12
00000b06
0000070c
000004be
00000588
00000756
0000074c
0000079a
000008e2
00000896
000005ca
00000456
000004d6
0000045c
00000400
0000032c
000000b4
fffffdce
fffffbb0
fffffcee
ffffff6a
00000068
00000068
00000068
00000068
00000068
000000fa
0000011a
ffffffb6
fffffe6e
fffffe9a
fffffeca
ffffff82
00000068
00000068
00000032
00000062
fffffd21
fffff776
fffff75f
fffff638
fffff638
fffff638
fffff638
fffff638
fffff638
fffff638
fffff638
fffff638
fffff638
fffff638
fffff638
fffff638
fffff638
fffff638
fffff666
fffff742
fffff7bc
fffff7f8
fffff9e6
fffff9f4
fffffb7a
fffffb60
fffffbfc
fffffd46
ffffff0c
fffffc60
fffff908
fffff91a
fffffa0c
fffffc5a
fffffcd8
fffff8a4
fffff53e
fffff54a
fffffcc4
fffffd8a
fffffe4e
fffffda0
fffffcc0
fffffc64
fffffa90
fffff9f6
fffff766
fffff714
fffff638
fffff638
fffff638
fffff638
fffff638
fffff508
fffff2be
fffff40a
fffff5f4
fffff806
fffff770
fffff6cc
fffff638
fffff638
fffff603
fffff73d
fffffe41
fffffd49
fffffe0a
0000001e
0000001e
0000001e
0000001e
0000001e
0000001e
0000001e
0000001e
0000001e
0000001e
0000001e
0000001e
0000001e
0000001e
0000001e
00000012
ffffff90
ffffff24
ffffffd8
00000084
fffffeb0
fffffe48
ffffff62
ffffff66
fffffe40
fffffef2
fffffedc
fffffe9c
fffffe84
000001a0
fffffe34
fffffb20
fffffe0a
00000250
000002a4
0000066e
0000073a
000001fe
00000154
ffffff44
fffffcea
fffffb96
fffffc06
fffffc9c
fffffe52
0000001e
0000001e
0000001e
0000001e
0000001e
000000ae
00000212
000001b2
000000d8
00000022
fffffeca
fffffebe
0000001e
0000001e
000000c8
000001f6
fffffedd
ffffffcd
fffffc55
fffffb59
fffffb59
fffffb59
fffffb59
fffffb59
fffffb59
fffffb59
fffffb59
fffffb59
fffffb59
fffffb59
fffffb59
fffffb59
fffffb59
fffffb59
fffffb35
fffffb51
fffffc77
ffffff15
ffffff73
fffffc91
fffffcbd
ffffff43
000000a1
00000389
00000713
0000093f
00000901
00000a79
00000a3f
00000847
00000437
fffffe85
ffffff37
fffffb21
fffff68b
fffffc2d
fffffe33
fffffdd7
fffffeb1
00000147
0000048d
000002e9
ffffffbd
fffffbdb
fffffb59
fffffb59
fffffb59
fffffb59
fffffb59
fffffad3
fffffbb7
fffffe55
fffffdf5
fffffe83
fffffe1f
fffffb31
fffffb59
fffffb59
fffffab7
fffffbb1
000004c7
000005d3
00000571
00000495
00000495
00000495
00000495
00000495
00000495
00000495
00000495
00000495
00000495
00000495
00000495
00000495
00000495
00000495
00000495
0000021d
00000109
0000010b
00000193
000001b7
0000038d
00000555
00000653
00000679
000006ab
0000038d
ffffff4b
fffffe55
ffffff37
00000295
000004a1
0000060b
00000603
0000042f
000001d7
00000221
000003af
0000049f
00000447
00000515
0000058f
00000589
00000519
00000507
00000495
00000495
00000495
00000495
00000495
00000497
0000044f
0000049d
000004c9
00000501
00000533
000004dd
00000495
00000495
00000356
000001bc
fffffeb9
fffffefc
ffffff8b
0000005e
0000005e
0000005e
0000005e
0000005e
0000005e
00000068
0000005c
000000ce
000001be
000001ca
00000134
fffffffa
0000005e
0000003e
0000000c
ffffff6a
fffffe96
fffffd84
fffffcd4
fffffc2a
fffffc4c
fffffd24
fffffed6
0000006e
0000009c
ffffff92
fffffe10
fffffec2
ffffff96
fffffeb8
fffffbce
fffffaa4
fffffb56
fffffec0
00000078
fffffffc
fffffeb0
fffffeb0
ffffffce
fffffdf8
fffffd32
fffffdc8
fffffe8c
ffffff7c
00000038
ffffff08
ffffffc4
00000166
00000158
ffffffc0
fffffe88
fffffdd4
fffffd96
fffffcf8
ffffff58
ffffffba
0000005e
0000005e
0000018e
000001fb
ffffffea
0000008d
0000012f
00000170
00000170
00000170
00000170
00000170
00000170
00000108
00000116
0000017e
00000260
00000298
000001d6
000000f4
00000170
00000182
000001bc
0000020e
000002a6
0000032e
000002c6
000002c6
00000378
0000052e
00000600
00000564
000003da
00000252
00000130
0000013a
000001e4
0000019a
00000226
000003fa
0000050a
0000053c
000002ee
000000f6
ffffffca
fffffef0
fffffece
fffffe04
fffffe74
ffffff76
000000da
000001f0
00000138
00000162
00000352
000002fe
0000033e
000002e2
00000258
0000039a
00000306
0000020e
00000152
00000156
00000170
00000170
00000140
000001ba
fffffef4
ffffff25
ffffff4d
ffffff81
ffffff81
ffffff81
ffffff81
ffffff81
ffffff81
0000029f
000000f9
fffffd45
fffffe2f
fffffda7
fffffdd1
ffffffa9
ffffff81
ffffff9b
ffffffa7
ffffff73
00000009
00000171
00000389
000002cb
00000219
000001c9
fffffbb3
fffffd49
ffffffe7
00000095
fffffcf3
fffffd83
fffffdc3
fffffea3
fffffeb1
fffffead
fffffd57
fffffcc7
fffffe71
ffffff31
fffffff5
ffffffe1
ffffff11
fffffefb
ffffff29
ffffff81
ffffff7b
ffffff79
000002d3
0000045d
fffffdd5
000000f9
00000045
fffffa81
fffffcc5
fffffccf
fffffd21
fffffe5d
ffffffa5
ffffffad
ffffff81
ffffff81
000002b1
000000f5
fffffea7
00000024
000001e0
00000354
00000354
00000354
00000354
00000354
00000354
00000378
000003f8
0000032c
000002ce
000002b4
00000272
000002b4
00000354
00000356
000003c0
000003ea
00000518
000005c0
000005f6
00000558
00000352
00000326
000001f4
000001f4
0000027e
0000027a
000001a0
000003a4
0000035e
0000037a
00000546
00000590
00000662
0000037a
fffffeea
fffffd6a
fffffe0a
0000009a
00000336
0000023a
00000224
00000286
000002e6
000002da
000003ca
00000582
00000530
000005c6
00000622
00000230
00000240
00000166
00000020
000000d2
000001c2
000002fe
00000354
00000354
0000059c
0000069d
0000042c
000002a8
00000181
0000013e
0000013e
0000013e
0000013e
0000013e
0000013e
0000013e
00000166
000001c0
0000023c
000001fe
0000014a
000001b0
0000013e
000000a6
fffffffc
ffffff8e
fffffe34
fffffc4e
fffffd00
fffffe6a
ffffff4c
ffffffbe
00000030
000001b8
000000e0
fffffeec
00000066
0000012e
0000014a
fffffd9e
fffffaf0
fffffa46
fffffb58
fffffdac
000000a2
00000178
0000022c
00000174
00000022
00000036
000000ca
0000013a
000000dc
00000130
00000010
fffffe64
fffffd74
0000000c
00000130
0000018e
0000019c
ffffff94
ffffff2c
ffffff3a
000000fa
00000166
0000013e
0000013e
0000006e
fffffde6
00000099
00000147
0000008e
00000054
00000054
00000054
00000054
00000054
00000054
ffffffea
fffffff2
ffffffd8
ffffff76
00000106
0000015e
00000044
00000054
0000001c
ffffffea
ffffffc2
ffffff84
ffffffe6
00000004
00000048
000000a4
000000e2
0000024c
00000234
000002a6
0000040e
00000346
000000de
000002e2
000003c4
00000246
00000056
000000f2
000003ec
00000432
0000035e
00000186
00000084
000000fa
000000d6
000000a2
00000086
000000b0
00000070
ffffff64
ffffff72
000000b8
ffffff04
000000e6
00000278
00000144
00000378
000003d2
0000022c
000000ce
0000005a
00000054
00000054
ffffff57
0000004e
000001d9
000000fa
0000004f
ffffffa6
ffffffa6
ffffffa6
ffffffa6
ffffffa6
ffffffa6
00000032
fffffff6
ffffff78
0000001e
000000aa
0000006c
00000082
ffffffa6
ffffff84
ffffff4e
ffffff46
ffffffa2
00000038
000000c4
00000096
000000b2
ffffff9c
fffffe4a
ffffff8e
ffffffc4
0000007e
00000016
fffffe40
fffffd8a
fffffe5c
ffffff44
fffffd14
fffffb12
fffffb9e
fffffee6
00000178
0000020c
00000140
ffffffd2
000000a4
00000076
00000038
ffffffe2
ffffff82
0000002e
ffffffca
fffffe3e
fffffe14
fffffe30
fffffff4
000000ee
00000286
0000030c
000002d8
000001ac
0000006c
ffffffa6
ffffffa6
ffffff51
fffffe09
fffffece
ffffff98
fffffe5c
fffffbf9
fffffbf9
fffffbf9
fffffbf9
fffffbf9
fffffbf9
fffffb3f
fffffb17
fffffb17
fffffb8b
fffffcd9
ffffff05
fffffdbf
fffffbf9
fffffbdd
fffffb35
fffffa8f
fffff9e3
fffff849
fffff88d
fffff899
fffff9dd
fffffb7d
fffffc73
fffffee3
fffffe6d
fffffe15
fffffc7f
fffffb19
fffffb97
fffffdd5
fffffc91
fffffe55
fffffd29
fffffb4f
fffffd41
fffffe4b
0000002b
fffffdbd
fffffbe3
fffffbd9
fffffc27
fffffcad
fffffc3f
fffffcb1
fffffbc5
fffffa85
fffff921
fffff95b
fffff7cb
fffffe51
fffffeeb
fffffe07
00000177
00000149
ffffff6f
fffffcef
fffffbf9
fffffbf9
fffffc18
fffffbf3
fffffc3f
fffffd1c
fffffe2a
ffffff4d
ffffff4d
ffffff4d
ffffff4d
ffffff4d
ffffff4d
ffffff97
000000b7
00000035
fffffe4d
fffffe99
ffffff4f
ffffff65
ffffff4d
ffffff0b
ffffff0b
ffffffc1
0000001b
00000171
0000023f
000002cd
00000243
0000019d
000001df
fffffeaf
fffffc21
fffffe6f
000000fd
000000e5
0000000d
000000a5
000002ed
00000277
00000131
00000007
fffffdf5
fffffd77
fffffe11
fffffecd
ffffff1d
ffffff75
00000039
fffffffd
ffffffb9
ffffff4b
fffffdfb
ffffff1f
00000321
00000125
000000cf
00000137
00000033
00000047
ffffffa9
fffffed3
fffffeb1
ffffff21
ffffff4d
ffffff4d
ffffff47
00000164
00000222
000001bf
00000282
00000132
00000132
00000132
00000132
00000132
00000132
00000114
00000016
00000014
0000022e
000000b8
000001b6
00000210
00000132
00000146
00000104
00000072
0000016c
ffffff8a
0000000a
ffffff04
ffffff10
fffffee0
fffffe1e
00000218
00000186
ffffff8a
fffffec4
000000b2
fffffc9e
00000110
0000009c
fffffe3c
fffffdce
fffffc98
000000d8
00000166
00000116
000001a2
00000100
000000ac
00000026
0000016a
000000d0
000000fc
000001a6
00000210
fffffca8
000002ac
fffffd70
ffffff02
0000017a
fffffed8
000001a2
00000352
00000188
0000018e
00000132
00000132
00000214
fffffe63
00000027
00000030
ffffffdd
ffffff8f
ffffff8f
ffffff8f
ffffff8f
ffffff8f
ffffff8f
ffffff75
ffffff29
ffffff8f
00000003
ffffff19
fffffedb
ffffff01
ffffff8f
ffffff43
ffffff13
ffffff7d
fffffe6f
fffffe49
fffffe63
fffffec9
fffffe9d
fffffe27
ffffff75
ffffffdb
fffffdf1
fffffe67
0000008d
ffffff61
ffffffb5
ffffff57
fffffd29
ffffff29
0000015f
00000375
00000345
ffffffa3
fffffee3
ffffffbd
0000000f
0000005d
000000f7
000000ad
00000055
00000015
fffffef1
fffffd0f
ffffff4f
ffffff2f
fffffd95
ffffff5b
fffffeb3
ffffffe3
ffffff1f
fffffd07
fffffe2f
ffffff41
ffffff8f
ffffff8f
fffffcd5
fffffceb
ffffff8a
ffffff1d
ffffff0a
00000005
00000005
00000005
00000005
00000005
00000005
ffffff71
0000014f
000002bb
0000020d
000001fd
ffffff47
fffffe85
00000005
ffffffed
ffffffe7
000000d1
0000009f
00000109
00000159
000002c3
000002e7
0000027d
000002cd
00000167
0000000d
0000002f
000000a1
00000495
00000493
000000cb
ffffff55
000000f7
0000042f
00000467
000000e3
fffffeed
fffffd3d
ffffff15
ffffffd7
ffffffdd
000000d7
00000083
ffffffdb
ffffff7d
fffffef9
fffffe15
000000c9
000000dd
000004d7
00000759
000005c5
000004cd
ffffffa3
fffffced
fffffe1b
ffffff4d
00000005
00000005
ffffff94
00000066
ffffffde
ffffffef
ffffffe9
000000b1
000000b1
000000b1
000000b1
000000b1
000000b1
000000c7
fffffff5
ffffffad
0000001f
00000159
000001b1
00000119
000000b1
000000cf
00000111
00000179
000002a7
0000030f
0000035f
00000353
0000036d
00000391
00000231
00000165
0000017f
00000193
00000147
0000016d
000002ef
000005a5
000005cb
000003b7
000001d7
00000131
0000018b
0000036d
00000323
000001d5
000000d5
00000135
00000155
00000117
000000fd
000000ab
000001b3
000002c7
0000016d
000000eb
000000a7
00000151
000001b9
00000299
00000239
00000175
00000117
000000e1
000000b1
000000b1
000000ca
000000b0
00000138
00000186
00000196
0000018c
0000018c
0000018c
0000018c
0000018c
0000018c
0000018e
000000d6
000000d8
00000058
ffffff98
00000022
00000080
0000018c
000001a4
000001ca
000001f0
0000024a
000002b2
0000029e
00000312
0000022c
0000014c
000000ca
000000c8
00000138
0000013a
000001e6
000001c0
000001a0
00000072
0000007c
0000015c
0000028c
00000252
ffffffc0
fffffdb4
fffffd36
ffffff48
00000120
000001ca
0000020a
00000214
00000228
000001c8
000001d2
000001e0
00000102
ffffffa6
ffffff9c
fffffe66
fffffefc
ffffff94
ffffff22
ffffffac
ffffff16
000000ea
0000018c
0000018c
00000161
00000160
000000d2
000000a0
ffffffd2
fffffe6e
fffffe6e
fffffe6e
fffffe6e
fffffe6e
fffffe6e
ffffffc0
fffffe4e
fffffcdc
fffffd66
fffffe66
fffffe5a
fffffe50
fffffe6e
fffffe7c
fffffe92
fffffe36
fffffe6a
ffffffc0
ffffff5e
fffffe9e
fffffddc
fffffe02
fffffd1c
fffffdc8
ffffffa0
00000020
fffffed4
fffffbaa
fffffe3c
0000004a
ffffff4c
fffffe04
fffffda0
ffffff52
000001e4
00000228
ffffffda
ffffff00
fffffe9c
fffffe10
fffffdfe
fffffdf8
fffffe3c
fffffe7c
ffffff42
ffffff6e
fffffe38
fffffce4
fffffde0
fffffc9e
fffffd8a
00000054
000000c8
0000006a
fffffeac
fffffe3e
fffffe6e
fffffe6e
fffffe76
fffffdf7
0000029f
000002c2
0000002f
fffffe2f
fffffe2f
fffffe2f
fffffe2f
fffffe2f
fffffe2f
ffffff67
fffffe65
fffffa69
fffffbb5
fffffe01
0000003f
fffffebb
fffffe2f
fffffe0d
fffffdaf
fffffcf9
fffffd29
fffffd39
fffffce1
fffffa6b
fffff9cd
fffffa67
fffffbe7
00000039
00000439
0000053f
fffffd29
fffff8cf
fffffcf5
0000035f
00000141
fffffbf5
fffff8bd
fffffbc1
0000023f
000004e9
000003f9
ffffffc9
fffffdad
fffffda7
fffffcd5
fffffd1f
fffffd8d
ffffff47
fffffe25
ffffff93
fffff7a3
fffff84d
fffffa95
ffffff67
fffffceb
ffffffed
000002d1
0000015f
00000055
fffffedf
fffffe2f
fffffe2f
ffffff2b
fffffe06
00000348
000002c0
000002df
000002a0
000002a0
000002a0
000002a0
000002a0
000002a0
0000025e
00000268
00000248
0000035c
00000242
00000152
000000e2
000002a0
000001fe
000000e8
ffffffe2
fffffdcc
fffffc9c
fffffe30
ffffff24
fffffff8
ffffffce
ffffffdc
00000162
0000006c
fffffe70
fffffdf8
000000a0
0000036e
ffffff6e
fffffccc
fffffe28
0000033a
0000095a
000009ba
000003ea
ffffff6a
ffffff72
000001b8
00000254
0000029a
0000036a
0000034a
000002bc
000000d2
fffffefe
fffffbf2
fffffe8a
ffffff56
000000f4
000003a6
000004c4
000003c6
000000aa
0000010c
000001b8
000002a0
000002a0
00000012
ffffff8f
fffffe50
fffffe9d
ffffff88
ffffffed
ffffffed
ffffffed
ffffffed
ffffffed
ffffffed
0000000d
0000000d
ffffff83
ffffff8d
ffffffb9
0000000d
0000001b
ffffffed
0000000d
00000015
ffffffd9
ffffff7d
ffffff2d
fffffefb
fffffe9d
fffffe83
fffffe47
fffffdb1
fffffd83
fffffde3
fffffee9
fffffffb
000000c5
ffffffb5
00000059
00000095
ffffff75
fffffe41
fffffd39
fffffde9
ffffff11
ffffff95
ffffff9f
00000005
00000015
00000023
00000013
00000009
ffffffd9
00000059
00000075
ffffffbd
fffffef7
fffffda3
fffffcab
fffffccf
fffffc81
fffffdc7
ffffff09
ffffffab
ffffffed
ffffffed
ffffffed
00000100
00000167
fffffe2c
fffffdb7
fffffd89
fffffd97
fffffd97
fffffd97
fffffd97
fffffd97
fffffd97
fffffd59
fffffdfb
fffffecf
fffffea3
fffffddb
fffffcbf
fffffd89
fffffd97
fffffda3
fffffd7b
fffffd4f
fffffd47
fffffcdb
fffffc9d
fffffe1b
fffffee7
fffffe85
fffffe05
fffffe29
fffffda7
fffffd21
ffffff25
00000243
0000010b
0000004f
ffffffbf
fffffeeb
00000119
000001cf
000001cd
fffffffb
fffffe85
ffffff0f
ffffffbf
fffffff1
ffffff89
ffffff59
ffffff93
fffffe87
fffffd3d
fffffd69
fffffd4d
fffffe8f
ffffff5b
fffffef1
000001a1
0000016b
ffffff15
fffffefd
fffffd73
fffffd89
fffffd97
fffffd97
fffffe55
fffffe62
fffffbc9
fffffbb0
fffffbe4
fffffc0b
fffffc0b
fffffc0b
fffffc0b
fffffc0b
fffffc0b
fffffb4b
fffffbdb
fffffc21
fffffbd7
fffffc1f
fffffc85
fffffbb3
fffffc0b
fffffbeb
fffffbf1
fffffccb
fffffd7f
fffffe69
fffffe95
fffffee3
fffffdb5
fffffd29
fffffed5
fffffe39
fffffca5
fffffdc7
0000013b
00000095
00000195
00000259
0000043d
000003df
0000038b
000001e1
ffffff97
fffffe27
fffffd4d
fffffe49
ffffff39
ffffff53
ffffff6b
ffffff05
fffffe7d
fffffcc5
fffffb3f
fffffbb7
fffffde1
fffffde3
00000057
00000259
000000b9
000000d9
fffffff9
fffffc81
fffffb19
fffffb83
fffffc0b
fffffc0b
fffffd37
ffffff1a
fffffdd8
00000045
000001ed
00000177
00000177
00000177
00000177
00000177
00000177
ffffffe5
0000003d
0000019f
0000011b
fffffff1
0000012b
00000221
00000177
0000018f
00000175
00000147
000002bf
00000183
00000151
0000011f
00000029
0000011b
00000071
000000af
fffffe27
fffffdeb
ffffffa3
ffffff43
fffffdf7
0000007f
00000239
00000431
0000030f
fffffd25
fffff967
fffff93f
fffffd55
ffffffe3
00000103
ffffff9f
ffffff55
0000003f
000000db
000001c5
000001f9
000003f1
0000043f
000002f7
fffffcf9
fffffc15
fffffbf9
fffffaeb
fffffdb3
00000145
0000009d
000001c9
00000177
00000177
000003ee
00000464
fffffeb8
ffffff1e
fffffed9
fffffe7e
fffffe7e
fffffe7e
fffffe7e
fffffe7e
fffffe7e
fffffe32
fffffeea
ffffffec
fffffee6
fffffeec
00000064
fffffe6c
fffffe7e
fffffeec
ffffff3c
ffffff3a
fffffde6
fffffb58
fffff9da
fffff9e2
fffffb06
fffffc90
fffffea2
ffffff48
0000002a
00000074
0000003a
00000358
0000036a
000004c0
00000102
fffffdec
ffffff14
fffffed8
fffffd58
fffffda4
fffffdda
fffffde6
fffffe9a
fffffde6
fffffe84
ffffff1a
ffffff0c
ffffff24
fffffedc
fffffd1e
fffffc9a
fffffd20
fffffe92
00000628
0000063e
ffffffda
fffffc52
fffffafa
fffffbe2
fffffe0a
fffffe7e
fffffe7e
00000057
0000005b
00000185
000001ea
00000217
00000310
00000310
00000310
00000310
00000310
00000310
00000292
0000020a
000001f6
00000216
0000032e
00000348
0000022e
00000310
000002de
000002c6
000002c8
0000030c
00000364
000002c6
00000348
0000031c
00000320
00000444
00000418
00000396
000002a2
000001b6
000000ee
0000021c
00000364
000002f6
00000170
000001da
00000296
00000276
00000262
00000080
00000070
000001fa
00000176
000000fc
000000d2
00000222
000002ee
0000026e
000002a0
000002f8
000000b8
0000026c
0000001a
fffffd8a
ffffffd4
000000b0
ffffffda
000001a6
00000264
00000310
00000310
00000217
000001e6
ffffff15
ffffff64
fffffe0b
fffffff8
fffffff8
fffffff8
fffffff8
fffffff8
fffffff8
00000014
0000010a
ffffff18
fffffe06
ffffff04
000000ec
ffffff60
fffffff8
00000004
00000078
00000004
00000060
0000017a
0000008a
000000d2
000000e4
ffffffb8
ffffffe4
ffffff56
0000014a
000003ce
0000006e
fffffee2
fffffd9e
0000019a
00000232
0000020c
00000044
000000ae
0000027a
000003fc
00000226
ffffffd2
0000007e
00000108
00000072
ffffff9a
ffffff32
ffffffe6
ffffffba
00000268
00000248
ffffff66
000001a0
00000298
ffffff18
ffffff76
000000ae
00000058
ffffffc4
ffffff08
fffffff8
fffffff8
00000055
0000004e
fffffe4e
fffffecf
fffffefa
fffffef4
fffffef4
fffffef4
fffffef4
fffffef4
fffffef4
ffffffbc
ffffff48
fffffe4a
fffffde6
fffffdac
fffffe32
fffffe66
fffffef4
ffffff16
fffffef8
fffffeb6
fffffe88
fffffe9c
fffffedc
ffffff24
fffffe72
fffffd0e
fffffad8
fffffaa8
fffffc36
fffffdb2
fffffcd0
fffffc0c
fffffdd6
ffffff76
fffffe96
fffffd72
fffffec0
0000017e
000002f8
00000142
fffffeca
fffffde0
fffffe5e
fffffe3a
fffffde4
fffffe46
fffffee0
ffffff46
ffffffd0
0000003e
fffffd0c
fffffbb0
fffffb5c
fffffc42
fffffcfe
fffffee4
ffffff9a
fffffec6
fffffeb4
fffffec2
fffffef4
fffffef4
00000026
0000009c
fffffebd
fffffef1
000000c5
00000262
00000262
00000262
00000262
00000262
00000262
00000292
ffffffea
0000014e
000002f4
000001fe
000001b0
00000092
00000262
0000023c
000001e0
00000190
000000d4
000000de
00000022
ffffffd2
00000154
0000022e
00000338
00000490
000002ae
000000ee
00000124
00000442
000004ae
00000456
000004bc
00000234
0000026e
00000646
000004a8
00000272
0000000a
000000f8
00000326
00000252
00000282
00000352
000002f6
0000029e
0000028a
ffffffaa
ffffff56
00000186
00000092
ffffffa2
00000118
0000016e
00000058
fffffed8
ffffffc0
00000150
00000262
00000262
000003cc
00000359
fffffe48
fffffebc
fffffe8d
fffffde0
fffffde0
fffffde0
fffffde0
fffffde0
fffffde0
fffffeb4
ffffff9a
ffffff8e
fffffdf2
fffffc6c
fffffd0e
fffffe5a
fffffde0
fffffe24
fffffe66
fffffea6
fffffec6
ffffff52
00000088
fffffffa
000000b0
ffffffa8
fffffd6a
fffffcd8
fffffb58
fffffe68
00000084
0000014c
fffffcc8
fffffc7c
fffffeac
0000015a
ffffff36
fffffc98
fffffd70
ffffff30
0000011e
0000013a
ffffffda
0000001c
0000008a
ffffff94
fffffdf6
fffffd94
ffffff0c
ffffff54
00000182
0000030c
ffffff2e
ffffffe8
fffffebe
fffffaec
fffffb84
fffffe1c
fffffe5a
fffffe52
fffffde0
fffffde0
fffffe36
fffffddf
fffffe6a
fffffe33
fffffe11
ffffffc2
ffffffc2
ffffffc2
ffffffc2
ffffffc2
ffffffc2
ffffff92
000000d0
00000100
00000050
ffffff68
fffffff4
ffffff58
ffffffc2
ffffffe4
0000000e
0000001e
00000006
ffffff32
ffffff74
ffffffac
ffffff42
ffffff62
fffffffa
fffffff0
fffffffe
00000002
ffffff92
00000116
ffffff44
fffffe2e
fffffdc8
fffffedc
fffffdf8
fffffe94
fffffcb2
fffffc56
fffffdf8
fffffe64
ffffff86
ffffff24
ffffff14
ffffff3e
ffffff10
ffffff54
0000001a
0000000c
00000138
000002ba
000001b6
00000186
00000098
fffffe8c
fffffd9a
fffffd78
fffffeb6
ffffff54
ffffffc2
ffffffc2
000000cc
0000010b
ffffff07
ffffff91
000000e8
000001a1
000001a1
000001a1
000001a1
000001a1
000001a1
00000175
00000139
000003dd
000002c1
000001d7
000000a7
00000141
000001a1
000001d7
0000025b
0000030b
0000029d
000002a3
00000423
000005e3
000005dd
000005ef
000004e7
000001c7
0000014d
0000029f
00000803
00000b07
000009b1
0000054d
0000037b
00000489
00000813
000007dd
0000046d
00000113
00000027
00000109
0000019b
00000277
00000405
00000453
000003a5
0000029f
000001e7
000001a3
000003d5
0000044b
0000048f
0000061b
00000733
00000491
0000015d
fffffff7
fffffffd
00000183
000001a1
000001a1
000000d9
000001b3
fffffdc9
fffffce3
fffffd5d
fffffde8
fffffde8
fffffde8
fffffde8
fffffde8
fffffde8
fffffcea
fffffd80
fffffed6
fffffdfe
fffffdcc
fffffdea
fffffe04
fffffde8
fffffdae
fffffd7e
fffffda8
fffffd88
fffffd96
fffffd5a
fffffe08
fffffde0
fffffe1c
00000074
fffffff8
fffffe70
fffffece
000001f4
0000022e
000000ac
00000094
0000023e
00000398
000003de
00000252
00000066
000000be
000001e6
000002d8
000002b6
000001aa
00000128
ffffff9c
fffffeb4
fffffe12
fffffcc0
fffffc74
00000086
00000062
000000b2
00000240
000000a2
fffffe8c
fffffe18
fffffdd2
fffffd98
fffffdee
fffffde8
fffffde8
fffffd35
fffffe4a
000000c6
0000018d
000003c0
00000447
00000447
00000447
00000447
00000447
00000447
000003fb
000003bb
000002cf
000002a7
00000495
00000505
00000327
00000447
000003bb
000002ab
00000191
ffffffe9
fffffe15
fffffdf5
fffffea9
fffffecf
0000000d
00000233
000003eb
000004b9
000002b5
00000115
000001b9
000001af
0000026b
000000f9
ffffff21
0000006f
000001af
0000033d
00000347
0000013d
0000021d
000003f3
00000339
00000207
00000201
00000275
000003f3
00000303
00000133
ffffff85
ffffffef
000000d7
000000d1
fffffce1
fffffe71
00000143
000000cf
0000027d
000003d5
00000447
00000447
00000465
00000457
00000094
00000129
0000006f
fffffed6
fffffed6
fffffed6
fffffed6
fffffed6
fffffed6
ffffff04
ffffff2c
fffffe8c
fffffe30
fffffe26
fffffe5c
ffffff56
fffffed6
fffffeb0
fffffea2
fffffeac
fffffe56
ffffff20
ffffffb4
ffffff90
ffffffac
ffffff70
ffffff96
ffffff78
ffffff84
00000024
00000164
ffffff90
ffffff2a
fffffe8c
0000006c
00000194
000000bc
0000004e
000001b6
000002fc
000002d4
00000212
00000076
000000ac
000000d2
0000006a
0000000a
ffffff3e
fffffe7a
ffffff0c
00000030
fffffec2
fffffee8
ffffff56
ffffff14
ffffffb2
ffffffec
0000011a
00000004
ffffff3c
fffffed6
fffffed6
fffffe2c
fffffeb7
0000003f
ffffff8d
fffffef0
ffffff3d
ffffff3d
ffffff3d
ffffff3d
ffffff3d
ffffff3d
fffffff7
fffffe8d
fffffea3
00000135
00000129
0000002d
ffffff41
ffffff3d
ffffff07
ffffff2f
00000095
0000020b
000003bd
00000321
000002b1
0000011f
000000b1
ffffff85
ffffff15
fffffe0d
fffffdd7
ffffffad
00000191
00000595
00000451
00000489
00000153
00000177
00000307
00000223
fffffe15
fffffc07
fffffe57
0000006f
00000087
0000014f
000001f7
000001d5
ffffffd3
00000023
0000001b
0000007d
000002cd
00000421
000001c9
0000056d
00000791
00000409
00000015
fffffd77
fffffe9b
ffffff3d
ffffff3d
ffffff42
ffffff51
00000380
0000036a
00000078
00000033
00000033
00000033
00000033
00000033
00000033
000000f5
000000c9
fffffcf9
fffffdc5
000000c3
0000024f
0000002f
00000033
00000053
ffffffcb
ffffff1d
ffffff6f
ffffff4b
fffffe0d
fffffc69
fffffbc1
fffffb73
fffffb6f
fffffce1
000000b1
0000017f
fffffbf9
fffffc4f
ffffff35
000002c3
00000087
fffffe0d
fffffc51
fffffc03
fffffdb1
fffffefb
ffffff13
fffffe85
ffffffb3
0000009b
00000063
000000b5
000000af
000000ed
000000c9
000000bd
fffffa95
fffff8cf
fffffc37
fffffeb1
ffffff35
00000113
000002fb
000000cf
ffffffd1
ffffff87
00000033
00000033
fffffff0
fffffdd0
00000120
0000008e
00000032
0000004e
0000004e
0000004e
0000004e
0000004e
0000004e
0000003c
00000038
0000006c
00000090
00000064
0000003c
0000006c
0000004e
00000022
00000048
00000042
fffffff2
ffffffc6
ffffffae
ffffff44
fffffefa
fffffe70
fffffe42
fffffe22
fffffe06
fffffe14
fffffd28
fffffcf4
fffffd32
fffffc88
fffffcf0
fffffd56
fffffdd2
fffffe20
fffffd20
fffffdb4
fffffe1c
fffffe4e
fffffda2
fffffe2e
fffffea4
fffffede
ffffff2a
ffffff80
ffffffc8
ffffffa6
ffffff66
fffffe44
fffffd3c
fffffcca
fffffe26
ffffff4a
ffffffba
000000a2
00000062
00000066
0000004e
0000004e
fffffeef
fffffef2
00000038
00000017
000000de
000001a6
000001a6
000001a6
000001a6
000001a6
000001a6
0000004c
00000190
000002e4
000002a6
00000224
0000000e
000000d2
000001a6
0000017c
0000019a
000001a0
0000016a
000000de
fffffff0
00000108
000001aa
000002b4
0000027a
ffffffbc
fffffe48
fffffdf2
000000d8
0000032a
00000170
fffffe60
ffffff8c
00000136
0000032a
00000260
000000da
ffffff90
ffffff38
000000c2
000001b4
000001e6
00000240
00000290
0000029a
000001c2
0000005e
00000110
000003be
000001fa
00000176
00000054
000000ae
000001c6
ffffffe6
ffffffda
00000088
0000015a
000001a6
000001a6
0000010b
000001f4
fffffe4d
ffffff3a
00000022
00000040
00000040
00000040
00000040
00000040
00000040
ffffffe0
ffffff92
fffffe48
fffffdbe
ffffff7a
0000013c
0000009a
00000040
ffffffe2
ffffffb4
ffffffe4
00000012
000001d8
000002e8
000002b4
000000cc
00000112
00000346
0000047c
000003a6
00000416
00000474
000002f6
00000394
000005d4
0000076a
00000644
00000528
00000432
000003a8
00000290
00000228
000002a0
000002b8
0000025a
000001a0
0000011e
00000180
000000e0
fffffeb6
ffffff5c
00000064
fffffe78
fffffee4
ffffff9a
ffffff9a
000002ae
000003de
000002e6
ffffffe8
00000092
00000040
00000040
00000062
00000185
fffffc93
fffffc8e
fffffda2
fffffe47
fffffe47
fffffe47
fffffe47
fffffe47
fffffe47
fffffe19
fffffddd
fffffd8d
fffffdef
fffffd8b
fffffe31
fffffdfd
fffffe47
fffffe8d
ffffff1b
ffffff81
0000004f
00000165
0000029f
000003cd
00000379
00000221
00000167
fffffff1
ffffff5f
ffffffeb
00000111
ffffff89
fffffe13
fffffe91
ffffff0f
00000177
00000313
00000415
000002ed
ffffff55
fffffd3b
fffffdeb
fffffeff
fffffed5
fffffedb
fffffe41
fffffdad
fffffdc3
fffffe69
0000000f
0000031f
0000030d
00000107
fffffdd3
fffffdc3
fffffe6d
0000000b
ffffffbd
fffffe3b
fffffe03
fffffe47
fffffe47
ffffff0c
00000058
00000091
ffffffdc
ffffff86
00000105
00000105
00000105
00000105
00000105
00000105
ffffff55
000002c7
000002c9
00000091
00000117
ffffff57
ffffffb7
00000105
00000121
000001c1
00000181
0000016f
0000008b
ffffffe3
0000012f
ffffffff
00000079
000001c3
fffffcef
fffffe5f
ffffffa9
0000004f
00000229
000002f7
fffffed1
ffffffdd
0000020b
000003eb
0000032d
fffffdc3
fffffc6b
fffffc57
fffffe65
0000011b
00000157
0000019b
000001cf
000001cb
000000e1
ffffffb5
0000017f
000004a5
fffffea7
0000033d
0000000b
fffffefd
000001c1
fffffee9
ffffff75
ffffff45
0000005f
00000105
00000105
0000008e
0000033f
00000213
000002ab
00000171
00000302
00000302
00000302
00000302
00000302
00000302
00000212
000003b4
00000410
00000358
00000504
000002d0
00000154
00000302
000002d4
00000284
000001c8
000000fa
ffffff72
ffffff22
ffffff2e
ffffff8e
000000b2
000004b4
00000518
0000047c
00000560
0000016a
00000452
000005da
0000042c
fffffe6e
fffffcd2
ffffff64
0000021c
0000007c
fffffdf6
fffffd2c
ffffff86
0000021e
000001d2
000001ea
000001e2
00000274
00000250
00000060
ffffffc2
00000100
0000007a
0000048a
000005b4
0000016a
0000043e
000002c4
fffffeb0
0000017c
00000288
00000302
00000302
0000027f
000001eb
fffffe88
fffffff5
000000b5
000001c6
000001c6
000001c6
000001c6
000001c6
000001c6
000001a6
000002c2
00000216
000001b6
0000029a
000001a0
00000096
000001c6
000001c2
0000019e
00000160
0000019e
00000204
000001ee
00000226
0000021e
00000268
00000448
000003fe
0000044a
000004b0
0000020a
000000aa
00000130
000001bc
000000de
ffffff2c
00000024
00000012
000000b4
0000001a
ffffff36
ffffffea
00000212
00000178
00000102
000000c6
000000b8
0000014e
00000106
000001aa
000003a8
00000358
0000045e
0000042a
00000036
00000190
00000162
ffffff0c
000000ca
0000014a
000001c6
000001c6
00000242
0000038a
fffffe56
fffffbb5
fffffc13
fffffc28
fffffc28
fffffc28
fffffc28
fffffc28
fffffc28
fffffcc8
fffffb94
fffffb6e
fffffcd8
fffffdba
fffffd98
fffffdd8
fffffc28
fffffc50
fffffb72
fffffb50
fffffc2c
fffffbac
fffffb40
fffffc3c
fffffcde
fffffd9a
fffffc4e
fffffd6a
fffffd88
fffffbde
fffffbc0
fffffb20
fffffd74
ffffffb6
fffffee4
fffffdde
fffffc3e
fffffc72
ffffff5e
fffffea8
fffffce0
fffffc78
fffffbc6
fffffbf2
fffffc80
fffffce4
fffffd82
fffffcb8
fffffd96
fffffd14
fffff9dc
fffffbb0
fffffc8e
fffffbc2
fffffec8
fffffe6c
fffffe2e
ffffff6c
fffffcf8
fffffc7c
fffffc28
fffffc28
fffffc57
fffffc06
00000041
ffffffd9
ffffff66
fffffead
fffffead
fffffead
fffffead
fffffead
fffffead
fffffe05
fffffccf
fffffd4b
ffffff27
ffffff7f
ffffff0b
fffffe79
fffffead
fffffee1
ffffff11
fffffe6f
fffffdf5
fffffce9
fffffbd7
fffffb77
fffffced
fffffdbd
fffffe19
ffffff4b
00000111
000000ad
00000027
ffffff3d
ffffff45
fffffe69
fffffb91
fffffbdd
fffffd33
fffffc9f
fffffb89
fffffc01
fffffd55
fffffdef
ffffff17
ffffff4b
ffffff4d
ffffff23
fffffef5
fffffef9
ffffff85
ffffff61
fffffeab
fffffdc1
fffffcab
fffffcdb
fffffc53
fffffbd1
fffffccb
fffffd8b
fffffe31
fffffeb7
fffffead
fffffead
fffffe1c
fffffddf
00000329
0000025f
0000013b
000001fb
000001fb
000001fb
000001fb
000001fb
000001fb
fffffe93
fffffd05
fffffdcb
0000004b
0000039d
00000255
000001d3
000001fb
00000221
0000022f
00000365
0000041d
00000423
0000030b
000003d5
00000531
000007b5
00000a7d
000009dd
00000889
000004df
00000479
000006b9
00000a9b
000009d5
00000977
000007f3
00000891
000008f9
00000741
000006e3
00000515
00000289
000001cd
000001d9
000002c1
00000277
00000317
000002e9
0000009d
ffffff51
0000003f
ffffff95
00000387
0000085b
0000089f
00000b49
0000081f
00000539
0000039b
000002c1
000001fb
000001fb
ffffffd6
ffffff85
00000561
000003cb
000001f6
00000121
00000121
00000121
00000121
00000121
00000121
0000011b
fffffd8b
00000011
00000357
00000223
00000219
0000015d
00000121
0000010f
0000004b
0000008d
00000027
fffffdfd
fffffc11
fffffa87
fffffcaf
fffffe43
fffffeb1
0000058d
000005a1
0000004d
ffffff19
00000359
00000555
0000051b
000000cd
fffffe7b
fffffe23
00000141
000003c9
0000038b
000002f9
00000139
000000e9
0000017f
00000223
00000299
0000020b
000001cd
0000027d
fffffb9d
fffff731
fffffd3f
fffffca1
0000027b
00000705
000006cd
000005eb
00000379
0000022f
00000197
00000121
00000121
ffffffe8
fffffb13
fffffeb8
ffffffef
0000004a
fffffff1
fffffff1
fffffff1
fffffff1
fffffff1
fffffff1
00000087
ffffffa5
fffffee5
ffffff2b
0000003f
000000d5
ffffffe1
fffffff1
00000021
00000023
00000049
00000059
0000003d
000000cf
ffffffb1
0000005d
0000002b
fffffee5
00000007
00000103
00000305
00000181
fffffefb
000000a1
00000409
000004bd
0000015f
ffffff81
00000111
000003e3
00000449
000002c3
00000055
0000009d
0000006b
0000001d
ffffffab
ffffffa7
00000003
00000107
0000011b
ffffff81
ffffff63
fffffe95
00000145
ffffffa1
ffffff67
0000019d
000000cb
000000f7
0000002b
fffffff1
fffffff1
000000d5
0000010b
000000ac
000000f8
00000075
00000030
00000030
00000030
00000030
00000030
00000030
0000006a
0000011e
00000150
000000e6
00000058
ffffff5e
ffffffd4
00000030
00000032
00000006
ffffffcc
ffffff26
fffffeac
00000050
000000e6
00000252
0000024a
00000188
0000015e
000000e6
000001e8
00000234
0000032a
000002c4
000000fa
fffffe22
fffffbd0
fffffcea
ffffff18
00000052
00000144
00000108
ffffffd6
ffffff5e
ffffff66
ffffffe6
0000002e
0000001c
0000002a
00000018
ffffff60
ffffff96
00000034
ffffffc8
00000194
0000017a
0000014e
0000016e
000000ec
0000015a
000000bc
00000030
00000030
000000aa
ffffffe1
00000074
ffffff8d
ffffff61
ffffff64
ffffff64
ffffff64
ffffff64
ffffff64
ffffff64
ffffff4a
fffffe3e
fffffcae
fffffda0
fffffed6
ffffff54
ffffff7a
ffffff64
ffffff6c
ffffffa6
ffffffbe
00000040
000000c4
ffffff7c
fffffe9e
fffffdce
fffffe50
fffffe86
ffffffa6
000001fa
0000021c
000000e6
ffffff1c
00000020
000002a8
000004a8
000003e2
00000222
0000001a
00000038
00000200
0000027c
00000256
0000022a
000001b0
000000bc
ffffffe8
ffffff50
ffffff4a
fffffff6
000000ae
ffffff0e
fffffda8
fffffed2
fffffc3a
fffffb86
fffffc0c
fffffcac
fffffdd6
fffffe8a
ffffff44
ffffff64
ffffff64
ffffffbf
ffffff86
00000081
ffffff96
0000026d
00000116
00000116
00000116
00000116
00000116
00000116
0000016a
0000017c
00000198
00000142
0000007a
ffffff54
00000186
00000116
00000110
00000146
0000012e
00000136
0000013e
0000005c
0000016c
ffffffd4
ffffff04
fffffd92
fffffdaa
fffffe84
fffffdce
ffffffb2
000000b8
fffffffe
fffffcc6
fffffe42
00000002
000002fc
fffffeb6
fffffd92
ffffff0c
fffffee8
00000174
00000054
000000ca
00000116
00000116
00000144
000000a8
00000106
000000ee
000000ce
00000098
000001e8
fffffed0
0000023c
ffffff4a
fffffd96
ffffffec
ffffff8c
00000166
00000116
00000116
00000117
00000117
00000002
fffffdf7
fffffdee
ffffff46
ffffff46
ffffff46
ffffff46
ffffff46
ffffff46
ffffff48
fffffd50
fffffd94
ffffff64
0000003a
fffffe74
fffffe78
ffffff46
ffffff14
ffffff0c
fffffeba
00000000
00000076
ffffffd2
000000c8
00000000
0000007e
fffffec2
00000052
00000168
fffffeb4
fffffbb4
fffffea8
000001ae
fffffe90
ffffffc0
ffffff90
0000015e
0000031a
0000019e
00000020
fffffd2a
fffffe8e
ffffffbe
ffffff34
ffffff20
ffffff66
00000008
fffffe94
000000de
0000000a
fffffe16
fffffee0
0000029a
fffffbea
fffffefe
0000019c
fffffed2
fffffe56
fffffd52
fffffeb0
ffffff46
ffffff46
ffffff56
00000015
0000019e
00000137
ffffff31
fffffff7
fffffff7
fffffff7
fffffff7
fffffff7
fffffff7
000000b7
000000db
ffffffa9
fffffdf9
00000243
000001c5
ffffffaf
fffffff7
ffffffd7
0000000b
fffffed9
fffffd41
fffffecb
fffffa83
fffffa77
fffffb33
fffffb7f
fffffd57
fffffab5
ffffff8f
00000077
fffffcf1
fffff9d7
fffffd8d
ffffffa3
000000e5
fffffac7
fffffa35
fffffc41
fffffe8b
0000018f
ffffff05
fffffe4f
ffffffcd
000000e1
0000005d
ffffff09
000000d5
000000d7
ffffff45
00000003
0000010d
fffff831
0000005d
fffffc7f
fffff84f
fffffe3b
ffffff65
fffffe47
fffffe77
ffffff17
fffffff7
fffffff7
ffffff16
00000063
ffffff2b
00000047
fffffe96
ffffff6b
ffffff6b
ffffff6b
ffffff6b
ffffff6b
ffffff6b
fffffebf
fffffe49
000001a1
00000045
fffffed3
fffffffd
fffffefd
ffffff6b
ffffff43
ffffff49
ffffffa1
fffffefd
ffffff0d
ffffff89
fffffed7
00000045
ffffffeb
0000015b
000001dd
fffffdbd
ffffff4b
000000a9
0000014b
ffffffe7
fffffecd
ffffff39
0000015f
ffffff3f
0000011f
ffffff09
ffffff73
00000027
fffffefb
ffffff9f
ffffff25
ffffffbb
ffffff1f
ffffff7d
ffffff45
fffffeed
fffffcdb
00000149
0000010b
fffffe47
000002a9
000000e5
ffffff25
ffffffe3
fffffef1
ffffffb7
ffffff01
ffffff6b
ffffff6b
fffffdfb
fffffe13
00000328
00000332
000002f0
000002a3
000002a3
000002a3
000002a3
000002a3
000002a3
0000028d
00000247
000001d1
0000023d
00000263
00000283
0000029b
000002a3
000002bd
000002b9
00000305
00000257
00000253
00000225
000002bd
0000033d
000002a9
00000139
00000095
000000c3
00000075
000000e3
00000081
00000067
0000004d
fffffd45
fffffdb7
ffffff8b
0000004d
00000199
0000025d
000001bb
00000075
ffffff8f
00000103
0000021f
000002a3
00000317
000002f7
00000283
00000217
00000057
ffffff89
ffffffc9
000000b7
000001f9
00000341
000003ef
00000323
0000031d
000002a1
000002a3
000002a3
00000108
ffffff2e
fffffe97
fffffe0d
fffffe95
ffffff91
ffffff91
ffffff91
ffffff91
ffffff91
ffffff91
ffffff15
fffffd37
fffffe2f
0000017f
0000006d
00000037
ffffff6d
ffffff91
ffffffb7
000000ad
00000203
00000241
000001ff
00000111
ffffff47
ffffff11
00000121
00000397
000004af
0000012b
00000183
000002bb
000005fd
000007a7
00000673
00000429
000003c5
0000054f
00000541
00000257
fffffee7
fffffe81
ffffff59
ffffffa3
fffffec9
fffffff1
000000bd
000000df
0000003b
ffffff03
fffffea1
0000002b
000004b3
000004a5
00000441
0000042d
000001f5
fffffe65
fffffd2d
fffffd8f
ffffff73
ffffff91
ffffff91
ffffff12
fffffe57
fffffd63
fffffd21
fffffdd8
fffffead
fffffead
fffffead
fffffead
fffffead
fffffead
00000101
fffffe41
fffffc77
fffffd8b
fffffe75
fffffeeb
ffffff13
fffffead
ffffff71
ffffffe3
fffffff7
000001a1
00000171
0000008f
fffffdad
fffff9ef
fffff8f3
fffff443
fffff797
fffffe0f
fffffedf
fffffbfb
fffffbaf
fffffc6d
00000119
00000085
fffffee9
fffffb0b
fffff6e9
fffff935
fffffb83
fffffd51
ffffffb7
ffffffb5
ffffff5b
fffffeb1
fffffee9
fffffe95
fffffdfb
0000042d
00000551
fffffda9
ffffffe9
fffffe91
fffff667
fffff61d
fffff5c9
fffff7cf
fffffb47
fffffc7f
fffffead
fffffead
fffffead
000002b5
00000260
00000246
00000246
000001d8
0000021b
0000021b
0000021b
0000021b
0000021b
0000021b
0000024d
00000149
00000091
0000018b
000002bb
00000351
0000029d
0000021b
0000021f
0000022b
0000023d
00000281
00000369
000002d7
00000221
000000f9
000000e1
00000021
ffffffab
00000079
00000133
00000093
ffffff41
000000a7
00000225
000003f7
00000201
fffffea3
fffffec7
00000063
00000181
00000145
00000105
000001a3
000001e3
00000205
00000209
00000203
00000201
0000025f
00000361
00000161
ffffffa9
0000006f
ffffffcd
00000077
00000329
000003ab
000003df
0000023d
0000020f
0000021b
0000021b
00000146
000000c7
ffffffac
00000006
0000002b
ffffffc1
ffffffc1
ffffffc1
ffffffc1
ffffffc1
ffffffc1
ffffff45
ffffff5b
ffffff8d
fffffee1
fffffeb3
fffffef3
fffffeb7
ffffffc1
ffffff8b
ffffff4b
ffffff35
00000059
0000003d
0000026f
000002e9
00000277
00000203
0000033f
00000319
000001bd
0000018d
ffffffc1
ffffff01
fffffe73
0000002d
fffffefb
00000423
00000773
00000611
0000017b
fffffe25
fffffdfd
ffffffbb
ffffff53
ffffff87
ffffffa9
00000031
00000013
ffffff79
ffffff33
ffffff99
00000143
00000083
fffffe27
fffffe49
fffffc01
fffffc9f
fffffe83
fffffe51
fffffebb
ffffff7d
ffffffc1
ffffffc1
ffffff59
ffffff6d
fffffed7
fffffe76
fffffe3b
fffffd17
fffffd17
fffffd17
fffffd17
fffffd17
fffffd17
fffffc49
fffffcb3
fffffe45
fffffd9b
fffffd61
fffffea3
fffffd19
fffffd17
fffffcad
fffffcb1
fffffca3
fffffc17
fffffcaf
fffffd91
fffffe59
ffffff35
ffffff4d
0000036d
000002dd
000001fd
000001ef
000003cb
000000c9
000001c1
00000161
ffffff79
fffffe2d
ffffffa9
000002bf
0000014f
0000000f
ffffff57
fffffd6f
fffffcbf
fffffd57
fffffd71
fffffd65
fffffd63
fffffd5f
fffffb07
fffffa3b
fffffdb3
fffffcdb
ffffff3d
00000667
0000057f
000003b3
00000295
0000005b
fffffe75
fffffd6d
fffffd17
fffffd17
fffffac6
fffffd2d
000000ae
000000af
000000c9
0000009e
0000009e
0000009e
0000009e
0000009e
0000009e
000000b4
00000056
00000006
0000001e
0000004c
00000058
000000d8
0000009e
000000a2
000000c8
0000011a
000001cc
00000262
0000021e
000000ce
fffffffc
ffffff84
ffffffd8
00000110
000001d0
0000024a
0000016c
ffffff58
00000024
000000ba
00000184
00000182
00000084
ffffffc6
ffffff96
00000060
0000019c
00000136
0000008c
000000d0
000000ac
00000064
00000068
000000d0
000000a4
0000006e
00000040
ffffff9e
ffffffea
00000104
000000ca
0000020a
00000224
00000196
0000014c
000000e2
0000009e
0000009e
fffffff3
ffffffbd
ffffffce
ffffff26
fffffdfc
fffffdab
fffffdab
fffffdab
fffffdab
fffffdab
fffffdab
fffffc95
fffffe0f
fffffe0f
fffffddf
fffffdcd
fffffb79
fffffcd7
fffffdab
fffffe61
ffffff59
ffffff7b
00000045
fffffeb1
fffffdb9
fffffd3b
fffffe3f
ffffffd9
000000c7
00000033
ffffff61
ffffffc3
fffffda7
fffffdad
fffffd25
fffffcb3
fffffe71
0000013b
00000237
000000d5
fffffec7
fffffe37
fffffdf9
fffffd89
fffffcc3
fffffbd9
fffffb93
fffffb77
fffffc55
fffffd11
fffffda5
ffffff07
0000006f
ffffff27
ffffff83
fffffd1b
fffff9af
fffff86f
fffff98b
fffffba7
fffffd33
fffffd89
fffffdab
fffffdab
fffffd94
fffffdbb
00000083
ffffffe1
00000288
00000373
00000373
00000373
00000373
00000373
00000373
00000381
000002f3
00000367
00000539
00000501
00000281
00000207
00000373
00000337
0000034b
00000315
000002fd
0000031d
00000363
000003dd
00000457
0000049d
00000409
000003a5
00000443
000002c9
000002e1
0000041d
00000493
000002e9
0000025d
000000b5
0000034d
00000483
00000591
000003cd
000000d7
00000175
000003f3
0000045d
00000419
000003a1
000002dd
000002b3
00000291
0000030b
000002e9
00000431
000005bf
00000577
00000633
00000503
00000215
0000008f
00000211
000002eb
00000373
00000373
00000287
000002b4
0000000b
000000ce
000000f5
0000007c
0000007c
0000007c
0000007c
0000007c
0000007c
0000007a
00000144
0000018c
00000088
fffffe82
ffffffe0
000000d6
0000007c
00000058
00000008
ffffff62
fffffee4
fffffe0e
fffffde0
fffffd94
fffffe36
fffffe8a
fffffe34
fffffe32
fffffd78
fffffe26
fffffebc
fffffee2
fffffc62
fffffda8
fffffcce
fffffd38
fffffe1a
fffffda4
fffffd9c
fffffdf6
0000004e
00000060
0000002a
000000a6
000000c8
00000080
00000022
0000003c
0000003a
00000056
ffffff98
ffffffbc
fffffbae
fffffd90
fffffe8e
fffffd60
ffffff2e
0000009c
00000160
000000e0
0000007c
0000007c
0000004c
ffffff7e
0000015a
000001c6
00000244
0000029a
0000029a
0000029a
0000029a
0000029a
0000029a
000002ee
000001b0
00000294
000003ca
000002b6
000001ac
0000028e
0000029a
000002b2
0000027c
000002ce
000002de
0000031a
0000034c
000003c4
0000053a
0000056a
000003e8
00000532
00000630
000003da
00000348
0000041c
000004ba
00000354
00000312
000000d6
00000002
0000020c
0000035c
000003f8
00000332
0000026a
000002d2
000001f8
000001ee
000002b8
000002f4
000002f6
00000442
0000028c
000000b2
00000354
00000494
00000474
0000053a
0000052a
000003cc
000003e6
000003e8
00000308
0000029a
0000029a
0000038f
000002ec
000000e8
0000000b
ffffff5a
ffffff91
ffffff91
ffffff91
ffffff91
ffffff91
ffffff91
fffffeef
ffffffb1
ffffff9b
00000067
fffffffb
ffffffb1
ffffff61
ffffff91
ffffffe9
00000083
00000129
000000a3
ffffffd1
fffffe1d
fffffe31
fffffecf
00000087
000004c7
000003b7
00000157
000001bf
000003c3
000005e1
000004eb
00000227
00000009
ffffffb5
00000067
ffffff6f
fffffd59
fffffd2b
fffffdf3
fffffee5
fffffecb
fffffe25
ffffff0d
000000e9
000000f1
fffffffb
fffffda9
fffffcdf
00000139
000002f5
00000303
0000026d
0000022d
0000008b
fffffe07
fffffcfd
fffffd9d
ffffff49
ffffff91
ffffff91
fffffe23
fffffe28
000003b1
000000d2
ffffff86
fffffe8d
fffffe8d
fffffe8d
fffffe8d
fffffe8d
fffffe8d
fffffee3
fffffd69
fffffd19
fffffe1d
ffffff4b
ffffff2b
ffffffcb
fffffe8d
fffffe6d
fffffe65
fffffe85
fffffe1d
fffffea7
ffffff99
ffffff5f
ffffff09
fffffe7f
fffffe4b
ffffffcb
0000006d
ffffff2b
ffffff21
fffffea1
ffffff95
fffffe59
fffffe73
fffffeab
00000157
000002a9
00000117
0000022d
00000261
000000c5
fffffe83
fffffeff
ffffffc1
fffffff5
ffffffb5
fffffeb9
ffffff01
fffffd63
fffffb6b
fffffb25
fffffd13
fffffdf5
000000a5
000001d7
00000283
00000271
0000009b
ffffff91
fffffe8d
fffffe8d
fffffc60
fffffab7
0000006c
000000dd
ffffffc6
ffffff19
ffffff19
ffffff19
ffffff19
ffffff19
ffffff19
fffffea9
fffffda3
fffffd8b
fffffddf
fffffeed
0000011b
00000045
ffffff19
fffffef5
fffffe89
fffffe13
fffffe15
fffffdc3
fffffdc5
fffffd15
fffffc9f
fffffd3d
fffffea9
00000051
ffffffa9
fffffe8d
fffffdd1
fffffd35
fffffcf5
ffffffd9
0000025d
000002ef
000000a7
fffffe99
fffffe9d
0000000b
000001c9
0000004f
fffffe9b
fffffe87
fffffec5
fffffeeb
ffffff2f
ffffff93
ffffff15
fffffdf7
fffffde5
fffffcfb
fffffb3f
fffffe23
fffffd7f
fffffe5f
ffffffd5
00000071
fffffff1
ffffff93
ffffff19
ffffff19
fffffe74
fffffe6b
fffffb7c
fffffce2
ffffff65
ffffff2a
ffffff2a
ffffff2a
ffffff2a
ffffff2a
ffffff2a
0000014a
000000e8
fffffe3a
fffffdb8
fffffe10
fffffe78
fffffe24
ffffff2a
ffffff44
ffffff4a
fffffe94
ffffff00
000000a8
00000272
00000166
ffffff16
fffffe04
fffff9be
fffff988
fffffdf0
00000080
fffffc78
fffff8da
fffffaa8
fffffe5c
fffffe0e
fffffd68
fffffee8
fffffda4
fffffc36
fffffa50
fffff9dc
fffffba6
fffffe46
fffffd8a
fffffcd6
fffffc34
fffffcce
fffffef0
0000017c
00000556
00000132
ffffff94
ffffff4e
fffffc66
fffff8ea
fffff6ee
fffff938
fffffac6
fffffc8c
fffffee6
ffffff2a
ffffff2a
0000014e
0000036a
fffffde2
fffffde8
fffffed7
ffffffc4
ffffffc4
ffffffc4
ffffffc4
ffffffc4
ffffffc4
ffffff92
ffffffa0
00000060
00000040
ffffffa8
ffffff00
fffffefe
ffffffc4
ffffffd0
00000004
0000000e
00000012
00000034
fffffff0
ffffffda
ffffffaa
0000007e
0000012e
0000005e
ffffffdc
fffffe82
fffffefa
00000006
fffffff8
fffffee6
ffffff80
0000001a
00000064
00000082
ffffff88
fffffe78
fffffddc
fffffe56
ffffff74
fffffea4
fffffe78
fffffe6c
fffffeb8
ffffff46
ffffffd2
ffffffd6
0000015c
00000218
000001f2
ffffff52
fffffe8c
fffffd56
fffffc98
fffffd7e
fffffeaa
ffffff40
ffffffc4
ffffffc4
00000080
000001d0
fffffa29
fffff8bb
fffff98f
fffffc4e
fffffc4e
fffffc4e
fffffc4e
fffffc4e
fffffc4e
fffffda4
fffffde8
fffffe10
fffffe04
fffffc40
fffffa10
fffffb76
fffffc4e
fffffc34
fffffc4e
fffffcc6
fffffd12
ffffff46
00000108
000001d2
0000014a
000001e0
00000006
ffffff9e
fffffede
fffffd60
fffffef8
00000464
000002ae
fffffd4c
fffffce0
fffffeaa
ffffffc6
fffffed0
fffffc30
fffffaae
fffffaee
fffffdf4
ffffffc6
fffffe5a
fffffdc0
fffffd1c
fffffd12
fffffbe6
fffffddc
fffffe08
00000046
0000042a
0000067e
ffffff08
00000014
fffffe00
fffff924
fffff834
fffffa56
fffffbaa
fffffc4e
fffffc4e
fffffed1
0000008f
ffffff6d
ffffff2e
ffffff3a
00000047
00000047
00000047
00000047
00000047
00000047
00000089
00000083
00000075
000000c1
000000c1
ffffffa9
ffffffeb
00000047
00000009
0000000f
ffffff95
ffffffcb
00000035
000000f9
000001d3
000001e7
0000014f
000000bb
00000057
ffffffc7
00000003
fffffed9
fffffe2d
fffffda1
fffffc11
fffffbfb
fffffe25
ffffffcf
000001af
000002a9
000001c9
0000009b
000000ad
00000035
00000017
ffffffd3
ffffff99
ffffff4b
ffffff3f
ffffffd9
000000b5
00000235
0000026d
00000333
ffffffaf
fffffec1
ffffff29
fffffec9
fffffe9d
ffffffff
fffffff3
00000047
00000047
fffffff4
00000036
fffffe3e
ffffff7b
000000aa
0000015d
0000015d
0000015d
0000015d
0000015d
0000015d
00000379
000002c5
ffffff91
ffffff09
00000019
0000016f
0000016b
0000015d
000001a5
00000131
00000139
00000155
000001e5
000002cf
00000129
ffffffb7
ffffff33
fffffae7
fffffbcb
fffffe39
000001a9
fffffe1d
fffffbdb
fffffc9f
00000075
000000b3
00000013
fffffd29
fffffbb7
fffffb1b
fffffdb9
00000095
00000107
00000093
00000049
0000007b
0000005b
0000007f
000000ff
000003cb
00000531
000000a7
ffffffbb
fffffd69
fffffce5
fffffd39
fffffdd7
00000003
00000119
0000017f
000001d3
0000015d
0000015d
00000422
000003d9
00000311
000003a9
0000031a
0000017b
0000017b
0000017b
0000017b
0000017b
0000017b
0000013d
000001cb
000001a1
00000133
000000af
00000133
00000249
0000017b
000001ab
00000211
000001bd
00000029
fffffe15
fffffcd3
fffffd1b
fffffec5
00000041
00000191
00000275
000002a3
00000377
0000043d
000003fd
00000369
000001db
ffffff25
fffffdc7
fffffee5
ffffffbb
000001c7
00000403
00000563
0000042b
000001d5
000001bf
000001dd
00000245
0000024d
00000229
000000d1
000000d7
00000023
ffffffa7
ffffff45
00000221
000001d9
ffffffb7
0000005f
0000016f
0000023d
00000225
0000017b
0000017b
000000cb
ffffffb4
00000004
00000098
0000003c
ffffff72
ffffff72
ffffff72
ffffff72
ffffff72
ffffff72
ffffff6e
000001b4
000000f4
fffffe66
ffffff2a
ffffff9a
fffffed0
ffffff72
ffffff52
ffffff8c
ffffff38
fffffee6
ffffffec
000000d2
000001bc
000000e8
00000010
00000152
fffffe46
ffffff4a
000001c6
000001dc
ffffff26
fffffe20
fffffd02
fffffc8c
fffffe4e
0000015e
00000074
fffffe78
fffffe76
fffffe92
ffffff06
ffffff54
ffffffd8
fffffffc
0000000c
ffffff64
ffffff0a
fffffe4c
00000076
000002f0
ffffffa2
000000d2
000001e6
ffffff04
ffffff68
00000000
fffffed0
fffffef6
ffffff2a
ffffff72
ffffff72
fffffe7a
000000a7
000004b5
000005b6
00000697
0000075b
0000075b
0000075b
0000075b
0000075b
0000075b
00000799
00000859
000007af
000007ab
00000757
0000067b
00000657
0000075b
0000078b
000007e1
000007b5
00000685
00000579
00000679
00000691
000007ad
00000835
0000089b
00000697
0000068b
000007ab
000006b1
00000707
000007ef
000005f7
0000036d
000002a5
00000381
000006e7
000008fd
0000091b
000007e5
00000677
000005e5
000005e1
00000609
0000065b
000006a3
0000073d
00000615
0000063d
000005df
0000057f
00000691
0000085b
000007b5
000007df
0000067d
00000593
00000723
0000074b
0000075b
0000075b
0000051e
000003ad
00000188
0000009d
ffffffd7
fffffe8c
fffffe8c
fffffe8c
fffffe8c
fffffe8c
fffffe8c
ffffffd6
0000010e
fffffe10
fffffe06
ffffff92
ffffff0e
ffffff74
fffffe8c
fffffea8
fffffe26
fffffd2c
fffffcd0
fffffcb8
fffffdd0
fffffe54
fffffd70
fffffc8e
fffff9ec
fffff9e2
fffffd9e
fffffe50
fffffc0c
fffffafa
fffffaf6
fffffbe6
fffffc14
fffffba8
fffffb1c
fffff966
fffffcf8
ffffffd6
000000ae
00000068
ffffff32
00000104
00000018
ffffffc6
ffffff7e
fffffec0
ffffff72
00000192
fffffb36
fffffa44
fffffb9a
fffffbac
fffffc58
ffffffbc
00000130
00000162
0000002a
ffffff3c
fffffe8c
fffffe8c
fffffe76
fffffe0c
fffffd67
fffffddf
ffffff8f
fffffff5
fffffff5
fffffff5
fffffff5
fffffff5
fffffff5
0000011f
000001e3
000000a9
ffffff7f
ffffff0d
fffffe35
ffffff9d
fffffff5
00000095
00000129
000000e9
000002eb
000002c9
000004d3
000005cd
00000545
0000039d
fffffce9
fffffac5
fffffea7
00000133
0000017f
ffffff57
fffffa07
fffffcbd
00000027
000001fb
ffffffc1
fffffb6b
fffffdf9
00000119
000001e5
00000201
0000015b
00000205
000000dd
ffffffbf
fffffe53
fffffe41
00000371
00000899
0000066b
000006d3
00000337
fffffbfd
fffffb3b
fffff77b
fffff9c3
fffffe41
000000bd
ffffffdd
fffffff5
fffffff5
000003ae
00000374
ffffffd0
ffffffc4
ffffffa9
fffffef3
fffffef3
fffffef3
fffffef3
fffffef3
fffffef3
fffffe8b
fffffee1
ffffff23
ffffffd3
ffffffbb
ffffff89
fffffef5
fffffef3
fffffe75
fffffce3
fffffb43
fffff963
fffff731
fffff475
fffff311
fffff3f1
fffff44f
fffff5b3
fffff7e9
fffff863
fffff72b
fffff62b
fffff613
fffff777
fffff91d
fffff941
fffff7e5
fffff703
fffff8a7
fffffba9
fffffd49
fffffdfb
fffffe97
ffffff49
fffffe9b
fffffe4f
fffffe05
fffffe73
fffffecf
fffffde1
fffffb09
fffff8df
fffff6cf
fffff5ff
fffff5f1
fffff6b7
fffff93d
fffffc25
fffffe2d
ffffff11
fffffebf
fffffef3
fffffef3
ffffff22
ffffff00
000000ed
ffffff64
fffffdbb
fffffcec
fffffcec
fffffcec
fffffcec
fffffcec
fffffcec
fffffd4c
fffffd00
fffffd3c
fffffd34
fffffc16
fffffc2c
fffffd64
fffffcec
fffffcf2
fffffd0c
fffffd42
fffffde4
ffffff16
ffffffc8
000000b4
00000114
000000c0
0000002a
ffffff68
fffffe06
fffffd0c
fffffd36
fffffb1c
fffffadc
fffff9f2
fffffc96
fffffe50
fffffdd0
fffffd36
fffffd0c
fffffd42
fffffeae
fffffecc
fffffd6c
fffffda0
fffffdc0
fffffd76
fffffce4
fffffc70
fffffcfe
fffffd72
fffffe86
fffffe72
ffffffd0
ffffffd4
0000009a
fffffeda
fffffd82
fffffdd6
fffffd64
fffffd08
fffffcec
fffffcec
fffffc67
fffffc50
fffffeed
fffffeda
fffffe63
fffffe0a
fffffe0a
fffffe0a
fffffe0a
fffffe0a
fffffe0a
fffffcb6
fffffd78
fffffec6
fffffeac
fffffe86
fffffe30
fffffdb8
fffffe0a
fffffe52
fffffea0
fffffecc
ffffff08
fffffdd8
fffffdb6
fffffe82
fffffef6
ffffff22
00000062
ffffffe8
ffffff08
fffffeda
ffffff0c
ffffff62
fffffe80
fffffed8
fffffe4c
fffffec4
ffffff14
fffffeb6
ffffff12
ffffff1a
fffffdd2
fffffd52
fffffd7c
fffffd74
fffffd90
fffffda6
fffffdb8
fffffdb8
fffffdaa
fffffdf0
ffffff7a
ffffff2a
ffffff48
000000ae
ffffffea
fffffe7e
fffffe3e
fffffd54
fffffda4
fffffda8
fffffe0a
fffffe0a
fffffe32
fffffe73
0000015a
000002d9
00000232
00000081
00000081
00000081
00000081
00000081
00000081
00000153
0000016d
000000db
fffffe5b
fffffea1
000001e3
000000cd
00000081
00000027
ffffff9b
ffffffbb
fffffff7
000000f3
0000025f
0000031f
0000013d
fffffe81
fffffd4d
fffffd8f
fffffe35
0000004b
fffffe45
fffffc59
fffffe69
00000385
0000033f
00000101
000001ed
00000507
00000857
00000713
000002d3
0000003b
ffffff5d
ffffff13
ffffff39
fffffef3
ffffffe7
000000fd
ffffffe1
ffffffd3
fffffc6f
fffffa75
fffffb65
000002b5
000003ef
00000545
00000855
000004c1
000001b5
000000a1
00000081
00000081
00000057
fffffffe
0000016f
00000131
00000103
000000d5
000000d5
000000d5
000000d5
000000d5
000000d5
00000043
00000001
00000081
0000017f
00000145
00000073
00000065
000000d5
00000087
00000029
ffffffd3
fffffeef
fffffd95
fffffc95
fffffc53
fffffd65
fffffeef
00000063
0000018d
000000a7
ffffff47
00000005
0000014b
0000021b
000000c1
00000069
fffffddd
fffffbef
fffffd6d
ffffff9d
00000071
0000007f
0000000f
00000027
0000001d
00000091
000000df
00000131
00000127
ffffff8b
fffffe19
fffffdff
fffffe91
ffffff11
ffffffe1
0000012f
00000061
fffffea3
fffffe85
fffffff7
000000af
000000d5
000000d5
00000032
ffffffe3
000000d9
000000cb
0000002d
ffffffec
ffffffec
ffffffec
ffffffec
ffffffec
ffffffec
fffffd8a
fffffed0
0000030a
0000018e
00000074
00000048
ffffff9a
ffffffec
ffffffb6
ffffff44
ffffff48
fffffe10
fffffc6c
fffffb70
fffffcf4
ffffffde
00000020
00000406
00000362
fffffd68
fffffcb4
0000012a
00000180
0000001e
fffffdca
fffffcea
fffffe84
ffffff74
000000f6
ffffff2e
ffffff06
ffffffb0
ffffff46
ffffff3c
ffffff8c
00000002
ffffff70
ffffffae
fffffffa
fffffdaa
fffffa6e
000000dc
fffffee8
fffffd2c
000004a2
0000027a
00000066
0000005c
ffffff86
fffffffa
ffffffe6
ffffffec
ffffffec
fffffc75
fffffd2a
000000ad
000000f7
0000014e
00000104
00000104
00000104
00000104
00000104
00000104
ffffff1e
fffffe34
fffffe34
fffffeac
fffffe5c
fffffeae
000000bc
00000104
0000011e
000000f8
00000142
0000011c
ffffff4a
fffffeee
ffffff6c
ffffff86
ffffffc8
00000050
00000164
0000006e
ffffff5e
ffffffd0
ffffff82
ffffffba
ffffff94
000001ae
0000010e
0000005a
ffffffac
000000ac
000000dc
0000010c
000001ac
000001e6
00000172
0000013c
00000132
000000fe
00000106
0000010e
0000014a
0000011c
ffffff9e
fffffeee
fffffdec
fffffd60
fffffd3e
fffffe22
00000010
000000fe
0000010a
00000104
00000104
0000011c
000000f2
fffffea9
fffffee9
ffffff6b
ffffff7b
ffffff7b
ffffff7b
ffffff7b
ffffff7b
ffffff7b
ffffff5b
ffffffcf
00000049
0000000d
ffffffc7
00000007
ffffff45
ffffff7b
ffffff9f
0000001f
000000f9
000000ef
0000002d
fffffd23
fffffb21
fffff967
fffff9e7
fffffbc5
fffffbf5
fffffbb7
fffffd01
fffffe5b
ffffffc7
00000183
000001b7
0000029f
00000191
0000012b
fffffecd
fffffbe9
fffffaa3
fffffbc3
fffffe47
ffffff6f
ffffffef
00000089
000000a9
000000a1
00000059
fffffeed
ffffff05
ffffffe5
ffffff61
ffffff6d
00000005
00000051
fffffe9b
fffffc33
fffffb35
fffffc47
fffffe9d
ffffff7b
ffffff7b
fffffee2
00000065
00000046
0000021c
ffffff84
fffffecc
fffffecc
fffffecc
fffffecc
fffffecc
fffffecc
fffffdf2
fffffefc
fffffec6
fffffc96
fffffef4
00000012
fffffdf2
fffffecc
fffffeec
fffffe86
fffffdec
fffffcda
fffffad4
fffff9fe
fffffb04
fffffc66
fffffbe6
fffffd90
ffffff64
00000106
000002f6
fffffee2
fffffda8
ffffff50
00000080
fffffd56
fffffb78
fffffb22
fffffeb8
00000298
00000428
000001ca
ffffff6e
ffffff8a
fffffe3e
fffffd7e
fffffd3c
fffffd9a
fffffe94
fffffe96
fffffe00
fffffcda
fffff980
fffffbac
000001d0
fffffc9a
fffffd00
ffffff2c
fffffe12
ffffff2c
fffffe46
fffffecc
fffffecc
ffffffe2
0000007d
000004d2
0000048f
0000040a
000003f8
000003f8
000003f8
000003f8
000003f8
000003f8
0000047c
00000518
00000584
000004fa
0000048c
0000034a
00000398
000003f8
000003a6
00000348
000002b8
0000027a
00000312
0000041c
00000502
00000558
00000502
00000408
00000454
0000041e
00000370
000002d2
000002f8
00000236
00000016
ffffff8c
00000062
0000022e
0000049a
00000648
000005c2
00000434
00000372
000003d6
00000422
00000442
00000440
000003b4
0000037e
00000380
000002e4
00000322
00000442
000004d2
000004b8
000005a8
00000788
000006ba
000005f4
00000534
000003f8
000003f8
000003f8
000001d8
ffffffe9
fffff921
fffff99e
fffffc81
fffffe68
fffffe68
fffffe68
fffffe68
fffffe68
fffffe68
fffffeec
fffffe00
0000017a
0000017e
fffffc6e
fffffc24
fffffda6
fffffe68
fffffe62
fffffe5a
fffffec2
fffffe80
fffffeb8
00000178
000001e4
0000041a
000002ae
00000260
000004a4
fffffb4a
fffffa94
fffffe74
00000326
fffffd16
fffffa92
fffffb2c
00000016
00000340
000003ce
fffffee0
fffff852
fffff7e4
fffffbfc
fffffe5e
fffffd8c
fffffdf8
fffffdb2
fffffd50
fffffd84
ffffff38
fffffc4c
0000036e
00000a58
00000002
ffffff1e
0000002a
fffffba6
fffff9ee
fffff994
fffffb8c
fffffdbe
fffffe68
fffffe68
fffffe92
fffffe21
ffffff5a
00000044
000000bb
00000105
00000105
00000105
00000105
00000105
00000105
00000139
000001c1
000001e3
0000013d
0000003f
000000bd
00000053
00000105
0000010f
00000111
00000105
000000e1
00000079
00000123
00000151
00000183
000000db
00000091
000000a7
00000055
00000079
0000007b
0000010b
ffffff1b
ffffff7d
fffffe95
fffffe97
fffffefd
fffffe29
fffffe03
fffffe3f
ffffff4d
00000047
000000f7
0000010b
000000e9
000000db
00000093
000000c9
00000177
00000177
000000bd
00000145
ffffffcb
00000273
000001cf
ffffff37
ffffff83
fffffec1
00000039
000000c3
00000105
00000105
0000010a
0000010c
fffffe46
fffffdc8
0000009a
000000cb
000000cb
000000cb
000000cb
000000cb
000000cb
000000cb
0000016d
00000431
00000317
fffffd67
fffffd51
000000d9
000000cb
000000d5
000000ab
00000065
ffffff7b
fffffed7
fffffffb
00000117
00000281
000001a5
00000011
fffffedb
fffffa79
fffff923
000001a5
0000048b
ffffffa5
fffffa7b
fffffc61
ffffff69
ffffffc5
fffffe07
fffffdd3
fffffda3
ffffff4d
00000081
0000001f
ffffffe9
00000061
0000019f
000000f1
000000bf
0000017b
fffffed5
00000271
0000060b
fffffea5
fffffd2f
00000077
fffffc9f
fffffb17
fffffe8d
00000085
0000010f
000000cb
000000cb
00000036
0000008e
fffffebc
fffffe42
fffffebe
ffffff1d
ffffff1d
ffffff1d
ffffff1d
ffffff1d
ffffff1d
ffffff8f
fffffe87
fffffe21
ffffff4b
ffffff25
ffffff89
ffffff47
ffffff1d
fffffebb
fffffdff
fffffdfb
fffffe59
ffffff2f
ffffff19
fffffe89
fffffed3
fffffecb
fffffda9
fffffe2d
fffffcd3
fffffa83
fffff921
fffff9bb
fffffbaf
fffffd21
ffffff73
ffffff0b
fffffe93
fffffec3
fffffef5
fffffec7
fffffee1
ffffff23
ffffff39
ffffff03
ffffff23
ffffff1d
ffffff1d
ffffff05
ffffff75
fffffec7
fffffcd7
fffffe13
fffffd4d
fffffdf5
ffffff61
00000073
0000009f
ffffffed
ffffff35
fffffed1
ffffff1d
ffffff1d
ffffffe9
ffffffb2
fffffb27
fffffdc5
ffffffeb
000000f9
000000f9
000000f9
000000f9
000000f9
000000f9
000002c1
0000051d
00000037
fffffdff
ffffff5d
00000015
00000085
000000f9
00000169
00000287
00000291
00000547
000006bb
0000088f
00000947
000004e7
00000237
fffff9e5
fffff3a5
fffff8f7
00000035
fffffea7
fffffc37
fffff917
fffffd45
00000241
00000413
0000037f
fffffad7
fffff8d5
fffffa3d
fffffc55
0000003f
00000193
00000171
000000a9
0000009f
00000051
ffffffb9
000003a1
00000ee1
00000a53
00000575
00000285
fffff7a3
fffff641
fffff52b
fffff83b
fffffc8f
fffffe99
0000001f
000000f9
000000f9
0000068b
000008cf
fffffe70
fffffe8e
fffffe58
fffffe60
fffffe60
fffffe60
fffffe60
fffffe60
fffffe60
fffffdbe
00000054
fffffee6
fffffd16
fffffd0a
fffffe6c
ffffff40
fffffe60
fffffe96
ffffff34
ffffff2a
fffffe92
fffffe42
fffffe46
fffffe82
fffffc44
fffffc42
fffffb82
fffff644
fffff75a
fffffaa0
fffffd3e
fffffcec
fffffb50
fffffafc
fffffe38
ffffffd6
fffffea8
fffff8fa
fffff6b2
fffff7aa
fffffb7a
fffffe1a
fffffe44
ffffff44
ffffffe0
0000003a
ffffff80
fffffeb0
fffffdc2
00000198
ffffffd0
fffffd0c
fffffbf2
fffffa88
fffff9ca
fffff9e8
fffffaea
fffffdcc
fffffdce
fffffe9c
fffffe60
fffffe60
fffffe50
0000011d
ffffff1c
00000025
0000003a
0000000f
0000000f
0000000f
0000000f
0000000f
0000000f
0000003f
0000001b
ffffffc7
ffffffd3
ffffffad
ffffffdb
00000041
0000000f
0000005d
0000003f
00000015
00000019
00000027
ffffff67
fffffeff
ffffff89
ffffff97
ffffff67
ffffff1f
00000001
00000127
00000099
ffffff59
00000061
ffffffb5
fffffe99
fffffed1
fffffd11
fffffb0b
fffffc49
fffffe29
ffffffcd
00000087
00000017
0000000f
ffffffe9
00000017
0000006f
0000007b
00000085
00000065
ffffffcd
fffffef3
ffffffdf
fffffff9
fffffeb3
fffffe5f
fffffe81
ffffffeb
0000009b
00000041
0000000f
0000000f
0000004f
000000a2
fffffeac
fffffe33
fffffe05
fffffdfd
fffffdfd
fffffdfd
fffffdfd
fffffdfd
fffffdfd
fffffd0d
fffffe27
fffffe4f
fffffe55
fffffeff
fffffec5
fffffdf7
fffffdfd
fffffdf3
fffffe97
ffffff8b
0000015b
00000333
000005c1
00000655
000006d9
000006dd
000007c7
00000707
0000073f
000007c9
0000089f
00000967
00000835
000006bf
0000046d
00000481
000006bf
0000075b
000004b7
000002ef
000000e7
fffffe89
fffffe21
fffffe59
fffffe4b
fffffeb5
fffffee9
fffffe55
fffffce3
fffffde7
00000065
0000034b
000006c9
00000975
0000098d
00000893
000006d7
00000369
00000059
fffffec9
fffffdfd
fffffdfd
fffffe2d
ffffff09
fffffd75
fffffe57
00000093
0000016f
0000016f
0000016f
0000016f
0000016f
0000016f
00000117
000001a9
000000db
00000055
00000009
000000b7
fffffff1
0000016f
0000017f
0000017d
00000157
0000010f
00000085
00000007
fffffff5
ffffff5f
000000d9
0000016f
000001a7
000000a1
00000059
ffffff43
000001e9
0000019d
00000291
00000255
0000024f
000003f1
000002e1
0000012f
ffffff51
fffffd29
fffffe13
0000004f
fffffef1
ffffff1f
ffffff67
00000087
000001a7
00000115
00000141
0000021f
000002eb
00000301
000000fb
ffffffd1
fffffd37
fffffc5b
fffffbd9
fffffd9f
0000003d
0000016f
0000016f
00000321
000003a8
000002bd
00000295
000001cf
000000f7
000000f7
000000f7
000000f7
000000f7
000000f7
000000e3
0000017d
00000199
0000011f
00000037
00000033
000000e5
000000f7
000000db
00000083
fffffff5
ffffff3f
fffffe3d
fffffef9
0000006f
000001ed
0000019f
000000bf
0000011d
0000017f
00000193
0000014f
0000010f
ffffffd7
fffffdb5
fffffaf3
fffffc95
ffffff59
00000121
0000030f
00000379
00000319
0000020b
00000103
000000eb
0000008f
0000007d
0000007f
00000077
000000d9
000000ad
00000031
000000ad
ffffffd5
fffffff7
ffffffcf
ffffff1f
0000001d
000000e9
0000025f
0000014f
000000f7
000000f7
00000011
fffffeb9
fffffa73
fffffa59
fffffb1e
fffffbd4
fffffbd4
fffffbd4
fffffbd4
fffffbd4
fffffbd4
fffffb76
fffffb00
fffffbd4
fffffbee
fffffb96
fffffbea
fffffc8c
fffffbd4
fffffc1a
fffffc64
fffffc74
fffffc88
fffffb86
fffff8a0
fffff6d4
fffff5a0
fffff618
fffff766
fffff8bc
fffff7c6
fffff616
fffff608
fffff7f2
fffff7a8
fffff956
fffffd16
fffffdba
fffffb66
fffff7d8
fffff658
fffff84c
fffffb12
fffffd24
fffffbe4
fffffabc
fffffa46
fffffa80
fffffb28
fffffbae
fffffc1a
fffffbb8
fffffc94
fffffd28
fffffbe4
fffff8e8
fffff870
fffff6a4
fffff60a
fffff888
fffffa72
fffffb9c
fffffbd4
fffffbd4
fffffe58
00000047
ffffff45
fffffe4d
fffffb4a
fffff8de
fffff8de
fffff8de
fffff8de
fffff8de
fffff8de
fffff92e
fffffa98
fffff962
fffff7c0
fffff7be
fffff906
fffffa18
fffff8de
fffff8aa
fffff862
fffff83a
fffff7cc
fffff81a
fffff92c
fffff86a
fffff77a
fffff836
fffff90e
fffff96e
fffffa62
fffffd82
fffffe5e
fffffc88
fffffb4a
fffffb60
fffffd18
ffffff06
fffffe58
fffffc94
fffffd1e
ffffff4a
0000011e
ffffff34
fffffbe2
fffffc40
fffffc82
fffffbfe
fffffb6e
fffffa30
fffff8e2
fffff974
fffffa8a
fffff92c
fffff9e0
fffffcf8
fffffbf0
fffffbb2
fffffb48
fffffb30
fffffa32
fffff9b4
fffff8de
fffff8de
fffff961
fffff9ab
00000382
00000485
00000350
000002a5
000002a5
000002a5
000002a5
000002a5
000002a5
00000231
0000016b
000000f7
00000305
0000046f
00000311
000002e7
000002a5
00000289
0000029b
000001bf
000001e9
0000008d
ffffff61
fffffe9b
00000061
00000173
000001df
000002e7
0000055f
000004e3
00000191
ffffffe5
000003e1
00000653
0000042b
fffffe85
fffffc0d
00000083
0000064d
000006db
000004d1
000002ef
0000030d
0000035f
000002b3
00000255
00000311
000002e7
00000287
0000028b
ffffffab
fffffecb
00000195
00000191
0000028b
00000637
00000703
00000627
00000481
0000031f
000002a5
000002a5
0000023e
000001a4
000001d6
000000b6
00000025
fffffeeb
fffffeeb
fffffeeb
fffffeeb
fffffeeb
fffffeeb
fffffeb1
fffffecd
ffffffa9
00000101
fffffffb
fffffe7b
ffffff0f
fffffeeb
fffffea5
fffffe01
fffffd03
fffffc29
fffffbbb
fffffc17
fffffbd7
fffffdf5
ffffff67
0000002b
0000010f
ffffff21
fffffceb
fffffc9f
fffffc83
fffffdbf
fffffbf3
fffffbaf
fffffe91
ffffff5f
00000269
000003af
00000365
00000379
00000147
ffffff4b
fffffe53
fffffeb9
fffffead
fffffe2b
fffffe87
fffffd53
fffffab5
fffffc4f
fffffecf
fffffdd5
0000001b
0000030b
000002d3
0000021f
0000019b
000001a9
ffffffab
fffffeeb
fffffeeb
fffffd45
fffffc8c
0000007b
00000081
00000084
00000087
00000087
00000087
00000087
00000087
00000087
fffffdd9
ffffff03
000000e1
0000011d
000002e7
000003f3
00000075
00000087
000000e3
00000161
0000022f
000002ff
000000bf
fffffe51
fffffdd9
fffffdc3
ffffff47
00000383
00000235
00000031
ffffffbb
ffffff9d
0000002d
00000109
000004cf
00000259
00000107
00000005
fffffd65
fffffc89
fffffc65
fffffc3b
fffffd99
fffffef7
ffffff8d
ffffffa9
00000039
0000006f
000000a9
ffffff6b
ffffffc1
000000bd
ffffff5f
ffffff87
000004f7
00000335
000001e7
00000235
ffffff6b
fffffe7b
ffffffdf
00000087
00000087
ffffff98
fffffff6
0000014f
000001bf
000001ec
000001e7
000001e7
000001e7
000001e7
000001e7
000001e7
00000317
0000028d
0000002b
ffffffc1
00000145
0000023b
00000287
000001e7
000001ef
00000215
000001cb
00000201
0000021f
00000401
00000319
000001bf
00000189
ffffffc3
0000002d
00000353
00000487
00000073
fffffdef
ffffff45
000000db
ffffffc1
000000bb
ffffff27
fffffe45
fffffe83
00000049
000001ef
000001e1
00000129
00000171
0000012b
0000011d
0000014f
000001d5
00000367
000004db
00000097
ffffff41
ffffffb1
fffffe3f
fffffdcf
00000063
000000d7
fffffffb
00000255
0000023d
000001e7
000001e7
000002a5
00000267
fffffeb5
fffffd87
fffffcb7
fffffd11
fffffd11
fffffd11
fffffd11
fffffd11
fffffd11
fffffda5
fffffd75
fffffdf5
fffffe71
fffffe35
fffffdaf
fffffd6f
fffffd11
fffffd01
fffffcf9
fffffd15
fffffdb7
fffffdbd
fffffe4b
fffffdc7
fffffde9
fffffdbf
fffffc91
fffffdcd
fffffe87
ffffff41
fffffedb
00000027
0000000d
00000063
000000d9
00000203
00000133
000001a1
00000237
000002ed
0000025b
0000013d
ffffffd1
00000045
0000001f
ffffff2f
fffffe09
fffffd33
fffffdbb
fffffddf
fffffd2d
ffffff85
ffffff9d
000000a9
00000249
0000019b
ffffffed
fffffe2b
fffffd67
fffffd25
fffffd11
fffffd11
fffffd6d
fffffd39
00000176
0000013a
0000012d
00000171
00000171
00000171
00000171
00000171
00000171
000001e3
00000219
00000179
00000159
0000010b
00000099
00000127
00000171
00000153
00000159
00000139
000000ff
000001cd
00000275
00000313
000002e3
00000215
000001e3
0000017f
000001ad
00000293
0000026d
0000020b
000001b9
0000007b
000000bd
0000015d
00000275
000002f9
0000035b
000002d3
00000185
0000017b
00000169
000001d7
000001e9
000001b1
00000195
00000133
000000f1
000001a1
000001d7
000001e5
000002f3
0000019d
000000f9
00000149
00000139
0000012b
00000153
00000153
00000171
00000171
ffffffdf
ffffffb4
fffffead
ffffff83
ffffff13
fffffe9e
fffffe9e
fffffe9e
fffffe9e
fffffe9e
fffffe9e
fffffe84
ffffff5c
ffffff86
fffffeba
fffffd5c
fffffe4c
fffffec4
fffffe9e
fffffe7a
fffffed2
fffffede
fffffe4c
fffffda4
fffffebc
fffffd82
fffffe10
fffffece
fffffea0
fffffe42
fffffc62
fffffda8
fffffed0
ffffff54
fffffcec
fffffbf6
fffffcfe
ffffffec
fffffe20
fffffc3c
fffffc32
fffffd06
ffffffc0
fffffed6
fffffddc
fffffe60
fffffeb4
fffffe8c
fffffdb6
fffffed6
fffffd3c
fffffdfa
fffffe7e
0000006e
fffffd6a
ffffff26
ffffff2c
fffffbac
fffffcf2
fffffe54
ffffff68
fffffede
fffffe9e
fffffe9e
fffffe69
fffffe9a
ffffff90
ffffff12
fffffeaa
fffffe4e
fffffe4e
fffffe4e
fffffe4e
fffffe4e
fffffe4e
fffffe2a
fffffe4a
ffffff10
fffffe50
fffffd5e
fffffd4a
fffffea4
fffffe4e
fffffe9a
ffffff10
ffffff74
ffffff48
ffffff34
fffffee2
fffffe72
fffffef4
ffffff4c
fffffefa
fffffc7e
fffffbe4
fffffd1c
fffffe90
fffffe3a
fffffdd0
fffffc52
fffffd20
fffffee0
fffffe06
fffffd06
fffffb9a
fffffc5e
fffffe58
fffffe20
fffffd4e
fffffd30
fffffea0
fffffeea
fffffe4a
fffffe6c
fffffe50
fffffe44
ffffffbe
fffffdd6
fffffc5e
fffffcec
fffffd56
fffffd70
fffffd42
fffffe30
ffffff6a
fffffec0
fffffe4e
fffffe4e
fffffdc7
fffffe62
000001d7
00000104
ffffffa6
fffffe94
fffffe94
fffffe94
fffffe94
fffffe94
fffffe94
fffffed6
ffffff34
00000006
ffffffb2
ffffff62
fffffe78
ffffff5a
fffffe94
fffffe6c
fffffe6c
fffffdd6
fffffca6
fffffcbc
ffffff12
0000008a
00000250
0000026c
0000012a
fffffe2e
fffffcf0
fffffdbe
ffffff9e
ffffff60
fffffe20
fffffbe8
fffffb12
fffffd40
fffffdf2
ffffffca
00000148
0000016e
00000160
ffffffbe
fffffd1a
fffffefa
0000002c
000000aa
00000012
fffffee2
fffffe2a
fffffe70
fffffe5e
fffffca6
fffffbb2
fffffcc0
fffffede
00000216
00000290
0000021a
00000182
fffffff6
fffffe94
fffffe94
fffffc54
fffffc1c
fffffefb
fffffdc0
fffffee0
00000120
00000120
00000120
00000120
00000120
00000120
000001a4
0000041e
ffffff4a
00000194
0000033c
fffffd6a
ffffff6a
00000120
00000188
000002b2
0000037a
000004ce
0000047a
0000037e
000004ae
0000029e
000002aa
fffffd42
fffff726
fffffc54
fffffdce
fffffc3a
0000029e
00000312
ffffff26
00000112
00000108
00000332
fffffeba
fffffc18
fffffbf2
fffffad2
ffffff26
000001d4
000002a4
0000029e
0000028a
00000356
000000e6
000000ea
00000a28
000003b4
000001f2
0000085e
fffffa12
fffffc5a
ffffff1e
fffffa66
fffffcdc
fffffdee
00000002
00000120
00000120
0000050d
00000648
000004bb
0000014c
00000138
000001fc
000001fc
000001fc
000001fc
000001fc
000001fc
000001d8
00000184
fffffe58
0000029e
000004b8
00000096
0000018c
000001fc
0000021e
000001be
00000100
00000202
fffffff6
fffffeb0
ffffffdc
fffffea2
00000032
fffffef8
00000066
000004c0
ffffff80
fffffade
fffffe22
000002cc
00000334
fffffee2
fffffb1e
fffffea8
00000060
000004aa
0000028c
ffffff36
00000138
000001f4
000001e8
00000080
00000268
0000031c
00000232
000002a8
00000494
fffff96e
fffffd44
00000316
fffffa36
ffffff2c
00000436
00000258
000001b8
0000007c
000001cc
000001fc
000001fc
0000020d
ffffffc6
000000a5
000000ef
00000170
00000215
00000215
00000215
00000215
00000215
00000215
00000223
00000247
00000255
0000026f
000001db
00000187
00000195
00000215
0000022d
00000251
00000269
000002e1
000002bf
0000020d
00000105
00000007
ffffff07
fffffd27
fffffc3f
fffffbed
fffffc2f
fffffd2b
fffffd2f
fffffd95
fffffeb7
000000cb
000001b1
00000019
ffffff2b
00000019
fffffedd
ffffffa7
00000093
0000021d
00000257
000001f1
0000019b
00000151
000001c3
00000279
000002f3
0000011b
00000019
fffffe6f
fffffe4f
ffffff05
ffffff83
00000079
000000e5
0000019d
000001bd
00000215
00000215
00000167
0000013d
00000049
000001a8
000002d6
00000333
00000333
00000333
00000333
00000333
00000333
00000341
00000309
000002e3
00000263
00000257
0000035f
000003df
00000333
00000343
000003c5
0000045f
000004df
000005bd
00000589
00000509
000004ab
0000042d
00000517
000003e7
00000315
00000477
00000617
0000053d
00000491
000004fb
0000069f
000005b3
00000329
0000019f
00000267
000004e9
000005cd
0000047f
0000038d
00000369
0000030f
000002cb
00000309
00000361
0000029d
0000035b
000004f3
00000469
00000481
000005eb
000004f5
0000039d
000002dd
0000039b
00000385
0000037b
00000333
00000333
00000284
000002d8
0000006c
fffffff4
fffffe97
fffffd18
fffffd18
fffffd18
fffffd18
fffffd18
fffffd18
fffffdfa
fffffea8
ffffff7a
ffffff16
ffffff3a
ffffff2e
fffffe12
fffffd18
fffffcfc
fffffcd2
fffffc90
fffffba4
fffffc3c
fffffcce
fffffe02
ffffff10
0000002e
000001aa
0000023a
000002e8
00000198
0000008e
fffffed6
fffffef8
fffffe1a
fffffb0c
fffff918
fffff946
fffffa12
fffffc00
fffffd3e
fffffdf8
fffffdd0
fffffcda
fffffc48
fffffc90
fffffc9a
fffffd2c
fffffd04
fffffc80
fffffac6
fffffc06
fffffbb8
ffffff60
0000012e
00000090
00000082
000001ce
00000138
ffffff44
fffffe04
fffffd18
fffffd18
fffffd92
fffffd8c
00000104
0000007b
00000106
000000c3
000000c3
000000c3
000000c3
000000c3
000000c3
ffffff45
ffffff9b
00000171
0000027f
00000191
00000077
000000e9
000000c3
000000cf
00000069
00000043
0000004d
fffffe9b
fffffe8f
ffffff89
000000ff
00000191
00000221
0000032d
0000009d
fffffe5f
000000dd
00000215
00000187
ffffff3d
fffffca1
fffffe41
00000025
0000015b
00000241
0000007b
0000006b
000000d5
00000055
0000004d
000000b9
000000cd
00000095
00000087
00000037
fffffdf9
ffffffb1
000001e5
00000037
0000022b
000003fd
00000243
00000117
00000095
000000c1
000000fd
000000c3
000000c3
ffffffef
fffffef7
0000045a
00000449
00000380
000002f3
000002f3
000002f3
000002f3
000002f3
000002f3
000001f9
ffffffa7
00000051
00000243
00000383
0000046f
000002e7
000002f3
000002f9
000002c9
00000285
000002ad
00000227
00000035
fffffdd1
fffffd21
fffffd39
ffffff65
0000042b
0000055d
0000039f
000001a3
00000203
0000038f
000005d1
000003f1
000002ed
000003af
00000491
00000463
000002e5
00000231
000002af
00000377
000003c7
00000373
00000361
0000032b
000002f5
000002bf
0000005b
fffffe39
ffffffe3
fffffedf
000001eb
000003a5
00000395
000003c7
00000243
0000020f
000002a7
000002f3
000002f3
000000f9
ffffff04
00000207
00000024
fffffe0d
fffffd2b
fffffd2b
fffffd2b
fffffd2b
fffffd2b
fffffd2b
fffffb9d
fffffc21
fffffe11
fffffec9
fffffed7
fffffe3d
fffffddd
fffffd2b
fffffd1d
fffffd6f
fffffd49
fffffc0d
fffffad9
fffffaed
fffffc21
fffffd4d
fffffcc1
fffffe91
fffffe8f
fffffc5d
fffffb7d
ffffff11
ffffff07
fffffdb9
fffffbb1
fffffb6b
fffffc93
fffffb87
fffffc37
fffffde5
000000c7
00000165
00000021
fffffe73
ffffff5f
00000031
000000cd
ffffff53
fffffd17
fffffb71
fffffa3f
fffffb73
fffffa97
fffffa57
fffffe5b
00000197
000002fb
0000025b
0000015b
ffffff7d
fffffda3
fffffd2b
fffffd2b
fffffa8f
fffffa30
fffffd95
fffffeb4
ffffffc4
ffffffef
ffffffef
ffffffef
ffffffef
ffffffef
ffffffef
00000169
000002f1
00000289
ffffff41
fffffbfd
fffffc61
ffffff37
ffffffef
00000085
00000187
00000243
0000034b
0000044b
0000084f
000009f7
00000aa3
000006d3
0000003d
fffffc91
fffffc63
00000101
000003ab
000002af
fffffd21
fffffced
00000277
00000553
000005c9
0000033f
00000187
000000f7
00000121
00000073
000000a5
00000193
0000019b
00000103
0000003b
ffffffbd
00000237
000005d3
000005a5
00000541
0000036b
000002c9
00000171
fffffe11
ffffff3f
00000147
00000199
0000001f
ffffffef
ffffffef
000001b0
000001f3
00000083
00000091
00000107
0000019e
0000019e
0000019e
0000019e
0000019e
0000019e
0000029e
00000162
0000001e
00000188
000001e2
00000200
000001ca
0000019e
00000228
0000030a
00000446
00000542
0000053c
000003b4
00000136
00000052
0000007c
fffffdec
fffffd9a
ffffff7c
fffffeba
fffffcca
fffffe88
00000138
00000436
00000590
0000049e
000001b4
ffffffca
000000c4
000001c8
000001d6
00000144
000000e6
000000ce
000000c6
00000110
00000160
000001ca
0000035c
00000440
ffffff5a
000000bc
0000001a
ffffff12
000001e6
000002d2
00000340
00000320
000001fa
0000019e
0000019e
0000019e
000002e7
00000223
000004e6
00000575
00000169
ffffff06
ffffff06
ffffff06
ffffff06
ffffff06
ffffff06
fffffe16
fffffe64
fffffe04
fffffcf8
0000002e
0000042c
0000004e
ffffff06
fffffe8a
fffffdd0
fffffd1a
fffffb3e
fffff9e8
fffffa16
fffffafc
fffffb7e
fffffcc0
00000400
000006f4
00000652
00000650
000000c2
fffff866
fffffdfa
00000284
fffffe78
fffffb8c
fffffb0c
ffffff8c
000001dc
000003c4
00000494
0000009a
fffffe28
fffffbf4
fffffb9a
fffffc84
fffffd68
ffffff1e
fffffbb8
fffff9fa
fffffab6
fffff762
fffffac2
0000054e
0000005e
000002f4
00000696
00000514
00000228
00000006
ffffff06
ffffff06
fffffc9f
fffffba9
fffffecb
fffffefb
ffffff4e
ffffffb6
ffffffb6
ffffffb6
ffffffb6
ffffffb6
ffffffb6
ffffff92
fffffff6
ffffff9a
fffffecc
fffffee2
ffffff62
ffffff5e
ffffffb6
00000016
000000a8
00000096
000001f8
0000025c
000004c0
00000596
00000504
00000304
000002e4
00000368
00000466
00000600
000004a2
00000316
00000128
000001a2
00000136
000002d6
000003ec
000005f4
000006ae
000003f6
000000da
ffffff78
ffffffb8
ffffffcc
ffffffaa
ffffff48
ffffff24
ffffff4a
00000044
0000010a
000001e4
00000318
00000332
00000248
0000009a
000000a8
00000306
000002dc
0000012e
ffffffc6
ffffffb6
ffffffb6
00000028
0000008a
0000017b
00000144
000001b0
000001d6
000001d6
000001d6
000001d6
000001d6
000001d6
000002ae
00000312
00000390
00000466
0000049c
000003d2
0000028e
000001d6
000002d4
000003ba
000004b6
000005d6
0000064a
000006a8
000005cc
0000056c
000005e0
0000054c
000004bc
0000068a
00000738
00000808
00000972
00000974
0000094c
0000068e
00000546
000004a0
000002a6
000002ca
000002f2
000002d0
00000242
000001a6
000001c2
000001b8
000001f0
000001c0
000001e8
00000316
000002dc
0000029e
00000654
000006f2
000008ac
00000a26
00000786
00000598
000003ca
00000298
00000276
000001d6
000001d6
000001c2
0000002a
000003e8
00000395
000002b9
0000024d
0000024d
0000024d
0000024d
0000024d
0000024d
0000038f
00000321
000001ab
00000255
0000026d
0000021f
0000032d
0000024d
00000229
000001df
0000023f
0000022b
000003cf
0000062d
000006c1
00000753
000005af
000001a9
00000081
00000071
00000125
000001f5
000000cd
000000c7
ffffffe5
ffffff5d
000000f1
000000f3
00000267
00000489
000005d1
000005dd
00000441
000001b7
0000037f
00000417
000003ff
00000387
00000295
00000361
00000329
00000075
00000049
0000007d
000000ed
00000341
000006ed
000008b9
000007c9
000005cd
00000349
0000024d
0000024d
00000036
fffffe73
000001f2
00000118
ffffff02
fffffeba
fffffeba
fffffeba
fffffeba
fffffeba
fffffeba
fffffdae
ffffffa4
0000004e
000000d4
00000222
ffffffdc
ffffff26
fffffeba
fffffeea
ffffff98
ffffff82
ffffff1e
fffffeae
fffffe9c
fffffee8
00000068
00000394
000006e4
00000348
0000017a
0000004c
000000d0
000001a6
00000284
000000d0
fffffd78
fffffd8c
fffffe86
fffffe2e
fffffe50
fffffdde
fffffe98
fffffec0
fffffe3e
fffffe7c
ffffff1c
ffffffb0
ffffff28
fffffeec
fffffbec
fffffd4e
00000074
0000006a
00000232
000002b0
000002c6
000002aa
0000013e
fffffeda
fffffe8c
fffffee0
fffffeba
fffffeba
fffffd8e
fffffd29
00000247
0000002b
fffffffb
000000a2
000000a2
000000a2
000000a2
000000a2
000000a2
000000bc
fffffca6
ffffff50
00000318
00000194
00000030
00000014
000000a2
000000b2
fffffff2
0000003a
fffffff2
fffffe76
fffffcec
fffffb66
fffffd82
ffffff2c
fffffef2
000007e2
000004bc
fffffdea
fffffd02
00000144
000001ee
0000013e
ffffff56
ffffff6a
fffffe30
000000fc
00000436
0000037a
00000140
0000009a
00000106
0000001a
00000006
00000022
fffffff4
0000007e
0000023c
fffffaba
fffff8b6
0000019e
fffffeb0
00000000
0000037e
00000220
000001a6
0000005e
00000010
0000003c
000000a2
000000a2
00000067
fffffb7d
00000015
000000c0
000000b2
00000068
00000068
00000068
00000068
00000068
00000068
000000ac
ffffffa2
fffffd48
fffffb98
fffffc48
fffffd6e
000000b0
00000068
000000b2
00000140
000001c8
00000332
0000051a
0000071e
00000898
00000b3e
00000be8
00000892
00000858
00000946
00000a18
00000a10
000008be
000008fe
00000868
000008e0
000009f2
00000996
00000afe
00000ba2
00000a52
000007a8
000003f2
0000030e
00000362
00000334
00000328
00000384
000002b2
00000216
000003c8
0000038a
000004c0
000005a2
0000067a
000005d4
00000458
000002c0
0000025c
00000276
00000126
00000068
00000068
00000032
00000062
fffffd21
fffff776
fffff75f
fffff638
fffff638
fffff638
fffff638
fffff638
fffff638
fffff358
fffff28a
fffff4e4
fffff84e
fffff8ce
fffff7e6
fffff648
fffff638
fffff5e4
fffff592
fffff518
fffff4b6
fffff2ce
fffff0dc
fffff304
fffff51e
fffff8cc
fffffc22
fffffdd4
fffffc58
fffff56a
fffff872
fffffc60
fffffc90
fffffa9c
fffffa72
fffffb38
fffffe9c
fffffe7c
fffffd94
fffffdb4
fffffb0e
fffff988
fffff8d0
fffff8a4
fffff8c2
fffff8c0
fffff872
fffff6e8
fffff436
fffff1ae
fffff242
fffff3f8
fffff810
fffff940
ffffff0a
fffffe5e
fffffba4
fffff9d8
fffff760
fffff6a8
fffff638
fffff638
fffff603
fffff73d
fffffe41
fffffd49
fffffe0a
0000001e
0000001e
0000001e
0000001e
0000001e
0000001e
0000016c
000002c6
0000014e
00000154
00000108
fffffd70
ffffff92
0000001e
0000009e
00000142
000001c4
000001a0
0000020e
000001ae
000001d8
000000a2
ffffff76
fffffcf8
fffff99c
fffffcfe
fffffe92
fffffe12
00000028
00000026
fffffb78
fffffd50
fffffd0e
fffffc7a
fffffb6a
fffffba6
fffffd76
fffffdce
ffffffae
00000024
0000010a
000000e2
ffffff76
ffffff96
ffffff5a
00000134
0000044e
0000032a
0000012c
0000052e
fffffc44
fffffa5c
fffffcb8
fffff97e
fffffbae
fffffee2
ffffff9a
0000001e
0000001e
000000c8
000001f6
fffffedd
ffffffcd
fffffc55
fffffb59
fffffb59
fffffb59
fffffb59
fffffb59
fffffb59
fffff981
fffffb11
fffffd4f
fffffd79
fffffff3
fffffd91
fffffb1b
fffffb59
fffffb97
fffffbcf
fffffc09
fffffc0f
fffffa61
fffff8db
fffff87d
fffffbf1
fffffe61
00000349
00000423
0000034d
000003b1
000000b3
fffffec9
000001e7
00000347
ffffff73
fffffc13
fffffaa3
fffffed5
0000009d
0000013b
00000085
fffffda5
fffffda9
fffffdb3
fffffd95
fffffce5
fffffcc5
fffffc77
fffffa05
fffff99d
fffffd13
fffffac1
fffffd53
00000659
00000115
0000027d
ffffffbb
fffffb45
fffffc9f
fffffb27
fffffb59
fffffb59
fffffab7
fffffbb1
000004c7
000005d3
00000571
00000495
00000495
00000495
00000495
00000495
00000495
00000413
000003fd
000003e7
000003a1
00000409
00000481
00000413
00000495
0000049b
00000475
00000489
000004c1
000004d7
000004e1
000004d9
0000056f
0000056d
0000052b
00000397
000002f9
000002f5
000004f1
000003ef
000002e1
000004f3
00000543
0000061b
00000641
0000060f
0000041d
00000441
000004eb
00000447
000003e3
00000433
000004b7
000005c9
00000613
00000547
00000525
000004f1
00000505
0000023b
ffffff31
fffffea5
ffffff33
00000139
000003ff
000003a1
000004db
000004db
00000495
00000495
00000356
000001bc
