ffffad6f
ffffb346
ffff8776
ffff8641
ffff9690
ffff9627
ffff8801
ffff87ee
ffffc119
ffffa4a9
ffffbbfa
ffffbbae
00001911
0000189a
00003320
00001d73
0000213d
00001f68
000026da
000005fa
fffffdf3
0000269a
00001cb2
0000015f
fffff97e
fffffe23
00003bb1
00008248
000097dd
0000d612
0000b64f
00009df7
0000d60f
000096ed
00008eda
000063c9
00009bec
00008557
0000847e
0000417f
00006ac3
00004332
00006ecf
00002015
000053a9
00004bd5
00006547
00006a60
00006715
00005750
000051af
00003f15
00003e6a
00004722
00002a35
0000293d
00001db1
0000045f
ffffec14
0000068f
ffffd541
ffffdb67
ffffe3c8
ffffdb3f
000023ff
fffffd97
000047df
00002aa9
000048a6
00002427
0000488f
00003d98
00007f7a
000093be
00008f4e
0000821d
0000eeea
0000e32d
000107cd
0000e72d
0000f9bc
0000f7b8
00010c4f
0000f2cd
000111df
00012d00
000132d1
00011636
00010337
000111ea
0000bd59
00006e27
000098ab
0000b5df
00009736
00007a4f
00008619
000079f6
0000aad3
0000a61e
0000c27d
0000b156
0000b1f6
0000c6b6
0000c372
0000ddc4
0000faa0
000137a7
00011896
00012776
00018138
0001341b
00013de6
0000d4d8
0000d701
0000c1ad
0000d9c9
0000b9b3
000074dd
00009496
000081e8
000073ea
00006a90
0000648e
00005e24
00004678
00008e29
00003cca
ffffcebe
ffffc07f
ffffd189
ffffd533
ffffca5e
ffffca47
ffffcc17
ffffd2b8
ffffd24d
ffffd7a5
ffffd605
ffffdcd1
ffffe81d
ffffe968
00001a9c
0000060c
00001c22
00000d2c
00001d4b
00003e3f
00003466
00006301
00006bc9
000056e0
000065ee
00004f28
0000834f
0000f2f2
0000e3fa
0000d7ba
000122c7
0000993a
00011926
0000b786
0000efdc
00009d25
0000a7d9
0000913e
0000ac83
000098b9
0000891c
0000a3e2
000064b7
0000de6a
00007ac3
0000911c
00008b76
000084bf
00008a31
00004865
00003c7f
00001867
00002823
000018d1
00000507
fffff937
fffffb9c
fffffb05
ffffef19
ffffeca1
fffff011
fffff554
ffffd1fd
ffffdd5a
fffff204
ffffedd7
fffffb49
ffffe7b1
00000463
ffffe2c5
ffffe883
fffff32d
ffffeaf1
ffffdf74
ffffe23d
ffffd370
ffffa703
ffffab66
ffffd05f
ffffb85e
ffffbaca
ffffc347
ffffbe39
ffffc7c6
ffffd1aa
ffffe435
fffff642
ffffee99
fffffb0c
fffff6eb
0000047a
ffffe97d
00002e07
00004df9
fffffc67
00005483
ffffe47a
00003662
00004d9e
00005fee
00004d4b
0000652c
000042bf
0000711f
0000534a
00009861
0000732d
00009fb9
00008c1e
00008a26
00006a28
00008805
00003ed2
00007803
00005343
00006784
0000386e
00005676
0000456d
000044fa
00004aae
00005a4b
00005446
00003fc4
0000268f
0000231b
000022d1
00001f4d
ffffc5ff
00000cf8
ffffc3c4
0000047d
ffffcc6e
000000bf
ffffd9e6
fffff611
ffffe057
fffffe6d
ffffef9b
000004c3
00000f52
0000212b
00001349
00002e44
000017b2
00000b8f
00000def
000009ac
ffffeb17
00001533
000024bd
0000370b
000029ca
0000393b
fffffe52
000038a3
0000781d
00004b7e
00009e76
00003ca1
00009798
00005b95
000054de
000059a9
0000769c
00005182
00007223
00003fe4
00006bb3
00006ee0
000081ab
0000a313
00009dd5
00006869
00006e9c
000073f6
0000852c
000017da
000030a9
0000257d
000037cb
00001177
0000172c
fffffc19
000001a4
ffffe683
ffffd779
ffffcaa4
ffffd80b
ffffc272
ffffdaab
ffffc039
fffffc2d
0000183d
0000248a
00002db5
0000252c
0000259b
000025a8
00002df7
00002e46
000012b9
00001c99
0000101d
0000247a
ffffff35
00002229
000007d9
000014e4
00001fac
00001f5e
fffff85b
0000109a
fffff581
fffff640
ffffdcc2
ffffd14c
fffff47c
fffff37a
00004fb3
000023b6
000008cf
00004274
0000098b
000052e1
00003cde
fffff39f
0000285a
0000535a
0000474e
00006242
00000ea8
0000304a
ffffe5d7
ffffcfe7
ffffb7f8
ffffbc67
ffffba0e
ffffbd3e
ffff910d
ffffe196
ffffa14e
ffffda6b
ffffa804
ffffeab1
ffffc94c
ffffc8d4
ffffd1a8
ffffc1fb
ffffc195
ffffc52c
ffffc81f
ffffdec4
ffffcf18
ffffb476
ffffb64a
ffffbad8
fffff739
ffffa4d7
ffffbf08
ffffa87a
ffffecd4
ffffa994
ffffadbc
ffff9dd2
ffffb930
ffffc57f
ffffd62c
ffffe493
000000fe
ffffe80d
ffffd833
ffffc6c6
ffffd88a
ffffcd4b
ffffabd3
ffffb01a
ffffa511
ffffae0e
ffffa059
ffffa55f
ffffb30a
ffffb2b0
ffffbb52
ffff919a
ffff9452
ffff9d3c
ffffbe04
ffffa6e2
ffffd0c3
ffffdd1c
ffffccac
ffff88b8
ffffa531
ffffa457
ffffd1de
ffffaeb5
ffffda60
fffff219
000034f8
00000c15
00002003
00002c0e
0000351b
00001a6c
00001356
00001381
00001d25
0000167d
00003807
00001b2c
00001bd2
000021b3
000019ba
fffff637
fffff931
ffffdb84
ffffded4
ffffe8d8
ffffe588
ffffbccb
ffff9e7c
ffffa0da
ffffa0fc
ffff9a0d
ffff9927
ffff9036
ffff8ecd
ffffc096
ffffd811
ffffd844
ffffe492
00003317
00004404
000035d8
000048fc
000057ec
00005bbb
000060fa
0000613a
00008216
00005ea0
00008296
0000681e
000075ac
00006b20
00007010
00000ff9
00001c7a
0000143a
00000183
0000038e
0000030d
ffffca17
00000cab
ffffe970
000005d2
ffffe962
fffff463
ffffe0d9
000010e9
fffff58f
00000be9
00004a41
0000355b
00002140
000068c3
00001d0d
0000369d
ffffe9b9
ffffeb9e
ffffdb37
ffffd3f5
ffffe2ae
ffffd348
ffffb130
ffffb49c
ffffa646
ffff96a6
ffffa2c1
ffff9c23
ffff8665
ffffb466
ffffa9f0
ffffaa74
ffffc26a
ffffa507
ffffdcc7
ffffa75e
ffffd2c9
ffffaf72
ffffc9ee
ffffefe5
ffffe069
fffffbe2
ffffe83f
00001e1f
0000142a
0000144a
fffff8bf
000004bb
00000a33
000002f4
ffffe37d
ffffff33
fffff5f6
fffff441
ffffd0b2
ffffdcc8
ffffe660
ffffd3ae
ffffa5d2
ffffc617
ffffdc45
ffffec18
ffffe67e
ffffe104
fffffbb0
fffff600
fffffa38
ffffc599
ffffd25e
ffffc2ff
000000dd
ffffc1e1
00000ad3
ffffcd5d
00003f25
000009b2
00002442
00004811
000026c3
ffffff64
fffff014
fffff298
ffffc5a8
ffffb673
ffffc13d
ffffb116
ffff9734
ffff94b0
ffff997a
ffff99f3
ffff9864
ffff788f
ffff86ce
ffff85a7
ffffb2d8
00002f0d
00000649
000009b4
0000067d
fffffef9
ffffff6b
00000726
0000097a
00002b90
000044ba
00003576
00003f63
0000549a
00005dd0
00003fac
00004ad7
000031d9
000045a2
00003aed
00001ddc
00001af8
00000e63
00001fd1
00001837
0000174c
0000204d
ffffebb7
00000c79
00000775
fffff10b
fffff9e2
000016a3
ffffe50b
fffff052
fffffcaf
ffffd15e
ffffc2c1
ffffc64a
ffffc2d4
ffffd9d3
ffffe0e7
ffffdf86
fffff79f
0000270b
0000195c
000013aa
000011db
0000201e
0000033c
00001f55
00001569
000019df
00000409
00000be4
0000091a
0000011c
000011b2
00002ac6
00002581
00002b82
0000127b
0000062a
00004b4a
0000385b
ffffb09b
ffffd2da
ffffdaf2
ffffbad4
ffffd02e
ffffb86a
ffffda96
ffff9f11
ffffb4a5
ffff9cd4
ffffb974
ffffa09b
ffffc953
ffffc561
ffffe170
ffffc15b
ffffe4de
ffffd389
ffffdf3a
ffffdab0
fffff382
ffffe571
ffffeceb
ffffd341
ffffd35d
ffffe489
ffffd967
ffffae78
ffffb3a4
ffffe108
ffffa233
fffff8fb
ffff9a64
ffffceee
ffff9c0a
ffff9b91
ffff80af
ffff890d
ffff7b6b
ffff9135
ffffaeab
ffffc7a0
ffffc1ce
ffffd071
ffffc182
ffffba5b
ffffbf98
ffffd26f
ffffaef3
ffffc9b9
ffffc663
ffffe52e
ffffcd9a
fffff8fb
ffffe0ee
ffffd3da
ffffe2fa
ffffd82f
ffffc200
ffffad26
ffffb1ce
ffffc4cf
ffff80c5
ffff898a
00000d44
ffffff0e
ffffe546
0000079f
fffff2cb
00000aee
ffffe90a
fffff9d9
000000da
00000af9
000013b5
000016e4
00002327
00002ee1
00001ce2
000021ed
00002fb2
00002259
00003414
00004e5c
000068a8
00004ac7
00006422
00006453
00007295
00007dc9
0000dac7
0000d99c
0000fd52
0000f658
0000f5d8
0000da18
000101de
0000cb79
0000fe15
0000e5a6
00010ea1
0000fc82
0001054d
0000988f
0000cf40
00006e11
0000452c
00007147
00005fbf
00003041
00003101
000015be
ffffd6c6
00001a5a
fffffba9
000001b0
fffff1b9
00001473
00000318
fffff9bd
00000719
ffffe9b2
fffff796
ffffe503
fffff05a
fffff076
ffffd6a1
ffffee71
fffffc0f
ffffe6fa
ffffce79
ffffef9d
ffffda48
ffffe937
ffffd361
ffffed31
ffffebf6
00002005
fffff5d1
000027a0
000020ce
0000442b
000025fa
000057b0
00000e06
00004285
000025f8
00001807
00001274
000001e2
000011f3
000002a7
00002854
000009ba
000050e2
00008fc1
0000796e
000079e8
00006acd
00007d76
00006065
000041c5
00000807
fffff534
fffffff9
ffffec5d
000004f3
ffffbc24
ffffdfc7
ffffa024
ffffc3d7
ffff8bd2
ffffbb40
ffff9df5
ffffae9c
ffffb50f
ffffb0c9
ffffd6af
ffffe4aa
00000457
ffffe31d
ffffeaef
fffff62a
ffffe049
ffffd698
ffffc513
ffffb7a7
ffffbd79
ffffcbfa
ffffb823
ffffe556
ffffcc13
fffff6c1
ffffe1a0
fffff187
fffff74f
fffffafd
fffffe5d
ffffed7d
fffffe2e
00000a04
00001f2a
000012aa
00002b9c
000020ec
00003d9f
0000100e
00002670
00001fb8
00002914
00002052
00003378
00003167
00005e74
00006e35
00006b1e
00006358
0000724a
00008140
0000cd1c
0000dc19
000098ce
0000fe7a
00007acc
0000f0ce
00007c82
0000b19d
00007c16
00009f09
00007861
0000a374
00004475
000060a0
fffffd9f
00000948
ffffec85
ffffe7f8
ffffccb6
ffffd809
ffffc3eb
ffff92cf
ffffcc58
ffffb2e6
ffffca3e
ffffa823
ffffc199
ffffd487
ffffb5d0
ffffc24b
ffffd486
ffffdc12
ffffd608
ffffbbe9
ffffd027
ffffcd0e
fffffb67
fffff38d
ffffdded
ffffd5b9
ffffbc77
ffffeb41
ffffcf8a
ffffc9ae
ffffb08e
ffffc7fb
ffffb111
ffffd001
ffffc2eb
ffffe4b3
ffffd4ed
ffffea6c
ffffe074
fffffa12
ffffe3e3
fffffbbc
ffffd0fc
ffffe2e6
ffffca2c
ffffd155
ffffc3f7
ffffb065
ffffeb41
ffffe571
ffffda19
ffffd240
fffff4e7
ffffc9bd
ffffe9ca
ffffe1af
ffffd553
ffffe278
ffffed1b
00001c7a
fffff519
ffffdd86
ffffe822
00002cd4
ffffd629
00003e1a
ffffe3be
00001913
fffffffc
00003520
fffff09c
00002c70
000033a3
0000412a
000049c5
0000430c
00005d71
00006636
00006079
00005b8b
000060c6
00005e6c
00005dcf
00004960
0000352f
0000422e
000032b3
fffff861
ffffe358
ffffffbc
fffff7d3
00000aa1
fffff964
00000b0c
000010b1
00002557
00002e9b
00002196
00002dfb
0000468f
00004d33
00005db2
00003c97
00004391
00002e49
00004042
00003ca0
0000379b
00006e4e
00006348
00006d0a
00006657
0000717e
00008daa
0001334e
000142ca
00014a4f
00016f46
00010c5f
00016c23
0001407c
00013191
00010fc1
00011837
00010b19
00013094
0000d4ae
0000c67c
0000adf4
000085ad
0000c15e
00009094
00009872
0000aee0
0000a6e6
0000a640
00006a9d
00005190
000039ba
0000578d
000043f1
00001a1a
00003bb9
00003bd4
00003c56
0000372f
000037bb
000036de
00003a5c
00003869
00002d1d
ffffd20a
fffff3f2
ffffdbcc
000001c1
ffffe638
fffffd49
fffffced
fffff72b
0000149e
00004008
000031bd
00004bfa
00007931
00007e8f
00005258
00006516
000047fe
00005c4a
00005051
00002a24
00004675
00001f0b
0000380a
0000296d
000004af
00004e61
00000ac9
000002dd
000025f2
00001470
00000f46
0000108b
00003392
00001f60
000032b9
00003937
00005669
00003d60
000039c2
00002988
00003cac
00002d2e
00003b52
00005a38
00003ffe
000025bc
000070d8
000042d1
00004f1f
fffff48b
00000d53
ffffffd8
0000025a
000008a9
000001f4
fffff6f1
00000379
00001279
000006d6
000007fd
000005e0
ffffe2db
000034fa
000012cd
ffffef35
fffff9e5
ffffdf6e
00000451
ffffeb8d
000001e6
ffffe1fd
000010bb
00000627
00003fc1
00001844
00003be3
fffffa3a
ffffffe9
fffff40e
fffffe3d
ffffda82
fffffc73
ffffeb56
ffffd85d
ffffe8e9
ffffcce4
ffffe73e
ffffdb04
ffffb844
fffff9f7
ffffdbe0
00002c21
000033e8
00001033
000029e7
00000ab5
00004348
00000ba4
0000263f
00003d77
00006a7b
00004f40
00006904
00000eb2
00004da8
ffffff47
000011f2
ffffe79a
fffff766
ffffd9be
fffff30e
ffffc379
ffffd4e3
ffffc3e7
ffffd102
fffff1e8
ffffef02
00000445
00000a37
00000b12
00001d9b
00001f27
000005ca
fffffe17
ffffeace
ffffd6d5
00000faa
00001900
ffffe66f
ffffdf64
ffffcbef
fffff161
fffffcb1
ffffe2ab
ffffd58e
00000690
0000415e
00005d96
00004593
00005e32
0000ae0b
0000a15f
0000c385
0000bea5
0000a649
0000a8da
0000af54
000089c1
00006ecd
0000ba1e
00009819
00009abd
00007925
00008491
000028b2
0000aa8e
0000a82d
0000e1fe
0000bd95
0000a2e2
0000d0a7
00007807
00006e0c
00006788
0000c6c8
000099c7
00008877
000067dc
00009db3
000088ce
0000cd35
00008e98
0000c3b8
0000b079
0000df31
0000dd41
0000e4b9
0000a2b5
00009992
00007fee
000083d8
0000878e
0000680f
000073ae
00005fe2
00005807
000036e1
00005e0a
00002bb7
000015a2
000061ed
000059f3
0000099f
ffffd436
ffffc830
ffffd7a8
ffffbf27
ffffdb64
ffffb704
ffffd765
ffffc2e6
ffffde01
ffffcf50
ffffd88d
ffffc8bb
ffffbb9f
ffffb144
ffffa7a1
ffff9a50
ffffb013
ffffa214
ffff5add
ffff675e
ffff3cc5
ffff46ce
ffff34ef
ffff314b
ffff2c70
ffff23a8
ffff7b9c
ffff6d31
ffff869e
ffff88e5
ffff9985
ffffaae0
ffffb61e
ffff99df
ffffb329
ffffa5e5
ffffb818
ffffca3c
ffffa730
ffffbaf0
ffff9a3b
ffffdc12
ffff9c79
ffffadb6
ffffb4c7
ffffda9c
ffffa72f
ffffd22d
ffffdd3c
ffffd80c
fffff4ff
ffffe6cf
00000d18
fffff60e
ffffe0db
ffffd695
ffffd909
ffffc9ab
ffffebc6
ffffc435
ffffbbf8
fffff79f
000001b8
ffffd898
ffffa9a3
ffff9bdf
ffffba10
ffff9e73
ffffb03e
ffffa435
ffffb305
ffffc289
ffffd9ef
ffffcfe3
ffffdc8a
ffffcb87
ffffd42c
ffffbd8b
ffffb979
ffffbd7f
ffffc842
ffffc024
ffffbccf
ffffd6da
ffff87ac
ffffa027
ffff8a74
ffff968a
ffff8a35
ffffa9e5
ffff2bbb
ffff2d23
ffff46a9
ffff18c2
ffff7933
ffff1f94
ffff88ab
ffffd5c3
ffffdd28
ffffbb93
ffffcb76
ffffc1ae
ffffe814
fffff098
fffffe3e
00000d23
000049cd
00000deb
000019cc
00003f4e
ffffdac6
ffffe14e
ffffe669
fffff092
fffff04e
ffffedde
000008d8
0000086f
fffff526
ffffffd0
0000090b
00000519
ffffefa8
ffffef71
ffffe0fe
ffffff6c
ffffeebe
ffffe43f
ffffad4c
ffffcf98
ffffab10
ffffc96d
ffff9c39
ffffc730
ffffa167
ffffa7f8
ffff8e75
fffface2
ffff974a
ffffceb6
ffffc487
ffffde55
ffffd9c8
000014b2
fffffbe2
0000070e
000004dd
00002b71
00006dbf
00006649
00005ef5
000072b4
000073c7
00006ea3
000080fc
0000ad45
0000d560
00009934
0000b11f
00007c7d
0000b226
00009fda
0000aa00
0000a441
0000ac6c
0000a387
00008d82
000086b7
00009e70
000074b4
0000b4e0
000090d7
00007f79
00008540
0000724b
00009941
00005ac4
00004b0a
00003386
00002099
00001b1c
00001871
0000042d
fffffcee
00001195
00002352
00002445
000019e9
00000c8b
00000db0
0000005d
00002e49
00002134
00001320
0000394b
00002aca
00002c8c
000038bf
00004128
00003fcf
00005cb4
000042ae
00005707
00008289
0000839a
00007776
00009a53
00008213
00009bde
00008e7e
00008e45
0000936b
0000d244
0000b12a
0000b5b1
0000bf30
0000ab82
00009f86
00009295
00004c69
00002fbc
00000592
00002985
fffff058
ffffc49b
ffffcf74
ffff8d35
ffff8a5d
ffff7ed7
ffff8510
ffff62c5
ffff9163
ffff7558
ffff9f18
ffffb195
ffffac1a
ffff998a
ffffca87
ffffb787
fffff56f
ffffc303
ffffdfbc
ffffee16
fffffb4b
00000104
fffff824
00000585
00000d88
00000f24
000006a7
000022f0
00002d9f
000023bd
00005e1f
00004428
ffffadaa
ffffc3de
ffff8a97
ffffc581
ffff9af6
ffffbd30
ffff77bb
ffffbb2f
ffffb4f7
ffffc66e
ffffa90f
ffffcc84
ffffb5b6
ffffd55a
ffffd7a0
fffff578
ffffd2d2
fffff226
ffffd7be
ffffd423
ffffc2d3
ffffb617
ffffdaff
ffffba44
ffffbfc3
ffffbd61
ffffc81a
00003d48
000031e9
00003c43
00006908
000027cf
000064be
0000138e
00004443
00001a20
00004043
00002c62
00002e2f
00001dc4
00002341
00001f8f
000038c0
00001e19
000034bf
00001d37
00002409
000026ed
00001f73
00001079
000016ee
fffff105
fffff03e
ffffe395
00000714
ffffd13f
ffffb9ad
ffffb8ae
ffffa4a8
ffffb147
ffff8a5d
ffff7db1
ffff8526
ffffae9d
fffff63b
000000df
ffffed34
000028fd
fffffc71
00001d58
000004e7
00002364
000017b4
0000404b
000025fb
000052b7
00003931
00006205
00001b8c
00005a6c
00002a91
00005041
000034a0
00004ff3
00004d64
0000588b
00006c1d
00005cb8
00006224
00006e6d
00004f52
000035df
00002a88
ffffdf1a
0000121f
fffff63f
00000685
ffff8df0
ffffc7ba
ffff647b
ffff799d
ffff6f1e
ffff7415
ffff4902
ffff775d
ffff5578
ffff65d0
ffff5ead
ffff7c94
ffff58d8
ffff468b
ffff9309
ffff4a8f
ffff82c5
ffff9120
ffff9f6a
ffff81d8
ffff9cde
ffffba28
ffffa46f
ffffc43b
ffffcf01
ffffcded
ffffda5b
ffffc3f5
ffffcdb0
ffffe031
00001d55
fffff138
fffff3f0
0000004a
fffff0bd
000008ed
fffffdbd
fffffb5c
fffff970
00000f64
00002f66
00002e9c
00003bfc
00007dc2
0000925f
00009b4e
0000a6ed
0000b8eb
0000bbe4
0000c39a
0000d690
0000f2f8
0001075a
0001080f
0000ea39
0000d7ce
0000e063
0000acb3
00005e82
000060ba
00007aab
00006f10
000041b4
00006cd7
000032c4
00007daa
0000605f
00008e5b
000076ca
00007ed7
000096c3
00009164
000086e7
0000b8a1
0000c607
0000bec3
0000d389
00011c76
0000edb9
0000f166
00009256
00008b8e
0000896b
00008aeb
000078de
000059ab
00006cf2
00005ea7
00004396
00003598
00003f82
00004471
00002b71
000059bb
000029f1
fffffdc1
fffff6d4
fffffa8f
0000333b
00000852
00002ef5
000004d3
00003fae
00006437
00006ba7
00007626
00006ce7
00007697
000073f1
00003b2a
00003ed9
00004529
00004934
00004323
00004289
000065fe
00005753
00007364
000060a7
00005430
0000782a
00005ab4
0000623e
00006cfb
00005b75
000087f3
000057ad
0000928b
00005af6
0000af4f
0000990d
0000b22a
00009549
0000a130
00008925
00009577
00007ad8
0000750b
0000aefe
0000820e
00007500
0000a80f
00006451
00005a6b
0000433a
00002226
fffffcac
ffffffbd
fffffe33
ffffffcb
ffffe753
fffff100
fffff87a
fffff844
fffff63c
ffffccf9
ffffcab5
00000013
00002e59
00002a0e
00002bdc
00001970
0000542b
00003ba6
0000403f
000035a5
00005a48
00006754
00008367
00007002
000071bd
0000bdeb
0000adb0
0000d870
0000d74d
0000d2c2
0000e622
0000e53e
0000c373
0000e083
00011f34
00011417
0000f713
0000ffd9
00010c9f
0000cca7
00010456
0000ef1d
000110d4
0000e252
0000e5d2
0000db12
0000c4ad
00005c5c
00006f19
000088f9
00007656
0000827f
00004459
00007497
00005920
000074d0
00005137
00006a79
00004742
00006c36
00004f6e
00007065
000044b6
000040c3
0000598b
00005081
00005560
00004042
00003dc4
00003383
00002d3b
000025d7
000024fe
000019e7
00000155
00002c05
00000e57
00001204
00000f2f
000001db
00004a54
000012eb
00004240
00001f66
0000513f
000041b4
0000752c
0000566d
00007566
00003b4b
000053e4
00001dd4
00004582
00000411
000032d5
00001740
00001585
00000b19
0000051e
00001697
00000516
00002242
00001ad8
00001b6d
00003523
000021ed
ffffd6f4
00001b38
ffffee28
000009dd
ffffc35f
0000238b
ffffd37c
ffffe2e4
ffffd2b1
ffffd595
ffffac1d
ffffd50f
ffffad06
ffffa6f7
ffff9246
ffffa6c2
ffff7403
ffff4c17
ffff6ccf
ffff1f26
ffff8f52
ffff8d7b
ffffb55b
ffff8d6a
ffffa60e
ffffdcb0
ffffacd7
ffffd00c
fffffcd5
0000052b
00000369
ffffdfe0
fffff1b1
00002310
000044f7
000018b6
fffff49c
000012b5
00002879
00000d72
00001b6d
00001aa4
00003054
00004312
00004df5
00003fe2
0000554e
00003e36
000042db
00002629
0000361d
000024c8
0000392b
00002e41
000019fb
00001e9c
000009a9
00000531
ffffd9db
ffffd725
ffffd44d
ffffd1fd
ffffec7f
fffffced
00001faf
00002b39
00001ab7
000030b1
000086a1
00006b2c
0000a5b0
000073ff
0000a921
0000852e
0000c071
00002f23
00007cf2
000034d3
00003aa1
ffffe6f7
00000012
ffffee93
fffff2e1
ffffdce9
ffffec70
ffffd5c0
ffffe581
ffffc61c
ffffcbfb
ffffbe06
ffffb839
ffffb1ed
ffffd894
ffffdc8b
ffffe5c8
ffffe26c
ffffd665
0000088c
00000875
fffffd0f
00000e0a
00001927
000031ab
00001392
000018b3
0000298a
0000217c
00001cc6
0000127a
000015b0
00000ea4
00001560
fffffd42
00002148
000017b3
00002dc4
00002c03
00002ad2
000030dd
00003d8f
0000463c
00004596
00003980
00002cf9
00004e0b
00002f3a
00003b44
000017e0
ffffeec7
000027b6
ffffeeab
00003b96
00002c68
000005fd
00003500
0000213b
00002969
0000365e
0000475f
000009ee
00002564
ffffd410
00003bc7
ffffef8b
0000007d
000005da
fffff5ab
0000165d
ffffd0ea
ffffdd46
ffffc4cc
ffffe232
ffffda41
ffffd983
ffffdebc
ffffe5ed
ffffe6eb
ffffe36d
ffffe6c3
ffffeec1
ffffe3f4
ffffd753
fffff7a5
ffffc6b6
ffffc891
ffffbd20
ffffc29d
ffffbd3f
ffffb8f3
ffffb38e
ffffa7a1
ffffd003
ffffc1fc
ffffe32f
ffffdbe3
00001bb1
0000191f
00002e42
000037bf
000056c7
000050ee
00005aab
0000776f
00008e14
000090c6
0000ac4f
000085fb
00009c87
0000a049
0000c797
00009d85
0000b324
0000b42a
0000bdef
000096a8
0000b193
0000685b
0000984c
00006e2e
00009360
0000794e
00007046
00004d4e
000060f8
00003e86
00001254
0000316f
00001ef2
000000ed
000001a1
ffffebd3
ffffd1e9
ffffdd3a
ffffe93a
ffffcc9e
ffffb15f
ffffb171
ffffc76b
ffffa44f
ffffa8bc
ffffa0ad
ffffa8fe
ffff8ca9
ffffa3d2
ffffa44d
ffff68f4
ffff73bb
00001085
fffff597
000003fc
00003062
00000683
0000257f
00002866
000044de
00003528
0000707e
000040da
0000609a
00004992
00006063
00003433
00004e67
00002fa4
00004db2
00004141
00001ac2
00003aca
00001181
00002450
0000049f
ffffef0f
000013fe
ffffc549
00000b64
fffff5e4
ffffea08
00000dc1
00000455
00001f9a
00002428
ffffce18
fffffdaf
fffffa2b
fffff0df
00000476
ffffb2d6
fffff090
ffffa97e
ffffe919
ffff94e6
ffffc623
ffffa6dd
ffffc940
ffffaabe
ffffd5ac
ffffc3f2
ffffc663
ffffffdf
0000048a
000017fc
00001907
00001503
000030e4
000040db
00002909
00003a04
0000104c
00000623
00004c8b
000076d7
ffffdbe1
ffffc537
fffff640
ffffde2e
ffffd241
ffffc20c
ffffedad
ffffc1e9
ffffc933
ffffb45f
ffffc83b
ffffb36b
ffffa2f5
ffff82ed
ffffae11
ffffa182
ffffcaeb
ffffb94e
ffffb5a3
ffffcf9d
ffffd028
ffffef55
ffffddf1
ffffd8d6
ffffdd48
ffffdd95
ffff9b60
fffffbf6
ffffd5c1
ffffd6ba
00000a74
ffffe617
00000285
000034ce
000010d8
000035a2
00001890
00000b6e
00000e8a
00004e5c
0000135e
0000414e
ffffed9c
000063cd
00001f76
0000297e
00003d9d
00000f69
00005045
fffff813
000016b2
ffffbcd9
ffffef55
ffffd0bb
ffffdba5
ffffc36d
ffffc870
ffffce01
ffffaf70
ffffba29
ffffc1ac
ffffb1fe
ffffb886
ffffbf19
00003b97
0000102f
00001748
00002d7e
fffffed8
00001c77
00002148
00003813
00001024
00003997
00001d7d
0000379c
fffff87d
fffff68a
ffffa4fa
ffffc3b9
ffffa99a
ffffdaf1
ffffbc74
ffff848d
ffffa0d2
ffff22df
ffff4d74
ffff3040
ffff3550
ffff252e
ffff46be
ffff35ce
ffff278a
ffff23d8
ffff6886
ffff5a25
ffff8c7c
ffffb640
ffffece2
ffffe017
ffff9bac
ffffaf93
ffffba52
ffffe3fc
ffffba7b
ffffab4a
ffff9163
ffffbc43
ffff8c77
ffffa03b
ffff9c01
ffff81d6
ffff8e78
ffffa5ca
ffff99ba
ffffb183
ffffaaf4
ffffc6fa
ffffbde3
ffffafe2
ffffd25a
fffff14d
ffffe7af
0000006d
fffff0a4
ffffece8
000016c2
000046d9
00003f7a
000029d7
00005b62
00005f6b
00005403
000049b7
0000649a
00005e20
00008077
00007b99
000092c6
00007e63
0000d211
0000bc21
0000ac04
0000b0de
0000e4ad
0000d3ed
0000e573
00010aee
00013c63
000132ae
00014327
000139e8
00013c02
00014ff0
00015722
000089f5
0000acf7
00007a49
00007a74
0000625c
00007eb2
00006132
0000bd31
0000b421
0000ad38
0000aea6
0000be73
0000ce1c
00009d4b
00009d96
00008707
0000da6d
00008afa
0000aed7
0000d5ab
00007bef
000093d3
00004f64
0000393f
00002fa0
00001c33
0000240a
00000a46
000018fc
000013af
fffffe0d
00001a27
00000c05
00001b78
00001a37
00001287
000001da
ffffe2b7
ffffda9c
ffffe4e2
ffff963f
ffffc355
ffffa936
ffffb606
ffff8598
ffff97e1
ffff64a0
ffff7161
ffff585d
ffff6f84
ffff6d74
ffff9263
ffff7f86
ffff8b58
ffff7291
ffff8c01
ffff77a4
ffff59c2
ffff62fb
ffff617c
ffff5a6f
ffff5215
ffff5c68
ffffd258
0000840d
000069da
00009f31
0000b9d2
0000852a
0000d28b
0000d0e4
00010f50
0000edae
0000f920
0000ddd8
0000cc06
0000d64c
0000974a
00006416
0000892a
00005c05
00007589
00008368
000071aa
00005801
0000697e
00009c2d
00008f9c
00008128
00007c9a
00007fcf
00007737
00007728
00005fa3
000065c7
00004870
000065bd
000024d9
00002327
00004f7a
00001077
fffffc46
fffff485
fffff493
ffffee90
ffffcd69
ffffdad9
ffffd840
ffffdb6b
ffffb5d4
ffffdcd1
ffffba22
ffffd388
ffff7aab
ffff8b40
ffff9914
ffffa791
ffff8d0d
ffffa1b2
ffff89f3
ffff82b7
ffff68bb
ffff4b60
ffff4e8b
ffff4678
ffff4193
ffff1d23
ffff2a89
ffffa94f
ffff95b2
ffff87fd
ffffcb07
ffffb722
ffffd738
ffffeece
ffffeb84
00003595
00004682
00003a0e
00001a52
00004774
000037be
00002c19
000055e0
ffffe311
00001b3b
000007a4
fffff89d
00000af7
000008b4
00003445
0000375d
0000568c
000054f0
00004858
00004946
000058b6
0000355b
0000543c
00001c84
0000228d
00002dd7
000003c3
00003b27
000027a8
00000162
ffffc3c1
ffffe7cd
ffffdfe1
ffffc284
ffffbd14
ffffdd50
ffffca01
fffff7e0
fffffac9
fffff658
ffffed0d
000010bc
00000b54
00001c73
00001bcb
0000351c
00002291
00002c9b
00004424
000048d0
0000525c
00004b88
00005215
000041cc
000051bc
00004701
00003c63
00006b95
00009d1b
000072d8
000072be
00008a95
0000b797
0000b8a6
0000d9ff
0000cefc
0000de90
0000c80d
0000c276
00008b74
00007570
00003100
000053be
00002582
0000366f
00003e81
000012db
00003845
0000181b
00001619
0000240c
00001535
00001dec
00000b61
0000071a
fffffeca
000002de
fffffb30
00000559
00000772
ffffe829
00002921
000008e4
ffffb9c3
ffffc07c
ffff73cb
ffff974b
ffff7b92
ffff90c1
ffff73b2
ffff760f
ffff8784
ffff898f
ffff90b0
ffff98e6
ffffb158
ffffe241
ffffcdcd
ffffedfe
ffffe74f
ffffe0a9
ffffdced
000002fc
fffffb8a
ffffe66d
ffffde64
ffffecbd
ffffd43c
fffff561
00001070
ffffe412
ffffeac9
00001d70
000001ed
00000080
00000c8c
00004b28
0000714a
000088e3
000070b5
00007b69
00007254
00008f99
00006b13
00004d13
00005d6f
00005f57
00004552
00006084
000067ef
00003097
000056ea
00002de7
00003b20
0000724c
00005cf5
000077cc
00006b12
00006c7f
00005802
00004f00
0000365f
000042db
00004125
00001db9
00006444
00004a7e
000012da
ffffdd9b
fffff439
ffffe6b4
fffff8a8
ffffe52b
ffffef6b
ffffe71c
fffff1c9
fffff9f9
ffffec8f
fffffaf6
00000f6e
00001546
0000188c
000024cf
00003353
00001b7d
0000284f
00002b69
00001dc3
00005f6f
00004a31
00006305
00005575
00005242
00003f7c
000086ba
00007d19
000070a8
00008d25
0000518e
00008bb7
000064c7
00006200
00005262
00005fd9
000030e4
00005962
00001afc
00007333
00000670
0000608e
00004bce
00006150
0000632c
00009ec1
000047bf
0000b466
000056ba
00005313
00006389
00006dc7
00007954
000068d4
0000722c
00006296
00005f7b
000055d7
00006ca0
0000567b
000040f9
000071b3
00005bbd
00000c4c
00002fd0
00000b5d
000049f3
000036db
000055f6
0000202f
00006781
00006ac5
000088a8
000066a5
000078e3
00006eb8
00006cc0
0000622e
00006086
00003df3
000057fb
0000400a
0000271f
00003234
00003143
0000398c
00003447
00001b7a
00003f70
ffffeb36
00003371
000017fe
fffffbfa
00001068
00001072
00001b71
ffffe7f1
ffffdb20
ffffe5e5
00000d3f
00000228
00000b1b
ffffb620
00000615
ffffc979
fffffced
ffffc7c9
ffffe66c
ffffc576
ffffff1d
ffffe4d3
ffffdcbc
ffffd090
ffffc544
ffffbbfd
ffffcd43
ffffea07
ffffffa6
ffffe74f
00000892
000009fe
fffff5a3
000001fa
ffffccc1
ffffd67e
ffffe783
0000354d
fffffa36
ffffcd64
ffffd12a
ffffd65c
ffffc60f
ffffc70f
ffffdad8
ffffd467
ffffd52c
fffff0e8
ffffe53d
fffff9fe
00000f13
0000195c
fffffbc0
000017ca
00002b58
000016ef
0000199e
00001fd3
00002a62
0000664e
00005e72
00007169
000050a5
00007a8e
0000099c
00004720
0000623c
0000605d
00006634
00004bf8
00006018
00006c7c
00005db7
0000763a
00006ba8
00006660
00007ed4
000057e6
00007175
00004d37
0000442b
0000794b
00005e70
00005447
00006209
00004539
0000764d
0000283e
00001f15
000028cc
000024ad
00001d4b
000017a7
00001825
00001e90
00001f49
00001cc3
00002eab
0000211e
0000102e
00003afc
000038f2
000011f7
ffffdbd0
000023c5
00000612
00002788
fffffa99
00001fc4
000016cd
00005556
00005ce6
0000589a
00005530
00008acb
000081e1
0000b0a6
0000909e
0000a082
00009e13
0000a83b
0000adf0
0000b314
0000f4dc
0000e1e7
0000d601
0000f090
0000cfb8
0000f515
0000f8cb
00011577
00012643
0001048c
0000e471
0000ea85
0000ce41
0000fc50
0000d0ea
0000d09a
0000d7c0
0000c97f
0000b1e9
0000a6da
0000b360
0000ac07
0000cf80
0000ba5d
0000ddc8
00010bec
0000fa88
0000ef1d
0000a81c
0000a9c4
000090d1
00009e4b
00008809
000041fd
00007753
00005e91
00004f0a
000049ee
000044c4
00004a02
00003f5e
000054aa
0000194c
00002273
00001e71
00000b94
000000aa
00001fe9
00002684
00001038
00000bd6
fffff73c
fffff734
fffffaa7
ffffe9ab
00001769
00002486
00002716
00000f2e
000018b9
0000192f
00002532
ffffea6d
fffff821
0000269e
0000268a
00001363
00001c9d
00002721
00001fe2
000018a1
00000535
000018ee
0000019d
000013ad
ffffdcd4
ffffe874
ffffdf83
ffffc6e1
ffffcbd8
ffffbfd3
ffffb5d5
ffffb9db
ffffae44
ffff97d4
ffffbdff
ffffabf5
ffffccf5
ffffaca8
ffffb1c6
ffffc80d
ffffabe3
00000786
00000050
00000f85
fffff5b1
00000352
0000187e
00000f3f
000018a6
0000309d
00003d22
00002ef0
fffff07f
000019f3
000032e1
00002b81
ffffb1a4
ffffb1f9
ffffb12e
ffffb597
ffffcf5d
ffffbe4e
ffffb98f
ffffc525
fffff9cf
fffff81b
fffffbb4
0000017e
00000d42
00001ce8
00001576
00000198
000001da
00000083
0000024e
00000af4
0000159e
fffff85f
fffff007
ffffddf1
ffffd81b
ffffcf84
ffffe49a
ffff9292
ffff933f
ffffb216
ffffa5e5
ffffc979
ffffa2c4
fffffbad
000012e4
000021f3
ffffe994
00000633
fffff804
00003df2
ffffff37
00003f79
000032b2
000069bc
00004db9
00006996
0000694a
0000619e
00003221
00003f8d
0000531f
00003e76
0000386d
00004ace
00002cc5
0000509f
000049d8
00003799
00003acb
000036bf
000027e0
00002da5
00003dd6
000017d8
ffffd60a
fffff3b1
fffffaee
ffffe97b
ffffebd7
ffffe40c
ffffecd3
ffffd965
ffffe841
ffffdac1
ffffe95e
ffffdf1f
ffffe9de
ffffd982
ffffdae0
ffffc6dc
ffffd28a
ffffcaa8
ffffd017
ffffa3ad
ffffb681
ffff8a9e
ffff9608
ffff7fe9
ffff738f
ffff9b38
ffff897b
fffff41e
0000036c
00003601
0000372f
000040f0
00004f29
0000af17
00006e10
0000ba91
0000ad88
0000b8f8
0000a284
0000c61f
00006f0e
000087f2
000052ae
00004ab5
00003e34
00005187
0000389f
00003c75
000017c8
00003881
0000276d
0000263f
00000ce5
00000ca9
00000e34
00000c69
fffff64d
00000502
00000412
fffff6bf
ffffd74e
ffffd1e8
ffffffd8
ffffdbb4
00001a70
00002ca0
000023f0
00004d4a
0000318f
000046d4
00003295
00005935
0000480a
0000535d
0000439d
00004b96
00002162
000024f3
00001a69
00002206
000003b4
00001ed8
00000eef
00000d2b
0000080b
fffffbe8
fffffd50
fffff300
ffffe990
fffff50e
fffff4d2
00002ad2
00001cda
00001564
00004700
0000124e
00004a85
00004b93
000044f2
00005a08
000044a8
0000497a
00003ac2
00004f3c
000025f8
000021ea
00002892
00002515
0000192e
000024cb
00001fce
00001bd2
00003c6a
0000181b
00002210
00001ada
000035a2
00003634
00003c36
00004920
000052bc
00007454
00005b5d
000076c7
000052d0
00004761
0000694b
00009ddd
ffffcfc3
00001fae
ffffd677
fffff9a0
ffffe45d
00001c82
ffffdee6
ffffeceb
ffffdd9b
ffffeeac
fffffd29
00000009
00003af7
00005850
00004875
00005cb8
0000584a
00005bed
00005d62
000052c1
00005077
00004c7e
00005996
000044a0
00002652
000044f6
00000328
fffff1c2
ffffe4dc
ffffe714
00000133
ffffeeb4
00001189
fffffc6c
00000570
fffffff3
ffffedd4
ffffeb76
ffffffc6
000007a4
00001832
00001a6b
00005803
00006c5b
00005608
0000585d
00007262
000062f8
00007c99
0000355a
000033c2
00004fe5
00004e99
000051ec
00004a38
00003c5b
00003801
00002894
0000136d
00001f68
000000a6
fffff88a
00002364
000012d5
fffff677
00000484
00000289
00001e18
000013fa
00002017
000012c3
0000328b
00004aa8
0000502a
00005318
00005261
000061e4
0000629a
00005f87
00004bfa
00004f0d
00004b88
000050d2
000057b9
0000658f
00005b04
00006417
00005445
00005523
00005162
00008844
0000b2b3
0000e0b1
00010302
00011976
0000dc7a
00012612
00012855
00013ba1
00012a48
00010e0d
00011974
00010d54
000101b8
0000ba62
0000df3a
00009aca
0000f0ee
0000b805
0000caab
0000d3a9
0000dac7
0000cfc6
00007a96
00007a7b
00004de6
000071b1
0000521a
00002636
000051d8
00004cfd
0000452d
00003fdc
000047b5
000035a1
0000391c
00004d8e
00005612
ffff9afd
ffff82e4
ffff6d94
ffff5310
ffff681e
ffff7409
ffff533c
ffff4d0f
ffff56fe
ffff69f4
ffff770e
ffff892d
ffffa796
ffffd83c
ffffad45
ffffcf27
ffffdf50
ffffd6ce
ffffd8d2
ffffe6f6
fffff62f
ffffd48b
fffffaff
fffff975
ffffdff3
fffffef8
ffffd2b3
ffff8aa1
ffffcb0f
ffffb19d
ffffd54f
ffffa3b1
ffffe128
ffffb8d1
00004025
000012e4
00001e02
000003c0
000010c9
00003833
00003436
fffff5bf
0000303d
0000197f
00001808
0000183b
000019fc
ffffd55c
ffffe2bb
ffffff42
ffffe148
00000d12
ffffe0af
ffffe68b
00000da9
ffffd658
ffffdcff
fffff506
ffffe311
fffff3a2
ffffd66a
ffffc573
fffffba0
000002f0
000032d3
00001c28
fffffab1
000023ae
ffffe787
00001f55
fffffadc
00001a3d
fffff199
fffffb93
ffffefe5
ffffec1d
ffffc9a2
ffffcaac
ffffa6e1
ffffa70d
ffffb1f4
ffff9d1e
ffffa14e
ffffa508
ffffac7e
ffff8135
ffff9475
ffffbb12
ffffbb9f
ffffb77c
00000245
fffffbac
00001012
000005a6
00001161
fffffe30
00002471
000028f6
0000a285
00008ddf
000083fb
00008169
00009df6
000095d2
0000a0a4
00005bcb
000054ef
00008e51
000064f8
00005e2b
0000639f
000023f3
00002613
00003fce
000019da
00002710
00001c1c
00003ad9
000019fd
00001571
0000150f
00001464
00000971
00001436
000007ae
fffffa79
0000273d
000021b1
00001d93
00000da9
000025cb
00000db8
00003695
00001e45
000025be
00002709
00003a8a
000038cf
00003c55
000037d1
000070ae
00006f69
000050f1
00003e03
000036ad
000046ef
00004699
fffffa5c
00001a93
00001478
0000282a
ffffffbe
00001910
00001ce2
00001d30
00005338
0000788d
0000a0cf
0000aed0
00009ea5
000089f1
0000b3d5
0000b5de
0000966a
000088f3
000095d3
0000804f
00009665
00003dd1
00007574
00006961
0000ac6b
00009307
000090f4
000092b3
0000c459
000066cd
0000a037
0000737b
00003bb1
000028a9
000011f4
00000d16
00000015
000005dc
00001b9e
00002ee3
00002be8
fffffad6
00001994
000019bf
00001a15
ffffec1a
ffffd77f
ffffbf6f
ffffac65
ffffa860
ffffaf5c
ffffb1c7
ffff9c9e
ffffa35b
ffff853f
ffffa366
ffff8210
ffffa04f
ffff9985
ffff94b3
ffff88e7
ffff9d8e
ffff7dde
ffff9168
ffff8138
ffff7ee9
ffff6fc3
ffff7f28
ffff85d6
ffff8689
ffff9e29
fffff265
000031a6
00005326
00006f9e
00009758
00005a1f
0000bcde
0000a3a8
0000977c
00008565
00009654
000073d9
0000734c
00005ead
00004e38
00000f52
00002617
fffff786
000014a5
00001b70
00001447
000007e3
00001ad2
000028d1
0000170e
0000296e
00002a4e
000021dd
00002274
000020fd
0000185f
000019e7
00000ef9
0000253e
fffffe4e
fffffde5
00001cb8
000016c0
fffffb38
ffffda65
ffffbe87
ffffe12b
ffffae4e
ffffc63d
ffffc8a0
ffffc454
ffffbde6
ffffd7ed
ffffc8e7
ffffe014
ffffef76
00000a01
fffff21b
00002580
000019e4
00002e6c
00002461
000044a3
00005ea2
000045db
00005021
00003fb8
00004a05
0000498c
00008071
00001b29
000031ba
0000232f
fffffbd4
00001f08
fffff511
00003e7a
00004a0e
000055d6
00002cf5
000048ac
00001eab
000065cb
00000005
00004667
00003c6d
0000307a
000020b0
fffffec9
fffff1a3
ffffe2d6
000010a2
fffffc3c
00001020
0000115d
000004bb
fffff8ff
00001b56
ffffff5d
fffff2d6
00000631
00000b28
000015f9
00002720
fffffb81
00004210
00001e8f
00002984
00002295
0000401d
000057ff
00003a90
00004023
00004883
00004fee
000050a1
000055b2
00004a12
0000462e
00005c5a
00004120
000057d6
000048e4
0000465c
00004e9d
00005068
000024c1
00002f7a
00005735
00004166
0000392c
00004a92
00003924
00004673
00008848
00008b81
00009608
000081a6
000086d3
000083e1
00006c01
00001fd2
000038fc
00005bb0
0000490e
00003db4
00001b81
0000473f
000034f8
000053f1
00001274
0000289c
00001f32
0000415a
000029a8
00005f86
00002e60
00003098
00002caa
00003c69
000029ef
000019dc
000028a0
000005cb
000009a3
00001199
000016fc
000010b1
000001d2
00002254
fffffa95
00002ef0
fffff74e
0000039a
0000073f
ffffddbf
ffffed0e
ffffef61
fffff7e3
00000de6
00002b92
00001092
00001ce7
fffffed7
0000074e
fffffb31
fffff54a
ffffe56e
ffffe654
ffffe82e
ffffe915
ffffda4d
ffffab8b
ffffb0a6
ffffb5c9
ffff9cb6
ffff94af
ffff9d11
ffff6b0a
ffff823c
ffffa27a
ffff5cab
ffffbfa6
ffff7f32
ffffa382
ffffe16d
ffffe58c
ffffe434
ffffedbd
ffffd579
00000795
00002be8
00002a1c
0000423e
00002de4
00001246
00002696
00000c1a
fffff81d
ffffe6da
000029b7
00000548
00004f52
00002288
000043a0
00002342
00002ff5
0000282d
000025d6
00000ff8
00001829
000012f9
fffff787
00003fdb
00001211
00000884
ffffff79
00001a5e
00002127
00002f4a
00001810
00001e09
000037a8
000057a1
00005272
00004d4c
00004c02
00006678
000056c6
00007d1c
0000694f
00006226
000073bf
00006cc2
000050aa
00005849
00007248
00005d48
00003f96
0000413d
0000353c
00002b10
00003ce4
0000548a
00008980
0000737c
000068d9
000071f1
0000a99c
00007adb
0000b1c3
0000a509
0000b0d1
000099f0
00009f87
000058cd
00007ec3
00004c88
00004868
00005283
00005cee
00005acb
00005fb4
00006f03
00004e1a
000061a4
000033f7
00004a9a
00003550
00001e83
00003eb8
00003054
00003345
000031ba
00003d06
00002d1d
000026cb
00003ba9
000037b9
ffffba98
ffff8f53
ffff93fb
ffffa111
ffffa737
ffff9f79
ffff8569
ffffa75b
ffffd93f
000008fa
fffff88f
000020bd
00003dd1
000065dc
00003c03
00006c03
00006b6f
00006c02
00006923
00009b11
00009751
00009ac5
0000bd76
0000bd4c
0000a621
0000b540
0000a334
0000a547
00009c47
00007514
0000a1a7
00003fd5
00009f5d
fffff09b
00006f02
00000f9b
000063ee
000020fc
000033be
0000053b
00004852
00000560
00003a13
00004687
00003a0c
00002a64
0000670e
000038b2
000058df
00000395
fffff9ca
fffff15b
ffffe9d2
ffffe33d
fffff3f3
ffffda35
ffffd599
ffffdd3e
ffffc2f9
ffffd484
ffffcaf0
ffffb868
ffffde49
00000c02
00000653
ffffb85c
ffffccce
ffffe768
ffffc788
ffffd954
ffffcbce
ffffe746
ffffe380
00000b22
fffff93e
00001827
000000e6
000019a6
ffffedf0
000014b4
00001020
00002124
000017fc
00002bc5
00003ada
00002e0c
00004346
00002a11
000024b1
00002447
00002147
00004383
00002b46
fffff8e5
00002db2
ffffead9
00001dcb
ffffc939
000024b8
fffff93b
0000105d
0000112b
000010bf
fffffa04
000011f1
fffff0d1
0000182b
ffffe1b0
ffffd3c6
ffffcb39
ffffbdc9
ffffaffe
ffffb80b
ffffd90d
ffffc910
fffff89d
ffffdd0c
ffffe730
fffff643
ffffd97a
ffffd55b
fffff54c
ffffeb23
00000309
fffff467
ffffec40
00000ecb
00003752
ffffffb4
00002b34
00001433
0000259e
000021da
00003fc5
0000178c
0000286c
00000ec3
000010c8
00000aed
000014d7
00001146
000033ed
000019e2
0000415c
00003f68
00002867
0000345f
00006225
000040ae
000067dd
00006398
00007cdc
00005205
0000618d
0000709d
0000c904
0000c796
0000c98c
00012068
00009c3d
00012c10
0000e40a
00010d6e
0000eeb4
00011c48
0000eb5e
0001127c
0000f416
0001014a
0000c2c2
0000dff2
0000f92c
0000e4fb
0000e980
0000fe8a
0000d477
0001131a
0000a2e4
000088c3
00008a7b
0000a216
00008814
00007666
000074cd
00006542
0000583d
00004201
00005695
000057d0
00003a37
00005dd4
0000538a
ffffc86f
ffffb516
ffffac54
ffff8e18
ffffa348
ffff9dae
ffff8d4d
ffff8298
ffff7b0d
ffff657d
ffff69db
ffff6f6e
ffff6b70
ffff81c2
ffff8510
ffff9fee
ffff9d1e
ffff9a9e
ffff9c98
ffffa0f7
ffff8460
ffff7409
ffff7d04
ffff75b1
ffff6084
ffff7a47
ffff8dcb
ffffc0af
ffffa87e
ffffa1e4
ffffcfdd
ffffa481
ffffd52d
ffffa828
ffffe83e
ffffd9fa
ffffe35b
ffffc932
ffffbd9f
ffffe5b2
fffff236
ffffc5b5
000024ef
fffff307
000018c6
000024a4
00003009
fffffca1
00002c3f
00003ecd
000041e3
0000310a
00003b53
000040c6
000044e3
00003390
0000204e
00001110
fffff1d2
00000b79
ffffeadb
ffffdf39
fffff0ea
ffffffb3
00004322
fffff083
00001177
00000e2b
00000417
00001201
000012bc
000014ea
ffffe46e
ffffe03b
ffffe1ac
ffffd85d
ffffcb3f
ffffbc87
ffffa98a
ffffb179
ffffbe61
ffffcfbd
ffffc8e1
ffffa854
ffffd0f5
ffff99ff
ffffb685
ffff9f23
ffffb3a5
ffffa62e
ffffd59f
fffff3c7
ffffeef1
ffffd6b1
00000258
ffffe0f0
ffffff43
00001058
00000e39
00003049
00003e8d
00003f3a
00004131
00003a58
000029a2
0000082d
00000a43
fffff279
ffffea75
ffffee87
fffff55a
ffffc73a
00000109
0000112b
000006f6
fffffdfe
000010b9
fffffd34
fffff8e3
ffffeb99
ffffe6aa
0000095b
fffffd6e
00000d6e
0000092f
00000309
000024b5
000029a7
000015dd
00001790
00001bf0
00002708
00000e72
00001fef
0000159e
0000206b
00001168
00003d96
00000b41
00003d86
fffff7d0
0000268c
0000085a
00003bec
fffff564
00002224
00000812
00000550
ffffe1b1
ffffdf77
ffffd35e
ffffbd8a
ffffc0e4
ffffaab1
fffff132
00007dd3
00004bc0
000070fb
00006e22
00006247
000071bf
0000846a
0000494a
000059f5
00004e59
00005e03
00006379
000043df
00001f64
00000af2
ffffed48
ffffa620
ffff9e77
ffffa46f
ffffaed8
ffffb0e3
ffff9e48
ffffcdb4
ffffb97a
fffffed5
ffffd61b
ffffe3b0
ffffdcfd
ffffd4b1
ffffc63e
ffffcbc7
ffffaf36
ffffb68f
ffffd5fb
ffffbaf9
fffff0ea
ffffe59f
0000108d
000006a2
00000612
000026d1
00002afb
00002881
0000098c
00004a08
0000540b
0000692e
00003be8
0000585d
000050a1
00006bb5
00007373
0000a37e
00007d35
0000878d
00007f39
0000b5d8
00008fd4
0000b9dc
0000b764
0000c58f
0000a77b
0000a46c
0000869c
0000c862
000096e7
00007cdd
0000df8c
00006383
0000f208
00009699
0000d49b
0000aaff
0000ce63
00008e4a
00009415
000081bd
0000ae1f
000070db
0000bfe4
0000ad41
0000da8f
0000dc5e
0000eb9d
0000bc65
000119bc
0000acb7
0000b635
00009881
0000da5b
0000ade9
0000c212
0000cf5c
0000c2a0
0000c506
0000afce
0000d4a4
0000b577
0000958c
0000d99d
0000d9d8
ffffc1f9
fffff2b3
ffffe942
fffff9bb
ffffd6c3
ffffe487
ffffe7de
ffffcae1
ffffdc19
fffff0c9
fffff384
00000769
ffffdd0b
ffffe80d
ffffcd91
ffffd867
ffffd5e8
ffffe00e
ffffc850
ffffaa05
ffffa175
ffff850e
ffff8f4c
ffff79d0
ffff5f19
ffff85b5
ffff2eec
ffff2713
ffff60fd
ffff5d9e
ffff9e2a
ffff8c43
ffffb688
00001cfc
ffffef35
00006895
00003611
00005494
00004a5c
0000bcf6
000034c6
000078f7
000031bc
00005e5a
0000144a
000028bb
00001eb6
0000267c
fffffd72
0000041b
ffffeb8c
fffffb4c
ffffd0c1
ffffe08a
ffffeb52
ffffe3e4
ffffda53
ffffe64d
ffffd40c
ffffc265
ffffb1ac
ffffa2eb
ffffda2e
ffffd381
ffffe10a
ffffc684
ffffe922
ffffb54b
ffffdc8d
ffffb7ec
ffffd4d2
ffffb1f8
ffffd545
ffffab5b
ffffdc33
ffffb928
ffffbd40
ffff98be
ffffb22e
ffff9c52
ffffcd29
ffffa4b7
ffffbfb0
ffffd91d
ffffd8cb
ffffb5be
ffffb0c5
ffffc32f
ffffabfd
ffffd219
ffffef66
0000049d
ffffe333
ffffeb40
ffffd931
fffff863
fffff88a
0000090e
ffffee59
00000a11
00001392
000018c9
00001509
ffffdedd
000002a1
ffffcc71
ffffc0fc
ffff6dd8
ffff86b0
ffff924f
ffff7581
ffff5214
ffff8974
ffff8b04
ffff9b73
ffffb41e
ffffc148
ffffcbc6
ffffd8b3
ffffe705
ffffe56e
ffffdc3c
ffffe4d3
ffffd685
fffff1dd
fffff865
ffffb8c6
ffffbaa8
00001b36
fffff357
fffff118
00000639
ffffe8e0
0000019c
ffffe617
fffffcc6
ffffe827
fffff777
ffffeef8
fffff545
ffffea74
ffffe5a6
ffffcf93
ffffdcc4
ffffdf62
ffffea96
ffffe2e4
ffffce2a
ffffd689
ffffdaa4
ffffe86e
ffffe25e
ffffcc63
ffffe46e
ffffd95b
00001643
fffff4e0
ffffce89
00000243
ffffbfa4
00000c54
ffffa037
fffffacb
ffffcc50
00000711
ffffe187
ffffe555
ffffcd83
000019bf
ffffaf28
0000231c
ffffb808
ffffe239
ffffe255
000002f3
ffffd271
00001633
00000952
00000566
0000001f
000010b3
00001a11
000026ae
00000cbe
0000059e
00001d45
fffffc4b
00002ca9
fffff78e
ffffe73a
00002cb2
00004618
00001d01
000040ec
00002a1f
0000367b
00002a88
00003393
00002cd7
0000339c
00002931
00004e20
00000ffd
0000497d
00003ae1
0000643f
000022f8
000052e4
0000097d
00003d7b
000020de
ffffecfc
ffffef1d
ffffe1af
fffff875
ffffdbcc
ffffece8
ffffe5d4
00001b4f
00006693
000097e7
00008bcb
0000d4e5
00008cc5
0000c20d
0000d4cb
0000d29d
0000bb30
0000994f
00009094
00009732
0000ce2f
000053e5
00005787
000051df
00008877
00007174
00004bf0
0000701c
0000797d
00005cae
000059f6
00005b1a
000028c2
00002186
0000103d
00001434
fffff46c
fffff6da
fffff81d
ffffe390
ffffed8f
ffffe499
ffffcf16
00000936
fffff53e
00001f35
00000ed8
00002020
0000122f
00001eaf
00001561
0000127c
000025c3
0000298a
000049c2
00002227
0000419d
00003107
0000473c
0000452d
000045c8
00001ace
000048f1
0000374f
00000046
00000e2f
00000014
0000108a
ffffd4bb
fffff386
ffffd71b
0000054a
00007665
00008a8d
000098ab
0000c819
0000a639
0000af7b
0000df64
0000e486
0000fbea
0000d765
0000e61d
0000cc3f
0000fc25
00006fa5
0000a966
00007453
000093af
00008adc
0000711c
000064c3
00007e60
00001cff
00007f40
00006fd3
00004ed0
000026c9
0000232e
000018d1
000010c7
00000f60
00003614
000022ec
000025ea
0000096e
00000c83
00001c4a
000018ad
00001552
0000165e
ffffff31
00001178
00000cd5
000007b3
fffff23a
00001689
00000fd4
00002110
fffff771
000023b9
ffffb171
ffffddce
ffffbf22
ffffdbe2
ffffa4e5
ffffcc88
ffffb952
ffffd3f9
ffffb47f
ffff63a6
ffff7661
ffff6863
ffff612d
ffff465f
ffffb60f
ffffa376
ffff7be8
ffffc415
ffffb1d7
ffffc12b
ffffb875
ffffaf6c
fffffcba
ffffdbbe
ffffc839
ffffdb71
ffffbb51
00001ce2
00000349
00002f1e
00004260
000059ad
000044dc
00006132
00006613
00007431
00005252
00005909
00005e9f
00004f7f
00005759
00006451
00002fd6
00005afb
00004dbf
00003cd3
00001366
0000207c
000038f8
000027dd
00002675
0000406f
00001019
ffffcd8a
0000104f
ffffc8f3
00002bac
ffffd752
000001b2
ffffe581
0000416e
000029a3
0000333f
000036cd
00008d2c
0000925a
0000a6ee
0000ac26
0000a37d
00009473
0000aadf
0000a848
0000a1cd
0000c468
0000c046
0000c75f
0000c3ee
0000d95f
0000ea25
0000f736
0001188a
0000f209
00010bf9
0000dba1
0000ecce
0000c6e5
0000cd82
0000c41c
0000e8f2
0000c637
0000da47
000099fc
00009b9a
000081b8
00009ff0
0000a767
0000ba3d
0000bf76
0000de91
0000c5e3
0000bf65
000095a5
00009fbc
000087c3
00009a85
00008591
00006901
00009105
00007bf0
00007e3b
00008f5a
00009999
00008330
0000897f
0000a67e
000041c0
00000dce
ffffd0c9
ffffc4b5
ffffa5a4
ffff99cb
ffff9e8a
ffffa44c
ffffa0f6
ffffbe53
ffffcb3a
ffffc2d5
ffffc7b8
ffffc721
ffffd360
ffffc3b0
ffffd17b
ffffc2b6
ffffbd97
ffffbe73
ffffbff8
ffffb8f3
ffff8fe3
ffff8f25
ffff94d2
ffff8a9f
ffff83e5
ffffa2e5
ffffa1e4
ffff8427
ffff9616
ffff7c63
ffffb817
ffff8b74
ffffaed7
00001328
ffffe644
ffffe712
ffffe0d1
ffffc509
ffffecd1
00000c61
000009e5
00003707
00001b01
0000225a
00002d3f
000020ec
00000bd7
00001c2f
000027f2
00001b4f
000040a5
00003386
00003012
00004168
000040f1
00003b19
00004d19
000046b8
000058fe
0000585a
00003a93
00007606
000059d9
ffffd3ac
ffffc20d
ffffd84c
ffffc713
ffffd52f
ffffbc45
ffffbaa0
ffffc010
ffffdd77
00000cb7
ffffed10
0000105e
000025f6
0000490d
00003838
000060a0
00004690
0000481b
00004b3a
000048d0
0000371f
00001ffb
00003c5b
00003e5c
000028af
00002912
0000038e
0000003d
00003877
000047a4
00005d04
00001f06
00006369
0000088f
000096b4
00006539
0000be85
00007b6f
00008c82
0000b39e
0000d2cc
0000a645
0001085b
0000fdc8
000101aa
0000f427
0001357f
0000dc60
00012048
0000b20d
0000a8b8
0000adb8
0000a961
00008c6f
000085c8
000078bd
0000532f
0000497d
00003216
00003f3c
00003d58
fffffca5
00006e4a
000037de
ffffd284
ffffce66
ffffcd8d
ffffbdc7
ffffe3c6
ffffd371
ffffccd6
ffffb9c8
ffffca74
ffffa386
ffffbf8c
ffffad41
ffffed0b
ffffe8ba
00000651
ffffec74
00002ae5
0000011b
00001bc3
00001821
0000219f
0000664e
00005a12
00005efd
00004c07
000065ce
000037df
00004c23
0000433c
0000498f
00003e49
00002e62
00002738
0000293a
00003c52
0000252c
000028ba
000018e8
000014c5
00003af8
00004478
0000454b
00006929
0000897c
00007a01
000077ba
00008853
00006bc1
00009ba2
0000632e
00005d4a
000031f1
0000442e
00004094
00003657
000037d1
000025bc
00002f86
00003cf9
000044c0
00001402
00002587
00001f21
0000136c
fffffe61
fffffe87
ffffcec7
000008d6
ffffe9c0
00000508
ffffe48c
0000051f
ffffefe9
00001fa4
ffffe99a
000023bc
00000a17
0000382a
00000a1b
00004d73
fffffad9
00004831
00001d8d
00001b9a
00001d20
fffff377
00001a4d
fffff689
00002451
00000476
00006bcf
00007d4d
00005233
000026a5
00004a35
00005305
00001a34
0000247e
0000267f
fffffcf5
ffffe561
ffffe2e5
00000044
ffffce9d
ffffe05e
ffffabde
ffffd9a1
ffffd152
ffffe64f
ffffcdfc
ffffd4ee
ffffc94d
ffffacb9
ffffeb4d
000009c5
000018c2
fffffb6b
00000193
000018eb
fffff57e
ffffe6db
ffffe0f6
ffffe172
ffffd2c7
ffffcf24
ffffcf99
fffff493
ffffd42d
00000ae8
00000cb6
fffff246
00004c3e
00003305
0000428f
00001144
00006d94
000080ef
00008f9b
00006e03
00008297
00009028
000090ce
0000976a
0000a3aa
00007dad
0000a663
00008f16
00009c38
000096c2
0000da35
0000dac9
0000cea5
0000d1b4
0000d208
0000d6ef
000147f7
00011bb8
0000bc05
000142e4
0000a068
00013ad7
0000a4b5
0000b56e
00007eda
00009fa1
000071cf
0000a2d9
00002d70
00005eaf
00000569
fffff1b5
00001803
fffffde6
ffffeb93
fffff27a
ffffcb32
ffffdf9e
ffffc8b4
ffffd1ac
ffffbb48
ffffd4b5
ffffd91c
fffff936
ffffe45e
fffffd81
00001e70
00001df3
00003255
000000c2
00000eae
000026ff
00006975
fffff5ff
ffff9ee4
ffffbc70
ffff9d6d
ffffaaca
ffffa615
ffffaeb8
ffffc6c1
ffffb2b6
ffffb74f
ffffb8a2
ffffac10
ffff3da2
ffff1f1a
ffff5cd9
ffff205a
ffff2428
ffff2458
ffff2539
ffff09ed
fffeffe0
ffff0ce1
ffff251b
ffff200d
ffff2f8d
ffff324b
ffff593d
000031d1
000069d8
00009251
000080c7
00006ed7
0000878b
00002f4e
fffffbdf
fffff2e7
00001844
0000165f
00001561
ffffb99e
ffffdfbe
ffffc115
ffff9c97
ffff722a
ffff8efc
ffff995d
ffff848e
ffffb914
ffff9384
ffffc7ae
ffffb95c
ffffcfe6
ffffce40
ffffd483
ffffbdc7
ffffe967
00000e0c
00002d6e
00000ca8
fffff164
fffff217
ffffe4d6
ffffd939
00000d74
000048a0
00002625
000046c7
00004799
00003364
00003c89
00004bbc
000041a2
0000452b
00004c00
00004918
0000399d
000067bb
000051ae
00004436
00003033
00003671
00003dd7
00003e1c
00000999
00001ef6
00004738
000038d7
00003498
00004b89
00003ea2
0000440a
00006105
000066fd
0000508f
00004aca
00004594
0000408c
0000350d
000034c8
00001100
00000d63
00000c1f
00001ffe
ffffe217
fffffb9f
ffffadba
ffffbc68
ffff926f
ffff99d4
ffff9edc
ffffa329
ffff9577
ffff9de2
ffffe060
ffffc439
ffffecf5
ffffd2e1
ffffeab2
ffffe80a
ffffe073
ffffe1d7
fffffadd
0000090d
0000230a
ffffe983
fffff8f2
00005689
00002ed6
ffffd000
fffffc5f
ffffd53f
ffffe238
ffffd01f
ffffec1c
ffffd096
ffffc41c
ffffd66f
ffffdc9e
ffffe3ce
ffffd8c5
00002bb0
0000320c
00003572
00002f8d
0000483f
00004cfa
00004cd5
000038e7
00006459
00003f23
000046c5
00002433
000032cb
000027c3
000057da
ffffd8b5
ffffcd2b
ffffd8a9
ffffbf9e
fffffc93
ffffb2dd
000017dc
00002299
000031ba
fffffb62
00001d4b
00002a25
00003a03
00002590
00004f58
00002762
00009895
00004c0b
00004d1a
00007fbc
000033a4
00000a96
fffff89b
ffffe6bc
ffffd8ea
ffffb95d
ffffcc8b
ffffc9cb
ffff9c83
ffff92b0
ffff8427
ffffa0dd
ffff7ce4
ffff87a1
ffff94df
ffff7dca
ffff669e
000063a5
000051ec
000069f0
00006fa1
000045cd
000047d9
00005ef1
000061a9
00005566
00006722
00004ba1
0000524b
00001ce7
00001683
fffffdb6
0000160c
fffffb87
000015fa
fffffd4c
000000b1
ffffebac
000004d6
ffffe1f5
ffffeffe
ffffe337
ffffc802
ffffb393
ffffa5cd
ffff61f8
ffff6a61
ffff3baf
ffff836f
ffff40c4
ffff58e8
ffff5b50
ffff5a3c
ffff2bc1
ffff47b3
ffff432a
ffff6fab
ffff7bdc
ffff8f2d
ffffa252
ffffa653
ffff85f6
ffffb047
ffffc5a2
ffffb8bb
ffffefd1
ffffd55a
ffffd442
0000007e
ffffffba
00001b83
fffff984
000007ae
00000aa6
00000720
ffffe30e
00000b7c
00001ab0
fffff6ed
0000463b
000044e8
fffffd9a
fffffbcd
fffff9c7
00000a4e
00000d5b
00000804
00000d18
00001769
000027c7
000033e0
000030f5
00003806
00006319
000065de
000061a6
00005b25
0000644b
00004d5c
00005af1
0000550c
0000546d
00008255
00006be2
0000703e
0000538f
00006a41
00003e5a
000071dd
000085c0
0000a63b
00009720
00007e51
0000a43a
00009d38
00007966
00007d0c
00006b0b
000076ac
00007a38
000065a8
00004bb9
000070dc
00004560
0000798b
00005947
00005ca0
000065b3
00007b94
00007c48
000045ed
00003dc4
00003907
00004406
00004272
00001fda
00003d89
00003d05
000034bc
0000314f
000046ab
00002f95
00002ff0
000048fb
000054da
000029e0
0000049e
00002d89
000047e8
00002af7
0000267c
00004970
00005030
00003355
0000304e
00001a88
000013ac
fffff127
ffffd2f3
ffffe63e
ffffe097
ffffe951
fffffc0c
ffffeb19
ffffe54f
00000293
ffff89e1
ffff9cf0
ffff73d0
ffff9973
ffff5744
ffff8dae
ffff5f42
ffff1e7f
ffff1403
ffff4802
ffff6706
ffff6032
ffff98fa
ffff8cb8
ffffb549
ffff6dc6
ffff8d34
ffff6158
ffffc9e3
ffff7f0a
ffffb834
ffff89ab
ffffbcfe
ffff9e46
ffffb349
ffffc0ee
ffffc881
ffffdc2d
ffffda09
ffffe196
ffffbfc1
fffff262
ffffecc7
ffffcc4f
fffff2bd
fffff3a9
00000546
00000375
00000729
00002be1
000033d8
00000811
00002786
00000b71
fffffcc5
000007db
ffffe6e6
000001af
fffff286
fffff48f
ffffeded
ffffecea
ffffe19c
ffffec7d
ffffdd9a
fffff3fa
ffffead3
000001c4
ffffe59f
fffff27d
ffffe923
fffffbcd
ffffce53
ffffd3af
ffffc141
ffffc55f
ffffaf6e
ffffa84d
ffffacb0
ffffde53
00004b51
0000595a
0000abf4
00009684
00007b97
0000ac01
0000b11d
000091a4
00009905
0000b44f
0000afff
00009ce7
00009842
00008fa0
00008ea0
0000a379
00007310
000085c1
00009a34
00009b15
0000a128
0000a975
0000a654
000091e3
00008d84
00009143
000083d7
00005741
00006ec1
00005872
000054ad
0000413b
0000568d
000032ec
00002f3a
000040cd
0000345c
ffffc8a5
ffff8ade
ffffa75b
ffff8215
ffffab11
ffff8630
ffff8972
ffff9218
ffffb045
ffff90dd
ffff9022
ffff9090
ffff6e2b
ffff602e
ffff7c02
ffff71e2
ffff730e
ffff666e
ffff650e
ffff6507
ffff5a87
ffff4b51
ffff550c
ffff5afc
ffff6d2c
ffff57a5
ffff6f99
00000406
fffff951
fffffc6d
00002547
0000187f
00002cfd
00000bd4
000026dc
0000328a
00005edf
000045e1
000033c8
00001171
00003bef
00003c6c
00004ff0
00004a73
000066cb
000067c4
00005fe0
000047bb
00003bbf
00006416
00005cba
00001f03
00004359
00003493
00003944
00003977
000028f3
000032cd
00003773
00003e90
00001943
00002af5
000012a0
00001f50
00001a74
ffffe9f0
fffff1d1
ffffdbf0
ffffe1f0
fffff2db
ffffe451
ffffdd29
ffffad79
ffffb286
ffffbdf0
ffffb884
ffff90a2
ffff98b1
ffff85aa
ffffa198
ffffbf46
ffffb2a0
ffffb731
ffffebac
ffffe4f7
00000e7a
00001b09
00003622
00002256
00002bf6
000032c0
000028e2
00003044
fffff71a
00003748
ffffcbe4
0000383f
ffffddcc
00008cf3
00004552
00004bce
00002eb1
00006205
00007aaf
00006553
00001181
00001db8
00004d06
00000e5d
00003207
00004cc2
00000188
00001337
0000139e
ffffe78f
00001cda
fffffb24
0000107e
000007d4
fffff030
00000212
00001cee
000006bb
000011af
000008da
00000133
000038e1
00003e59
00000748
fffffccf
000021f7
ffffe0bb
000021df
ffffee77
000006bd
ffffdd54
00001d63
ffffe676
00001e45
ffffecdd
0000449d
00001baa
00003b21
00000bc2
00003d89
0000163f
000033a0
00000b22
00002305
0000268c
0000224a
00001d17
00001bc2
0000412a
0000272d
00001737
000016b3
0000235c
fffffd18
00003ac0
ffffe9b6
fffff4fa
fffffa44
ffffeac6
0000009b
fffff1ae
fffff2e3
ffffc755
000025dd
ffffeb86
000023cd
ffffeb37
00000f7c
fffffc13
fffffa18
ffffdae7
ffffe78d
000002ab
fffffcdb
00000e9f
fffffdc5
00001738
00001fa8
0000204e
00001e2b
0000258f
00003f6c
00003466
000010ce
0000296d
fffff42c
ffffe7e8
ffffc779
ffffb62a
ffffab76
ffff9dcd
ffffb36a
ffffaf56
ffffa5ae
ffff9396
ffffb0f0
ffffaa17
ffffb418
ffffb909
ffffd569
ffffe98c
ffffd287
ffffd973
ffffeada
ffffe288
ffffe6e3
ffffe8e3
fffffd3e
ffffd48e
ffffdb8c
ffffd1d8
ffffcb02
ffffd010
00002eae
fffff558
ffffe6dc
00000a7c
ffffe8cb
fffff3f2
fffffcdd
000004ba
00005c24
000019a4
0000035c
00000d2b
fffffaf2
00001d1d
00000643
fffff742
00000af5
fffff185
ffffe024
fffffcd7
00001682
ffffe94b
ffffe6f8
00000041
fffff449
fffffcc8
ffffe8c5
00000440
fffffd5d
fffff6e1
fffff09d
ffffeb6d
ffffe186
ffffef24
ffffea94
ffffe999
ffffe7ae
ffffe824
ffffb7c8
ffff83d0
ffff7a74
ffff732d
ffff53cc
ffff6fca
ffff67f9
ffff6fc0
ffff6706
ffff64cd
ffff781c
ffff6740
ffff546e
ffff4361
ffff743c
ffff4367
ffff63c9
ffff4a87
ffff5b85
ffff5a33
ffff5be7
ffff6932
ffff6a53
ffff6690
ffff74da
ffff5f35
ffff8ae5
00006048
000067b5
0000c630
00009ea2
0000a29c
0000a153
0000b353
00005b27
0000618f
00005f6d
00006cc9
00005cb0
000027b2
00003718
00005552
00004848
00004984
00004754
0000585b
000056a8
00005d13
0000719b
000049dd
00005df5
00003a90
00004e00
000038a5
0000045f
00001976
00000a92
00000670
ffffdd3e
ffffe03a
ffffebbb
ffffdb57
ffffc04f
ffffc683
fffffad6
ffffdedc
fffff2fc
ffffd5bb
ffffffd9
ffffdf1d
fffff154
ffffd831
ffffe8ec
fffff3e6
00000d0d
00000a6c
000000c2
fffffb4b
fffff118
ffffe8fa
fffff0a1
fffffe82
ffffff09
00000969
00002a58
ffffea27
000002f7
ffffe548
ffffe009
ffffff3a
00000e16
ffff96b7
ffffa4e6
ffff7f04
ffff933a
ffff8f81
ffff9d93
ffffa11c
000003a1
fffffeb1
ffffffe6
fffffdf2
0000020d
000031c7
00000a92
00000e73
fffffe08
0000208d
fffff925
00001d46
0000317c
000014b5
ffffebb8
00000214
000000c7
00001ea9
000006f4
00001b39
0000118e
00002bbb
00004594
00004dec
00004356
000024fb
000031cd
0000315f
00003fd8
00002b29
000009c5
ffffdb91
ffffda61
fffff351
ffffb1f2
ffffdf33
ffffdca2
ffffee2d
00000868
000033d2
00003085
0000263c
000043b7
00002f35
0000202e
0000099f
00001070
0000109e
00000e44
ffffea6c
00000577
ffffe11c
ffffedb6
ffffde92
ffffdb0e
fffff432
ffffa797
ffffbba7
ffffbb8e
ffffcd62
ffff8384
ffffe2b7
ffff8ed2
ffff863f
ffff4dec
ffff3d23
ffff27a1
ffff47c0
ffff2e54
ffff1379
ffff45a4
ffff522a
ffff57b7
ffff3eaa
ffff3cb1
ffff2f66
ffff49c4
ffff58d1
ffff5331
ffff4a5b
ffff4907
ffff7f7a
ffff5dae
ffff8a33
ffff85bc
ffff74d7
ffff9a1f
ffffbb80
ffff9cb8
ffffa801
ffffadd8
ffff9262
ffffac8c
ffffda63
ffffd946
ffff9387
ffff7d2e
ffff87d0
ffff7239
ffff787a
ffff7ec6
ffff715e
ffff8753
ffffaaaf
ffff9c0e
ffffbe81
ffffce4d
fffff5b1
ffffd42b
fffff91d
ffffedfd
ffffe993
fffff083
fffffef6
00000929
ffffed08
fffff605
00000440
fffff941
000005ce
00001d33
ffffee71
0000183b
00001fd8
fffff597
000010be
000001c3
00001791
00002084
00004e4f
00005ca9
000056a9
000053f8
00004b0f
00005fd2
000037fd
00007978
00005331
00006798
00004e95
000076ac
0000401a
00007049
00003c63
0000521e
00007c2a
00006635
000075e5
000064a3
00006632
0000532b
00004d89
000041bf
00004b51
00005d2a
00002f39
00007729
00003dd1
fffff490
fffff305
00000799
ffffe304
00000da4
fffffb6d
0000028b
ffffd6aa
ffffdc08
ffffc2f7
ffffe978
ffffc82e
fffff2e5
ffffdda3
fffff147
ffffda60
00001aec
fffff614
000017f3
000010bb
00003b03
ffffffd7
00000e6f
fffffad9
ffffe2ca
000013f0
000066dc
00003f97
0000320e
0000772d
00002451
0000360a
00003d18
00004bc9
000073eb
00004919
00003c92
00004833
000035b7
00002f07
00003a29
00001b6d
000033bd
00000764
ffffefb7
00000b51
0000406a
00000513
00002b29
00000e81
00000e3d
000025b0
00002ad5
00003bea
000015a7
00002515
00001932
0000098b
00000451
000004a8
00000f1e
00000d62
ffffedf4
ffffe6e5
0000414e
00000f4d
00004364
00004015
00005451
00002e8b
000048fc
000056e9
0000784a
00007724
00007dd7
000068ae
0000b22c
00008d95
0000c6bb
0000a712
0000acbc
0000c40d
0000c813
000095c8
0000a939
0000dae4
0000d959
0000b170
0000e0b6
0000b9bf
0000d509
0000e2ec
0000f823
00012263
0000fa48
0000f27c
0000d75d
00010a1c
00010596
0000fcb1
0000eca6
0000f699
0000dcfb
0000c791
00009710
0000bf92
00005e16
0000a594
00008273
000072b4
000046a1
00005fe0
00005a4c
00006156
000056f0
00003c9f
000030a5
00001682
00001630
0000101b
00001a3a
000044cc
00004d57
00004921
0000328c
0000375d
000037b1
00003ee4
fffff75d
fffff792
fffffa1f
fffff1d1
fffff062
ffffef10
fffff1f7
ffffdee5
fffff431
ffffd836
fffff50d
ffffd57a
ffffefa6
ffffc70f
fffff03e
ffffb956
ffffef7e
ffffc961
ffffe39b
ffffcd19
ffffdf0c
ffffd661
ffffd2a5
ffffcd24
ffffbec6
ffffe069
ffffa60d
ffff324c
ffff312d
ffff2047
ffff1a41
ffff53fb
ffff266d
ffff4f48
ffff17d1
ffff5433
ffff2a01
ffff4608
ffff25bb
ffff6717
ffff4e7e
ffff7e36
ffff9b69
ffff774f
ffff79bf
ffff9932
ffff7c9c
ffff7826
ffff931e
ffffa985
ffffc630
ffffdf1c
ffffe7a5
fffff6e6
fffff069
00000a48
fffff3fa
fffff511
0000062a
fffffad0
fffff431
fffffd5d
ffffeac9
ffffd531
000026b3
000021f0
00001f10
000051a2
00003af0
000040b0
00003564
00005de3
00007241
00007dac
00006c31
00007995
00009067
00008fee
00009aa3
0000a6ad
0000a178
0000a0e3
0000a5cd
0000c5e3
0000c44f
00011fd1
00011006
00011e27
00011307
0001345b
00011592
0001304a
000141e3
00010989
00012881
0000d3a6
00012bec
0000d88b
0000ce44
0000c732
0000db6c
0000bb8e
0000deb0
00006ff4
00009a1f
0000466a
00004889
00003ce4
00004867
0000282a
000028bf
ffffffb9
00001647
00000863
00000a45
00001301
00001451
00000fdc
00001eea
00001f6a
0000269c
0000206a
0000378d
000031fe
00002c22
000024a7
0000312e
00002f1b
fffff098
ffffbb32
ffffcaa2
ffffd62f
ffffe47b
ffffdb18
ffffd2f2
ffffed1a
00001968
00002be1
0000219b
000043da
000036ce
000050fe
0000158f
00003c8e
000028c9
00002e39
00002fc8
00003263
00004585
ffffeda9
000005f8
fffffc3b
ffffdfbd
000005cb
000018e1
00001846
00000b28
ffffeb86
00001479
fffff723
00002930
000026b1
0000523d
000059e3
0000755c
0000578d
00007c0f
0000401a
000085f4
00002b6d
00009154
00006121
00008162
00007df6
0000c68c
0000550d
0000a9d6
000040ce
000065e6
00005ad7
000065c2
0000511e
00006a3b
00006c18
00006035
00005ef0
00006db4
00007200
00006e48
00005515
00007d17
00005aec
00001362
0000319c
00001752
0000266e
000026b5
00004d7c
000034d8
00002f10
0000213c
00001e1f
00002b54
00001f5e
00004190
0000492d
000039fc
00003195
00003dcc
00002f41
000034bf
00002541
00002859
00004411
000038e5
000031da
00002e69
00002e70
ffffefb7
000005b0
fffff0c4
fffff691
00000eea
000006c2
fffff8f9
00001e97
000007cb
ffffff27
ffffd4fe
ffffd800
ffffd5bd
00001d2f
fffffbe3
000008e3
00001a91
00005641
000036ee
00002f09
000032a5
00004a9f
00003c71
00003ae9
00003026
00001c3b
000022fb
00002000
00002259
00002906
00003b32
00003b8a
00003a6f
00003559
00000f74
000020a1
000026df
000034cf
ffffe0d6
ffffd1d2
fffff0fa
ffffc73f
ffffd2f1
ffffc199
ffffd83b
ffffb9b2
ffff98f8
ffffa0f0
ffff9647
ffff9fb0
ffffc652
ffffd8ae
ffffde66
ffffe812
00001348
00001bce
00001589
0000184d
0000484b
0000670c
00007a8e
0000508c
0000617a
000050a8
00003971
0000364e
00004801
ffffff38
00005ce0
00001e4f
00002a95
000017eb
000028fe
00003629
000007a4
00001878
fffff766
00005e63
ffffcfbe
00002b8e
ffffece9
0000460d
0000234f
000011c1
ffffeb7a
00001143
fffff4d6
0000288d
0000269c
fffff853
ffffe52d
ffffd144
ffffdb9d
ffffb38f
ffffa658
ffffd18f
ffffa816
ffffd004
ffffab40
ffffbe70
ffffb959
ffffcc1f
000001e4
ffffc9e1
fffff2b3
ffffc486
ffffd045
ffffc23a
ffffdbb8
ffffc17e
ffffd074
ffffbe56
ffffca5f
ffffae5d
ffffc989
ffffc3da
ffffdc5f
ffffc4e1
ffffe424
ffffb3e7
ffffd123
ffffcb84
ffffcecd
ffffc4a6
ffffc44c
ffffd7a8
ffffe497
ffffdd00
fffff66f
00004328
000061ba
00009ae9
0000aba2
00006ac3
0000ccea
000096cb
0000c668
0000c335
00010958
0000c5cf
0000c07c
0000b53d
0000cb5e
000086e7
0000980e
00006d52
0000a3de
0000a72f
0000a8e1
0000783d
0000a644
00009fbf
00008d0c
00008080
0000936f
00007133
000078d4
00007dc3
00006e05
00007e57
00007606
00009388
00007efb
00006a25
00008ffb
00007416
ffff99fe
ffff51ba
ffff4c5e
ffff5553
ffff50d9
ffff51f1
ffff3dc7
ffff5d49
ffff9225
ffffc897
ffffa5b1
ffffd5a6
ffffdccb
fffff74f
ffffc8ab
ffffe19c
ffffc21b
ffffc884
ffffbb97
ffff91ca
ffff97ea
ffff6718
ffff9704
ffff9292
ffff84bc
ffffa19d
ffff3b8b
ffff8ea0
ffffd00d
ffffc870
ffffce2d
fffff70e
ffffd11d
ffffb6ab
ffffd682
ffffc912
fffff0e1
ffffd48a
ffffb550
ffff8955
ffffd85f
ffffb34f
00001449
ffffdd6f
fffffc14
ffffd175
000011c9
ffffd228
ffffedb1
ffffd9af
ffffee15
ffffdceb
ffffebdb
ffffeffe
000006c7
ffffddb9
ffffe4d9
fffff586
ffffdc05
ffffe1e0
ffffbe69
ffffa894
ffffefba
fffffa59
00003887
00007d61
00007075
00008af2
00006192
00008ed7
00008235
00009416
0000676a
00006f6a
00006d27
000053ed
0000954f
00007e65
000078e0
0000672d
00007ace
00007b27
00007a72
000062e7
000086ed
0000b9a4
0000aac1
0000a8da
00007e22
00009f21
00003f58
ffffeab3
fffff43a
ffffe801
ffffb695
ffffc07b
ffffb2ff
ffff4823
ffff7788
ffff5459
ffff7044
ffff8006
ffff6333
ffff920b
ffff767b
ffffb4e6
ffffb964
ffffb1d8
ffffb7c8
ffffb047
ffffb316
0000004d
fffff4dd
ffffe344
ffffc1b3
ffffd17f
ffffd062
ffffd58b
ffffc494
ffffc512
ffffc54b
ffffca51
ffffcb1b
ffffec96
ffffc88b
ffffd1c1
00000e1a
00002103
ffffdc1c
ffffcfb2
ffffbc16
ffffa9b7
ffffa80e
ffffb355
ffffa4b3
ffffa7e3
ffff93d2
ffffb39a
ffff8bd9
ffffad7a
ffff8631
ffffa949
ffffba5c
ffffc01a
ffff9d64
ffffad04
ffffa583
ffff8d31
ffff8010
ffff691c
ffff80b1
ffff70a1
ffff7014
ffff68cc
ffff73c9
ffffc434
fffff02c
fffffd64
ffffecd9
000007e5
ffffe4fe
fffff33f
fffff5b2
00001d1f
000026c5
00002413
00000f0c
00000fc2
00001eb9
00001835
000041d3
fffff69d
00002794
fffffd96
ffffe97b
fffff8f5
ffffd559
00001bfd
00001bcd
0000387d
00001e12
00001e71
00001ec6
0000155c
00000775
000007f2
fffff3a5
ffffe0f4
ffffde56
ffffcfc4
ffffe750
ffffbb09
0000235c
00002594
00001c93
0000689a
00003a9b
00005896
000038ca
00006fd8
00005af2
00006d7c
000051d6
000061e2
000036e2
00002e9a
00003f21
0000434a
00003e3c
00005bc6
00004813
0000500b
00005d7e
00007940
0000758c
000055e0
00006731
00005d00
00006ccd
00005cac
00004d00
000037a3
000057c1
000011ad
00004582
0000057a
00001223
ffffe3e1
ffffdec0
ffffd65a
ffffd4a3
ffffbb82
ffffdfcc
ffffc604
ffffce7e
ffffc4e4
ffffc232
ffffb6c5
ffffcf84
ffffbca5
fffff139
ffffc30f
ffffd643
ffffc168
ffffe3c2
ffffd974
ffffea4b
ffffeb6d
fffff49b
fffffe52
fffff970
ffffff07
fffff6ef
fffff12c
ffffeeae
000028aa
ffffdb9c
ffffb85a
ffffe87f
ffffaf3b
ffffd808
ffff98fd
ffffce07
ffffaff2
ffffcbaa
ffffae10
ffffb919
ffff9b8d
ffff964e
ffff717f
ffffd766
ffff9b61
ffffc538
ffffb918
ffffb7f6
ffff96b7
ffffb395
fffff92a
ffffe913
ffffe6a9
fffff834
fffffb57
ffffeafe
00008e36
0000af6d
0000cbc0
00009d17
0000c679
00009d0a
0000b53a
0000632a
0000b13b
0000ebcc
0000c9f1
00009e25
000097ad
0000a706
00009fa8
0000b039
0000674d
0000a827
0000862d
00008b22
00008c0b
0000811c
0000970e
0000953e
00008881
00007c0f
00006d7c
00006430
00008616
00006106
000077ca
00005e12
00004a4a
000037a6
000024bd
0000205c
fffff793
ffffca63
ffffc234
ffffc16c
ffffd273
ffffce81
ffffcbb2
ffffd3cb
ffffd87d
fffff904
0000242c
fffffb5d
00002c6c
000010f8
00002d87
fffffe4b
00002310
ffffe9d0
0000001e
ffffe900
ffffd78a
ffffd7ce
ffffa225
ffffa713
ffffb739
ffff972f
ffffb311
ffff8e77
ffffc594
fffff22d
fffffe0e
000006a9
000000a9
00001d3e
0000401b
000059f9
000087f5
0000a6ba
0000849f
0000a7b2
00007681
00008a39
000044e1
0000593d
00004f5f
000041d2
0000366c
00008ebc
00001cfd
00006332
fffff3f3
00001a3e
00001cb1
00002420
00001d21
00002e74
000027fa
00002892
00003aef
00002f58
000033ee
00004666
00000864
00006f19
00004d79
00003e5f
00003700
00003282
00004726
00002dd4
00005396
00004038
00004137
000037ab
00004db1
00004b8e
0000415a
0000794e
0000754d
00003ef5
00003b07
00003eb0
000048a4
000048d4
00000479
000027cf
000053ec
00004d24
000047c3
00004a8d
0000508d
000035a3
00002977
0000267c
00001637
00001226
0000153c
fffff25f
ffffd08e
00001ed6
ffffbdd3
ffffcd43
ffffb7b7
ffffb09d
ffffd291
ffffddc9
ffffbd38
fffff969
fffff93b
00000dc3
ffffe8be
000003b8
ffffff9a
fffffaf0
0000349b
000029f4
00001876
fffffedf
00000f83
00001be7
fffffebb
00000778
0000370b
00003095
00005c01
fffffb46
00000e2a
00008468
000072cc
ffffdbf4
ffff9ec5
ffffe16d
ffffa312
ffffd0c7
ffff896c
ffffca44
ffff9994
ffffd95f
ffffcc6d
ffffc4dc
ffffc24e
ffffdcce
ffffc692
fffffe66
ffffd620
ffffe996
ffffd5ec
ffffebe6
ffffbfee
ffffcbce
ffffd641
ffffcf7d
ffffc652
ffffbbaa
ffffc441
ffffd06a
00002b8e
00004a91
00006d0f
00005876
00006a57
00006253
00008375
00002fc5
000083f4
0000b984
0000961b
000075e9
00006b26
00007ce3
00006ec3
0000a5d1
00005880
00009427
00007dd4
0000ab7d
00007ff8
0000ceb7
0000802b
0000adcc
000085c7
0000b3c5
00008863
00007581
000096d6
00006a01
00006417
0000519f
00004b0e
000053ef
00003c20
000041d9
fffffb93
00002eb0
00004961
00005dda
00009174
00006d24
0000718a
00007979
00008517
00005c6e
00006672
000059fa
0000555f
00004393
000022e6
00004e6a
00003611
0000500d
000060cf
00006498
000065da
0000896e
000089e3
0000844d
00006d05
0000795b
00006fd9
0000a211
00001dde
000030b1
000029e6
ffffec77
00001357
fffff6ba
ffffedc9
ffffc843
ffffe146
ffffe643
fffffbe5
ffffd931
ffffd551
ffffd038
fffff85a
00000341
ffffdc71
ffffe780
ffffeee0
00000c22
0000020e
00001c0e
000004ae
00000d5e
00001709
00002620
0000306e
00000c6f
000029d7
00000f20
000001e3
0000055d
ffffffd5
00001136
0000121c
fffff0d7
fffff117
ffffeba1
ffffe9ee
ffffc825
ffffdd17
ffffd0db
ffffdf38
ffffc7c7
ffffdcea
ffffcff9
ffffe902
ffffd71f
fffff5d4
ffffcf78
fffffa27
ffffc779
ffffef5f
ffffd389
ffffe651
ffffdf1c
fffffad8
fffff692
ffffbf1d
ffffd89f
ffffdcc0
ffffdb2a
ffffdb4d
0000269a
ffffc84f
fffffe5f
000002aa
00000232
00000576
000008b0
000040c0
00007928
00008771
00006013
000068b3
000058fb
000094bf
00004c38
000066c5
0000445a
0000728b
000061e2
00006acf
00005638
000041fe
0000354f
000048ce
00004181
00004b7c
0000332c
00004122
00004aed
00003f66
00004523
000057e5
000045f7
00005429
00003fc7
000031fd
0000613f
00007d15
00004eb7
00002bee
000038c4
00003e8e
00004d3e
000045eb
00004174
000062f4
000082a9
0000950d
00008918
00008135
000091b5
00008d35
0000a2b5
0000a006
0000884c
00009cf8
00009669
00009656
00008698
00009fb7
0000a894
00009fd1
0000a528
0000a940
000090df
0000920f
000080c1
00008ef3
000069e2
00007160
00006549
0000535c
00006120
00002c1f
00002086
00001a31
00002739
ffffe7df
00000042
ffffc649
ffffb46e
ffffd086
ffffcf4d
ffffab43
ffffa1ee
ffffbdfe
ffff9ae1
ffffca06
ffffbd52
ffffe5ab
ffffcf85
ffffe6a5
ffffea0d
ffffe1ba
00000f24
000016cd
0000138d
00000560
ffffffe5
fffffff4
000005e1
00002c0d
ffffe8c7
ffffd676
ffffe0f4
ffffe471
ffffd2bf
ffffd081
ffffe8ec
ffffd3bc
ffffede0
ffffeeb3
ffffeda3
fffff79e
ffffeab4
fffff33c
000000b9
000012d4
00001148
00000c55
00000588
000027f4
0000106c
00004994
00002a88
00002ed9
000017ae
00002adb
ffffeda3
00000db7
000009ed
fffff9f1
00002563
fffff058
00002193
000045fe
00001dc9
00005e7c
00002c56
00002e10
0000476e
00007e70
000016e8
00003909
ffffeb66
0000607b
00000785
00001f81
00002f8e
00001423
000039d5
ffffe7bc
fffff245
ffffeb12
fffff238
fffffac6
ffffe112
ffffeabf
fffffb48
fffff852
ffffd35b
ffffe04a
fffff511
ffffd87e
fffffbf5
00000d88
fffff0b5
000002f0
000001e7
0000354f
000011ce
00003916
000022f8
00004323
0000383c
00004759
000050cd
00005478
00004094
00004a2f
000010f6
000018f7
00002359
000020a2
000020e6
00003f0a
00005099
fffff321
0000023d
fffff2d9
ffffc43f
ffffde05
ffffbf84
ffffb027
ffffa86b
ffffb7f8
ffffde11
ffffe129
fffff9fb
00002ddc
00000890
000030c5
ffffef88
0000165f
00001329
000052e7
0000209d
00004a06
00002af1
00006607
000021fe
00004d79
0000606d
00005358
00005438
000022fd
00001d92
0000104c
00001cd6
00001fdc
ffffff1c
0000271f
00002bdf
000001aa
00000698
fffff60c
00000c44
00001198
fffff2e0
00003002
000027ca
000009c9
000004cc
00000d71
fffff1f1
fffffe4a
0000003e
fffffe03
fffff278
ffffff69
fffffcfa
fffff373
fffffcab
fffff6d3
ffffff5d
fffffb4a
00000108
ffffff83
0000028b
00001216
00001a91
00004adc
000039f3
00004f89
00005bcc
00004a2a
00006e76
00007e86
00008ac7
00008c2c
000054f6
00006c9f
00004c46
00003832
00003c41
000024a3
000029ed
00002d3d
00003712
fffffd10
00003c79
0000187a
0000279e
000016d6
00001fd9
00001f59
00001787
00001c74
00001f04
000033e9
000022e9
00004e73
000040f2
00004e44
00002dfc
00003df4
000035b8
0000226c
000014df
0000286c
00002500
00001048
00005132
00002a59
ffffe9ed
ffffa9d7
ffffc50e
ffff6659
ffffbccb
ffff81da
ffff9d21
ffff7c03
ffffa538
ffff70bd
ffffa59a
ffff75fc
ffff99f2
ffff75cb
ffff99f0
ffff67aa
ffff98ad
ffff687d
ffff7fa0
ffff6577
ffff710c
ffff4de2
ffff544b
ffff5cc8
ffff6b3e
ffff5f20
ffff8a99
ffffd10c
fffff890
000039d3
000031b6
00002a09
00005568
00005512
00008605
0000804a
0000a019
00008996
000081c7
00008f44
00006f78
00005523
00005e72
00003e86
000059fd
000064e6
000045bd
000036fd
00001245
000087a5
00004b3b
00002c03
000013d8
00000ce4
00002471
000022aa
000020b0
00003c7c
00004973
00005225
00002c11
000040a9
00002366
00003229
000035c9
00001b3c
00003482
0000542e
00004aaa
000042d7
0000541e
00006583
000076de
00007a0e
00006c14
00006ebb
000078a0
0000698e
000063a7
00004e73
00004b55
00005f7f
000055e3
00002eb8
000046a2
000075e6
00006123
00004fbd
00006fde
00005260
000079ca
00008e58
0000969b
00009be5
00007f14
00008630
00007279
00007585
00005075
0000453b
00002875
00003b05
00004566
000002eb
fffffb5f
ffffd990
ffff9fd3
ffffcd90
ffffa864
ffff9874
ffffc744
ffffc54b
ffffae4e
ffffb3a9
ffffb9c1
ffffb35c
ffffb16f
ffffc54c
ffff9dcc
ffffb73e
ffffcc7c
ffffccc1
ffffdf83
ffffddb4
ffffe76b
fffff121
ffffedc8
ffffeb70
ffff9b69
ffffae8a
ffff963b
ffff9ed5
ffff9de1
ffffaf2a
ffff82e3
ffff89cc
ffffb18d
ffffa747
ffffad3a
ffffbfa0
ffffd10f
ffffe35b
ffffdd8c
ffffdc15
fffff080
ffffdd19
ffffe575
ffffe00c
ffffdd7b
ffffe706
fffff6c7
ffffead2
ffffcf5c
000002e4
ffffe6fc
ffffec8c
ffffed99
fffff7d5
ffffc596
ffffeb13
ffffdaa3
ffffc44f
ffffedf3
ffffc4fe
ffffd4b8
ffffda10
ffffaf04
ffffc0a5
ffffc83b
ffffc680
ffffe139
ffff87e0
ffffa32e
ffff9128
ffff878a
ffffa95c
ffff760a
ffffdcec
ffffb38d
ffffca17
ffff99a7
ffffb367
ffffe26a
ffffb6e5
ffffa0ad
ffffa282
ffffad0c
ffffb259
ffff75f2
ffff8680
ffffa71e
ffffa9b3
ffffc080
ffffe6fa
ffffddd7
ffffd923
ffffbee7
ffffdfa8
ffffd124
ffffd688
ffffc801
ffffdfe4
ffffb11d
ffffd357
ffffc11a
ffffe4f0
ffffd5aa
ffffed0d
ffffd056
ffffe36a
ffffcc76
ffffb6f2
ffff9dab
ffff807b
ffff847e
ffff85e7
ffff58d8
ffff5bf6
ffff0a77
ffff2c05
ffff4444
ffff550e
ffff63bd
ffff72a3
ffff6b0e
ffffa914
ffff949d
ffffdac3
ffffc4f7
ffffd1e7
ffffd67f
000004c8
ffffd72f
fffff719
0000072c
ffffe0d5
fffff367
fffff050
00000b24
ffffe33b
fffff97d
ffffdf53
ffffea1d
fffff636
fffff880
ffffe04c
ffffd9e7
ffffbf80
ffffa2ea
ffffa339
ffff7cda
ffff80e2
ffff889c
ffff71f5
ffffa1c8
ffff8b07
ffffe106
ffffe26f
ffffe6b4
ffffe674
ffffe82a
ffffdda8
ffffdfed
ffffd85f
ffffdb7c
ffffdbf5
ffffd847
ffffdecc
ffffc48f
ffffb8b9
ffffcb04
ffffb028
ffffc2b9
ffffc939
ffffce68
ffffbd24
ffffcc46
ffff9cbc
ffffa672
ffff953e
ffff825c
ffffa32e
fffffdd0
ffffacce
ffffd85a
fffff9d9
ffffc161
ffffe952
ffffde56
fffffac9
00002595
0000261a
00002cf7
00004271
0000185e
00003e74
00002378
0000218c
000047a0
fffffd72
fffffec7
00001ebf
00002d2b
00000b3f
00000947
00002e42
00001492
00002d8c
000017fd
00003e1e
00001b91
00002bcd
00001255
000011c4
0000083d
00000e15
ffffef33
ffffedaf
000007fe
fffffd06
000050c6
000021e6
00006226
00004c07
00004e70
00003c9c
00005594
000045bf
00008550
00007a08
00007d7b
00006872
00009e65
000093aa
0000a313
00009b8c
0000ba50
00009dc1
0000bcd0
0000ded4
0000d7df
0000f73a
0000fd8f
0000f9f9
0000e3e9
00010c7f
0000f8ee
0001027d
000108ce
00010270
0000f9fb
0000c4c3
00010197
0000cfc9
0000d334
0000c023
0000bea8
0000b578
0000b940
000072c4
0000822a
00003b3f
00001a34
0000295a
00000c07
fffff731
ffffd956
ffffdb6f
ffffe607
fffff750
ffffed35
00001cee
0000190c
00002c47
00000eba
00001954
00002400
0000103d
00000f5f
0000074e
00001672
0000034a
000011db
fffffcbd
0000043b
0000200b
ffffed28
00002cec
00001a6c
00002c8a
fffff909
00003e74
00002e6c
000040fd
00001b35
0000347f
0000044b
00001234
000018c8
0000367e
00000a26
00002c25
00001319
00002055
0000142c
00000dc2
00000b0d
fffff519
ffffec39
ffffef90
ffffc366
fffff651
ffffb049
ffffb86f
ffffdd03
ffffd35b
ffffea07
fffff9af
fffff555
000009e4
fffff052
fffff807
ffffe144
00000416
ffffcc6e
fffff441
ffffef2b
ffffe306
ffffe873
fffff456
ffffe9d6
fffff877
ffffe3d4
00000829
00001625
000025ae
00002d61
000036fd
00004d73
00005bf0
00005a41
00007a0d
000071cf
0000884a
00005b3e
00005a37
00007df8
0000a8a1
ffffe793
ffffadb8
ffffb143
ffffc41a
ffffd661
ffffb2fb
ffffb301
ffffdbe8
0000269f
00005081
0000256c
000056b9
00008a3a
0000a049
0000a848
0000d03f
0000ac33
0000a9ce
0000aaa0
0000c96e
0000b013
0000ecf8
0000dd26
0001039f
0000e6ae
0000e7da
0000a501
0000d225
0001020e
0000fa99
0000d661
0000b7e4
0000d9ae
00008536
0000beda
0000becf
000110d4
0000d4ee
0000e8ef
00007840
0000d559
00007079
0000ce4f
00009f7e
0000d20e
00009dd6
0000e249
000085c4
0000dc78
00006b99
00008a1f
00007dfd
000095ff
000080fb
00007ead
00008749
00007190
00004732
000043d6
0000516b
00005fcc
00002b51
00007630
000035eb
ffffe437
fffff062
0000134c
ffffcebe
00001532
ffffdcc1
000003ac
ffffd9e0
00001217
fffff11f
fffff86e
fffffe88
00006100
000056b0
00008a60
00006462
0000748f
00007772
000080c5
00002aa8
00003e7a
0000a322
0000831c
00005e57
00005528
00007968
000072b7
00011db9
00014164
0001517f
00015da1
00012597
00014aa7
000193a1
0000efef
00014e28
00013049
00014859
0001420c
000130d9
0000a9dd
0000dec4
000093b6
0000a6e4
000097a0
00009e4f
0000aa06
0000c4f1
0000b08e
000081b6
000078f9
000043dc
00004ac4
00003123
000004fb
00002700
000007fc
00000faa
00001e6b
000021a9
fffff463
0000079b
00000e2b
ffffd78f
0000043f
ffffe44b
ffffdfad
ffffd664
ffffd612
ffffdc91
ffffcc98
ffffd295
ffffc19f
ffffc51e
ffffc0c3
ffffbf0b
ffffae99
ffffbac2
ffffc735
ffffc1e5
ffffc5b3
ffffbe7a
ffffc320
ffffbf2f
ffffb300
ffffbb02
ffffae6c
ffffb84b
ffffa64e
ffffad31
ffffebb6
000011f8
0000019d
000043e3
00001214
000013ea
0000224a
00001470
00002227
00001bf3
000023cf
000024bb
000029af
0000016b
000026f3
ffffe418
00001607
ffffc864
ffffe798
fffffbff
00001784
ffffe6b5
000007da
00001ccf
00001b12
00003dd0
0000329f
000046a8
00002500
0000355e
00002331
00001323
fffffc0e
00000b59
0000079c
fffff89e
00000aad
00001360
ffffc8a4
ffffb808
ffffc7bd
ffff97fb
ffffcd04
ffffa191
ffffb4fd
ffff8530
ffffadd5
ffff9146
ffffb97c
ffffa839
ffffe501
ffffd0cd
ffffe502
ffffd7a0
000011b1
fffff407
00001299
ffffea77
00000bf6
ffffc7e2
ffffcc3a
ffffb46b
ffffa41e
ffffd440
00001fab
ffffef6e
ffffdd6a
00001fc6
ffffce7a
00001e6f
ffffe18e
00002cfb
fffffa10
000015ca
00000b54
00001bf6
000003c4
ffffe4f0
000011e8
ffffeccc
000034ea
ffffd1f8
fffff33c
fffff912
00002283
ffffd75b
00003314
0000066b
00003eb8
0000464b
00004d2b
00005f3a
00004d5e
000059c0
00003659
00003251
00003186
00003f13
00002c6b
000028f9
00000868
ffffdf4e
ffffe865
ffff83f2
ffffaa48
ffff83e1
ffff970a
ffff679e
ffff9cf6
ffff73ec
ffffcece
ffffb722
ffffac5f
ffffb648
ffffe42d
fffff5f2
ffffec76
ffffee3b
ffffeed5
ffffd661
ffffed84
ffffdded
ffffda5d
ffffbda8
ffffb6dc
ffffb994
ffffbd7c
ffffbdc3
000001c9
ffffb622
ffffd5e3
fffffb56
ffffdd5c
00000921
ffffdb05
00002e0d
0000417e
00004c06
000027d6
00002df6
00000f81
000032ff
00000a5e
00001d09
0000213d
00004c9d
00003ab1
00002f5b
00002eb7
00000ecc
000047c3
00003048
00006232
000053d2
00006867
00007562
0000593d
00006269
0000560e
00005ba3
00005718
00006dd9
00005ba9
000050b8
00007cb3
0000268b
00001abc
fffff39c
fffff878
000018f4
ffffe6e0
fffff872
000005c0
00000b3e
0000191e
00000ca7
00001cbd
000001c6
00002af9
0000014f
000026cd
0000009f
000028e2
00001757
00001fab
0000235b
00003e69
00005456
00004ada
000052f1
000064d8
000067bf
00006f1d
00000487
0000446b
00003b33
ffffe84f
000032ca
ffffe8b1
fffff688
00001f0a
0000252e
00002b55
000036fb
00000e6e
00000637
00001dde
000022e8
000005a3
0000178d
fffff518
ffffeb2d
ffffc5fc
ffffa205
ffffbe71
ffffdd6d
ffffd760
ffffcb94
ffffd61c
ffffd60f
ffffdeb3
ffffd237
ffffdbea
fffff6b8
fffff776
fffffa49
00000481
fffff4b3
ffffed7f
ffffe019
00001770
fffffd8a
00000196
000011a7
00001167
00001717
00001498
00001a4a
000008fd
0000147e
00000953
00000c44
000008f5
fffff8e3
ffffe33d
fffff0f3
ffffdedc
fffffe33
ffffed1c
ffffab7b
ffffc683
ffff8387
ffff9f75
ffff876c
ffffa101
ffff90b9
ffffc083
00000b16
00000e12
000002bf
00004525
00001fd0
00005000
00005b28
00002fd9
00004c73
00004c45
0000393d
00004c02
00001446
00003708
ffffe4c2
fffff25b
ffffd6c8
ffffdb24
ffffd20f
ffffe00f
ffffb17d
ffffd9b2
ffffe243
ffffd905
ffffdcb0
ffffedb4
ffffeed8
000000db
fffffb2b
000003dc
0000238c
00002df8
000033aa
00000d5b
00001a77
00003535
0000486a
00000b01
ffffec38
ffffea94
ffffe0da
ffffdd12
ffffe6eb
ffffc59a
ffffdc57
fffff7c6
ffffe413
ffffd86d
ffffc476
ffffe461
ffffc63e
ffffdae1
ffffd0d5
ffffeb87
fffff6a4
ffffd067
ffffd8a9
ffffdff7
ffffe2f6
0000025a
00000892
000002f5
000017c5
00000981
000023e7
00001704
ffffeb5a
00000091
00003b45
0000190c
0000141a
ffffedf6
ffffec04
fffffc7f
000027c6
fffffe4d
fffff1fe
ffffdd4d
ffffd55c
ffffb632
ffffcd45
ffffc192
ffffc87b
ffffd76a
ffffae1f
ffffdc6a
fffff411
ffffef7e
fffff15f
000002e1
ffffe9d9
ffffe142
fffff1f9
ffffe413
ffffd8c6
ffffda1d
ffffd743
ffffdf81
ffffdee4
ffffdd3a
fffff604
000027b8
0000162b
00003fbd
000015ed
00003375
00002431
00003a02
00002392
000058b9
00001873
00004d37
00004a21
00006f35
00002edf
00005b1b
0000735c
00008584
0000d028
0000a5ad
00009601
0000aede
00008c5a
0000789a
00006e21
00004815
00003e1a
00008b77
000069ae
00008314
00006de4
00006902
00004ceb
0000664a
00005993
000041ae
00002600
00003dc6
0000483f
00002ee9
00000f39
00002cc2
fffff2ea
ffffe6ba
ffffd956
00000322
ffffd39d
ffffe17a
fffff54f
ffffd391
ffffe8d1
fffff723
ffffe23b
ffffee0b
00000b2f
000000da
fffff671
00000670
00000148
000016a1
00004df1
000022ad
0000582b
000026e5
00003e55
ffffd51b
ffffa8d2
ffffd103
ffffbf68
ffffcdae
ffffbba0
ffffb84b
ffffd67f
ffffcf22
ffffcb49
ffffb8ac
ffffc451
ffffde15
ffffb57b
ffffc42a
ffffc17f
ffffe15f
fffff2e9
ffffd69b
ffffe510
ffffee88
fffffc79
fffff13b
ffffdf58
0000123e
00001114
000051d3
00002956
0000248c
000042f6
0000413f
00002d06
00003219
ffffefca
fffff892
ffffce57
ffffce2c
ffffe90c
ffffcfc7
ffffc206
ffffc6c6
ffffbd5e
ffffd474
ffffd99d
00000871
fffffcc4
00000d57
00002601
ffffff5b
00000f40
00000d42
000006fa
ffffdebf
00000613
ffffd35a
fffff2d7
fffffdb8
fffffe7b
00000e93
fffffcfd
00001c6f
00000d49
00000d5d
fffffba0
fffff443
0000120c
000009a6
00000210
00000450
fffff8c0
000001ea
ffffe983
ffffeb4d
000005ec
000009c9
0000183c
00002e9e
000022d9
00003bce
00001923
000031ef
00003f18
00003853
0000567c
00004676
00002d9c
000027cd
00003968
000014f1
00002d15
fffff76c
00000b56
fffffc19
fffff85e
ffffdec2
00001058
00000a4a
00003e93
fffffd99
0000645b
000058d5
00004c23
00005943
00009c00
00005a2d
000085d7
00003bee
00007492
000007f8
00000bb8
000039f8
000044d0
00001ac2
0000065f
000002f5
00000429
ffffef20
00000ad0
ffffe3ae
ffffe08b
0000062c
ffffec0a
00000a6f
0000208b
00000242
000019c0
00001f0f
fffff9b0
00000617
ffffd671
00000f70
000000ab
fffff5ad
ffffdfb2
ffffe251
ffffdf60
fffff8f9
ffffc8f6
ffffc965
ffffb7a5
ffffd905
ffffa256
ffffc7da
ffffcdbb
ffffce71
ffffe80b
ffffc689
ffffd95e
ffffe78c
00000542
ffffe878
fffff4e9
ffffe7f6
ffffea34
fffff6b0
ffff99e3
ffffcafb
ffffac4f
ffff79b1
ffff5359
ffff5bac
ffff4eeb
ffff9e18
ffff7230
ffff628c
ffff56d9
ffff7867
ffff7630
ffffa117
ffff972b
ffffeb27
ffffc577
00006d88
000064c6
00004f17
00006273
000040f0
00004aa4
00007000
0000570e
00002302
0000227e
ffffd552
fffff039
ffffe9f7
fffff5af
000012c5
fffff21c
00001a66
fffffc94
fffff248
fffff35e
0000073d
ffffe2fb
000009d2
0000019e
ffffee0a
ffffec7c
ffffece7
fffffce4
ffffd762
ffffceee
ffffc483
ffffd1a2
ffffc773
ffffc9a4
ffffaeb2
ffffb189
ffffa488
ffffca59
ffff9573
ffffbc28
ffffb4c3
ffffd7f0
ffffd5bb
ffffc1d2
ffffe367
fffff050
ffffffdf
00005a0d
fffffc9d
00003dc0
0000747f
00008fdf
000089af
00009eff
0000b493
000054d1
00006f64
00008cea
00004acf
0000290c
00003eb3
00002d2a
00002e3d
00000ddc
ffffeced
fffffb9e
ffffe18b
ffffdf28
fffffe52
0000154c
ffffe59a
fffff1d8
000003fd
ffffff5c
0000304e
00001f2d
00000c6d
00002e7f
fffff081
fffff72d
ffffedca
ffffe066
ffffd6d0
fffffa93
fffffc84
fffffcd2
fffff100
ffffe805
00000253
fffff436
ffffcccf
ffffdb93
ffffdf6a
ffffbe56
ffffb60e
ffffac72
ffffc014
ffffa414
ffffba41
ffffee7d
ffffde9c
fffffc25
ffffd9bc
ffffd528
fffffb08
ffffeaa3
ffffe08f
00001700
ffffec95
00000fd2
00000008
ffffff84
0000091d
ffffface
fffffff1
00001f13
ffffe8b0
00002f76
00002705
000051ce
000045b4
00003cdc
00004a2b
00007ac0
00005da2
00005365
00003cb1
00005fd6
00007039
000078e5
00006346
000077f9
000058fb
0000220a
0000400b
000044f6
00000e2a
fffffb67
fffffdd2
000015ff
00001ed1
ffffe3ea
00001a7a
000015d3
000011a9
00000bc6
0000177a
00000979
ffffc680
ffffb76e
ffffd163
ffffd29e
ffffc703
ffffc408
ffffbc66
ffffc893
ffffc8ed
ffffc91f
ffffd2e7
ffffc961
ffffcf4f
ffff88c0
ffffc7b7
ffff8f46
ffffb27e
ffffae20
ffff9899
ffff852c
ffff8c7c
ffff9552
ffffaf7c
ffffc445
ffffb86a
ffffdacd
ffffe641
ffffbdf0
ffffd460
ffffb162
ffff9d05
ffff5dfc
ffff8b53
ffff7f8f
ffffaab2
ffffce88
ffffaafa
ffff9287
ffff9129
ffffb8fe
ffff9c16
ffffcc29
ffffc5db
ffffcbe3
ffffb293
ffff8b9d
ffffaa1d
ffffac59
ffff9acb
ffffd7ac
ffffa093
ffffca85
ffffcf33
ffffdf71
ffffd9ce
ffffe7c3
ffffe0fa
ffffe428
ffffd7ea
ffffe025
ffffd24d
ffffe1f5
ffffda00
fffff312
ffffda7b
ffffa62b
ffffb0e5
ffffc000
ffff9a3b
ffffa5fe
ffff8e60
ffffa521
ffff8f55
ffff8c57
ffff76cd
ffff79ce
ffff799f
ffff7d7a
ffff7cbc
ffff59a1
ffff7346
ffff7d8f
ffff61a9
ffff7aad
ffff7abe
ffff889c
ffff9cee
ffff9d19
ffffbe64
ffffc1b7
ffffdb6e
fffffd9f
ffffd2a9
ffffdaec
ffffd339
00002481
ffffd414
ffffe67c
ffffa558
ffffb494
ffffc6d9
ffffdee5
ffff9eef
ffffb0a1
ffff95f5
ffffa369
ffff8232
ffffcb1d
ffffe373
ffffd76b
ffffe8f6
ffffdaf9
ffffe597
fffff877
ffffcfb5
ffffffee
ffffeb78
ffffd7e8
fffff77f
00001659
000016e0
000006c6
ffffd969
ffffc4ef
ffffe081
ffffac9e
ffffc985
ffffdecf
ffffdf05
ffffe664
fffff33f
ffffee3a
fffff516
fffff6f1
00000ab1
fffff5ab
00000b41
0000069a
0000001f
00002677
000009c2
00000e3a
00000e21
00003e9a
00002b5d
00003ea4
00005631
000040f2
000059f3
000032f5
00002a49
00003266
000027bb
00000831
000005d2
ffffeda9
0000077e
fffff832
ffffe7b0
ffffefe5
ffffbb07
fffffad9
ffffda30
00001e98
00000b65
fffff9d2
00002c2a
00006c1b
00003cc6
00006709
0000176d
00005948
00001d74
00001da2
000035db
00003453
00002ce6
00001d0a
ffffff52
00001962
00000b11
00000573
0000017f
fffffc12
00000096
ffffed79
fffffa6c
000006e3
00000675
fffff235
fffffa83
fffffbb4
0000182f
00001c2b
fffff4ee
00000797
fffffa7c
000007c8
ffffe03e
ffffe5d2
ffffdc71
ffffe909
ffffebc6
ffffe12a
ffffea88
ffffc412
ffffe67b
ffffaf9f
fffff410
ffffdf34
ffffca90
ffffcebe
ffffb8c2
ffffd2f3
ffffd58a
fffff6da
ffffe4aa
fffff325
000003d9
000031d4
00000750
000026b8
0000299f
00003d31
00003008
00005717
0000205f
00003f55
0000500b
00004cbc
00006041
00006389
00005596
000054bb
000036dd
00003e8f
000016bf
00001ad6
000037ab
00002f97
00001e9a
fffff28e
0000117a
000004d5
000007f9
00001d52
ffffee30
fffff8e2
00000278
0000019b
00001d63
ffffef5c
00000ed3
ffffe54a
00000891
ffffef07
00001751
000015e3
00002563
00001116
00002292
00001859
00002239
00001a8c
00002c89
000012d3
00003046
00000c78
00001807
fffff3ef
00002b0d
000013ce
0000225f
000022f9
000010d3
fffffe14
000001fe
fffffbe8
fffff378
000005a8
ffffec10
00001be7
0000200d
ffffc688
00000e13
ffffe2b7
ffffc307
ffff91df
ffffcc05
ffffa8bd
ffffcb68
000028bb
00001b63
ffffe4e9
ffffb9bf
000033ee
ffffdbc5
00006666
00002db2
00006411
ffffe598
fffff2d2
00000585
000021de
ffffea25
00000c7b
ffffcaa6
000020c8
0000271c
000033d0
000025df
00000620
000024fc
00000afb
00000470
00000ab1
000007d6
00000c32
0000298d
fffffcc7
ffffb873
ffffb7fd
ffffe080
ffffdab5
ffffd9dd
ffffcf8b
ffffd2fb
ffffdbb2
ffffcb14
ffffece1
ffffbd6d
ffffe4c7
ffffd7d5
ffffd4eb
ffffcfad
ffffe750
ffffd824
ffffe58f
ffffe68e
fffff7ea
00000dc8
fffff3c5
fffffc59
ffffeda6
00000e86
00002d54
ffffe42e
00000d1b
fffff10c
ffffd38d
ffffd64d
000009f5
ffffe940
00002dd6
0000379f
000051d2
00003449
00004011
000052df
0000b8a9
00005e7d
0000923e
0000345a
00006d52
ffffef97
fffff2a0
ffffe969
ffffbdb2
00000b28
0000232b
ffffc6a5
ffffe2bf
0000041b
0000037c
ffffee30
0000135c
00001193
00000fcd
ffffff67
00000440
00000a3e
ffffffa4
000012aa
00000b78
0000078d
00000160
0000143a
000008ca
00000934
fffffedd
00000daf
00000771
00000b84
ffffffe5
000002f5
fffffd0b
00000305
ffffd31a
ffffe7eb
ffffdeb2
fffffb10
fffff018
ffffe5fe
ffffeb71
ffffe823
fffff381
ffffd8dc
ffffd858
ffffe942
fffff157
000004f3
ffffd530
ffffef2e
ffffeeeb
fffff40e
ffffd214
ffffe17d
ffffa0df
ffffc4a6
ffff91b7
ffffaab1
ffffbba2
ffff832a
ffff8626
ffff75e6
ffff7e0a
ffff96e2
ffff7e77
ffff9a7b
ffff89e5
ffff7cea
ffff876f
ffff7b6a
ffffb268
ffffc21d
ffffb7cc
ffffd1e9
ffffe9d0
ffffe725
ffffdd43
fffffa05
fffff132
ffffeaec
fffff453
ffffeb4a
fffff241
fffffc7d
ffffffd3
00001b4d
00004191
000017a6
000014ce
00001ba9
00001e8f
00003389
00002205
00003137
0000436b
00005157
0000506f
0000532f
0000413a
00004f4f
00002c13
000057b0
00003ac4
000042db
00001bfb
00001d3b
00000568
000004e2
fffffdcc
fffffc0f
000012c1
00002098
000000fb
00001809
00000e08
000017a1
00001b2f
00001915
00000122
00001685
00000c9f
00000730
000017fd
fffff9ee
00003155
ffffed63
fffff59b
ffffe08e
ffffe7bc
ffff910e
ffffa0ef
ffffb516
ffffa04f
ffffbb7f
ffffdb60
ffffb033
ffffec7c
00001e78
00000583
00002607
00002451
000043c4
fffffe90
00001d83
000007fa
00000f30
000006d1
0000240a
fffffcf6
ffffeed1
ffffdbcd
0000026d
ffffdd9e
fffff9ea
ffffef04
fffff7f1
00000f0b
00001222
fffffa37
00000823
0000061b
00000ecc
000016ac
0000101b
00002d3e
000030c1
00005718
00003ab3
00004b5c
0000559a
000048bb
000040a2
00001c3e
000041bc
00002d8c
0000570f
00002ba3
00004e17
000047a7
000068c0
00003a39
00006277
00002299
0000503b
00001fe3
00003640
00003caf
00003206
000012d1
00003039
00001c46
000027ae
00001b7c
000033f3
00002a7f
0000281e
00004c6b
00000f19
00002b07
00002a07
000041e4
000018ea
00003a8d
fffff45d
00000c99
000014ad
00000dd1
00002748
00002fad
00002d3e
0000369c
0000247b
0000181f
00001429
00000d5c
ffffff0f
0000041b
00000c20
00000c8b
ffffffcf
00000237
0000198a
ffffe90a
ffffedfe
ffffe85b
fffff1c6
ffffb6f6
ffffd4f3
ffffe482
ffffe12a
ffffe9de
ffffec88
ffffcb4d
fffff0f9
ffffd76b
ffffb7b6
ffffccdc
ffffb3df
ffffc350
ffffe1c1
ffffbe5b
ffffdeaa
ffffcea1
ffffbd25
ffffa8f8
ffffa5b7
ffffb0d4
fffff038
ffff89f6
ffffaa4f
ffffba56
ffff875d
ffff7acc
ffff9e71
ffffb974
ffffdd9e
ffffb6ac
00002ef1
00001e30
00000142
00000a22
fffff4c0
00000bb0
00002ed1
000045d2
000031b9
00001d62
00000741
000021b7
0000325d
000005e2
00002cc8
00001888
00003201
00000697
00000eca
000009e1
ffffdc9b
fffff1b0
ffffed77
fffff7e3
000008bd
fffffbd3
fffffd6d
fffff9fe
fffffcfe
fffff50c
ffffd19a
fffff123
ffffdfe7
ffffc4fa
ffffd6e2
ffffeca4
ffffbea1
ffffbe38
ffffd948
ffffc1ef
ffffd91b
ffffc5fb
ffffb21e
ffffbe32
ffffb4a0
ffffc90d
ffffc20a
fffff81b
ffffda13
fffff94e
00001978
00001d9a
00003855
0000306b
00004316
0000069b
fffffd7d
0000122e
ffffecec
ffffca27
ffffea44
ffffeaa1
fffff94f
ffffdbc6
ffffa197
ffffa0f6
ffff9e19
ffffb290
ffff99d7
ffffd4de
ffffd007
ffffceb5
ffffd414
fffff0ea
ffffe406
000003ed
00001ceb
0000098e
00001269
00001841
000001b0
00001bc7
00000632
00000559
fffff166
fffffee9
00000a83
ffffda06
fffff1ad
fffff7ce
fffff223
fffffbf7
00002852
00000acd
0000082b
fffff584
000016bc
00000e5f
00002a66
0000199c
0000291c
000052af
000030ab
000043e9
00004284
00002089
00004bb9
000026e8
0000278b
00003f52
00003c16
00007377
00005501
00002471
00003dc4
0000500b
00003ebd
00004287
00003459
00001d09
00002d80
00004282
000042b6
00000c4a
00002b72
ffffda66
ffffcddf
ffffd690
ffffc9a9
ffffb703
ffffd807
ffffce9d
ffffd268
00000f4d
ffffff7c
00000f64
fffff106
00000cdf
ffffc45c
fffffa92
ffffe8cb
ffffe0b4
000003fd
00003e42
0000169b
00004762
000014b3
0000360c
ffffae46
ffffadfd
ffffc882
ffffcadd
ffffbc53
ffffbe2b
ffffc765
ffffb0b3
ffffbe67
ffffc3c8
ffffbbdc
ffffdbd2
ffffc9d4
ffffab36
ffffb9e4
ffffc9ea
ffffac34
ffff9327
ffffb513
ffff914f
ffffaf9c
ffff998f
ffffab90
ffffb295
ffffb35e
ffffcec4
ffff89c6
ffffdfd8
ffffb0aa
ffffbb40
ffffe71b
00000e03
ffffeb48
00002ffc
000042a8
00002db7
00000a79
00002085
000011cf
000005c1
000014e4
0000268a
000000df
00000443
ffffa869
ffffa29e
ffff8200
ffff6d40
ffff9f6b
ffffdc01
ffff9690
ffffa4c1
fffffa2d
ffffd400
ffffe550
000000d1
00000636
fffff0f8
ffffde1f
ffffcf28
ffffd9f4
ffffdc26
ffffe64b
ffffec0a
ffffad66
ffff8d86
ffffbd4e
ffffbb79
ffffbe36
ffffafe2
ffffbeca
ffffc756
ffffcbb9
ffffbddb
ffffb524
ffffdb2f
ffffb32c
ffffa5ca
ffffb50f
ffffd014
ffffa18f
ffffcd39
ffffc60e
ffffab2e
ffffce20
ffffb343
ffffbb03
ffffb943
ffffb9fd
ffffe20a
ffffdcc1
ffffcd06
ffffd962
ffffeff9
ffffe12e
ffffed32
ffffdecc
000012b6
000005f0
000060be
0000560d
00003e42
00001929
00004901
0000286e
00005d85
000007b7
00004763
ffffc89a
ffffae1a
ffffbf5d
ffffdf26
ffff9ba1
ffffa1e0
ffff7c16
ffffa8ef
ffffb7a4
ffffd2ae
ffffe468
ffffdb83
00000230
ffffe6fc
ffffec79
fffff58a
ffffddde
fffff208
ffffe809
ffffe132
fffff211
fffffae9
ffffe38e
fffff7e6
ffffeead
ffffec2c
fffff1f8
fffff5b8
fffff110
0000095d
00003216
000014f8
00002d06
000017cd
000039b0
ffffd2c8
00003683
000006bf
000007c9
fffffd34
ffffe1e3
ffffea29
0000040d
ffffe43c
fffffbe9
fffff5a5
00001907
00002fd8
00000e7d
00004cd8
00005c90
00005ab2
00007da6
000073ef
00006a33
00009d25
0000a7b3
00008800
00008880
0000aaa8
0000823c
0000a211
0000671b
000071e4
000004fb
000009b0
00003e3d
000056c6
000013fc
0000121c
fffff1c3
00002843
fffff651
00002167
ffffccdc
ffffdbfd
ffffcf1d
ffffe045
fffff714
ffffdda6
fffff461
ffffd67b
ffffea80
ffffe0cb
fffff503
ffffeba3
000008b3
00000f8f
00001197
00000b5a
00000f39
0000192b
000016a3
00000d8a
00002595
00001fec
00000b5b
00002547
00001b49
00002749
00002269
000017e1
0000268c
0000126d
00001f59
000015f4
00001b0c
fffffdd5
00001dc7
fffff964
00001fdd
00008564
00003c4f
000064b8
0000a3bd
0000cd7a
0000b151
0000e5f8
0000ac3a
0000d35d
0000def9
0000cdcc
0000d1b8
0000d9cf
0000c916
0000d4d5
0000542e
0000ab19
00001d69
00002924
000028a8
00002343
00002a35
000025cf
00000597
000020e4
fffffce8
00000fac
0000040c
fffff3ea
ffffe02e
fffff731
00000196
00000ad6
00000582
00000ba9
fffff908
00001278
ffff8993
ffff7358
ffffb6bf
ffffa040
ffff9923
ffff7ff0
ffff8e5b
ffff94ec
ffff88fb
ffff9ea5
ffff5890
ffff7b4d
ffff7b63
ffff69c2
ffff6dc8
ffff6ae5
ffff6783
ffff794e
ffff59f3
ffff853d
ffff8611
ffffa5a9
ffffb089
ffffa57b
ffffd7b4
0000120b
ffffcfc6
ffffd759
ffffbbef
ffffb8a2
ffffa5d3
fffface4
ffff93e0
ffff8343
ffff7ec8
ffffa36b
ffff756c
ffff8742
ffffc00c
ffffe9bb
ffffafa5
ffffa5f3
ffffa4ec
ffffac86
ffff85c6
ffff75a0
ffffad8a
ffff98bc
ffffbd4b
ffffe209
ffffbc77
ffff96ec
ffffa0d9
ffffbd03
ffffb075
ffffcc49
ffffbaaa
ffffcfcc
ffffc4d1
ffffede9
ffffd839
ffffeccb
ffffd974
0000050b
ffffe81a
fffff7cd
ffffeb63
fffffa3b
000004e9
000009c3
fffff9fc
ffffff10
00000095
00000132
ffffcc1a
ffffd1c1
ffffc536
ffffbf6b
ffffb934
ffffc79a
ffffc080
ffff92fa
ffffaf30
ffff9af2
ffffa768
ffffb40b
ffffa8fd
ffffa28b
ffffce8d
ffffc0d6
ffffb250
ffffa67b
ffffbc3e
ffffa79c
ffff8d21
ffff8cc1
ffff6f32
ffff5c0c
ffff3b65
ffff525b
ffff51be
ffff572f
ffff53d1
ffffabe4
ffff6298
ffff9c8d
ffff7b7e
ffffc8a2
ffffb075
ffffb860
ffffce46
ffffd136
ffffc478
fffff1f5
fffffe32
fffffd6b
ffffd704
fffff38f
ffffede2
ffffea50
ffffe8bb
fffff5dc
fffff603
fffff6aa
fffff76f
ffffe9ee
fffff524
fffffb7a
0000367c
0000238a
000031de
00001970
00002cfd
000022b7
00001fe7
0000220e
0000444f
00002958
000032ba
00002eb2
00005362
00000f7f
0000362a
00002947
00004903
0000703b
000042e7
00003df1
00003efb
00003448
00004661
00004a77
00002589
00002a2d
00006fd9
0000636e
000065c4
00007e39
00008a29
00007214
0000982a
0000647b
000037d1
00002def
00003f02
00006365
00004102
000019f4
00001cd4
ffffcc67
ffffe037
ffffa151
fffff0a6
ffffdbbf
fffffae5
ffffe954
fffffa54
0000032f
000029b8
fffffbb3
ffffd9a2
ffffee2c
fffffe6f
ffffdf3c
ffffdf73
fffff358
00000f54
0000475f
0000085e
000059e7
00001625
0000405d
fffffb69
fffff9ea
0000120f
000003d2
fffffe2e
fffffc8e
00001317
fffffe4c
fffffd2f
ffffe191
ffffcfe5
ffffe3ca
ffffd8d2
ffffc507
ffffd2ce
ffffca52
ffffd32e
ffffd359
ffffc94d
ffffd811
ffffceb7
ffffd404
ffffb379
ffffb167
ffffb0ab
ffffbbfb
ffffcec1
ffffaeff
ffffbab4
ffffb4c6
ffffce3f
ffffc574
ffffddfb
ffffbdd8
ffffd648
ffffd755
ffffe858
ffffeadb
ffffb35b
ffffb006
ffffbf3e
ffffb6a6
ffffc6ac
ffffb9d7
ffffacdf
ffff90d3
ffff93fd
ffffa245
ffff8519
ffffbedf
ffffab93
ffffbc82
ffffc239
ffffe1c3
ffffd721
ffffd4c0
fffff307
ffffdc99
ffffd2e8
ffffe7ec
ffffd409
ffffed9e
ffffec0b
fffff403
ffffffd9
fffff494
00002eb2
00001180
00001df6
000009b8
00002257
00000d8e
00003b3f
00001e18
00003065
000012a9
00002bb4
000012e6
000035df
0000425d
00004f5c
00007145
00005e2c
00004dce
00005a70
00004e3e
00005678
00004a62
00002a06
000045c4
000060d9
0000cca8
00007b9c
0000b343
0000c3ed
0000bad4
0000d9fb
0000d96a
0000b4a3
0000d094
0000d8ad
0000b9d3
0000f4f6
00012adc
0000da6b
0000d3d5
00007ecb
0000aa63
00000ac1
00001996
00004c6a
00002fd7
000058ef
000074a6
00001101
0000309f
0000216d
00002f75
00002bfb
000008bc
0000103d
00002ac7
000016f3
00002e85
00000d0e
00003992
0000133c
00002564
fffff0f0
fffff85b
0000036c
00001010
0000208f
0000175a
00001fbd
00000fd1
00001950
fffff58c
ffffcf25
ffffe907
ffffddaa
ffffdc2e
ffffd2cc
00001112
ffffe185
ffffd9dc
0000016c
ffffe8c9
000010dc
fffff32b
ffffd782
ffffcf09
ffffe4e2
ffffdb1a
ffffc6f9
ffffadb5
ffffc776
ffffa2cf
ffff7c9d
ffff7eaf
ffff5a41
ffff4f76
ffff5ad6
ffff5935
ffff4eb4
ffff493c
ffff5655
ffff9963
ffff605f
ffff83c1
ffff74cc
ffffd172
ffff9234
ffff8d85
ffff8a78
ffff961a
ffff840b
ffff9a36
ffff9eac
ffffa08d
ffffb955
ffffc05d
ffffea0e
ffffdf96
00000252
fffffa7b
ffffda88
ffffe78a
ffffe926
ffffee38
00000756
ffffecd1
ffffcd85
ffffb0dd
fffff402
ffffc3d6
ffffca94
ffffca05
ffffec9a
ffffedce
fffff3d4
fffff3ba
ffffc398
ffffe06f
ffffc954
ffffce41
ffffb186
ffffd3e6
ffffc69c
ffffd948
ffffdb4e
ffffe405
ffffe0a3
ffffeabd
ffffd07f
ffffac5a
ffffd706
ffffd960
000004dc
00002880
fffffd43
0000457d
000085ce
0000c751
0000ab8b
00009319
000014d6
00006d07
000086cd
0000b51c
00006667
00005c06
00003f05
000059a0
00001b75
00001327
ffffe1e2
ffffeffe
fffff23a
fffff353
00000791
00001145
ffffe4cb
ffffe852
ffffcce5
ffffe52e
ffffed2c
ffffd1fc
ffffd684
ffffd2e9
ffffd590
ffffde8d
ffffe2dc
ffffdb95
ffffe702
ffffea8a
000006c5
ffffeabb
ffffed67
fffffd77
fffff27c
ffffed10
ffffe559
ffffeaf3
ffffd0f4
ffffdb0c
ffffdcab
ffffc849
ffffcfda
ffffbb95
ffffbe1e
ffff997e
ffffb5ed
ffffa62c
ffff9941
ffffa41d
ffff934c
ffffbd44
ffffc143
ffffad01
ffffd464
ffffdb85
00000ad7
000042b6
00000656
00005554
00007ce3
0000845c
000085b7
00006b46
00004285
00004220
00004c6c
000047bb
000018a9
0000169c
00001587
0000341a
000026db
00002907
00002f52
000051c7
000047d9
00006764
00005df5
0000655f
00002ddb
00005510
00001715
000018d6
00001bb8
00000dce
00000cf3
000020b0
00000e3b
ffffff33
00000a57
fffff6c6
ffffe4e6
fffffa97
00001878
00000680
fffff4e7
fffffff5
00000364
fffffe75
ffffe097
000002fe
fffff83d
000007a7
ffffe6d3
ffffd649
fffff4b7
ffffad46
ffffdd37
ffff89a2
ffffd970
ffffce14
ffffb2dd
ffffb29e
ffff9ef0
ffffb06c
ffffb8b8
ffffd5a7
ffffcdc6
ffffecd5
0000329c
00000077
000001dd
00000c3b
ffffe3e0
ffffcbf0
fffff341
ffffa66d
ffff96aa
ffffb864
ffffbed5
ffffb78b
ffff8737
ffffb117
ffff847b
ffffd480
ffffd6d8
ffffc8ee
ffffb47c
ffffbba9
ffffe461
ffffcf06
ffffe5a4
ffffe765
ffffba23
ffffdbd8
ffffd4ab
fffffdef
ffffe3cb
ffffee10
ffffee22
ffffee9d
ffffee99
ffffdd5e
fffff887
ffffe15d
fffff63e
fffff5e0
ffffeafe
ffffff2d
fffffb95
000002e1
00000804
00000ea8
00001945
ffffecee
00001a44
fffffdd5
0000083f
000007c7
fffff1d1
ffffe476
fffffd12
000020c0
00000875
ffffe12f
00000f5c
ffffcd15
ffffe9a5
ffffd663
ffffc1a5
ffffc0e4
ffffb384
ffffa811
ffffb992
ffffee39
ffffe3bf
fffff1fa
00001441
ffffe5f5
00000896
000012b0
0000310e
fffff8a4
00000884
00000dd6
00001183
ffffe553
00001d3d
00000805
00003edc
00000251
0000093d
000008db
ffffe664
fffffaec
fffff518
000021b8
fffff27c
00001a06
00003832
00003a43
00000a40
00000b11
00003a6f
000021a6
00002b69
000006f7
00001412
000019c0
000027e7
000000d7
ffffe3d8
ffffce45
ffffba73
ffffd4d8
ffffc646
ffffd1ad
ffffc19a
ffffcb56
ffff8c4d
ffffb684
ffff9bcd
ffffba2f
ffff94e9
ffff9544
ffff9ce6
ffff3eb4
ffff7a7a
ffff4398
ffff4796
ffff5390
ffff34e3
ffff5b70
ffff55ba
ffff4068
ffff8d47
ffff7663
ffffa846
ffffe5fc
ffff8e62
ffffe751
00000a95
00002930
000000eb
fffffd01
ffffd583
fffff21b
ffffdbee
ffffeaba
fffff0bb
00000465
ffffde64
fffff18c
fffff2ca
00001367
00003112
0000507a
00005a9e
00007fc4
00006639
00005acb
000026d3
00006804
000028b4
000033c2
ffffeb0d
00000edc
00001648
0000165c
000007b9
ffffd7b9
000008b5
ffffc64f
ffffe5ea
ffffcfdb
ffffe51d
ffffcf47
ffffcc05
fffff281
ffffde6e
ffffea91
ffffdf7a
ffffd4b3
ffffc13c
ffffc767
ffff9d7a
ffffe45b
ffffab08
ffffc35f
ffff9cd3
ffffc421
ffff92ef
ffff7a4d
ffff9db1
ffffa007
ffffab0a
ffffa707
ffffa571
ffff8f3c
ffffb135
ffff9107
ffff661f
ffff7ab0
ffff6e3d
ffff7423
ffff75a3
ffff9007
ffff48ff
ffffa9a2
ffffa00e
ffffd9f4
ffffbfaf
ffffa0c1
ffffb849
ffffb1a1
ffffe1d8
000008e1
ffffe71a
00000e1c
fffff7b7
00000289
ffffd20b
fffffc95
ffffe2d2
ffffdffa
ffffcca7
ffffcc39
000009ab
00000837
ffffe97f
ffffef17
00000255
fffff128
fffff6bd
ffffdc86
ffffdea4
ffffd844
ffffdbb0
ffffe5b2
000051cb
00005312
000046c7
0000571a
00004db8
00004abc
000052ba
00005c96
00007190
00005bdf
000086d5
00004c46
0000728f
00003f0a
00006248
00002f52
00005ca2
00005992
00004f6e
00003da3
00002926
000033bb
00002db4
000024a6
fffffede
00001863
00005fa9
0000222e
00004b51
00005c5f
0000527d
00002546
000087d4
00003ec2
00003d3e
00006a6c
00007850
0000446b
ffffff3e
000006fa
00000685
000054d3
00003090
00003d90
00000e8e
00000c1f
00000802
00002c30
0000029a
000011d7
fffff3f8
000002a8
ffffe504
00001406
00001fef
ffffe340
ffffee9d
00000708
fffffd13
0000148a
ffffead0
000026d9
00000303
00001d8c
ffffbd5a
fffff261
ffffd67e
ffffea34
fffff12b
ffffe6b8
fffffe38
ffffe3dc
fffff97b
00001c03
00002278
0000445c
000032b6
00002c11
00003560
00004828
000046df
00003d08
000054ec
000040bb
000045af
00003d64
00004d06
00004990
00005c2f
00006b35
00002910
00000688
000036be
000011c0
0000211b
00001b52
ffffffa6
fffff43e
fffff95e
fffff48a
fffff042
00000618
0000046b
ffffb563
ffffe7b0
ffffb769
ffffa18b
ffffc13e
ffffa79a
ffffb0ae
ffffafc9
ffffa8e5
ffffc6f3
ffffb465
ffffcda5
ffffad33
fffffd6a
ffffcb92
fffff339
ffffd602
ffffd197
ffffbae1
ffffd289
ffffdd6d
ffffe4c3
ffffe43f
fffff16d
ffffe444
ffff9fc2
ffffc991
ffffb80a
ffffb880
ffffb241
ffffb9a4
ffffcaeb
ffffc3b1
ffff9eea
ffffeb15
ffffb88d
00001b17
fffffa9a
fffff3a4
fffff36c
ffffef6e
fffffc35
ffffff8d
00001334
0000373f
00003447
00001306
fffffdd8
fffff5e5
000012cd
fffffe1b
ffffcb84
ffffdead
ffffc06b
ffffd562
fffff715
000049b4
00000689
00006302
fffffd6e
0000091a
0000025c
00002738
00001533
ffffdc22
00000e08
000014a2
fffff12a
fffff2be
00000c42
00000c62
0000002f
fffffebc
00000568
00001097
00001936
0000098c
000043fa
00002089
00001800
0000270e
00003c34
00002227
00002a41
00003fc6
000036ec
00002779
0000435c
00001935
ffffaf2c
ffffb668
ffffb05a
ffffc0d7
ffffba8b
ffffc091
ffffcc05
ffffcd23
ffffca22
ffffe08b
ffffeebe
fffff76b
ffffed2b
ffffd3c0
000002ca
ffffd3b1
fffff899
fffff14f
00000a90
ffffe867
fffff037
ffffd059
ffffe5c1
ffffec75
ffffeb4f
ffffdb8c
00000b39
fffff083
0000058a
00001961
00002896
0000081a
00001ece
000037ce
0000341c
000060af
00005976
00003927
00002718
00001792
00001f52
00005670
00002208
00003025
ffffe640
ffffe697
ffffe9b4
000008cb
ffffda37
ffffdfab
ffffb811
ffffe927
00000590
ffffefde
fffff06b
ffffee10
ffffed12
fffff50e
ffffeaaa
fffff74d
ffffee9e
fffff98a
fffff739
ffffff72
ffffcf69
ffffdb98
ffffc556
ffffce83
ffffd2a5
ffffc5e1
ffffbb80
ffffc5cd
ffffdf18
ffffd072
ffffcf1c
ffffbe78
ffffd413
ffffc7be
ffffe4c2
ffffd1cf
ffffdc51
ffffffd6
ffffea11
ffffddc8
ffffe285
ffffd7e3
fffff6a3
00000606
ffffea00
000017f0
000035b9
ffffee57
00002683
00001d24
0000248e
00001291
00002475
00001f19
00000b72
00004b99
00003820
00001b30
00001414
00001b88
000002ce
00001937
ffffeb74
00000266
ffffc770
ffffd5e2
ffffe80d
0000058f
ffffca17
ffffbb72
ffffb959
ffffd77b
ffffe42b
ffffd7a8
ffffee4f
ffffe244
fffffb38
ffffdcf7
fffffe65
00000654
ffffec51
000028bc
000008c0
000019c8
ffffc315
ffffed9e
ffffeea4
ffffe554
fffff29d
ffffece0
00000992
00001114
0000164d
00001ebc
00004b9b
00003fb8
0000370c
0000439a
00004adb
00002d92
0000535f
00003138
000047a3
00002b92
000029a3
000022bd
000024fa
fffff3ba
00001b99
00000788
00001f9a
0000196c
00002055
000011b0
00003ff4
00001e24
00002e98
00002c7c
00007227
00003efd
00003402
000028dd
000039ea
00002d2c
00003b16
0000247d
00001224
000013ec
ffffee51
ffffe78d
ffffd83e
000004cf
ffffc657
00000091
ffffeadb
0000113a
000013db
000025ee
fffffb63
000006f8
00000dff
fffffd4e
00002587
00001e1c
000014a7
00002cbe
00001a42
00001770
00000618
0000266e
00003352
00002506
00002adc
000024ea
000036cc
00000e8a
0000234b
00000893
fffffc51
ffffeaef
ffffd7f0
ffffdbcc
ffffe8c9
00000166
ffffe51e
ffffcfd6
ffffdb2b
ffffd2be
ffffc7f8
ffffde3e
ffffd78b
ffffe3f0
ffffd116
ffffe655
ffffc108
00002f70
fffff3ea
00000c3d
00002687
0000298d
000033ed
00001dab
00001da6
00003acc
00002473
00002403
00004f84
00005c11
00003d65
00002dae
00003551
00002697
ffffc6f5
ffffcc9a
ffffe7ec
ffffea15
fffff621
000021bf
fffffbb3
00000281
fffff39f
fffffd59
00000267
fffffcb2
00001162
000004d4
00000740
0000281e
fffff98b
00002303
000009e0
00001726
ffffe0ea
ffffdd83
ffffcd98
ffffe38f
ffffdf35
ffffe9b1
ffffe698
ffffff65
ffffffa9
000006e2
00000f5d
0000115c
fffffbdb
0000008a
0000185a
ffffdb51
00000626
ffffd0ae
ffffed7c
ffffcd59
ffffd097
ffffc8de
ffffd202
ffffafc8
ffffd84c
ffffa66a
ffffd7d0
ffffd0f3
ffffdd75
fffff766
000026a5
fffffe21
0000155c
00003309
0000548d
0000647f
0000643b
0000390c
0000557e
000046c6
00006adb
0000884f
000081f7
00006281
0000503d
00006207
0000629b
00009ab9
00003f0d
00004a07
00002faf
00007162
00002777
00004736
ffffd696
000001c6
fffffeca
00000243
00002495
fffffd44
000018af
ffffff63
00000169
fffff722
00000b7b
fffff6bd
00000f78
fffff79c
0000115a
00000192
000003b4
00001740
00001e04
000002bf
0000161e
00000619
00002b2d
000021f9
00002390
00003072
00004650
00007b87
00005647
00006638
00006f4f
00005b94
00004fd7
00002fad
0000440b
000034f3
00006cea
00005900
0000639e
0000520a
00005a8a
0000714c
00008328
00005b0a
00001940
00003ee5
00005a87
00006ca0
00003ce2
000033ae
000037e6
00004381
ffffeeb6
00001f15
fffffe3f
ffffdac9
fffff141
00001046
ffffd3ef
ffffe537
fffff737
fffff35c
ffffe2b1
00001a69
ffffdbee
ffffe944
ffffe3df
ffffe7ca
00000f27
00003dd8
00001ebd
000046d7
00001165
0000324b
00002b7d
000053a3
00003aa9
000043ed
00003e9a
0000380b
00004e70
00000ee1
00004421
0000314e
0000818f
00006b7a
00007476
00007dd1
00008817
0000b5b0
0000ba5c
0000b086
0000be5a
000091ab
0000a143
00008ce6
00007e97
0000900c
00006029
00005275
000050c1
0000587f
00007259
00007af2
00006cbd
0000679a
00005225
000040e4
00000acd
00004f6d
0000548f
00005408
00005d91
000086b1
00003722
00000ebb
ffffde2e
000021a9
ffffc563
ffffc79c
00000737
ffffe8ee
00000779
ffffe63d
ffffebc0
ffffeb42
0000095e
ffffea6b
00003677
fffffa7d
fffff7e8
ffffefb6
ffffec36
fffff234
fffffd80
ffffdbaa
00001186
fffff334
000008f8
ffffe836
fffffe69
000001b5
00000beb
fffff8fc
ffffe7d8
00000692
00001946
00000968
ffffeb96
ffffe3ce
fffff5d2
00000065
fffff02f
0000118f
ffffeb81
000010ec
fffff5f2
fffff2ec
000008c3
fffff8c5
fffff6a2
ffffe81b
ffffec7b
000004cb
00000fd2
00000780
00001dee
ffffef22
fffffce6
00001d80
00001222
00000a08
ffffc4e4
0000044c
000011a5
00001e48
ffffe334
ffffc138
ffffe060
ffffeacf
ffffc095
ffffde84
ffffc3f1
ffffd382
ffffcb21
ffffebe2
ffffc0b3
ffffc9a6
ffffcc24
ffffdba3
ffffd14b
ffffed62
ffffd5ac
ffffd77a
fffffb25
ffffdb3b
ffffeee5
000008f2
ffffe5c3
00001ef7
fffff72c
00000d86
fffffc98
00001398
ffffeb12
0000028d
fffff561
fffffc94
fffff2fa
fffff13b
ffffeef0
00000306
ffffe079
fffffdb6
000003a3
ffffff40
fffff6b2
ffffe8e4
ffffedb4
fffff2a0
fffff047
00000665
fffffca2
fffff4cc
fffff2f8
ffffe4f2
ffffefbe
000005d8
ffffef2c
ffffe181
fffff078
fffffc3b
00000a92
00001d6d
0000087f
000011a0
00000b9d
00000a5e
00002a6a
00003b05
00002cbd
00001b26
0000252c
000001a3
00000491
fffff680
ffffff73
00000e31
000015b1
000013b6
00002681
00001474
fffff9d1
00000774
00001750
00000bea
00001cd7
00000bfc
00001a8d
0000009b
ffffee0f
ffffea83
fffff77d
ffffd1aa
fffff870
ffffe8b1
ffffea90
fffff922
fffffce2
fffff53d
fffffff7
fffff750
0000004d
ffffff0a
fffff503
ffffe723
ffffc993
ffffcffb
ffffcc56
ffffe693
ffffd904
fffff4d0
ffffd0e4
ffffea96
ffffe062
ffffebcf
fffff868
fffff7a3
ffffecf8
ffffdd27
fffff6e8
00001735
fffffae4
00002884
000004c5
00000a4f
000038c1
00003327
00002a6a
0000393d
00002451
00002dd7
00003028
00002c69
00001fab
00000bd9
00000deb
00002b8f
000022df
00001d3a
0000134b
00002dc2
00001a17
00003a78
00002ba0
000039fe
00001f83
000029e8
000015a8
00001941
ffffffd0
000007ac
0000213d
00000429
00001f3f
00002fea
000018f9
00003690
00001a0c
000020ed
00002e12
00002407
000036e6
0000273b
00003568
0000192d
000016de
000000c8
00003095
fffffbbf
000002a8
ffffe2aa
0000111b
ffffc860
fffff0d4
0000143c
00002233
000033af
000012cd
00000221
00001108
000023f9
00000f70
00004105
fffffb1b
00001a36
00003f6a
000010e4
00002dd3
00002d4e
00001fef
00000472
0000112d
000013b1
00000f77
00001921
00001713
00000aae
0000231b
0000150a
000029ff
00000718
00002ac6
00001688
00005bc3
00005bfb
00004653
00004dd3
00004603
00002c9c
00004380
00001ea3
00001aa0
0000115a
00000371
000002d4
00001dd0
fffff477
00001cf5
0000128e
00000e28
00002944
00001bde
00001ef6
00001832
fffff0ed
00000a63
fffff3ba
000009d7
fffffc8c
fffff083
00000b0f
00001401
ffffe983
ffffd0cc
ffffc182
ffffe6d5
ffffe970
ffffe0ff
fffff99c
ffffeac4
00001931
fffff1c0
00000a33
000016d7
00001991
00000fa5
fffff502
00000b6c
000011c5
0000348a
00000b0e
000026bf
000012a5
00002974
00001a84
00003b62
fffffffc
ffffe5da
00001f28
00003067
00001e4e
fffff7ae
ffffc04a
00000a56
00001213
0000268b
0000024e
00004d7d
000051df
000048f3
00006871
00003dc2
00004043
0000336e
00004642
00001378
0000215e
ffffdb99
fffff2dd
fffff756
fffff111
0000004b
00001882
0000076a
0000270d
fffff639
00001af6
ffffd443
ffffe058
ffffd9a0
ffffea22
ffffecb5
ffffe191
ffffe679
ffffd07b
ffffe0c0
ffffe81b
ffffed67
00000efb
00000bdb
ffffa56a
fffff37f
ffffc028
ffffe805
ffffc600
ffffd405
ffff9c3f
ffffad3a
ffff9ef9
ffffa8b8
ffffd71a
ffffa84c
ffffa8be
ffffd14c
ffff6635
ffffa476
ffffa235
ffff7579
ffff3eb3
ffff4388
ffff4667
ffff7e45
ffff672f
ffff4fc1
ffff617a
ffff508f
ffff76b7
ffff568c
ffff4309
ffff7152
ffff46cd
ffff7fd3
ffff6236
ffff54fe
ffff47b5
ffff5202
ffff703e
ffff7632
ffff6a4d
ffffb48f
ffffac5f
ffffd027
ffffd19d
000002c2
ffffc715
ffffd27c
ffffce97
ffffbf9d
ffffe7e8
fffff059
fffff2ed
ffffb790
ffffb582
ffffd710
ffffdf5c
ffffd9ec
ffffcbb1
ffffef2f
ffffdd54
ffffd978
ffffeabb
000002b6
00001e0c
ffffeb64
0000139e
00001f79
00002409
ffffffb7
ffffeaa1
00001082
00000494
000008cf
0000049a
fffff568
ffffefc4
ffffec0b
ffffe8d5
ffffbd49
ffff723e
ffffb117
ffff8c2b
ffff92b4
ffff784c
ffff889d
ffff9f1e
ffffd9e0
000011dc
ffffdcb3
ffffb3e4
ffffcbc3
ffffe444
ffffef0b
000036b8
00001171
000044d6
000000cc
fffffee6
fffff669
00001901
ffffe702
ffffeb01
ffffe3e3
ffffe7e6
000020ba
00000af4
000002b2
fffff27b
fffff7d5
ffffeb2f
fffff159
fffff50d
ffffe034
fffff9b6
fffffe1c
ffffeac1
00002d25
00002bfa
000040e9
00002570
0000309d
00002af5
00003f06
00001bb4
00004756
00002ddb
00003a4a
00004480
00004422
00005558
00003941
00007459
000072c0
000084d0
00007528
000082c3
00007ca6
00007269
00006ccd
000057cb
00005471
00004cd8
00002c76
000020c3
000038d8
00002a6e
00000cd2
000032d3
ffffffed
00000178
ffffca8a
0000339f
000034a5
00003c51
000061d9
0000a45c
00005e44
000052f8
00002400
00004435
00002fa8
0000215c
00005fad
00004a33
00006457
00004aa6
00002b72
000036a8
00000cd2
00001594
00000ec4
ffffff6d
ffffea2c
ffffeae2
fffff069
0000090e
000013dd
ffffe3f6
00000b23
0000023b
ffffe358
ffffe0c2
ffffcbed
fffff4bf
ffffdb2d
ffffd81c
ffffdf8d
ffffd02b
ffffde76
ffffead5
0000061c
0000145a
000005e4
00000c2e
000014ba
ffffff08
00000cec
fffff868
00000e11
0000049a
fffff98c
fffffa6d
00001457
0000172d
00001a0d
00001994
ffffe969
ffff9f81
ffffe059
ffffa9db
ffff7f7b
ffff8403
ffff5f76
ffff7e53
ffff9855
ffffa77b
ffff9801
ffff8a1a
ffff8f08
ffffa4b7
ffff9d5a
ffffb2ba
ffffb8f3
ffffd62d
fffff5b7
0000094f
ffffef16
ffffe934
fffff71e
00000932
ffffe8e0
00000330
00002c1a
fffff432
000002ad
fffff88a
00000322
ffffe317
ffffdaf5
ffffbb23
ffffd8c4
ffffbe16
ffffd098
ffffd82c
ffffa3d2
ffff9ebe
ffffc860
ffffc205
ffffc1ab
ffffba7b
ffffd5f7
ffffda72
ffffef02
00000321
ffffeb64
fffff61c
ffffff6c
ffffcb99
fffffaa7
fffff2e7
ffffe358
fffff976
000004da
ffffd6e8
00000149
ffffdd99
fffff765
ffffed15
ffffefe2
00002be0
00002992
000006ed
00001b58
00003dec
00003cf2
0000342b
00004be3
000047ab
00001bee
000073a6
00007168
00005a36
00003656
00007a52
00002b5d
0000a4f5
000041de
00005392
00000389
00001195
00001158
000003f2
000022ba
000023f8
ffffd9bf
ffffff89
ffffff5a
ffffe515
00000c9e
ffffefe4
fffff191
fffff626
ffffe6a2
ffffe887
fffff1d3
ffffeaaf
fffff756
ffffede1
ffffe3bb
ffffe690
000008ad
fffff488
fffff048
ffffea91
000001d1
ffffff4d
00000c62
00000729
00001406
00001606
00001b1b
00002928
00001583
000034eb
00002f0c
0000472a
00003c5d
00004b2d
00004b85
00004ac5
00003d46
0000177b
00002818
00003900
00001c03
00005107
0000340c
00002c5a
000043e9
000058e9
000062c8
00007492
00008994
00006227
000080d3
000081ee
000070c4
00007533
00006a89
00006f9e
000033eb
00004f5d
00001aa9
00000516
00000f75
00000265
00001c35
0000312a
0000042c
00000a63
0000255a
000035fc
000035ff
00001ec0
00001250
00001df7
00000df2
0000173c
000016d5
00000a25
00001015
00001239
ffff8b95
ffffa686
ffffc718
ffffa9d0
ffffb68f
ffffb1cf
ffffce8c
ffffbdc2
ffffd9ad
ffffefff
ffffe1b1
000014d4
00000199
fffff942
00000b8c
0000317a
00000e48
00002e3c
00004d1b
000043f3
000053db
00002904
00001f5f
00002443
00000983
00001a75
ffffecb5
ffffde0d
000003af
ffffdb5d
ffffd535
ffffeeeb
ffffd5b1
00005cfc
00004883
00007df7
00007066
00006607
00005fd8
0000639c
000077e0
000099a0
00003a4b
000076af
0000007d
ffffea2a
ffffe879
fffff920
ffffda09
ffffde54
ffffc484
ffffb8be
ffffe30f
fffff1f9
fffff564
ffffef6a
00000696
ffffe071
fffff8e4
00000b65
ffffef3b
000014b2
00000de4
ffffff10
00000ae5
fffff678
00000fea
fffff837
fffffa62
fffff724
fffffd8b
0000023e
00000a48
0000024a
fffff063
fffff28b
000001a8
00001369
fffffb95
000000cd
fffff840
00001ae7
00000462
000019a0
00001668
000008bc
00001310
ffffeeaf
00000907
00000e88
00001f2b
000057ff
000033be
00002a29
000049b3
00006e07
000068cd
000069d5
00002019
0000283b
00004ba7
000063b2
00003c68
00000da8
00002fe6
00002980
000011e8
00000382
fffff95c
0000088b
00000908
00000729
00001c02
000025ac
fffff975
00001026
0000080f
00000aeb
ffffef49
fffff92f
fffff54a
fffff795
fffff7df
000011a2
00000272
00001fe0
00000168
00001649
ffffd8ae
ffffef7b
ffffef20
ffffea98
ffffefd0
ffffea00
ffffe52f
fffffa76
ffffef22
fffff3d9
fffff700
ffffe794
fffff55f
ffffad28
ffffe5d6
ffffa11d
ffffe0b8
ffffc623
ffffbd18
ffffaf44
ffffa669
ffffb166
ffffa302
ffffb897
ffffb96f
ffffc4a9
fffff1c4
ffff9af0
ffffc444
ffff99a8
ffff8b3d
ffff4d17
ffff7314
ffff4be8
ffff7fe2
ffff7eeb
ffff61d6
ffff5fac
ffff55f6
ffff6cb6
ffff6541
ffff6871
ffff96b6
ffff5da4
ffff700c
ffff4e84
ffff6e54
ffff7c2d
ffff5579
ffffb14c
ffff9a6a
ffffb185
ffff9f0b
ffffe2e7
ffff92ac
ffffbfd8
ffffd189
ffffc3ce
ffffeae0
00000db2
fffff3c8
000029ed
00000373
00002da7
ffffc1b1
ffffbe7e
ffffe468
ffffd3c7
ffffd0e0
ffffd32b
ffffe98e
ffffe26d
ffffec08
fffff5c7
ffffdfef
ffffffd7
fffffcfb
ffffbf2e
ffffe088
ffffd287
ffffed8d
ffffccce
ffffe2c9
ffffc446
ffffd7a9
ffffc8e4
ffffab70
ffffa5f5
ffffc26a
ffffc47a
ffffe415
ffffd60f
ffffd15e
ffffe456
0000130d
00001ab1
000016bd
0000077f
ffffe71d
ffffe063
ffffe7b4
0000041a
ffffc5f9
ffffd152
ffffb73c
fffff059
ffffd235
ffffbf66
ffff69ee
ffff6c92
ffff65b8
ffff705e
ffff6a9f
ffffa74f
ffff837c
ffff8c56
ffffb066
ffffdacd
ffffd320
ffffc7dd
ffffed12
ffffdb25
ffffe3fa
fffff394
fffff47a
0000040f
000016e5
000012a0
0000099f
00001b1a
000040c9
00001726
00002da3
0000156b
0000428e
0000214d
00003635
000022f6
000040d8
00003eef
000043fd
00002a54
0000326f
00004be1
00005d50
00005d77
00004e36
0000552e
000043af
00006df6
00003ed3
00004849
00003049
00001c94
00004d61
fffff794
00001e1a
000010ac
00001e44
00000a87
00000d2a
fffff993
00002642
00001951
000009fa
00000df9
00003819
000023d2
000040a7
fffff91d
000028f4
fffff1f2
00004603
00003b29
00003e7f
00005977
00002b02
0000254b
000055a5
00002a06
0000232b
000013b7
fffffc16
ffffe419
fffff0df
ffffead3
00001530
00003358
00000ba7
000059e3
000026af
00003259
ffffba80
ffffe4be
ffffc738
ffffe06d
ffffd7ac
ffffd9b8
ffffe843
ffffd7dd
ffffc7fb
fffff6fb
ffffef58
00000b21
ffffee2f
ffffd4a4
fffff096
ffffcf31
ffffdd80
ffffa9b7
ffffc1e2
ffff9e11
ffffaa41
ffffb135
ffffaf9f
ffffbe73
ffffdbda
fffff834
ffffbe2c
ffffb965
ffffb7e4
ffffa689
ffffa42d
ffffb6fc
ffff8155
ffffa223
ffffa512
ffff9a9f
ffff7bd2
ffff8f7a
ffff89da
ffff99fd
ffff7ac8
ffff9ab6
ffff8114
ffffbe8e
ffff8004
ffff8827
ffff83da
ffff8b5e
ffff90f4
ffffc662
ffffa97b
ffffbd97
0000000e
ffffe45a
fffff340
00000430
000015e0
ffffece9
ffffeebf
ffffe349
ffffef0b
ffffedc6
000006f4
fffffe85
ffffc762
ffffdc80
ffffe1a6
ffffe364
ffffe173
ffffe558
000009a1
ffffdf3b
ffffdc84
fffff946
00000b55
0000433d
00001e21
0000074e
000010f2
00000de9
00001aaa
ffffe664
000018e6
ffffef62
fffffd4a
ffffee68
ffffc4e1
ffffc5b5
ffffcfb7
ffffbcb5
ffffadd4
ffffc09d
ffffa584
ffffb50c
ffffe818
0000115a
fffff229
00003787
000045be
00003a13
000021ea
000038b7
000019df
00004cf0
000027dc
0000617f
00003baa
000026bc
ffffce77
ffffd284
ffffcf9c
ffffc479
ffffdda1
fffff88b
ffffb5fc
ffffd6d0
00001426
0000029c
00001929
000013f9
00002239
00000722
fffff95e
ffffddfa
0000023e
ffffd10e
00001037
ffffe9f3
ffffbe74
ffffcc4c
fffff3de
ffffcdc6
ffffd2d8
ffffd463
ffffe716
ffffd712
ffffbae0
ffffdc75
ffffb48b
fffff193
ffffd963
ffffdc1e
ffffc02e
ffffef70
ffffe229
ffffee37
fffff51f
0000190d
00001314
00001728
fffff0a0
fffff3b5
00000b72
ffffff4e
fffffb0a
00002c8f
fffffc20
00001ca5
00005cba
0000aa97
00007bfe
00009dbb
00007cdc
00006da3
00006ee6
0000a866
00009bd2
0000912b
00007e24
000061d0
0000325e
000039ac
00000ce3
0000067c
fffff865
ffffdf76
00000e30
00000c72
fffffebc
ffffde3e
00000b32
fffffb03
00000fcd
00000a55
00000dbb
00000982
fffff7f1
0000125b
00000248
000015be
000021b6
00001a2a
ffffdce2
ffffde82
0000196c
ffffeb90
00000dd4
ffffe772
0000200c
000013ef
00003a8e
00001861
00001cee
00001b3c
00002d0a
000035bc
00003343
00004e9c
000035d1
000053a0
000052cc
00005781
000063e1
0000496e
00004291
00000a75
0000313f
000046b9
0000532e
000035e6
00004615
000024af
00002e34
fffff6d9
000010c3
ffffe18a
fffff6cd
fffff281
ffffdfde
ffffd416
000011b7
ffffe603
000015be
ffffc96c
000004f6
ffffbcf2
ffffe872
ffffda6a
ffffe3af
fffff892
ffffe346
00001c4d
fffff4c7
000005b3
fffff3b5
00000074
ffffd57e
ffffee0b
0000163c
ffffffe3
000024d5
0000630d
00002829
00009e0a
00004021
0000518c
fffffad6
00001ff9
fffff65e
00000897
fffff893
fffffc76
ffffe5a4
ffffde0a
ffffcc39
ffffe540
ffffb15f
ffffc7ad
ffffcca3
ffff9b9f
ffffaf34
ffff9238
ffffb5ed
ffff9d03
ffff9bfa
ffffa1f7
ffff9654
ffffa2b3
ffff7390
ffffa103
ffff7872
ffff93bc
ffffa394
ffffb893
ffff979f
ffffc740
ffffe3da
0000195b
ffffeb0e
00002380
ffffdb25
ffffd9e7
ffffee25
000005b2
ffffcd10
ffffb9c1
ffffdf18
fffff284
fffff570
ffffdf09
00003d42
00005d6e
00003aed
00006b3b
0000516b
00004762
00004c71
000046de
00003dbd
000041a4
00001325
00000378
0000204c
ffffe97e
00000dc9
fffff38f
000011c8
ffffd3ca
00000459
fffffd4f
0000277a
000033f6
000000b6
00002a49
0000184a
00002931
0000163b
00003181
000014be
000022db
00002b69
00000ee7
00001099
fffffa12
00000300
ffffc3cb
ffffdefe
ffffc495
ffffcc00
ffffbd1b
ffffa87d
ffffb2c1
ffffc219
ffffd114
ffffcf33
ffffd833
fffff466
ffffd179
ffffea64
ffffe892
fffff087
ffffbb8a
fffff734
ffffd401
00000998
fffff7e9
000011df
ffffe990
ffffda7d
ffffa59e
ffffcd68
ffffe08f
fffff437
ffffe318
ffff973e
ffffab84
ffff9118
ffffa2f9
ffff8ab9
ffff9725
ffff84d8
ffffaad4
ffffcc98
ffffe58b
ffffe4b3
ffffe653
000000a7
0000013d
ffffebe1
ffffda9b
ffffda7d
fffff0f3
ffffe3cc
ffffef8d
ffffaf6b
ffffec3c
ffffe2ef
ffffe859
ffffdce3
ffffe6ff
0000046d
ffffe64f
ffffdf6b
fffff68c
fffff653
00000778
ffffeb28
ffffdb57
fffff6c1
ffffe867
fffff32e
ffffc6b4
ffffdd77
ffffc58f
ffffd035
ffffce53
ffffcc74
ffffc4ad
ffffdb34
ffffe9d3
ffffb485
ffffea93
ffffce0c
ffffd90d
00000b2a
00000b04
fffff06f
00000b4f
000015a4
ffffeabf
ffffda23
fffff1e8
ffffe4a5
ffffdaf2
ffffc8e5
ffffc8cd
ffffaf86
ffffbd07
ffff61a9
ffff6187
ffff6b3e
ffff73bc
ffff7daa
ffffcc20
ffffb20c
ffffb228
ffffdd93
ffffee77
fffffdf1
fffff090
fffff122
ffffe68a
fffff1f6
000006f5
fffff49b
fffff487
000000a2
00000b9a
fffff789
fffffc8e
000027a6
fffff01b
fffffce0
ffffff20
00000f45
ffffe74e
fffffe6d
00000745
ffffcbf7
000022bc
fffff5b0
fffffeed
ffffda11
00002707
fffffa11
00001c23
000007eb
00003228
00002a71
0000336b
000018f7
00000bfb
000026b5
00002310
ffffec4b
ffffd1a8
ffffe6d2
ffffc690
ffffacf7
ffffc06b
ffff8758
ffff95c2
ffffa38b
ffffa173
ffff8fcf
ffffa8e4
ffffd45a
00001e32
ffffdcda
00000828
ffffe7ca
0000090e
0000592f
00005f50
00005fdc
0000529c
00008d24
00009261
000070d5
000072c5
00007f9f
0000478a
00004e5a
00003ff3
000039db
00001cef
00002634
000039d1
00003428
00001289
00002ea9
0000148b
00000016
fffff475
000015d5
ffffe966
fffff71f
fffff577
000009e6
ffffebcc
000007f1
00001318
ffffee7b
000029e7
00002039
00002683
00001128
00004aec
00003c41
00005c9c
000052ca
000071dc
000076e7
0000548e
000046a7
00002c63
00004065
00003359
00002a42
00003e14
00003290
00003bd3
000038ce
00006983
0000542f
00001d57
ffffccf6
fffff3ed
fffffa02
00001f19
00000d8b
00000f6d
000005f9
00001167
0000049e
0000088e
00002e60
00003dbc
0000537e
00003748
0000787d
00006d9a
00003b72
00004eff
00003c8c
0000267f
00001d93
00001dde
00002da5
00001a4e
00000c75
000033e7
00002466
000023e0
00003cee
000012c0
ffffe5d3
ffffdc09
fffff4e8
ffffbe4b
ffffd228
ffffd31c
ffffc9b0
ffffd9c1
ffffbdfb
ffffd24f
ffff858b
ffffadff
ffffa48f
ffffe27f
ffffaef0
ffffdd50
ffffa4c6
ffffde51
ffffb240
fffff923
fffff6eb
fffff33a
ffffe4c7
ffffe37d
00000020
0000260a
ffffebb2
ffffdc07
ffffd4a3
ffffb57d
ffffc31e
fffffa37
ffffb94f
ffffc116
ffff80d2
ffffd762
ffffa706
ffffc29d
ffffba9b
ffffbb6e
ffffb376
ffffdca7
ffffb4fb
ffffd6ba
ffffc33a
ffffbe53
ffffe449
ffffeaf7
ffffe7a9
ffffebf2
ffffff2e
ffffe5ac
ffffea9d
000008d3
fffff73b
00001018
00001524
ffffffd2
000019f3
000051d5
00001c08
00006bae
000039bb
00004769
000039bb
00002a39
00005378
00002fc4
00005d20
000033cc
00004628
000068d2
00009c27
00006f61
0000a35a
000066c5
0000a268
00008961
00008537
0000857e
0000a2a3
0000c717
0000acd2
0000b317
0000aeed
00009446
0000894b
0000575c
0000732d
00007ea2
00009abd
00002fd2
000087fd
00002221
000012f4
ffffe47e
0000268b
ffffbc9e
ffffe594
ffffc86a
ffffdd5d
ffffd5c6
ffffbc09
ffffcb55
ffffd0d4
ffffcb45
ffffcf6f
ffffdb2c
ffffd6b3
ffffc4c6
ffffb832
ffffc5ff
ffffafee
ffffd610
ffffbfc6
ffffdfa0
ffffd151
00000eaf
ffffe15f
ffffe4a7
fffffe88
ffffdc8d
000006ef
00003202
00001cfc
000042ed
00001c0d
00003055
ffff9f73
ffffb454
ffffa5d1
ffffa00c
ffffa8eb
ffffb825
ffffc0a9
ffffd4a4
ffffdc98
fffff35e
ffffe01b
00001073
fffff3c6
00001362
000012f9
00000401
00000c31
00001bab
000036b1
00003f87
00003f00
00000a0d
00003e2c
00001da8
00003de9
00001bf2
00000e6e
00000fb9
000021ce
0000185b
00003249
00003f6f
00003493
00005b16
0000480d
00006225
00006651
0000536d
00007ed2
0000535e
0000838b
000048e1
00003595
00003b1d
00001a7c
00000d5d
00001bea
000012e0
00000bc2
fffff70a
ffffd762
fffff476
ffffdb71
ffffcd62
ffffd82b
ffffeaa0
ffffebb2
ffffd770
ffffeae6
00000ae9
ffffede3
000012df
fffffa75
fffffa08
ffffcda7
ffffe558
00000106
ffffe072
fffffa00
ffffe0c5
fffffc15
ffffe98c
fffffb1a
00000db2
00000c44
00002bc3
00003b3c
fffff226
00002c8f
00001217
00003e52
00004ce4
00003d77
0000418b
00004546
00002e89
00002741
0000362f
0000136e
00002459
00001794
ffffcc9f
ffffeac9
ffffb823
ffffaf09
ffff79b9
ffff8bb9
ffff9b10
ffffe2d1
ffffaac6
ffff83e2
ffff8a65
ffffca36
ffffb258
ffffca9b
ffff84ad
ffff9c84
ffff8b36
ffffc001
ffff7eee
ffffa4ff
ffffa1f2
ffff9f0e
ffffca24
ffffcf92
ffffa3de
ffffc60a
ffffdffa
ffffd09e
ffffe35e
ffffde54
ffffe442
fffff168
00003e93
fffff1f1
00005903
00002694
00004391
fffff886
00000935
000007e5
000000b5
00000594
fffffb2d
000010e4
000015fe
00002721
00002ad2
00005731
00003095
00004654
00003fd6
0000538b
000024d0
000065c8
00004538
00003dff
00002648
00002290
00002c25
00002c26
00000bd4
00001a1b
00001570
000038f6
00001495
00002c9f
00002559
00003fdf
0000332d
00002f00
00001ba5
00001ce0
000046fb
00003850
00003611
00004131
00007950
000032db
00003293
fffff4f4
000028b0
ffffe434
fffff3f0
00001cc0
00003c48
00000d95
00001030
fffffed0
0000251b
fffffcc3
00000cab
fffffc8f
ffffe916
ffffdfec
ffffd8f8
fffff84b
fffff1ed
ffffff00
ffffeb3b
fffffd96
fffff6b9
ffffd9b6
ffffbbd1
fffff6e7
ffffee22
fffff637
ffffd859
ffffe420
ffffe61b
ffffeca6
fffff4d7
ffffc22b
ffffe6f7
ffffe26e
ffffd8f0
ffffc484
00000d09
ffffe443
00000543
fffffaee
00000a04
00003333
00001f2d
00000c58
fffff5ac
00001dba
000051cb
0000030b
000006bb
fffffc73
fffff010
ffffd740
00001e6d
ffffe3ff
000010cd
fffffa84
0000604d
00002bd4
00002e6b
00005b31
0000f659
000064bc
0000c7ee
00003901
00009baf
ffffef8b
fffff0b9
fffffe43
ffffda5a
0000189c
0000105f
ffffbeb7
ffffc796
ffffe56b
ffffe5d8
00000251
0000010f
000004de
00001e8e
fffff253
00000b3d
fffffdb6
fffffddf
000010af
00000a6b
ffffec59
ffffbab9
000003b9
ffffe3d2
ffffe925
ffffc981
ffffdc9a
ffffe77b
fffff33f
ffffbcd6
ffffbdc0
ffffaa94
ffffb6b7
ffffccde
ffffb4c2
ffffc467
ffffb66a
ffffe38d
ffffb640
ffffe75c
ffffe07a
fffff187
fffff75f
ffffbf22
0000062f
00001abd
00002c73
000062bf
00003215
00002549
000051d9
000025d3
000040ae
ffffec9a
fffffe07
ffffe686
fffff4b2
ffffe3e0
ffffd3bd
ffffe9bc
ffffbcf9
ffffdf6c
ffffd2de
fffffa8f
ffffd15d
ffffea75
ffffdf17
fffff3ce
ffffea72
000018fe
ffffd12e
fffff6a5
ffffbe59
ffffeda7
ffffd698
ffffe945
000012b2
00000945
fffff492
00001059
ffffec74
00002fe8
ffffef09
00001d98
ffff9203
ffff883a
ffff80c9
ffff9be1
ffffc077
ffffab3c
ffff97f4
ffffa865
ffff73a2
ffffa376
ffff5579
ffffb301
ffff7c9d
ffff9441
ffff9694
ffff916c
ffff8962
ffff8199
ffffabda
ffffa41c
ffffb1f3
ffff8dac
ffff9856
ffffac3d
ffffc792
ffffa19f
ffff8359
ffffb869
ffff8cf9
ffffaa77
ffffc1cf
ffffe973
ffffe2f7
fffffe58
ffffda26
ffff9324
ffff9847
ffffe4b5
ffffa77b
ffff5740
ffffac81
ffff8c00
ffffc9b7
ffff7f40
ffffb6c7
ffff980c
ffff84a5
ffff753a
ffff7791
ffffa390
ffffc73e
ffff99be
ffffce2b
ffffe246
ffff782d
ffffeb58
ffffee38
ffffe3a9
fffffd7f
ffffe0c4
ffffe6d1
ffffd670
ffffbff6
ffffc850
ffffec1d
00001a01
fffffb52
0000195f
000004b4
000015cf
00002346
0000035d
000012ba
00000694
00003eac
00003954
00002d76
000051ff
000046fb
00006ec7
00006438
0000519f
0000704b
000057ee
000067f1
00004d09
000051fd
00003eca
00003e8c
00002865
0000071f
000026f5
00003646
000032e7
00004868
00004cce
000037ad
000061c4
00006ef5
00005796
000068fc
000060f3
00004d14
00004f4a
00004dc3
00004c69
000001f5
000040f9
ffffeb95
ffffd947
ffffd714
ffffd9c1
ffffc931
ffffbd1b
ffffc80b
ffffc70b
00000d1f
000008cc
0000368e
00000aa3
fffffbae
0000066b
ffffe154
ffffd477
ffffe346
ffffb70a
ffffec13
ffffe226
00000c4d
ffffd1e8
fffffec3
0000017b
fffff4c9
ffffde60
ffffdcd4
ffffe704
fffff79d
ffffe72f
000000d2
fffff5e4
fffffc1b
ffffd337
ffffeb11
ffffe78c
fffff629
00001a24
fffff498
fffffabe
ffffeead
00001138
00002da6
00004995
00001f35
00003b71
00005ce5
0000948d
00005cde
000095fc
0000944a
0000a764
0000b289
0000b246
0000850d
0000b03a
0000bf8e
00009bba
0000b656
0000b768
0000b1a5
00009bb1
00006f38
000097cd
00007ed9
00006361
000076fb
0000754c
00007064
00003408
00001b8e
000012ef
0000019e
ffffe2d5
00000d39
00000d1a
fffff4bc
00000d06
ffffebc2
ffffef7d
ffffe5b3
ffffe65a
ffffe203
fffff6fc
ffffcc73
ffffe623
ffffe5ee
ffffe6bc
ffffbf78
ffffe06d
ffffe60a
ffffdbbb
ffffa33a
ffffc8e0
ffffb94c
ffffebba
ffffbc75
000001b5
ffffd73a
ffffd732
ffffc249
ffffc405
ffffc80f
fffffeaa
ffffe4d9
fffff0c5
fffff085
ffffd921
000005d7
ffffe48c
ffffba6e
00003420
ffffd817
00001217
00006657
0000d32b
000081ca
0000fd43
0000a570
0000da6c
0000d460
0000d666
0000c211
00008d50
0000b7e4
0000b783
0000451d
00008961
00002495
000024c4
00001259
0000269a
00000ea4
0000031f
00001342
fffff4d3
0000067d
00001845
0000148c
00000976
0000016d
0000044b
00000a3e
00001d91
fffff7e0
00000e7b
fffff856
000012ec
000020df
00000812
00000dab
00000923
0000192d
0000119c
0000030f
00001630
000025e3
00000c65
000018db
fffff360
00001278
00001a22
00001a2d
000017ec
000028a5
0000258f
000017a7
000016bb
00001861
0000207d
000022f9
0000050c
00001a70
000007ef
00002de5
0000148c
00003d7a
000022df
00004672
000020cf
0000432e
00000d68
00001b91
000013ef
000033c8
00001ca8
0000103a
ffffcf55
00001bdc
000010cb
0000259e
00000ff2
00003590
000042f7
000033b4
00005e21
000023f2
0000373d
00002f69
000048eb
0000185c
000036dd
fffff3d2
00000350
00000417
fffffe77
000014df
0000137d
00001285
000021fb
000003ab
00001691
ffffc722
ffffb0a6
ffffcc8a
ffffcf9e
ffffc901
ffffcc92
ffffcdde
ffffd979
ffffbdea
ffffdc73
ffffb3fa
fffff89d
ffffbefb
fffff6a2
ffffb594
ffffce64
ffffbe08
ffffb812
ffffc271
ffffe006
ffffcab4
ffffd608
ffffd488
ffff9aaa
ffffeeed
ffffd5f6
ffffcdc1
ffffd239
ffffc16d
ffffc27b
ffffc103
ffffcc1d
ffffc0bd
ffffcc7e
ffff9b1b
fffff040
ffffecdc
ffffcae4
ffffdbb4
ffffc229
000001fe
00002e68
00000604
000012ff
00001b39
00001e07
0000123c
0000170b
00001c05
00002613
fffffd6c
000018ac
00003112
00002fc7
00002087
00001a5d
000025f8
00003361
00002b8b
00001bcb
0000257d
00000f60
000010ab
fffff8fc
fffff6e7
00000be4
000003fe
fffff5f7
000007d1
000005d1
00000cfe
fffffae2
0000168c
00001455
00002136
00002375
00002e32
00003098
0000360e
00004cff
00004f6b
000059c4
000050b3
0000485a
00004d70
00004ace
00005192
000045c7
00003c6c
000049b7
00002c11
0000383e
00003c66
0000353a
000035fb
00004124
00002fa3
00003105
00003455
000029bd
00002464
000039fd
00003770
0000165a
000035c8
00000ee7
000004f5
fffffcc9
ffffdb89
ffffd6ae
ffffe73e
ffffe0d8
fffff1cf
ffffff0b
ffffed65
ffffe5f4
0000219e
000011ab
0000166c
000001ea
fffffd6e
fffff069
fffffaa3
00000bd1
00000142
00000f46
000007bc
00000e23
ffffcee7
ffffa46a
ffffc07b
ffffbd3d
ffffc529
ffffb031
ffffbc34
ffffdc20
ffffd459
ffffe09a
ffffccb9
ffffedfb
ffffdeb0
fffff35f
ffffdd9c
ffffbe81
ffffc9ba
ffffb15d
ffffbb05
ffffd148
ffffce06
ffffbf96
ffffba69
ffff8823
ffffea32
fffff22f
ffffc1b9
ffffa1d8
ffffb34a
ffff9b45
ffffa0c2
ffffbfad
ffffaebf
ffff83cd
ffff9a9a
ffff9f25
ffff8cbf
ffffa139
ffff804e
ffff81eb
ffff9997
ffffa0f6
ffffb991
ffffadd1
ffffad64
ffff8e5c
ffff9c99
ffff970f
ffff928f
ffffbf3f
ffff8db6
ffffc24e
ffffdd61
ffffede4
ffffd718
0000054d
00002399
0000024e
ffffe8ec
fffff016
00000296
fffff0ab
00000cc1
ffffe83e
ffffe9ca
fffff358
ffffee07
ffffefa2
fffffa29
fffff63c
000006aa
ffffe937
ffffe92c
00000333
00001087
000041b7
00001fe4
ffffece2
0000190c
ffffe6b3
000009f5
ffffdade
00000401
ffffe7eb
ffffd9be
ffffd621
ffffc49d
ffffe49a
ffffccdb
ffff95b6
ffffe2b7
ffff8e21
ffffa70c
ffffcd45
ffffd056
ffffd637
ffffb313
ffffc9c2
ffffd4c2
ffffb523
ffff8e37
ffffbe7c
ffff9df7
ffffa389
ffffa0b6
ffff87b9
ffffacf7
ffff7799
ffffc483
ffffa4e1
ffff8b60
ffff85ed
ffff8588
ffff7d6e
ffffc957
ffff8b69
ffffc326
ffffbbc6
ffffd3a4
ffffd176
ffffeffb
ffffd026
fffff67d
fffff733
ffffe2e8
000008e7
fffff76e
fffffddc
0000542b
0000682f
00004d1a
000053df
00004cc4
000047c9
00004c20
00004fd9
00006602
00005cd8
00008bdf
00004b85
0000726e
00005cf9
000069da
00003835
00007de5
0000723b
00006556
0000692b
000044e7
000047ef
00005222
000050a4
0000349e
000042c1
00004a87
00005487
000056c3
00004143
00004861
00004071
00005c06
00006fa2
000072b3
00009b00
0000b374
00008755
00009a74
0000a09a
0000981f
00009215
00006ad6
00007b65
fffff0bf
ffffec47
000005c8
fffff436
00000062
ffffe51d
ffffb639
ffffd544
ffffe433
000001c6
000014f0
fffff870
00000eb7
fffff5ed
fffff554
fffffab0
ffffed2c
fffff449
fffffce4
fffffc63
fffff520
fffff051
ffffe69c
fffff166
fffffa80
fffff1c5
ffffe585
fffff1e7
fffff32e
fffff7bd
fffff359
ffffed15
ffffed49
ffffcc88
ffffddf9
ffffcdf4
ffffe5c3
ffffd3d9
ffffcb63
ffffb640
ffffb754
ffffc4ea
ffffd18a
ffffdd1e
ffffde49
fffff2ad
fffffedb
ffffed8a
fffffb65
fffff82c
00000a58
00001677
0000042a
ffffe250
ffffd947
000001ad
000004d8
0000179d
0000051e
fffffb9d
ffffe9cd
ffffdec1
ffffbbe9
ffffc2d2
ffff8ee6
ffff8833
ffff99d2
ffff97f4
ffff951a
ffff9571
ffffac76
ffff9f6f
ffffd115
ffffc5bf
ffffe6a5
ffffe2a9
ffffe789
ffffd775
ffffe2ab
ffffec05
ffffd6db
fffffe81
ffffe823
000006d8
ffff7cbc
ffff6b4b
ffff6c2c
ffff8922
ffff91c8
ffff8c17
ffff776b
ffff9ec6
ffff7a83
ffffaa2b
ffff755e
ffff9bf1
ffff8cf5
ffff82b4
ffffaa9c
ffff8f03
ffff9b49
ffff935e
ffffa4fa
ffff87cd
ffffaeb3
ffff98f3
ffffa62a
ffffaf22
ffffccd6
ffffce14
ffffcfce
00001471
ffffd2cd
000013c3
00003ee1
0000799d
00005d50
0000918c
000063f8
000056cc
000042cd
00006e9a
00006624
0000436c
00006106
00005537
00005e3e
00002607
0000006b
fffff932
00000fbd
0000034c
000002fc
00001775
ffffe7b7
00000970
00000c33
0000141b
ffffa708
00000273
fffff302
fffff2e8
0000051b
ffffd46c
00000e8a
ffffd080
ffffe80e
ffffe00e
0000196b
000032dc
0000104c
00000a71
00002ef5
00002b71
000015e3
000019a2
00002b23
00002682
0000132f
00002f2c
00003648
fffff3d0
00000b09
fffffc23
00000737
0000141e
00001b52
ffffffff
00000400
ffffdf1c
ffffcee6
ffffe6fd
ffffc7db
ffffc788
00000e58
fffffda0
fffff3a2
000012d7
0000074a
0000463a
0000126f
0000366a
ffffe18a
ffffebd6
fffff824
000026ec
ffffb96d
ffffd3a9
ffffc89a
ffffde87
ffffc1ba
ffffc9eb
ffffb937
ffffb9f1
ffffad67
ffffb760
ffff9cc7
ffffb2dc
ffffd552
ffffc814
ffffb2ab
ffffd519
fffff0be
ffffec31
00001c36
ffffe0c0
00000f2e
0000217a
fffffc8d
00001440
000003ff
0000019b
ffff8999
ffff8d84
ffff93ae
ffffaada
ffff98f9
ffffb15d
ffffa616
ffffa79d
ffff9eed
ffffac42
ffff9051
ffffa7e2
ffff79b7
ffff6a8a
ffff95f8
ffff925b
ffff8938
ffff84bb
ffffad72
ffff7d25
ffff989c
ffff830c
ffffa408
ffffcbc3
ffffb4c5
ffff98c5
ffffa630
00000093
ffffd373
fffffd10
0000134f
fffff804
000006af
000051af
00003e40
0000679f
00006da8
0000526c
00008c11
000073ae
000087dd
00008c8c
0000711c
000062fa
00001f40
00000fca
000024a8
00001460
00001ad9
000027f6
fffff6c7
0000112d
ffffe6df
ffffecca
ffffc123
ffffe6ae
ffffdcb5
ffffe1b1
fffff537
ffffe9d6
ffffe52e
ffffdd3f
ffffc071
ffffe077
ffffc668
ffffcb0c
ffffc59e
ffffc119
ffffcfae
ffffd0a4
ffffce78
ffffdc51
00000279
00000883
00000b7b
000015e2
00002175
ffffe782
00001f6d
000004a7
000017bf
0000121f
0000237d
ffffe9d2
000010bb
ffffdaef
ffffdf80
ffffe91c
ffffc85d
ffffe2f9
fffff3f2
ffffa1f3
ffffe1ac
ffffba45
ffffc7fd
ffffb3f7
ffffe6c2
ffffee54
0000188a
000023db
000005e9
0000063d
ffffdf22
00001304
ffffe381
0000351b
00001ee3
00000ede
ffffde48
ffffd933
ffffd4e0
ffffddef
ffffc5ba
fffff5ab
ffffcb7c
00000b85
0000332b
00001ada
fffff7c2
00001956
000036aa
0000072a
00002879
00000c86
00001e2e
00001def
0000379d
000003d2
00003000
00003905
00002637
00002324
00003845
0000330f
00003076
00002ee8
00002b3c
000021ea
000044e9
00002356
00003443
fffffb53
00001a12
fffff56d
00002d34
00001c87
000002b0
ffffec35
ffffe184
000003bd
0000009c
00000417
00000201
00001a6a
000049d0
0000398a
00003a37
00006577
00007cc5
00006e18
000085aa
0000661c
000067ea
0000764a
00008b21
000092a8
00007d9d
00005c16
00007175
00004754
00003089
0000180f
ffffb4bb
ffffac73
ffffb92a
ffffc3bd
ffffa6c0
ffffa2d0
ffffb876
ffffb383
fffffd20
000002a1
00000cdf
fffff708
0000011d
fffff471
000012fa
00001053
00000651
00001947
fffffa85
000011b3
000020e9
000017b4
00001eab
0000079f
00001835
00001366
00001a9c
000009b6
00002034
00000200
0000353c
00000c7c
00003582
0000399e
00003dc5
000039b6
000061f4
00008341
00006ea9
00007d06
00007650
000063f2
0000736a
0000538f
00005591
0000459a
0000672f
00007f0c
000063fb
00004a7c
00002872
00002450
00001f68
000024b4
00001ef5
0000400c
00005214
000031c0
000040b9
00008d59
00004ab3
00008a2c
0000404c
00009794
0000348a
000041f7
00005bfd
00006fbf
00005abf
00004efc
fffff605
00003837
ffffff42
00001966
ffffef47
ffffff8d
0000025f
00000213
000001c6
00001ef4
0000171d
000019e7
00000979
00000cc3
00001c7a
000003bc
00000105
00000f4d
fffff53d
fffff5cf
fffff7a6
0000008c
00000a11
00000b15
0000254f
000002a8
00001c43
00001b85
000015c0
00000c52
00001844
0000186a
00001787
00000879
00000a5b
00000cd6
000000ab
ffffff93
fffff87c
000002e1
000021fd
00001682
000020a4
000039bc
00004761
000059dc
000056c7
0000536c
00000cd0
000028ce
000043dc
00003dd7
fffff972
ffffee0e
ffffe821
ffffef0b
ffffd031
ffffecff
ffffea5c
0000021e
ffffec88
fffff8dc
000001a5
000003a2
ffffe605
00000199
00000343
fffffdd3
00003902
00001c3f
00002c71
00001270
fffffbfa
ffffe863
fffff85a
ffffd7a3
fffff4c0
ffffeafc
000011e6
fffff454
00002b5f
00001755
00002169
00000b00
00002a8b
00002e47
0000425a
00001a2d
000028c1
00000c42
00001f86
00002008
00002831
000030d7
00001d0b
00003892
00002b1c
00002857
0000331b
00002c25
00002d57
ffffff95
00001233
00002333
00004ec2
00003c45
00004cc5
00004f97
00005ab1
000020e0
00007376
000017ae
000033bc
000028ad
00003bee
00002c2c
fffffc08
000018c1
ffffe573
0000220a
00000cae
00001817
ffffed46
fffffaa6
ffffe297
fffff76e
ffffe598
0000107e
ffffeede
00000c9e
00000376
00001c77
0000093a
fffffca3
0000121c
0000125c
000007f2
00000beb
fffffd1a
00002786
00000423
00000808
ffffd617
ffffe006
00000fd2
fffff141
00000d4d
fffff8ad
00001d3e
0000336c
0000500a
00003616
00001840
00001f74
00002f05
00001872
00000683
000014f5
fffffd4e
00000ba4
000015d2
fffff846
00001147
fffff2f5
ffffea63
ffffa874
ffffd369
ffffe42c
00001796
ffffddce
000003ba
ffffe576
000007cc
ffffe851
00002e2a
ffffe590
00001d01
ffffea07
ffffe4a0
fffff3cb
ffffd177
ffffd053
ffffd991
ffffe524
fffff3ba
ffffca4d
ffff9860
ffff91ba
ffff6fac
ffff92b1
ffff5ffe
ffffb3b0
ffff908e
ffffb442
ffffaaf6
ffffd80e
ffffa7fb
ffffbe78
ffffe4c5
ffffcaa2
fffff703
000010ab
ffffe5f5
000041bd
fffffdc4
00001a22
00002f6a
00004eff
0000345c
00002f4c
00004fc4
00004c37
000050ea
00002e9e
00004294
000035c9
00003bea
00002b89
00001cf3
000037a7
00004076
0000691b
0000777d
00004d13
0000604f
000036fb
00004279
00004a98
00002325
00003750
00001a9b
fffffd7a
000008e1
ffffe3d4
0000115f
ffffef54
ffffd7c0
ffffd31a
ffffa735
ffffbcbd
ffffb247
ffffdda8
ffffd4f5
ffffcade
fffff4a7
000031e0
fffff8c1
00001c98
00000e8c
00003fc2
0000722a
00009b73
00009aca
0000bfb8
0000976b
00007503
00007fcf
0000950c
000059b9
00004785
0000261d
00001972
00001bcc
fffffd7f
00001f08
000012f5
000018ae
fffffcd2
00001b51
00000432
00000759
fffff703
ffffe4d0
fffffe7a
ffffd5b1
ffffe2ca
ffffda37
ffffc295
ffffc1cd
fffff2ba
00000204
00003489
000034b3
fffffc11
00000c9a
ffffd0a7
00001dfd
ffffeeac
ffffe3bc
fffff30e
ffffd2cf
ffffed0d
ffffea53
ffffd83e
00000961
ffffdc52
00000a78
fffff76a
fffff10c
00002ad4
0000275e
0000384a
00002ae9
fffff13d
ffff97fe
fffff014
ffffe5d0
fffff319
ffffd815
00000b6d
ffffc83f
fffff6d3
ffffd62f
ffffeb81
00000b46
000024f2
00003d3e
00004047
000058ff
00004015
00001be0
00003674
000023b0
00001e7f
00003714
000005b2
00001959
000014b7
fffff4c1
ffffefcf
00000c33
ffffd8ae
00001705
fffff6fc
ffffd748
ffffe353
ffffcfa2
ffffd705
ffffd978
ffffd7a3
ffffe844
ffffe3bd
fffff2db
fffffb81
000025a1
00004182
00003bfc
000055cc
00005f95
00003b31
00005b53
00005700
000067be
00006036
00005532
00003437
00004924
0000258b
00003f4c
00001cc2
00001cf3
ffffb79b
00000ebe
ffffe115
ffffba94
ffff721b
ffff9bdc
ffff698c
ffffd4e7
ffff7922
ffff7a22
ffff85d8
ffff874d
ffff67d5
ffff9d9d
ffff32f7
ffffb462
ffff66e0
ffffe854
ffffced9
ffffcde6
ffffba03
ffffcdea
ffffd719
ffffdb94
ffffeed9
00002369
fffff6c0
000015ac
00000c1e
00002861
fffffcdc
00000376
00000529
00000b57
00001e06
000026ed
ffffffb3
ffff8943
ffff7c74
ffff9f0d
ffff9a67
ffffa97f
ffff9c59
ffffa2f7
ffffb344
ffffc1f2
ffffb9b2
ffffa238
ffffc711
ffffabb3
ffff6fa5
ffffa78d
ffff8c51
ffffa014
ffff7ff9
ffff9dcd
ffff7040
ffff99c6
ffff6b6a
ffff5f99
ffff6259
ffff8f81
ffff9036
ffff81cf
ffff4b0e
ffff7403
ffff53a8
ffff5981
ffff37f9
ffff36ff
ffff4156
ffff918e
ffff920f
ffff6ddb
ffff6f9f
ffff97f8
ffffc9be
ffffb1d8
ffffbd37
ffffd0f4
ffffa99e
ffff8452
ffff5564
ffff7a1a
ffff6960
ffff6d1d
ffffc1c6
ffff5fba
ffffb3a8
ffffc088
ffffe88a
ffffb3a6
fffff7e2
00001c56
ffffede2
ffffeb22
fffff127
fffffa88
ffffeccd
00000747
fffff9e1
00003164
00005057
00002cb6
00004bb4
00002796
000040c7
00003b29
00001155
00001fcc
0000125f
00003860
00002540
00003111
0000419b
00004566
00004c5b
000052b3
00003539
00003f69
0000452e
00003063
00004592
000058ec
00005ec0
000032b5
000021eb
00000d93
000063f8
0000455a
00007ba2
0000972f
0000ae54
0000b6a1
0000b094
00004832
00004f19
00007403
00007d7a
00006129
ffffee0d
00003619
fffffc69
00000067
ffffe666
00001813
000002f9
0000155f
ffffef65
0000183a
fffff4db
0000535a
ffffe7be
fffff646
ffffe185
00002a67
ffffefa9
ffffb12b
0000007b
ffffdcd2
fffff88f
ffffe265
ffffe7eb
ffffe979
00001103
ffffa419
ffffabdb
ffffc176
ffffb829
ffffc73f
ffffb06f
ffffc04b
ffffbaf2
ffffc470
ffffe033
ffffce09
0000095b
0000098a
ffffe5de
00000a6c
00001a87
00000ed3
0000160f
00002cc5
000020e6
000043d6
00001bdb
000000c6
000011dc
00000951
000016f7
ffffedb8
ffffcb0c
ffffe278
ffffc776
ffffbd95
ffffd26d
ffffd7a3
ffffe972
fffff064
ffffc409
ffffb042
ffffe446
ffffbf4c
ffffa974
ffffc243
ffffd955
000004e2
ffffcb89
00000d2b
fffff52c
ffffde51
ffffd2d4
ffffdc0a
ffffe859
00000cfd
ffffdcf2
00002284
0000035e
ffffdf3a
00001a43
0000185c
00000218
00000e47
fffff916
00001017
ffffed87
00002068
ffffe9c3
ffffcbf3
ffffb34c
ffffee55
ffffd7ce
ffffddad
ffffc890
ffffe4c2
ffffe6d5
ffffcb71
ffffc708
ffffab20
ffffbac6
ffffa666
ffffd11d
ffffa586
ffffc85e
ffffa598
ffffb71d
ffffa9c0
ffffb815
ffffb678
ffffd83a
ffffd45b
ffffb07f
ffffefa2
000003fe
0000071b
00004bd7
0000085e
00004248
000054ce
00006780
000052e2
00002dab
fffff459
fffff287
fffff594
00001c4b
ffffe380
ffffeef4
ffffc10e
fffff56f
ffffc148
ffffe738
ffffd284
ffffca0e
ffffd25b
ffffe74a
ffffccfc
fffffd63
fffffb15
ffffe995
ffffdeb6
fffff4ac
fffffbd9
00000c20
000000e7
0000194b
00000cae
00001194
fffff6a6
00000900
ffffe308
000005f6
ffffdc14
00000be8
ffffdb39
fffff2af
ffffe9a5
ffffe596
ffffee89
ffffe517
ffffcec5
000016c8
00001763
000032c5
00004026
000034dc
00006051
ffffef29
000046af
000032a6
0000428a
0000589e
00003a13
0000085d
0000137e
fffffc30
000005fb
fffffd0f
ffffec3d
00003e41
fffffa44
000015aa
00004020
00008b2e
00008d5d
0000c07e
00007147
000082ac
00009802
00009f5f
000069e3
00005e71
000063ac
000074df
000038ad
00003b35
ffffef3a
fffffd1c
00000e8a
000007d2
000014a9
00001db5
fffff134
00001f40
00003cbb
00003ea9
fffff256
00000f5e
00003656
00000d01
00001ba1
00002052
00002241
00000432
000025bc
fffff76e
ffffebf7
ffffe053
ffffd8b8
ffffdc81
fffff636
ffffe8c1
ffffeaba
fffff8b9
fffff6c5
ffffebef
ffffcb6e
ffffe0e0
ffffc5b0
ffffb49a
ffffb502
ffffc8d7
ffffb929
ffffcd8a
ffffd522
ffffc413
ffffd75c
ffffbc02
ffffb40d
ffffb477
ffffb91c
ffffbf26
ffffd160
ffffbf44
ffffd07d
ffffd14e
ffffd533
ffffbe31
ffffc7d9
ffffcf9e
00004545
ffffa7ba
ffffbe34
ffffdc3a
ffffb312
ffff75a1
ffffc335
ffffa31e
ffffec6a
ffff7e6b
ffffe8d8
ffffc508
ffffaf5a
ffffb579
ffffa571
ffffbe81
ffffc989
ffffea12
fffffee7
fffffb87
00000075
00001fc7
000041aa
00001ac4
00002c57
00003a72
000020d8
00003ccf
00001755
000028f2
00002463
00005cff
00002af4
00004f41
00003bc4
00004e8b
0000629e
000023e2
00004926
00003911
000072e3
000065e2
0000536b
000078c7
000079dc
0000b781
0000a70d
000079e8
0000a0f7
00006bff
00008925
00007724
000063ca
00006b5d
000046d4
000024f9
fffffda9
ffffffc2
00002963
00000956
00000985
00001d92
ffffd9dd
00000262
fffff732
00000db2
00000113
000002d2
000010bd
0000381a
000003a0
fffff7b3
ffffa7b9
fffffad7
ffffb85c
ffffa955
ffffe637
ffffd9b5
ffffe2ca
ffffc679
ffffecff
ffffe562
000018d2
000000f0
00004226
0000094a
fffff595
fffff6fb
ffffdeb4
ffffe604
fffff435
ffffc37e
00000541
fffff044
ffffef6d
fffff83c
ffffef5c
ffffd490
ffffd53e
ffffdbf2
ffffd69a
ffffe54d
ffffe942
fffff11e
00000898
00002a5a
00004249
000022b5
00002e6f
fffff954
0000303a
00004921
00002c65
00003e65
00003857
000012a0
0000056d
ffffed36
00000b71
00001774
000019c6
fffffb7c
000013de
ffffe6f6
00000cd2
0000057a
0000253f
000010a1
0000497e
ffffd473
00000175
0000268d
ffffdce0
ffffacf4
ffffd41b
ffffd61d
fffff7e1
ffffb448
fffff2f0
ffffe2bb
ffffd0a8
ffffcff9
ffffd95f
0000100e
ffffe837
00002835
000058b8
00004235
000014e6
000043a1
00005a74
00002802
0000324d
00002517
000048ea
00001d7a
00004ac4
0000114e
00002eb1
00001ff8
000044ca
0000359d
00002e3c
00002302
00002ba9
000013f6
00002983
0000135d
00003759
00002688
00004dcc
0000163a
00001e38
00003703
00001e19
00003871
0000224a
000011a1
00001c01
00002493
00000a52
0000165d
ffffeb62
00002e90
000037f8
000078f5
00003af1
00008211
00008b3a
0000ca04
0000d71e
0000e370
00009e82
0000cc0d
0000d595
0000e562
000091e5
0000aa90
00008546
0000b1f4
00004d8a
00006e7f
fffff5f1
ffffe07c
fffff427
ffffed5f
fffff87d
000004da
fffff495
ffffe65d
00002166
00002f33
000057d5
00001771
000018f2
0000321b
000021dd
00003520
000025f6
0000366e
00002791
00002c75
fffff224
fffff578
ffffef75
ffffedee
ffffffba
fffff877
fffff009
fffff071
ffffff2f
00000620
ffffe800
0000062d
000002d8
fffff5ec
00000533
0000031d
ffffeb0e
fffff7b1
fffffa9f
ffffebd4
fffff8a5
ffffe377
ffffee41
fffff4ea
ffffe14d
fffff92b
ffffe784
ffffb05c
ffffd94d
ffffadc5
ffff9099
ffff9ba4
ffff8b93
ffffb89e
ffffa915
fffff3a1
ffffd398
ffffb75a
ffffbcd9
fffff8e9
ffffd405
00000b22
ffffdeb6
000026eb
000002cc
000011e1
0000057c
00002f5a
fffffecc
ffffff5c
ffffe4af
fffffff9
0000054f
fffffc30
ffffe561
fffff371
0000131b
ffffec2b
00000114
00001ca4
fffff02f
00003a20
00001c7e
00001639
000004fa
00000cce
00002530
0000145e
0000240f
00002416
00003f9d
00001869
000025c2
00000b51
00001c92
00001061
fffff7d2
00000d23
00001ae3
000041d6
00002d0f
00003f1c
000053d7
000039b0
000047ac
000034c3
00003813
0000476c
00002f2e
00000ce4
00002dde
00005942
00003eba
00005d84
00003205
00002227
00001dda
00002203
ffffe8c1
00004b36
00004107
00001c16
00006386
0000ae1c
000062fe
000076b8
000035a6
00007388
fffff5d4
fffffa13
000021ae
00000c3a
000019f0
00002327
ffffe646
00001226
fffff480
ffffebe0
fffff68b
fffff8a9
0000111f
000005e1
00000c85
0000227e
00000aa1
00002b32
fffffb77
00001000
ffffdbc1
ffffc7f7
ffffc6aa
ffffc14c
ffffc09e
ffffcd4e
ffffbbf2
ffffccd8
ffffac17
ffffc6a3
ffffa197
ffffbc45
ffff9cb1
ffff8f6e
ffffa314
ffff6143
ffff8664
ffff6bbe
ffff7361
ffff6a9b
ffff5eed
ffff75c7
ffff664f
ffff6b54
ffff9a00
ffff79d8
ffffd7bf
00000682
ffffbfb2
ffffff52
00003604
00006e52
00003a95
00005284
00001660
fffffe47
00000261
0000306c
fffff4bc
fffff7a3
fffff26c
0000165f
000019f9
00000e63
00005159
00007a05
00004eac
00007313
00005d22
00006c75
00004f92
0000793d
000032bc
00001e80
ffffddd6
000005b7
00001480
fffff49a
00001660
fffff227
00000abd
fffffc6e
ffffef63
fffffa7b
000014e9
00000566
00000020
0000001b
00001d01
000015d0
ffffff89
000012f8
00000746
000010c3
ffffcdd1
ffffd7cc
ffffe296
ffffbc0d
ffffc61b
ffffc154
ffffd4e4
ffffb690
ffffb7f6
ffffac01
ffffb530
ffffb98e
ffff9709
ffffa72a
ffff9669
ffffa1be
ffffd0b6
ffffc7fd
ffffc158
ffffb17b
ffffe80d
0000091d
00000780
00002640
000004d5
0000481b
0000458d
00002def
00002311
00000cf4
00002757
00005a84
000041e1
00005f45
00005638
000083fe
00006623
00009ff5
0000669b
00006d2f
00003a6c
00006583
000018d8
00004549
ffffe0a5
000003c3
0000158b
00000ca3
00001788
00001375
fffffb59
00003601
00001506
00002935
ffffd955
ffffed05
ffffe765
fffff337
fffffbb1
fffff1b7
fffff299
ffffe753
fffff01c
fffff9ab
00000fb5
00000f18
000016a3
0000122a
0000314b
00002746
00002c72
00002969
0000389d
00002dd4
000032df
00001d5d
00002854
00002bc4
000017c3
00001f9a
000000bd
000016b1
00001658
000006d1
0000198d
00003e0d
00003400
00008417
000077b4
00009cc4
00008600
00007fa9
0000691e
0000960d
00007887
0000ad37
00004603
0000933c
00000cef
00000360
fffffed9
00001827
ffffe948
ffffeb14
ffffe553
ffffef84
00001d66
000027bf
00000183
000002f5
00000209
ffffef32
000006ae
000006d6
000004ec
000005d8
000008ff
0000012c
00000c5b
00001935
ffffe885
00000286
fffffe38
000004e3
000007f5
0000002b
000016f6
000037f8
00002af3
00005959
0000425e
0000480d
00004693
0000116a
00003113
0000146d
000031c4
00001bb0
000002e6
ffffdfce
000011f1
00000f51
000014e6
000002e4
ffffeda6
ffffb44b
ffffe2a5
ffffd0b3
ffffad61
ffff96a1
ffffac70
ffff579b
ffff9faa
ffff82fc
ffff725f
ffff8c60
ffff83f5
ffff6539
ffff9669
ffff595c
ffffb02d
ffff6020
ffff97ee
ffff9871
ffff924d
ffff541c
ffffb070
ffffaeeb
ffff98a7
ffff9dc8
fffff161
ffffc9a7
ffffe08e
fffff3d9
00000db8
ffffd353
ffffd8f4
ffffc47f
ffffdb21
ffffdc2f
ffffe646
ffffdb44
fffffe37
ffffde8b
0000151a
00000d86
fffffa27
fffff7e4
00000181
000000ae
fffff0ac
ffffdd57
ffffe160
ffffeeb9
ffffd118
00000a5f
ffffdb52
00000775
ffffe37a
fffffe10
ffffea43
00000091
fffffd9b
00000a36
fffffa83
ffffd809
fffffe74
ffffe23b
fffff474
00003b65
000012aa
00002308
000047ee
000067f1
00006642
00007c7f
00005fd8
00006cd9
000099d2
000099a0
000048e9
00004c63
000051eb
00008781
00002aef
0000533e
000001a4
000004f4
fffff317
000002f1
ffffed6a
000009cf
fffffa53
0000110d
0000257b
00003940
0000165d
00000678
00000a65
000003e3
00000942
fffffb5b
00000080
ffffdb50
ffffdfc1
fffff23f
ffffc5fb
fffff38f
ffffcee2
ffffe86f
ffffd751
ffffe2e5
ffffeaee
fffff876
ffffdd6b
000005bf
fffff3c7
ffffeabf
fffff378
ffffe26c
fffff490
ffffd4c7
ffffff76
ffffc41f
ffffd639
ffffc737
ffffd034
ffffd3fe
ffffd8d8
ffffd4df
ffffe47c
00000100
ffffed0d
ffffe4a5
fffff8eb
00001293
000032e5
00005277
00003bdb
000015e6
ffffc5b4
fffffed8
00001aab
0000382a
000009c6
00002961
ffffd586
ffffb3dc
ffff7e09
ffffaac4
ffff5bb9
ffff5d30
ffff92a4
ffff8764
ffff848f
ffffab1c
ffffa9c5
ffffc220
ffffcb1d
ffffc7da
00000085
fffffc88
fffff70d
ffffe845
ffffc10b
ffffbbb7
ffffd79c
ffff9a35
ffffeb6f
ffffd5ac
ffffbddc
ffffaeff
ffffbfd4
ffffca95
ffffbef5
ffffc13b
ffffc1f8
ffffb283
ffff912a
ffffb055
ffff9b3a
ffffd708
ffffae6d
ffff97ad
ffffa662
ffffaf4f
ffffa488
ffffa4e8
ffffab26
ffffb57a
ffffc0c1
ffffd4c6
ffffbe2b
ffffdf37
ffffd713
ffffb120
ffffaf08
ffffd4f2
ffffac1e
ffffce9e
ffffef2c
000007cb
ffffddd8
00002f93
00001aba
fffff59f
fffff08b
00000051
0000410d
ffffcb7d
00003c5a
ffffc6c9
fffff305
ffffba64
00000b3d
ffffe2dc
ffffdf06
ffffd564
ffffe978
ffffbd37
ffffea4d
ffffa7ea
fffffe2f
ffffdd89
ffffe358
fffffc85
ffffe35e
fffffd11
ffffe320
ffffef7c
ffffebf9
fffff11b
fffff3e4
00000d21
ffffee83
000009c7
fffff983
000001e1
fffff8d5
fffff840
fffff899
fffff5c8
00000029
00000df2
00000c9b
00000588
0000139b
ffffeab0
fffffa06
00000bd3
fffff5c3
00000b53
fffffb32
ffffe786
fffff95a
fffff633
fffffc7d
00000bbf
fffff010
0000388e
00000ef1
00002e6a
00002009
0000497c
00006675
00009eb8
00007d97
0000945d
00005786
0000a80b
0000abda
0000b885
00007ea2
00007f3a
000068ca
000063c7
000000fc
00002465
ffff8cb4
ffff7c77
ffffa410
ffff9d12
ffffa3af
ffffb583
ffffa938
ffffa59c
ffffee7e
ffffe79a
000024ee
ffffef90
ffffeed2
ffffeda5
ffffeb62
fffffd36
ffffeeb5
fffff2c4
fffff303
fffffffc
fffffa38
0000133c
00002d37
00000e76
00001e9f
00001f7a
000045c9
0000271f
000039a8
00001b82
0000446c
000031a9
000039d4
0000075f
00003f73
000033be
00005524
000058b3
00006074
00003865
00004840
000037c7
000012c5
00001e93
00000cd1
000003f8
00004832
ffffe392
00002e17
0000030d
fffffec2
ffffb7f3
ffffdd26
ffffdc6b
fffff6be
000035ca
00002ac3
fffffb26
fffff7e9
00003c87
fffff9eb
00006681
0000113a
000066c0
ffffd268
ffffe158
ffffda84
0000203f
ffffc447
ffffef63
ffffc274
fffff72b
00001629
00001da6
00001dc8
fffff093
00001133
fffffa8a
fffffef7
00001f38
00000586
00002e79
00001737
00002144
fffff31e
ffffd4e7
fffff2f2
ffffe918
fffff62f
ffffd864
ffffe898
fffff479
fffff874
fffff3f1
ffffbbf8
ffffd386
ffffd23c
00000cd5
ffffdee7
00000500
ffffda1f
fffff560
ffffefb7
00001238
000018eb
00000b9c
0000146d
ffffe87f
00001b48
00003965
00001500
00003a48
0000250e
00002f73
000045c5
00006bba
000046e6
00003aac
ffffe275
00002a51
00002de2
000025b0
00002f45
000023d1
000025c2
0000067d
fffff842
00000557
fffffaf5
0000141e
00001bf6
00001b69
00002eb5
000023c7
fffffff3
00000b94
fffff5d8
fffff1c4
000008b9
00000cf9
0000359c
00000f46
00000e93
00003407
00000e28
0000411a
00001a10
000026ed
ffffe10d
ffffd0e7
00000ad5
ffffe653
00000a38
ffffee85
0000058f
0000211c
00004462
000027d9
00002f53
00000d91
00002da4
fffff558
000033b3
00000fdc
00001bd4
00003142
000029ec
00000e87
00002eb8
fffff792
0000053f
ffffe6ad
ffffef94
00000c20
00002336
ffffe9b4
00001fc2
ffffcf0e
ffffe2fa
ffff93a5
fffff92b
ffffcb7e
00002d33
00001bc3
00000a2c
fffff15f
fffff926
fffff79a
fffffc73
000029f8
00002635
ffffe8eb
ffffadf3
ffffa26a
ffffa81f
ffffaf87
ffff9ed7
fffff5cd
ffffa275
fffff4e3
ffffe7f6
00001109
ffffb669
ffffeaee
fffff7bc
fffff59e
00000eb5
000040e6
00001af0
00007401
00002c42
000047d6
00003fc4
00001601
0000291b
00000377
0000026e
000004d6
fffff5ad
00000fc0
00002faa
00001b11
00002027
00001d22
00003f26
000041aa
00001dea
00001866
00003860
000056c3
00001f51
000047ab
00003109
000043b9
00004221
000009a6
0000384c
00002bf2
00006b4a
0000b3a1
00007cdb
00009a22
0000f1cf
00011f47
000125ac
0000e7ba
0000a341
00006b28
0000c705
000100bb
0000ba0c
00008abc
000095a4
000072a7
000064d5
000046cb
00008423
00009784
000087a1
000082ff
0000afed
00009a3c
0000761a
000088cf
0000787e
00005c94
00002fe3
00002bcd
000019f8
fffffe59
000008d5
fffff3d4
00001a4a
ffffde4d
fffffc29
fffff636
ffffe26f
ffffe73a
ffffda89
ffffee9e
ffffe961
ffffe0c3
ffffe6a9
ffffddda
ffffd162
ffffeddd
fffff64d
fffff73b
ffffebf7
ffffece4
fffff974
fffff954
fffff878
fffff2f9
fffff244
ffffe4d5
ffffeaa1
fffff38d
00000040
00000bd0
000005ab
00001f62
ffffff30
00001319
00001186
00001fe6
00003c2d
00005008
00004a6a
00004980
000051fb
00004745
00003e92
000050c8
00004144
000006cf
000021fb
fffffff4
fffff739
ffffd8dc
ffff8adc
ffff7707
ffff8b19
ffff76bf
ffff9077
ffffa64f
ffffa2ac
ffff9563
00000b9a
ffffec48
00000d3b
00001784
00001720
000016a9
0000061d
ffffffc1
fffff4bf
00000f57
ffffff4e
00000d74
000040cf
00002af3
000021a5
00002efd
00002b32
00001d75
00000de6
0000373c
00004228
0000352b
000056df
00001272
000048ef
00001dc8
00001f3b
00000297
00002a14
00003bcd
000009e2
fffffa21
fffff782
0000041e
00001943
00000c96
000007df
0000493f
00005b02
00002b68
0000532f
00005d80
000061cb
0000323d
00007ddd
000059f9
00009bf5
00009af7
0000b76b
00009308
000077f9
00004846
00008273
0000738a
00005b89
000028dc
ffffa974
ffffa689
ffff9d5a
ffff9e05
ffff9cd9
ffff93ea
ffff6607
ffff9a4d
fffffbf1
00000700
0000131b
fffff961
00001436
000007d0
00000835
fffff807
fffff8a9
00001151
fffff91b
00000e47
ffffad8a
ffff8f77
ffffc396
ffffae50
ffffb801
ffffabc1
ffffbc82
ffffd891
0000004f
ffffeb47
fffffef8
fffffdf8
fffffecf
00001159
00000943
00001f8b
0000161e
00003016
0000351e
000012b2
000033e6
000004e3
000001dc
ffffdd73
00000d9a
00001705
00003190
ffffc154
000028a1
ffffd926
ffffe359
ffffb07e
ffffc5ee
ffffb229
ffffbe71
ffffe7ab
ffffeb70
ffffd20c
ffffa70e
ffff9729
ffffb2b2
ffffeae7
ffffbe7c
ffffe94f
ffffac97
ffffa8dd
ffffa07f
ffffd0a0
ffff88cd
ffffa0b8
ffff7f11
ffffc944
ffffff7b
00000186
ffffcad1
ffffe0be
fffff4b5
ffffd064
fffff601
ffffe162
000003c4
fffffd2b
00001607
ffffeb2b
ffffb6d8
ffffa0ce
ffffd4b2
ffffdb40
ffffcbc5
ffffc1a7
ffffe415
ffffe64a
ffffe12d
ffffd8f3
fffff225
fffff1e1
ffffdc5f
ffffd4bc
fffff78d
fffff228
ffffd7d6
ffffff0d
ffffff51
ffffe1b4
fffffab8
ffffe7e5
fffffb75
ffffec5f
ffffee5b
000011f6
00000fae
00000849
000019b2
000031c1
00001e64
000004f6
00002d1e
0000515b
0000542f
00009ef6
0000ae36
00007402
00003b03
00006ea2
00004684
0000c3e8
00005c56
0000930d
fffff0ec
ffffebaf
ffffecc0
0000031a
ffffd9e4
ffffdd1e
ffff9fbd
ffffd1f7
ffffef92
00000588
000004ce
ffffe9ac
fffff917
fffff341
ffffee17
ffffe2ac
ffffed36
ffffce55
ffffdc1a
ffffcd3d
00000c91
000013d5
000002c3
00001640
00002047
0000102e
0000154b
0000010a
000018f5
00000926
000018c4
000019d7
00000862
fffffc30
fffff452
000009f7
000011c4
ffffe9dc
00000b92
ffffeca7
ffffefba
ffffef9e
ffffd90e
ffffda4d
ffffdaad
ffffe36f
ffffb459
ffffc250
ffffbd5b
ffffa060
ffff93a6
ffff8414
ffff794c
ffffa002
ffffde32
ffffdb45
ffffb846
ffffac97
ffffbe97
ffffff01
ffffdee0
000036c5
00001def
0000341b
00001039
00001784
fffff829
00000965
00000a09
0000214b
ffffe180
00000914
000044ef
0000342c
000019ba
000022be
00003dd9
00001cf8
00001e7d
fffff3b4
0000140d
ffffe8ca
00000db4
ffffed31
