000001a5
000000ee
00000047
000000d2
000000d2
000000d2
000000d2
000000d2
000000d2
000000d2
000000d2
000000d2
000000d2
000000d2
000000d2
000000d2
000000d2
000000d2
000000d2
000000d2
000000d2
000000d2
000000d2
000000d2
000000d2
00000186
00000334
ffffff7a
fffffb3a
fffffac4
fffffc20
fffffde8
ffffff20
fffffef4
0000005e
0000015c
00000058
0000004e
fffffd6c
fffffa8a
fffffacc
0000005e
00000346
0000031a
0000025a
000000d2
000000d2
000000d2
000000d2
000000d2
000000d2
000000d2
000000d2
000000d2
000000d2
000000d2
000000d2
000000d2
000000d2
000000d2
000000d2
000000d2
000001bd
000001d9
ffffff88
ffffff90
0000017b
0000015f
0000015f
0000015f
0000015f
0000015f
0000015f
0000015f
0000015f
0000015f
0000015f
0000015f
0000015f
0000015f
0000015f
0000015f
0000015f
0000015f
0000015f
0000015f
0000015f
0000015f
0000015f
000001e3
00000355
00000303
000002d5
00000317
0000008b
fffffdbf
fffffeb3
ffffff37
ffffffcd
0000012b
00000311
000004db
00000589
000003c1
00000261
00000081
000000b7
ffffffb9
00000157
0000015f
0000015f
0000015f
0000015f
0000015f
0000015f
0000015f
0000015f
0000015f
0000015f
0000015f
0000015f
0000015f
0000015f
0000015f
0000015f
0000015f
000001de
000001e8
fffffed8
fffffea3
ffffff00
fffffeeb
fffffeeb
fffffeeb
fffffeeb
fffffeeb
fffffeeb
fffffeeb
fffffeeb
fffffeeb
fffffeeb
fffffeeb
fffffeeb
fffffeeb
fffffeeb
fffffeeb
fffffeeb
fffffeeb
fffffeeb
fffffeeb
fffffeeb
fffffeeb
fffffeeb
fffffeab
fffffe85
0000013f
00000449
000003af
00000405
000001dd
00000125
00000075
ffffffef
000000f5
000002a9
00000347
00000565
000003ef
0000026b
fffffe5d
fffffcd3
fffffcfd
fffffdbf
fffffeeb
fffffeeb
fffffeeb
fffffeeb
fffffeeb
fffffeeb
fffffeeb
fffffeeb
fffffeeb
fffffeeb
fffffeeb
fffffeeb
fffffeeb
fffffeeb
fffffeeb
fffffeeb
fffffeeb
fffffe03
fffffef5
000002aa
00000284
00000255
000001ad
000001ad
000001ad
000001ad
000001ad
000001ad
000001ad
000001ad
000001ad
000001ad
000001ad
000001ad
000001ad
000001ad
000001ad
000001ad
000001ad
000001ad
000001ad
000001ad
000001ad
000001ad
000000cd
ffffff45
fffffc87
fffffb67
fffffc67
fffffd1d
fffffe63
ffffff49
00000133
00000113
000001fd
ffffffab
0000000f
0000004d
000001f9
00000345
000004dd
0000039b
0000028f
000001f5
000001ad
000001ad
000001ad
000001ad
000001ad
000001ad
000001ad
000001ad
000001ad
000001ad
000001ad
000001ad
000001ad
000001ad
000001ad
000001ad
000001ad
ffffffa7
ffffffef
0000009b
00000096
0000008a
000000f6
000000f6
000000f6
000000f6
000000f6
000000f6
000000f6
000000f6
000000f6
000000f6
000000f6
000000f6
000000f6
000000f6
000000f6
000000f6
000000f6
000000f6
000000f6
000000f6
000000f6
000000f6
0000006c
ffffffb0
fffffbfe
fffff930
fffffbde
fffffd10
fffffe92
ffffff12
0000039c
000003bc
000001d0
00000206
ffffffa6
fffffee6
000000b4
00000604
000007e6
000005ac
000002e0
000000c0
000000f6
000000f6
000000f6
000000f6
000000f6
000000f6
000000f6
000000f6
000000f6
000000f6
000000f6
000000f6
000000f6
000000f6
000000f6
000000f6
000000f6
00000148
ffffffd3
ffffff90
ffffffae
ffffff25
ffffff46
ffffff46
ffffff46
ffffff46
ffffff46
ffffff46
ffffff46
ffffff46
ffffff46
ffffff46
ffffff46
ffffff46
ffffff46
ffffff46
ffffff46
ffffff46
ffffff46
ffffff46
ffffff46
ffffff46
ffffff46
ffffff46
0000001c
fffffd58
fffffebc
fffffde0
fffffcfe
ffffffa0
0000018c
0000020e
00000206
000003b6
00000384
0000055e
000004ae
00000432
000001a0
000004b6
000005c6
000005f2
00000376
ffffffd8
ffffff46
ffffff46
ffffff46
ffffff46
ffffff46
ffffff46
ffffff46
ffffff46
ffffff46
ffffff46
ffffff46
ffffff46
ffffff46
ffffff46
ffffff46
ffffff46
ffffff46
fffffe44
fffffd2e
0000001f
00000009
ffffff9f
ffffff91
ffffff91
ffffff91
ffffff91
ffffff91
ffffff91
ffffff91
ffffff91
ffffff91
ffffff91
ffffff91
ffffff91
ffffff91
ffffff91
ffffff91
ffffff91
ffffff91
ffffff91
ffffff91
ffffff91
ffffff91
ffffff91
ffffff1d
fffffe3b
fffffd63
fffffc1f
fffffbaf
fffffd09
0000008f
00000171
00000099
ffffff57
ffffff71
fffffe31
fffffdb9
fffffd35
fffffec9
ffffff89
00000099
00000163
00000157
00000031
ffffff91
ffffff91
ffffff91
ffffff91
ffffff91
ffffff91
ffffff91
ffffff91
ffffff91
ffffff91
ffffff91
ffffff91
ffffff91
ffffff91
ffffff91
ffffff91
ffffff91
ffffff80
ffffff5b
0000052e
00000493
000001a8
ffffffd0
ffffffd0
ffffffd0
ffffffd0
ffffffd0
ffffffd0
ffffffd0
ffffffd0
ffffffd0
ffffffd0
ffffffd0
ffffffd0
ffffffd0
ffffffd0
ffffffd0
ffffffd0
ffffffd0
ffffffd0
ffffffd0
ffffffd0
ffffffd0
ffffffd0
fffffeea
fffffa6a
fffff834
fffff636
fffff506
fffffb98
ffffff90
000001c6
000001a0
ffffff74
fffffe6c
fffffe26
fffffe70
000000c2
0000025c
0000059a
00000502
000003a6
00000142
ffffffda
ffffffd0
ffffffd0
ffffffd0
ffffffd0
ffffffd0
ffffffd0
ffffffd0
ffffffd0
ffffffd0
ffffffd0
ffffffd0
ffffffd0
ffffffd0
ffffffd0
ffffffd0
ffffffd0
ffffffd0
fffffc08
fffffa99
0000002b
fffffff7
fffffe96
fffffe7f
fffffe7f
fffffe7f
fffffe7f
fffffe7f
fffffe7f
fffffe7f
fffffe7f
fffffe7f
fffffe7f
fffffe7f
fffffe7f
fffffe7f
fffffe7f
fffffe7f
fffffe7f
fffffe7f
fffffe7f
fffffe7f
fffffe7f
fffffe7f
fffffe7f
fffffde9
fffffc1b
fffffc23
fffffb59
0000006d
0000047f
0000042b
00000307
000000e3
00000071
00000029
ffffff17
fffffe57
00000059
0000023d
00000525
0000063f
0000041b
ffffffd7
fffffc93
fffffe7f
fffffe7f
fffffe7f
fffffe7f
fffffe7f
fffffe7f
fffffe7f
fffffe7f
fffffe7f
fffffe7f
fffffe7f
fffffe7f
fffffe7f
fffffe7f
fffffe7f
fffffe7f
fffffe7f
fffffe47
fffffde5
fffffd98
fffffd15
fffffe26
ffffff12
ffffff12
ffffff12
ffffff12
ffffff12
ffffff12
ffffff12
ffffff12
ffffff12
ffffff12
ffffff12
ffffff12
ffffff12
ffffff12
ffffff12
ffffff12
ffffff12
ffffff12
ffffff12
ffffff12
ffffff12
ffffff12
0000001e
000000e8
0000049e
000006b2
00000520
00000206
fffffe6e
fffffd22
fffffd0c
fffffce0
fffffc06
fffffe3e
fffffed2
fffffd50
fffffac4
fffff826
fffff64e
fffff64a
fffff8d0
fffffca4
ffffff12
ffffff12
ffffff12
ffffff12
ffffff12
ffffff12
ffffff12
ffffff12
ffffff12
ffffff12
ffffff12
ffffff12
ffffff12
ffffff12
ffffff12
ffffff12
ffffff12
0000015d
0000010d
0000007f
0000003d
00000062
fffffec9
fffffec9
fffffec9
fffffec9
fffffec9
fffffec9
fffffec9
fffffec9
fffffec9
fffffec9
fffffec9
fffffec9
fffffec9
fffffec9
fffffec9
fffffec9
fffffec9
fffffec9
fffffec9
fffffec9
fffffec9
fffffec9
fffffe8d
fffffe2d
fffffec1
fffffeb9
fffffcb5
fffffde9
ffffffbf
0000002b
000000ed
00000023
000000d7
0000017d
0000027f
00000239
0000025f
0000031b
000001e3
000000d3
000001f3
0000005b
fffffec9
fffffec9
fffffec9
fffffec9
fffffec9
fffffec9
fffffec9
fffffec9
fffffec9
fffffec9
fffffec9
fffffec9
fffffec9
fffffec9
fffffec9
fffffec9
fffffec9
fffffc94
fffffd6a
fffffe0d
fffffda9
fffffebb
0000003b
0000003b
0000003b
0000003b
0000003b
0000003b
0000003b
0000003b
0000003b
0000003b
0000003b
0000003b
0000003b
0000003b
0000003b
0000003b
0000003b
0000003b
0000003b
0000003b
0000003b
0000003b
000002bb
0000044b
00000559
0000064b
000005e1
0000064b
00000485
00000327
00000245
0000041b
000003e7
0000061f
0000062b
000005c1
00000333
0000013f
0000006d
ffffffbb
ffffff01
ffffffa7
0000003b
0000003b
0000003b
0000003b
0000003b
0000003b
0000003b
0000003b
0000003b
0000003b
0000003b
0000003b
0000003b
0000003b
0000003b
0000003b
0000003b
000002a1
00000277
fffffea8
fffffe54
00000008
ffffffdf
ffffffdf
ffffffdf
ffffffdf
ffffffdf
ffffffdf
ffffffdf
ffffffdf
ffffffdf
ffffffdf
ffffffdf
ffffffdf
ffffffdf
ffffffdf
ffffffdf
ffffffdf
ffffffdf
ffffffdf
ffffffdf
ffffffdf
ffffffdf
ffffffdf
fffffffb
000001c7
000002a3
0000021f
00000033
ffffff41
fffffd85
fffffbc7
fffffab5
fffffb6b
fffffc19
fffffd31
fffffe61
fffffdf1
fffffb6f
fffff8d1
fffff9d3
fffffb63
fffffd25
fffffedb
ffffffdf
ffffffdf
ffffffdf
ffffffdf
ffffffdf
ffffffdf
ffffffdf
ffffffdf
ffffffdf
ffffffdf
ffffffdf
ffffffdf
ffffffdf
ffffffdf
ffffffdf
ffffffdf
ffffffdf
0000000a
00000139
fffffe11
fffffe78
ffffff8f
000000e5
000000e5
000000e5
000000e5
000000e5
000000e5
000000e5
000000e5
000000e5
000000e5
000000e5
000000e5
000000e5
000000e5
000000e5
000000e5
000000e5
000000e5
000000e5
000000e5
000000e5
000000e5
000001af
0000047f
00000539
00000223
00000009
fffffedd
fffffd39
fffffb2b
fffffb03
fffffc23
ffffff89
00000079
ffffff11
fffffcbf
fffff983
fffffa93
fffffd83
000000a5
00000275
00000101
000000e5
000000e5
000000e5
000000e5
000000e5
000000e5
000000e5
000000e5
000000e5
000000e5
000000e5
000000e5
000000e5
000000e5
000000e5
000000e5
000000e5
00000256
00000289
00000213
0000023e
00000103
000000d4
000000d4
000000d4
000000d4
000000d4
000000d4
000000d4
000000d4
000000d4
000000d4
000000d4
000000d4
000000d4
000000d4
000000d4
000000d4
000000d4
000000d4
000000d4
000000d4
000000d4
000000d4
00000184
000001e4
000000fe
fffffdea
fffffc6a
fffffb6e
fffff960
fffff918
fffff7c2
fffff6d0
fffff6e4
fffff74c
fffff5ae
fffff4ce
fffff620
fffff83c
fffffa8a
fffffc6c
fffffe70
ffffffe8
000000d4
000000d4
000000d4
000000d4
000000d4
000000d4
000000d4
000000d4
000000d4
000000d4
000000d4
000000d4
000000d4
000000d4
000000d4
000000d4
000000d4
00000077
00000017
000003d9
000002fd
00000031
ffffffad
ffffffad
ffffffad
ffffffad
ffffffad
ffffffad
ffffffad
ffffffad
ffffffad
ffffffad
ffffffad
ffffffad
ffffffad
ffffffad
ffffffad
ffffffad
ffffffad
ffffffad
ffffffad
ffffffad
ffffffad
ffffffad
ffffffeb
fffffd07
fffffbf5
fffffafb
fffffabf
000000bd
0000034d
0000046b
000002a5
000000d1
ffffffdd
ffffffa1
ffffff85
00000101
000001c3
00000417
000005d7
000005c3
00000413
000000d5
ffffffad
ffffffad
ffffffad
ffffffad
ffffffad
ffffffad
ffffffad
ffffffad
ffffffad
ffffffad
ffffffad
ffffffad
ffffffad
ffffffad
ffffffad
ffffffad
ffffffad
fffffe69
fffffc6a
fffffea6
fffffe88
fffffe63
fffffe1d
fffffe1d
fffffe1d
fffffe1d
fffffe1d
fffffe1d
fffffe1d
fffffe1d
fffffe1d
fffffe1d
fffffe1d
fffffe1d
fffffe1d
fffffe1d
fffffe1d
fffffe1d
fffffe1d
fffffe1d
fffffe1d
fffffe1d
fffffe1d
fffffe1d
fffffd97
fffffdf9
fffffe77
fffffda9
fffffef1
000000b7
000002a3
0000044d
000006a1
000007c3
000009b7
0000098d
000006a5
000005c3
00000569
000002e5
00000169
0000018d
00000069
fffffffd
fffffe1d
fffffe1d
fffffe1d
fffffe1d
fffffe1d
fffffe1d
fffffe1d
fffffe1d
fffffe1d
fffffe1d
fffffe1d
fffffe1d
fffffe1d
fffffe1d
fffffe1d
fffffe1d
fffffe1d
fffffea0
fffffecb
000003c4
00000314
00000160
fffffff8
fffffff8
fffffff8
fffffff8
fffffff8
fffffff8
fffffff8
fffffff8
fffffff8
fffffff8
fffffff8
fffffff8
fffffff8
fffffff8
fffffff8
fffffff8
fffffff8
fffffff8
fffffff8
fffffff8
fffffff8
fffffff8
00000024
fffffd6a
fffffa46
fffff86a
fffffacc
fffffd8c
00000092
000001f2
00000372
0000021a
0000012c
fffffeda
ffffff38
000000a0
00000382
00000492
000004aa
000002c8
0000009e
ffffffa4
fffffff8
fffffff8
fffffff8
fffffff8
fffffff8
fffffff8
fffffff8
fffffff8
fffffff8
fffffff8
fffffff8
fffffff8
fffffff8
fffffff8
fffffff8
fffffff8
fffffff8
ffffffdb
fffffde7
ffffff6a
ffffff40
00000054
0000009c
0000009c
0000009c
0000009c
0000009c
0000009c
0000009c
0000009c
0000009c
0000009c
0000009c
0000009c
0000009c
0000009c
0000009c
0000009c
0000009c
0000009c
0000009c
0000009c
0000009c
0000009c
0000010a
0000000e
000000ce
00000260
000000f4
000002e2
00000312
ffffffb6
fffffe14
fffffb32
fffffa34
fffff9ba
fffffa88
fffff96c
fffffb20
fffffb98
fffffb7a
fffffaf4
fffffd18
ffffff5c
0000009c
0000009c
0000009c
0000009c
0000009c
0000009c
0000009c
0000009c
0000009c
0000009c
0000009c
0000009c
0000009c
0000009c
0000009c
0000009c
0000009c
0000004d
00000025
fffffeae
fffffef7
ffffff23
ffffff2e
ffffff2e
ffffff2e
ffffff2e
ffffff2e
ffffff2e
ffffff2e
ffffff2e
ffffff2e
ffffff2e
ffffff2e
ffffff2e
ffffff2e
ffffff2e
ffffff2e
ffffff2e
ffffff2e
ffffff2e
ffffff2e
ffffff2e
ffffff2e
ffffff2e
ffffffda
00000050
00000064
0000007a
000001e2
0000028a
0000030a
000002a4
000001b8
00000258
00000148
00000064
00000052
000000dc
000001fc
000001a4
000001ae
000000c6
00000040
ffffff82
ffffff2e
ffffff2e
ffffff2e
ffffff2e
ffffff2e
ffffff2e
ffffff2e
ffffff2e
ffffff2e
ffffff2e
ffffff2e
ffffff2e
ffffff2e
ffffff2e
ffffff2e
ffffff2e
ffffff2e
000000b9
000000f9
fffffe1b
fffffe28
fffffee2
ffffff16
ffffff16
ffffff16
ffffff16
ffffff16
ffffff16
ffffff16
ffffff16
ffffff16
ffffff16
ffffff16
ffffff16
ffffff16
ffffff16
ffffff16
ffffff16
ffffff16
ffffff16
ffffff16
ffffff16
ffffff16
ffffff16
fffffeba
ffffffcc
0000019a
00000286
000002e8
00000172
fffffff6
ffffff68
fffffe46
fffffdaa
fffffd7a
fffffe38
fffffe42
ffffff12
fffffeea
fffffea8
fffffd9a
fffffda8
fffffd84
fffffdce
ffffff16
ffffff16
ffffff16
ffffff16
ffffff16
ffffff16
ffffff16
ffffff16
ffffff16
ffffff16
ffffff16
ffffff16
ffffff16
ffffff16
ffffff16
ffffff16
ffffff16
00000119
000000cf
fffffdeb
ffffffb5
0000008e
0000000f
0000000f
0000000f
0000000f
0000000f
0000000f
0000000f
0000000f
0000000f
0000000f
0000000f
0000000f
0000000f
0000000f
0000000f
0000000f
0000000f
0000000f
0000000f
0000000f
0000000f
0000000f
000000a1
00000391
0000051f
000005e3
000004d3
00000485
0000035d
000000ad
fffffe0d
fffffe23
fffffee5
ffffff5b
00000153
000003f7
000000bd
fffffd17
fffffbad
fffffc09
fffffe0d
ffffffc3
0000000f
0000000f
0000000f
0000000f
0000000f
0000000f
0000000f
0000000f
0000000f
0000000f
0000000f
0000000f
0000000f
0000000f
0000000f
0000000f
0000000f
00000089
00000175
fffffebd
fffffe86
fffffee8
fffffef2
fffffef2
fffffef2
fffffef2
fffffef2
fffffef2
fffffef2
fffffef2
fffffef2
fffffef2
fffffef2
fffffef2
fffffef2
fffffef2
fffffef2
fffffef2
fffffef2
fffffef2
fffffef2
fffffef2
fffffef2
fffffef2
fffffe74
fffffe0a
fffffeb0
0000033a
00000556
000004ea
000002c4
00000152
0000004e
ffffffc2
00000054
00000262
00000394
00000556
0000069c
00000556
000001ae
fffffd88
fffffcc4
fffffe3a
fffffef2
fffffef2
fffffef2
fffffef2
fffffef2
fffffef2
fffffef2
fffffef2
fffffef2
fffffef2
fffffef2
fffffef2
fffffef2
fffffef2
fffffef2
fffffef2
fffffef2
fffffdba
fffffe24
000000e3
000000d3
0000003e
ffffffa9
ffffffa9
ffffffa9
ffffffa9
ffffffa9
ffffffa9
ffffffa9
ffffffa9
ffffffa9
ffffffa9
ffffffa9
ffffffa9
ffffffa9
ffffffa9
ffffffa9
ffffffa9
ffffffa9
ffffffa9
ffffffa9
ffffffa9
ffffffa9
ffffffa9
ffffff67
ffffff15
fffffd65
fffffda9
fffffc2f
fffffb8b
fffffb95
fffffb9b
fffffca9
fffffda5
fffffe1d
fffffd81
fffffc1d
fffffb71
fffffbd3
fffffcb1
ffffff35
000000c3
00000019
ffffffe5
ffffffa9
ffffffa9
ffffffa9
ffffffa9
ffffffa9
ffffffa9
ffffffa9
ffffffa9
ffffffa9
ffffffa9
ffffffa9
ffffffa9
ffffffa9
ffffffa9
ffffffa9
ffffffa9
ffffffa9
fffffede
fffffec2
ffffff46
0000025e
000000cc
00000101
00000101
00000101
00000101
00000101
00000101
00000101
00000101
00000101
00000101
00000101
00000101
00000101
00000101
00000101
00000101
00000101
00000101
00000101
00000101
00000101
00000101
000001c3
0000030f
00000369
00000147
00000045
ffffff47
fffffdfd
fffffe49
fffffe5f
ffffff0f
ffffff65
fffffdf7
fffffcd3
fffffd8f
fffffa7b
fffff881
fffff853
fffffc15
ffffff6b
00000079
00000101
00000101
00000101
00000101
00000101
00000101
00000101
00000101
00000101
00000101
00000101
00000101
00000101
00000101
00000101
00000101
00000101
0000014f
000001db
000001b9
000001ce
0000014d
000000df
000000df
000000df
000000df
000000df
000000df
000000df
000000df
000000df
000000df
000000df
000000df
000000df
000000df
000000df
000000df
000000df
000000df
000000df
000000df
000000df
000000df
00000327
000002ad
fffffe37
fffffc0f
fffffb91
fffffc99
fffffded
fffffed5
fffffeb7
fffffefd
fffffe77
fffffefb
fffffc65
fffffa4d
fffffadb
fffffd89
0000022d
000003af
000002cd
00000145
000000df
000000df
000000df
000000df
000000df
000000df
000000df
000000df
000000df
000000df
000000df
000000df
000000df
000000df
000000df
000000df
000000df
000001b5
ffffff4d
00000048
00000007
000000f7
000001a2
000001a2
000001a2
000001a2
000001a2
000001a2
000001a2
000001a2
000001a2
000001a2
000001a2
000001a2
000001a2
000001a2
000001a2
000001a2
000001a2
000001a2
000001a2
000001a2
000001a2
000001a2
000003b8
0000046c
000003ae
000003ca
00000312
fffffe52
fffffbca
fffffc2e
fffffb3e
fffffd4c
fffffe28
fffffebc
ffffffc8
fffffeb0
fffffd4c
fffffa4e
fffffc7c
fffffeb0
fffffdf6
ffffffbe
000001a2
000001a2
000001a2
000001a2
000001a2
000001a2
000001a2
000001a2
000001a2
000001a2
000001a2
000001a2
000001a2
000001a2
000001a2
000001a2
000001a2
000005ad
000004fa
fffffdf2
fffffea0
fffffe1a
ffffff1e
ffffff1e
ffffff1e
ffffff1e
ffffff1e
ffffff1e
ffffff1e
ffffff1e
ffffff1e
ffffff1e
ffffff1e
ffffff1e
ffffff1e
ffffff1e
ffffff1e
ffffff1e
ffffff1e
ffffff1e
ffffff1e
ffffff1e
ffffff1e
ffffff1e
00000022
00000222
000003d8
000005b2
00000654
00000584
000003c4
0000023a
000001ac
000001de
00000208
000001ac
00000164
0000026e
000001d8
0000014e
fffffef2
fffffeb8
fffffe36
fffffec6
ffffff1e
ffffff1e
ffffff1e
ffffff1e
ffffff1e
ffffff1e
ffffff1e
ffffff1e
ffffff1e
ffffff1e
ffffff1e
ffffff1e
ffffff1e
ffffff1e
ffffff1e
ffffff1e
ffffff1e
000000e3
00000234
000002db
000003fd
000002e8
00000167
00000167
00000167
00000167
00000167
00000167
00000167
00000167
00000167
00000167
00000167
00000167
00000167
00000167
00000167
00000167
00000167
00000167
00000167
00000167
00000167
00000167
0000012b
ffffff31
fffffbef
fffffb89
fffffb4d
fffffd9d
ffffffb5
0000011d
00000353
0000040d
000003fd
000000cb
000000b9
ffffff9b
0000031f
0000057b
0000086b
000008d7
00000595
00000261
00000167
00000167
00000167
00000167
00000167
00000167
00000167
00000167
00000167
00000167
00000167
00000167
00000167
00000167
00000167
00000167
00000167
000000e9
00000031
ffffffde
ffffffef
ffffffd0
ffffff8d
ffffff8d
ffffff8d
ffffff8d
ffffff8d
ffffff8d
ffffff8d
ffffff8d
ffffff8d
ffffff8d
ffffff8d
ffffff8d
ffffff8d
ffffff8d
ffffff8d
ffffff8d
ffffff8d
ffffff8d
ffffff8d
ffffff8d
ffffff8d
ffffff8d
fffffec5
ffffff83
ffffff67
fffffde3
fffffe4f
fffffe03
00000019
000000e9
0000004f
000000c3
0000005b
00000087
0000008b
00000175
00000339
0000040b
00000341
000001cb
00000175
000000fb
ffffff8d
ffffff8d
ffffff8d
ffffff8d
ffffff8d
ffffff8d
ffffff8d
ffffff8d
ffffff8d
ffffff8d
ffffff8d
ffffff8d
ffffff8d
ffffff8d
ffffff8d
ffffff8d
ffffff8d
ffffff99
ffffffaf
00000010
00000094
0000008e
000000fd
000000fd
000000fd
000000fd
000000fd
000000fd
000000fd
000000fd
000000fd
000000fd
000000fd
000000fd
000000fd
000000fd
000000fd
000000fd
000000fd
000000fd
000000fd
000000fd
000000fd
000000fd
0000008f
ffffff6b
0000003f
000001ef
00000309
000000f9
ffffffc1
fffffdd7
fffffed3
fffffcc7
fffffbcf
fffffc3d
fffffb63
fffffbf3
fffffcdd
fffffc1f
fffffa23
fffffafd
fffffdad
ffffff65
000000fd
000000fd
000000fd
000000fd
000000fd
000000fd
000000fd
000000fd
000000fd
000000fd
000000fd
000000fd
000000fd
000000fd
000000fd
000000fd
000000fd
00000082
000000dc
00000076
00000230
00000204
00000184
00000184
00000184
00000184
00000184
00000184
00000184
00000184
00000184
00000184
00000184
00000184
00000184
00000184
00000184
00000184
00000184
00000184
00000184
00000184
00000184
00000184
000000d6
ffffff78
00000032
ffffff2a
ffffff50
ffffff58
fffffdec
fffffde6
fffffe08
fffffe9c
fffffe48
fffffe98
fffffe96
0000004c
0000017a
00000234
fffffec2
fffffd9a
ffffff3e
00000136
00000184
00000184
00000184
00000184
00000184
00000184
00000184
00000184
00000184
00000184
00000184
00000184
00000184
00000184
00000184
00000184
00000184
000001ad
000001ec
fffffd73
fffffde6
000000b5
0000010c
0000010c
0000010c
0000010c
0000010c
0000010c
0000010c
0000010c
0000010c
0000010c
0000010c
0000010c
0000010c
0000010c
0000010c
0000010c
0000010c
0000010c
0000010c
0000010c
0000010c
0000010c
00000138
00000404
000006e4
000005f4
000005cc
00000116
fffffffe
fffffd46
fffffd74
fffffe3a
ffffff08
ffffff82
0000009e
0000007e
00000054
fffffebc
ffffff76
fffffebc
ffffffa0
000000f2
0000010c
0000010c
0000010c
0000010c
0000010c
0000010c
0000010c
0000010c
0000010c
0000010c
0000010c
0000010c
0000010c
0000010c
0000010c
0000010c
0000010c
000002db
000003a4
ffffffbb
ffffff93
ffffff89
ffffff8d
ffffff8d
ffffff8d
ffffff8d
ffffff8d
ffffff8d
ffffff8d
ffffff8d
ffffff8d
ffffff8d
ffffff8d
ffffff8d
ffffff8d
ffffff8d
ffffff8d
ffffff8d
ffffff8d
ffffff8d
ffffff8d
ffffff8d
ffffff8d
ffffff8d
fffffef5
fffffec3
fffffecb
fffffdff
fffffe59
fffffe3f
ffffff85
0000002b
ffffff8f
ffffff27
00000045
ffffffa5
ffffff63
0000002b
0000017b
000000f9
00000175
00000197
00000159
00000065
ffffff8d
ffffff8d
ffffff8d
ffffff8d
ffffff8d
ffffff8d
ffffff8d
ffffff8d
ffffff8d
ffffff8d
ffffff8d
ffffff8d
ffffff8d
ffffff8d
ffffff8d
ffffff8d
ffffff8d
ffffffd9
ffffffb0
fffffd10
fffffb71
fffffbd3
fffffc05
fffffc05
fffffc05
fffffc05
fffffc05
fffffc05
fffffc05
fffffc05
fffffc05
fffffc05
fffffc05
fffffc05
fffffc05
fffffc05
fffffc05
fffffc05
fffffc05
fffffc05
fffffc05
fffffc05
fffffc05
fffffc05
fffffd7b
fffffcdd
fffffc79
fffffedb
00000051
000000fd
00000039
000000cd
000002d7
00000381
00000399
000004cb
0000030b
0000003f
fffffe43
fffffe49
fffffde1
fffffd09
fffffc7f
fffffc39
fffffc05
fffffc05
fffffc05
fffffc05
fffffc05
fffffc05
fffffc05
fffffc05
fffffc05
fffffc05
fffffc05
fffffc05
fffffc05
fffffc05
fffffc05
fffffc05
fffffc05
fffffce9
fffffd3e
fffffffd
00000057
000001dc
00000284
00000284
00000284
00000284
00000284
00000284
00000284
00000284
00000284
00000284
00000284
00000284
00000284
00000284
00000284
00000284
00000284
00000284
00000284
00000284
00000284
00000284
000003a8
000002f2
000002a0
00000474
000004dc
0000022a
0000007c
ffffffbc
0000001c
0000011a
ffffff66
ffffff14
ffffff44
000000d6
00000268
0000044e
00000210
00000192
00000144
00000222
00000284
00000284
00000284
00000284
00000284
00000284
00000284
00000284
00000284
00000284
00000284
00000284
00000284
00000284
00000284
00000284
00000284
000003cc
0000038d
00000066
0000008c
0000008f
fffffff6
fffffff6
fffffff6
fffffff6
fffffff6
fffffff6
fffffff6
fffffff6
fffffff6
fffffff6
fffffff6
fffffff6
fffffff6
fffffff6
fffffff6
fffffff6
fffffff6
fffffff6
fffffff6
fffffff6
fffffff6
fffffff6
ffffff34
ffffff76
000002c6
0000010e
ffffff14
00000244
000002ec
00000112
fffffe56
fffffc66
fffffc62
fffffbc8
fffffb00
fffffc0a
fffffd80
00000060
fffffdd8
fffffe78
ffffff3e
ffffff5a
fffffff6
fffffff6
fffffff6
fffffff6
fffffff6
fffffff6
fffffff6
fffffff6
fffffff6
fffffff6
fffffff6
fffffff6
fffffff6
fffffff6
fffffff6
fffffff6
fffffff6
fffffd14
fffffd9d
ffffff57
00000192
000001ea
00000173
00000173
00000173
00000173
00000173
00000173
00000173
00000173
00000173
00000173
00000173
00000173
00000173
00000173
00000173
00000173
00000173
00000173
00000173
00000173
00000173
00000173
fffffec9
fffffe8f
fffffe1f
fffffe2b
fffffedf
fffffe29
fffffef9
0000009f
0000012d
000000f5
000002ad
0000021b
000000fd
000001df
00000323
0000032b
000002db
00000215
0000030b
0000028b
00000173
00000173
00000173
00000173
00000173
00000173
00000173
00000173
00000173
00000173
00000173
00000173
00000173
00000173
00000173
00000173
00000173
ffffff9b
000000c2
00000256
ffffffb0
ffffff33
ffffff90
ffffff90
ffffff90
ffffff90
ffffff90
ffffff90
ffffff90
ffffff90
ffffff90
ffffff90
ffffff90
ffffff90
ffffff90
ffffff90
ffffff90
ffffff90
ffffff90
ffffff90
ffffff90
ffffff90
ffffff90
ffffff90
fffffe8a
fffffe1c
fffffd00
fffffcba
fffffd82
ffffffec
00000104
000000f6
00000044
000000bc
00000122
000002dc
0000038a
0000037c
000003ae
0000043c
0000034c
000000b8
ffffff20
fffffeca
ffffff90
ffffff90
ffffff90
ffffff90
ffffff90
ffffff90
ffffff90
ffffff90
ffffff90
ffffff90
ffffff90
ffffff90
ffffff90
ffffff90
ffffff90
ffffff90
ffffff90
fffffde2
fffffd24
0000006a
0000005f
ffffff3b
ffffff57
ffffff57
ffffff57
ffffff57
ffffff57
ffffff57
ffffff57
ffffff57
ffffff57
ffffff57
ffffff57
ffffff57
ffffff57
ffffff57
ffffff57
ffffff57
ffffff57
ffffff57
ffffff57
ffffff57
ffffff57
ffffff57
fffffe95
fffffe83
fffffedd
fffffe6b
fffffef5
00000189
000002e5
0000023d
000001eb
000001a3
00000187
00000165
00000173
000001e5
000002b5
00000359
00000447
0000030b
000000b7
fffffed9
ffffff57
ffffff57
ffffff57
ffffff57
ffffff57
ffffff57
ffffff57
ffffff57
ffffff57
ffffff57
ffffff57
ffffff57
ffffff57
ffffff57
ffffff57
ffffff57
ffffff57
ffffff5f
ffffff05
0000023e
000001d1
000001a5
0000018d
0000018d
0000018d
0000018d
0000018d
0000018d
0000018d
0000018d
0000018d
0000018d
0000018d
0000018d
0000018d
0000018d
0000018d
0000018d
0000018d
0000018d
0000018d
0000018d
0000018d
0000018d
00000245
000003a3
ffffffb3
fffffd07
fffffda7
ffffff43
fffffeb3
00000013
ffffff51
ffffff71
ffffffb3
fffffea1
ffffffb5
fffffe81
fffffd6f
000001ed
000005c1
000006ff
000004a9
0000028d
0000018d
0000018d
0000018d
0000018d
0000018d
0000018d
0000018d
0000018d
0000018d
0000018d
0000018d
0000018d
0000018d
0000018d
0000018d
0000018d
0000018d
00000253
00000299
fffff939
fffff913
fffffe0c
00000095
00000095
00000095
00000095
00000095
00000095
00000095
00000095
00000095
00000095
00000095
00000095
00000095
00000095
00000095
00000095
00000095
00000095
00000095
00000095
00000095
00000095
000001f5
00000551
0000083b
00000b13
00000a03
00000291
fffffe09
fffffb2f
fffffb6b
fffffecf
000000fd
000001dd
00000205
000001ed
fffffe95
fffffbd9
fffffa83
fffffb1d
fffffcef
ffffff7d
00000095
00000095
00000095
00000095
00000095
00000095
00000095
00000095
00000095
00000095
00000095
00000095
00000095
00000095
00000095
00000095
00000095
0000032a
00000503
ffffffbc
000000e4
00000075
ffffffca
ffffffca
ffffffca
ffffffca
ffffffca
ffffffca
ffffffca
ffffffca
ffffffca
ffffffca
ffffffca
ffffffca
ffffffca
ffffffca
ffffffca
ffffffca
ffffffca
ffffffca
ffffffca
ffffffca
ffffffca
ffffffca
0000005a
ffffff7c
fffffeb4
fffffc84
fffffa4a
fffff88c
fffff6b2
fffff5e2
fffff53c
fffff848
fffff73a
fffff79a
fffff718
fffff62a
fffff562
fffff404
fffff54a
fffff892
fffffd24
ffffffba
ffffffca
ffffffca
ffffffca
ffffffca
ffffffca
ffffffca
ffffffca
ffffffca
ffffffca
ffffffca
ffffffca
ffffffca
ffffffca
ffffffca
ffffffca
ffffffca
ffffffca
ffffffe5
ffffff5c
000000ca
ffffff7f
ffffffd4
000000af
000000af
000000af
000000af
000000af
000000af
000000af
000000af
000000af
000000af
000000af
000000af
000000af
000000af
000000af
000000af
000000af
000000af
000000af
000000af
000000af
000000af
fffffe75
fffffcbb
fffff9e9
fffff89d
fffffe17
fffffc25
00000015
fffffeb3
fffffd67
fffffbe7
fffffabd
fffff79b
fffff6d5
fffff5fd
fffffa9f
000000b1
00000421
00000753
00000537
000001d5
000000af
000000af
000000af
000000af
000000af
000000af
000000af
000000af
000000af
000000af
000000af
000000af
000000af
000000af
000000af
000000af
000000af
ffffff15
ffffff2d
00000493
0000032b
0000022b
0000013e
0000013e
0000013e
0000013e
0000013e
0000013e
0000013e
0000013e
0000013e
0000013e
0000013e
0000013e
0000013e
0000013e
0000013e
0000013e
0000013e
0000013e
0000013e
0000013e
0000013e
0000013e
00000106
fffffd3e
fffffc5e
fffffa32
fffffbba
fffffbec
ffffff4a
000001fa
000001f6
000000d6
ffffff7a
ffffff56
000000cc
000002cc
0000031c
000004e2
000005d4
000003e4
0000014e
00000158
0000013e
0000013e
0000013e
0000013e
0000013e
0000013e
0000013e
0000013e
0000013e
0000013e
0000013e
0000013e
0000013e
0000013e
0000013e
0000013e
0000013e
0000015d
fffffe67
ffffff47
0000016d
00000048
ffffff8b
ffffff8b
ffffff8b
ffffff8b
ffffff8b
ffffff8b
ffffff8b
ffffff8b
ffffff8b
ffffff8b
ffffff8b
ffffff8b
ffffff8b
ffffff8b
ffffff8b
ffffff8b
ffffff8b
ffffff8b
ffffff8b
ffffff8b
ffffff8b
ffffff8b
fffffe1f
fffffd61
fffffca7
fffffda7
00000107
000002bf
00000415
0000061f
000007b5
0000063d
00000601
00000337
00000123
0000007b
0000025b
000002e9
00000201
00000001
ffffffb5
ffffff81
ffffff8b
ffffff8b
ffffff8b
ffffff8b
ffffff8b
ffffff8b
ffffff8b
ffffff8b
ffffff8b
ffffff8b
ffffff8b
ffffff8b
ffffff8b
ffffff8b
ffffff8b
ffffff8b
ffffff8b
ffffff86
00000085
000000c4
00000110
000000ca
ffffff2a
ffffff2a
ffffff2a
ffffff2a
ffffff2a
ffffff2a
ffffff2a
ffffff2a
ffffff2a
ffffff2a
ffffff2a
ffffff2a
ffffff2a
ffffff2a
ffffff2a
ffffff2a
ffffff2a
ffffff2a
ffffff2a
ffffff2a
ffffff2a
ffffff2a
ffffffc6
ffffff74
00000004
ffffff06
fffffc3a
fffffd86
fffffe80
fffffe8e
fffffedc
ffffffaa
ffffff78
ffffff7c
fffffeee
ffffff9e
00000170
000000ea
0000002e
000001e8
000002a6
0000006c
ffffff2a
ffffff2a
ffffff2a
ffffff2a
ffffff2a
ffffff2a
ffffff2a
ffffff2a
ffffff2a
ffffff2a
ffffff2a
ffffff2a
ffffff2a
ffffff2a
ffffff2a
ffffff2a
ffffff2a
ffffff07
fffffeaa
fffffd3c
fffffbd9
fffffdab
ffffff43
ffffff43
ffffff43
ffffff43
ffffff43
ffffff43
ffffff43
ffffff43
ffffff43
ffffff43
ffffff43
ffffff43
ffffff43
ffffff43
ffffff43
ffffff43
ffffff43
ffffff43
ffffff43
ffffff43
ffffff43
ffffff43
fffffef5
fffffea7
000003c5
0000083f
00000727
000003fb
00000371
000002fb
fffffe5d
fffffd85
fffffdb9
0000006d
000002b3
0000050f
00000269
fffffe47
fffffa65
fffff935
fffffb23
fffffe7d
ffffff43
ffffff43
ffffff43
ffffff43
ffffff43
ffffff43
ffffff43
ffffff43
ffffff43
ffffff43
ffffff43
ffffff43
ffffff43
ffffff43
ffffff43
ffffff43
ffffff43
ffffffa4
000000fa
00000044
ffffffd1
00000085
0000013d
0000013d
0000013d
0000013d
0000013d
0000013d
0000013d
0000013d
0000013d
0000013d
0000013d
0000013d
0000013d
0000013d
0000013d
0000013d
0000013d
0000013d
0000013d
0000013d
0000013d
0000013d
00000357
000003d9
0000014b
00000097
000001b5
fffffd5b
fffffb4d
fffffcfb
fffffd3f
00000063
ffffffd9
ffffff81
ffffff37
fffffe4f
fffffd33
fffffbc5
fffffea7
000001f9
00000117
00000119
0000013d
0000013d
0000013d
0000013d
0000013d
0000013d
0000013d
0000013d
0000013d
0000013d
0000013d
0000013d
0000013d
0000013d
0000013d
0000013d
0000013d
000004a2
000004bb
0000002b
fffffee2
ffffff3f
ffffff87
ffffff87
ffffff87
ffffff87
ffffff87
ffffff87
ffffff87
ffffff87
ffffff87
ffffff87
ffffff87
ffffff87
ffffff87
ffffff87
ffffff87
ffffff87
ffffff87
ffffff87
ffffff87
ffffff87
ffffff87
ffffff87
fffffead
ffffff95
ffffffe1
000000cd
0000003b
fffffee9
000000f7
00000287
00000151
00000119
ffffff9b
ffffff2f
ffffff85
fffffeaf
ffffff3d
0000014f
000003f9
000001f3
00000083
00000041
ffffff87
ffffff87
ffffff87
ffffff87
ffffff87
ffffff87
ffffff87
ffffff87
ffffff87
ffffff87
ffffff87
ffffff87
ffffff87
ffffff87
ffffff87
ffffff87
ffffff87
ffffffd2
ffffff72
00000324
0000010e
00000058
fffffeca
fffffeca
fffffeca
fffffeca
fffffeca
fffffeca
fffffeca
fffffeca
fffffeca
fffffeca
fffffeca
fffffeca
fffffeca
fffffeca
fffffeca
fffffeca
fffffeca
fffffeca
fffffeca
fffffeca
fffffeca
fffffeca
ffffffb8
fffffcf8
fffffc24
fffffc38
fffffdd0
ffffff72
000001ea
00000306
00000224
000002ac
0000011e
0000008c
00000054
0000014c
000000c4
0000030e
00000538
00000378
00000060
fffffebc
fffffeca
fffffeca
fffffeca
fffffeca
fffffeca
fffffeca
fffffeca
fffffeca
fffffeca
fffffeca
fffffeca
fffffeca
fffffeca
fffffeca
fffffeca
fffffeca
fffffeca
fffffe73
fffffc1c
000001c9
0000017e
fffffffc
0000004b
0000004b
0000004b
0000004b
0000004b
0000004b
0000004b
0000004b
0000004b
0000004b
0000004b
0000004b
0000004b
0000004b
0000004b
0000004b
0000004b
0000004b
0000004b
0000004b
0000004b
0000004b
00000181
0000006b
fffffdc5
fffffd1d
fffffe43
fffffe7f
ffffff5f
000000a3
000000e1
0000018f
0000026d
00000197
000000bb
0000004f
fffffe59
ffffffdb
000001f7
0000044f
000002d7
00000101
0000004b
0000004b
0000004b
0000004b
0000004b
0000004b
0000004b
0000004b
0000004b
0000004b
0000004b
0000004b
0000004b
0000004b
0000004b
0000004b
0000004b
00000060
fffffeab
000001c2
00000177
0000018e
0000014c
0000014c
0000014c
0000014c
0000014c
0000014c
0000014c
0000014c
0000014c
0000014c
0000014c
0000014c
0000014c
0000014c
0000014c
0000014c
0000014c
0000014c
0000014c
0000014c
0000014c
0000014c
000000c4
0000001e
00000132
00000002
fffffdc6
0000003e
fffffdee
00000020
00000080
ffffffe4
ffffffac
000000b0
000000a6
00000078
ffffff72
00000070
00000070
000001d6
000001b2
0000019a
0000014c
0000014c
0000014c
0000014c
0000014c
0000014c
0000014c
0000014c
0000014c
0000014c
0000014c
0000014c
0000014c
0000014c
0000014c
0000014c
0000014c
00000134
00000060
000003be
000002e8
000000c3
0000000f
0000000f
0000000f
0000000f
0000000f
0000000f
0000000f
0000000f
0000000f
0000000f
0000000f
0000000f
0000000f
0000000f
0000000f
0000000f
0000000f
0000000f
0000000f
0000000f
0000000f
0000000f
ffffff1f
fffffc41
fffff9a9
fffff9bd
ffffff95
0000032d
000004e7
0000059f
000006c7
00000625
00000433
00000157
00000169
0000046d
000007e1
00000a7d
000009cf
000005cd
00000167
00000015
0000000f
0000000f
0000000f
0000000f
0000000f
0000000f
0000000f
0000000f
0000000f
0000000f
0000000f
0000000f
0000000f
0000000f
0000000f
0000000f
0000000f
fffffe34
fffffcf8
00000248
00000216
000001ae
0000020b
0000020b
0000020b
0000020b
0000020b
0000020b
0000020b
0000020b
0000020b
0000020b
0000020b
0000020b
0000020b
0000020b
0000020b
0000020b
0000020b
0000020b
0000020b
0000020b
0000020b
0000020b
00000145
000000f7
00000179
000001cf
00000149
ffffff6b
fffffef1
fffffeb3
fffffedf
fffffecf
fffffe21
ffffff4b
000000a3
0000029f
000003cf
000000c3
fffffef5
fffffee9
00000079
00000191
0000020b
0000020b
0000020b
0000020b
0000020b
0000020b
0000020b
0000020b
0000020b
0000020b
0000020b
0000020b
0000020b
0000020b
0000020b
0000020b
0000020b
00000251
000000db
0000022b
000001a7
fffffffc
ffffff6c
ffffff6c
ffffff6c
ffffff6c
ffffff6c
ffffff6c
ffffff6c
ffffff6c
ffffff6c
ffffff6c
ffffff6c
ffffff6c
ffffff6c
ffffff6c
ffffff6c
ffffff6c
ffffff6c
ffffff6c
ffffff6c
ffffff6c
ffffff6c
ffffff6c
fffffc42
fffffa5c
fffff5e8
fffff4f0
fffff690
fffff908
fffffa80
fffffbe2
fffffc00
fffffb58
fffffaca
fffff79a
fffff83e
fffff8d4
fffffc8c
fffffef2
000002a0
0000028a
0000020c
ffffff88
ffffff6c
ffffff6c
ffffff6c
ffffff6c
ffffff6c
ffffff6c
ffffff6c
ffffff6c
ffffff6c
ffffff6c
ffffff6c
ffffff6c
ffffff6c
ffffff6c
ffffff6c
ffffff6c
ffffff6c
fffffd18
fffffd58
0000021c
0000022f
000001fe
000000e4
000000e4
000000e4
000000e4
000000e4
000000e4
000000e4
000000e4
000000e4
000000e4
000000e4
000000e4
000000e4
000000e4
000000e4
000000e4
000000e4
000000e4
000000e4
000000e4
000000e4
000000e4
000000a2
fffffed0
fffffeb2
fffffd4e
fffffd0e
00000048
000000c6
0000007c
00000050
00000186
000000dc
00000148
00000186
00000134
ffffffde
fffffe12
ffffffbc
0000010a
00000188
0000007a
000000e4
000000e4
000000e4
000000e4
000000e4
000000e4
000000e4
000000e4
000000e4
000000e4
000000e4
000000e4
000000e4
000000e4
000000e4
000000e4
000000e4
000001c3
fffffe9e
fffffaee
fffffbc1
fffffe8c
00000028
00000028
00000028
00000028
00000028
00000028
00000028
00000028
00000028
00000028
00000028
00000028
00000028
00000028
00000028
00000028
00000028
00000028
00000028
00000028
00000028
00000028
000002c6
00000436
000003fe
00000536
00000242
0000006e
fffffed8
fffffc40
fffffca4
00000046
000001ee
000002e0
000000e6
000000fe
fffffce6
fffffbd2
fffffbc6
fffffe9e
00000022
0000001c
00000028
00000028
00000028
00000028
00000028
00000028
00000028
00000028
00000028
00000028
00000028
00000028
00000028
00000028
00000028
00000028
00000028
000000e4
00000388
000001fb
0000027b
00000150
00000111
00000111
00000111
00000111
00000111
00000111
00000111
00000111
00000111
00000111
00000111
00000111
00000111
00000111
00000111
00000111
00000111
00000111
00000111
00000111
00000111
00000111
ffffffcd
fffffedf
ffffff81
fffffeb9
fffffcff
fffffcbb
fffffd3d
fffffe29
fffffec9
fffffe41
ffffff17
fffffff3
ffffff73
ffffff73
fffffecb
fffffeb3
fffffe47
ffffff07
00000025
000000b3
00000111
00000111
00000111
00000111
00000111
00000111
00000111
00000111
00000111
00000111
00000111
00000111
00000111
00000111
00000111
00000111
00000111
ffffff87
ffffff12
0000013b
fffffe93
ffffffdd
00000010
00000010
00000010
00000010
00000010
00000010
00000010
00000010
00000010
00000010
00000010
00000010
00000010
00000010
00000010
00000010
00000010
00000010
00000010
00000010
00000010
00000010
00000012
fffffed0
fffffe22
0000007e
0000031c
000003d8
000002ee
00000266
000000d4
ffffffbc
ffffff4e
00000056
000001c6
00000350
00000536
00000644
000002a4
00000080
fffffe0c
ffffff8a
00000010
00000010
00000010
00000010
00000010
00000010
00000010
00000010
00000010
00000010
00000010
00000010
00000010
00000010
00000010
00000010
00000010
ffffffe6
ffffff25
ffffffd1
00000099
0000010c
00000096
00000096
00000096
00000096
00000096
00000096
00000096
00000096
00000096
00000096
00000096
00000096
00000096
00000096
00000096
00000096
00000096
00000096
00000096
00000096
00000096
00000096
000000e0
fffffe92
fffffe08
fffffb86
fffffbdc
fffffee8
00000094
000001e6
00000350
00000494
0000041a
0000024e
000000d6
00000100
00000162
00000238
000003b6
000003f6
00000186
00000016
00000096
00000096
00000096
00000096
00000096
00000096
00000096
00000096
00000096
00000096
00000096
00000096
00000096
00000096
00000096
00000096
00000096
000000a6
000000b6
ffffff43
fffffde7
fffffdff
fffffedb
fffffedb
fffffedb
fffffedb
fffffedb
fffffedb
fffffedb
fffffedb
fffffedb
fffffedb
fffffedb
fffffedb
fffffedb
fffffedb
fffffedb
fffffedb
fffffedb
fffffedb
fffffedb
fffffedb
fffffedb
fffffedb
ffffff23
fffffe43
00000035
00000395
0000042b
00000239
0000019b
000001b3
00000037
fffffe75
fffffdef
fffffe35
fffffec3
00000003
ffffffc9
fffffea9
fffffcaf
fffffa5f
fffffb69
fffffe61
fffffedb
fffffedb
fffffedb
fffffedb
fffffedb
fffffedb
fffffedb
fffffedb
fffffedb
fffffedb
fffffedb
fffffedb
fffffedb
fffffedb
fffffedb
fffffedb
fffffedb
ffffff59
ffffff74
ffffff98
00000285
00000281
00000199
00000199
00000199
00000199
00000199
00000199
00000199
00000199
00000199
00000199
00000199
00000199
00000199
00000199
00000199
00000199
00000199
00000199
00000199
00000199
00000199
00000199
0000014b
00000355
000001ed
ffffffdf
00000091
ffffff17
fffffe01
fffffe4f
fffffe47
fffffdb5
fffffe5b
fffffcf1
fffffbc7
fffffda5
fffffd2d
fffffdf1
000000ad
fffffff9
ffffff7f
00000089
00000199
00000199
00000199
00000199
00000199
00000199
00000199
00000199
00000199
00000199
00000199
00000199
00000199
00000199
00000199
00000199
00000199
00000350
000002ae
fffffe09
fffffdf2
ffffff3a
ffffff5e
ffffff5e
ffffff5e
ffffff5e
ffffff5e
ffffff5e
ffffff5e
ffffff5e
ffffff5e
ffffff5e
ffffff5e
ffffff5e
ffffff5e
ffffff5e
ffffff5e
ffffff5e
ffffff5e
ffffff5e
ffffff5e
ffffff5e
ffffff5e
ffffff5e
ffffff50
ffffff78
00000112
00000190
00000396
0000031a
000002f6
00000178
ffffffec
0000002e
ffffff92
ffffffb6
0000003a
0000010a
0000019a
00000174
00000140
0000004c
fffffef2
ffffff60
ffffff5e
ffffff5e
ffffff5e
ffffff5e
ffffff5e
ffffff5e
ffffff5e
ffffff5e
ffffff5e
ffffff5e
ffffff5e
ffffff5e
ffffff5e
ffffff5e
ffffff5e
ffffff5e
ffffff5e
ffffff33
fffffeb6
00000257
ffffff7b
000000a6
000000fc
000000fc
000000fc
000000fc
000000fc
000000fc
000000fc
000000fc
000000fc
000000fc
000000fc
000000fc
000000fc
000000fc
000000fc
000000fc
000000fc
000000fc
000000fc
000000fc
000000fc
000000fc
000001dc
fffffd20
fffffcf2
00000050
fffffd52
00000176
000003b6
000002ea
000001dc
000000d6
fffffe70
fffffebc
fffffefa
fffffd82
ffffffec
000002a8
000004f6
00000332
0000006e
000000a6
000000fc
000000fc
000000fc
000000fc
000000fc
000000fc
000000fc
000000fc
000000fc
000000fc
000000fc
000000fc
000000fc
000000fc
000000fc
000000fc
000000fc
ffffff0b
fffffd30
ffffffcc
fffffe23
ffffff49
00000095
00000095
00000095
00000095
00000095
00000095
00000095
00000095
00000095
00000095
00000095
00000095
00000095
00000095
00000095
00000095
00000095
00000095
00000095
00000095
00000095
00000095
00000095
000000b7
00000113
fffffec3
fffffeeb
fffffeb9
fffffccb
fffff9f9
fffff851
fffff729
fffff727
fffff803
fffffa91
fffffb81
fffffab9
fffffc5b
fffffe37
000000e3
0000005f
000000bf
00000095
00000095
00000095
00000095
00000095
00000095
00000095
00000095
00000095
00000095
00000095
00000095
00000095
00000095
00000095
00000095
00000095
0000005e
0000002d
fffffc5c
ffffff64
ffffffba
000000b4
000000b4
000000b4
000000b4
000000b4
000000b4
000000b4
000000b4
000000b4
000000b4
000000b4
000000b4
000000b4
000000b4
000000b4
000000b4
000000b4
000000b4
000000b4
000000b4
000000b4
000000b4
00000190
0000037c
00000308
000001a6
000001d0
fffffdf6
fffffc4a
fffffede
ffffff08
00000022
ffffff46
ffffff74
fffffeac
fffffda8
fffffbb4
fffffb1a
fffffc96
00000020
00000124
000000d2
000000b4
000000b4
000000b4
000000b4
000000b4
000000b4
000000b4
000000b4
000000b4
000000b4
000000b4
000000b4
000000b4
000000b4
000000b4
000000b4
000000b4
0000033c
000004c5
00000125
00000067
00000023
000000af
000000af
000000af
000000af
000000af
000000af
000000af
000000af
000000af
000000af
000000af
000000af
000000af
000000af
000000af
000000af
000000af
000000af
000000af
000000af
000000af
000000af
000000f1
fffffec3
ffffff13
000000c9
00000299
ffffffc7
fffffe49
00000051
fffffd3d
fffff9a5
fffff801
fffff719
fffff6c7
fffff6d1
fffff671
fffff725
fffff85d
fffffbb9
fffffdef
00000099
000000af
000000af
000000af
000000af
000000af
000000af
000000af
000000af
000000af
000000af
000000af
000000af
000000af
000000af
000000af
000000af
000000af
00000037
0000001f
fffffc18
fffffbba
fffffc98
ffffff22
ffffff22
ffffff22
ffffff22
ffffff22
ffffff22
ffffff22
ffffff22
ffffff22
ffffff22
ffffff22
ffffff22
ffffff22
ffffff22
ffffff22
ffffff22
ffffff22
ffffff22
ffffff22
ffffff22
ffffff22
ffffff22
fffffd38
000000b0
000005b4
000007ea
0000084a
00000636
00000354
ffffff16
fffffc96
fffffbc4
fffffd9c
ffffffae
00000022
ffffffaa
fffffdb2
fffff97c
fffff9ce
fffffa2a
fffffbe0
fffffe0e
ffffff22
ffffff22
ffffff22
ffffff22
ffffff22
ffffff22
ffffff22
ffffff22
ffffff22
ffffff22
ffffff22
ffffff22
ffffff22
ffffff22
ffffff22
ffffff22
ffffff22
fffffe9f
000001de
000002a6
00000260
000001a4
00000188
00000188
00000188
00000188
00000188
00000188
00000188
00000188
00000188
00000188
00000188
00000188
00000188
00000188
00000188
00000188
00000188
00000188
00000188
00000188
00000188
00000188
fffffddc
fffffa56
fffffb48
fffffd8e
fffffdfe
00000154
0000024e
0000017a
0000031c
000000d8
000001d6
000000ce
ffffff22
fffffeda
ffffff4c
0000029a
000003be
00000606
00000552
00000268
00000188
00000188
00000188
00000188
00000188
00000188
00000188
00000188
00000188
00000188
00000188
00000188
00000188
00000188
00000188
00000188
00000188
fffffd33
fffffcee
00000179
000002dd
000001c3
0000013c
0000013c
0000013c
0000013c
0000013c
0000013c
0000013c
0000013c
0000013c
0000013c
0000013c
0000013c
0000013c
0000013c
0000013c
0000013c
0000013c
0000013c
0000013c
0000013c
0000013c
0000013c
000000de
ffffff32
00000014
fffffd6c
fffffc7e
fffffcb0
fffffc38
fffffec4
fffffefe
fffffec8
fffffdf4
fffffe00
ffffff9e
0000018c
00000118
0000003e
fffffe76
fffffea6
ffffff98
000000bc
0000013c
0000013c
0000013c
0000013c
0000013c
0000013c
0000013c
0000013c
0000013c
0000013c
0000013c
0000013c
0000013c
0000013c
0000013c
0000013c
0000013c
0000013a
000001a7
00000053
00000071
000000c5
0000006b
0000006b
0000006b
0000006b
0000006b
0000006b
0000006b
0000006b
0000006b
0000006b
0000006b
0000006b
0000006b
0000006b
0000006b
0000006b
0000006b
0000006b
0000006b
0000006b
0000006b
0000006b
00000015
000000b9
00000033
ffffff81
fffffed5
fffffdf7
fffffd89
fffffdf1
fffffeb9
fffffe7b
ffffff01
ffffffe1
ffffffa5
fffffe0b
fffffe15
fffffdef
fffffe69
fffffeb9
ffffff0b
0000000d
0000006b
0000006b
0000006b
0000006b
0000006b
0000006b
0000006b
0000006b
0000006b
0000006b
0000006b
0000006b
0000006b
0000006b
0000006b
0000006b
0000006b
0000001e
fffffffb
00000058
000000f4
fffffe6c
fffffebe
fffffebe
fffffebe
fffffebe
fffffebe
fffffebe
fffffebe
fffffebe
fffffebe
fffffebe
fffffebe
fffffebe
fffffebe
fffffebe
fffffebe
fffffebe
fffffebe
fffffebe
fffffebe
fffffebe
fffffebe
fffffebe
fffffd5e
00000008
000002ca
00000024
fffffdac
000000ce
00000306
00000060
0000005a
00000004
000000e2
0000013a
000001dc
000001c8
000000a2
ffffff0e
ffffff2c
ffffff64
ffffffac
fffffedc
fffffebe
fffffebe
fffffebe
fffffebe
fffffebe
fffffebe
fffffebe
fffffebe
fffffebe
fffffebe
fffffebe
fffffebe
fffffebe
fffffebe
fffffebe
fffffebe
fffffebe
fffffddb
fffffe9d
ffffff66
fffffe57
fffffe7a
fffffee3
fffffee3
fffffee3
fffffee3
fffffee3
fffffee3
fffffee3
fffffee3
fffffee3
fffffee3
fffffee3
fffffee3
fffffee3
fffffee3
fffffee3
fffffee3
fffffee3
fffffee3
fffffee3
fffffee3
fffffee3
fffffee3
fffffe35
fffffdc9
fffffd83
000000ad
000004bd
000004c1
0000017f
000001b7
000001e7
0000016d
00000067
0000010f
000001d3
0000024f
000003db
0000041b
00000131
fffffb67
fffffafd
fffffd8b
fffffee3
fffffee3
fffffee3
fffffee3
fffffee3
fffffee3
fffffee3
fffffee3
fffffee3
fffffee3
fffffee3
fffffee3
fffffee3
fffffee3
fffffee3
fffffee3
fffffee3
fffffee6
fffffddf
00000128
0000008c
0000007f
fffffffa
fffffffa
fffffffa
fffffffa
fffffffa
fffffffa
fffffffa
fffffffa
fffffffa
fffffffa
fffffffa
fffffffa
fffffffa
fffffffa
fffffffa
fffffffa
fffffffa
fffffffa
fffffffa
fffffffa
fffffffa
fffffffa
0000018c
fffffe18
fffffbfa
fffffb5e
fffffac6
fffff924
fffff962
fffffaf8
fffffb10
fffffa0e
fffff8a2
fffff91e
fffff896
fffff778
fffff814
fffffce4
fffffefa
fffffe8c
ffffff98
00000076
fffffffa
fffffffa
fffffffa
fffffffa
fffffffa
fffffffa
fffffffa
fffffffa
fffffffa
fffffffa
fffffffa
fffffffa
fffffffa
fffffffa
fffffffa
fffffffa
fffffffa
0000000e
ffffff4c
fffffa7a
fffffaa3
fffffddc
ffffff47
ffffff47
ffffff47
ffffff47
ffffff47
ffffff47
ffffff47
ffffff47
ffffff47
ffffff47
ffffff47
ffffff47
ffffff47
ffffff47
ffffff47
ffffff47
ffffff47
ffffff47
ffffff47
ffffff47
ffffff47
ffffff47
0000028b
000004bf
0000074f
00000923
00000761
00000187
fffffdd1
fffffe6b
00000007
00000223
00000389
00000383
000001c9
fffffe8d
fffffca5
fffff66b
fffff531
fffff7e3
fffffbcf
fffffdfd
ffffff47
ffffff47
ffffff47
ffffff47
ffffff47
ffffff47
ffffff47
ffffff47
ffffff47
ffffff47
ffffff47
ffffff47
ffffff47
ffffff47
ffffff47
ffffff47
ffffff47
000003f2
00000444
000004f3
00000193
00000171
00000074
00000074
00000074
00000074
00000074
00000074
00000074
00000074
00000074
00000074
00000074
00000074
00000074
00000074
00000074
00000074
00000074
00000074
00000074
00000074
00000074
00000074
fffffe18
fffffc62
fffffbb8
fffffea0
ffffffcc
000002f0
000006f8
00000512
00000200
0000006c
fffffee4
fffffe94
ffffff7c
000001ca
00000650
00000776
00000864
000003ce
0000022e
00000100
00000074
00000074
00000074
00000074
00000074
00000074
00000074
00000074
00000074
00000074
00000074
00000074
00000074
00000074
00000074
00000074
00000074
fffffca9
fffffa6e
ffffff98
ffffffdb
ffffffcb
ffffff9b
ffffff9b
ffffff9b
ffffff9b
ffffff9b
ffffff9b
ffffff9b
ffffff9b
ffffff9b
ffffff9b
ffffff9b
ffffff9b
ffffff9b
ffffff9b
ffffff9b
ffffff9b
ffffff9b
ffffff9b
ffffff9b
ffffff9b
ffffff9b
ffffff9b
ffffff09
ffffff2f
ffffff2d
ffffff5d
fffffe1f
fffffe13
000000f9
ffffffd3
0000007f
ffffffc9
ffffffeb
ffffff0d
ffffff03
000000a1
0000020d
0000024b
00000271
00000239
000001ad
0000000b
ffffff9b
ffffff9b
ffffff9b
ffffff9b
ffffff9b
ffffff9b
ffffff9b
ffffff9b
ffffff9b
ffffff9b
ffffff9b
ffffff9b
ffffff9b
ffffff9b
ffffff9b
ffffff9b
ffffff9b
fffffff7
ffffffd4
00000409
0000038e
ffffff2f
fffffe17
fffffe17
fffffe17
fffffe17
fffffe17
fffffe17
fffffe17
fffffe17
fffffe17
fffffe17
fffffe17
fffffe17
fffffe17
fffffe17
fffffe17
fffffe17
fffffe17
fffffe17
fffffe17
fffffe17
fffffe17
fffffe17
fffffd65
fffffaff
fffffa9d
fffffbd7
fffffd4f
ffffff95
000001d5
000003db
0000030b
000000f9
0000001d
ffffff9b
00000001
0000000b
000000c9
00000345
0000042b
000000a5
fffffe51
fffffdeb
fffffe17
fffffe17
fffffe17
fffffe17
fffffe17
fffffe17
fffffe17
fffffe17
fffffe17
fffffe17
fffffe17
fffffe17
fffffe17
fffffe17
fffffe17
fffffe17
fffffe17
fffffd9b
fffffb9a
ffffffd6
ffffff81
ffffff5d
ffffffef
ffffffef
ffffffef
ffffffef
ffffffef
ffffffef
ffffffef
ffffffef
ffffffef
ffffffef
ffffffef
ffffffef
ffffffef
ffffffef
ffffffef
ffffffef
ffffffef
ffffffef
ffffffef
ffffffef
ffffffef
ffffffef
ffffffc9
fffffff9
00000193
0000040d
00000447
000004a5
00000529
0000041d
0000019b
0000017d
00000157
0000010d
000001e7
000003a3
00000491
000003ad
00000363
0000015f
ffffffa3
ffffffb1
ffffffef
ffffffef
ffffffef
ffffffef
ffffffef
ffffffef
ffffffef
ffffffef
ffffffef
ffffffef
ffffffef
ffffffef
ffffffef
ffffffef
ffffffef
ffffffef
ffffffef
ffffff9e
ffffff95
ffffff3c
000000f0
000000f5
00000081
00000081
00000081
00000081
00000081
00000081
00000081
00000081
00000081
00000081
00000081
00000081
00000081
00000081
00000081
00000081
00000081
00000081
00000081
00000081
00000081
00000081
000000df
000000eb
ffffff71
fffffbb5
fffffaab
fffffcc7
fffffeb3
fffffe03
ffffff35
ffffff5b
000000c5
ffffffc9
fffffe95
fffffe69
fffffd6f
fffffe2f
00000157
000004dd
00000437
000000c1
00000081
00000081
00000081
00000081
00000081
00000081
00000081
00000081
00000081
00000081
00000081
00000081
00000081
00000081
00000081
00000081
00000081
000000a4
000000b2
ffffff9f
0000004c
00000018
0000004f
0000004f
0000004f
0000004f
0000004f
0000004f
0000004f
0000004f
0000004f
0000004f
0000004f
0000004f
0000004f
0000004f
0000004f
0000004f
0000004f
0000004f
0000004f
0000004f
0000004f
0000004f
000001e9
0000034b
000002f5
000003cd
00000423
0000022b
fffffd6b
fffffcf7
fffffd27
ffffff29
fffffed9
ffffff93
ffffffa7
0000018b
0000009d
ffffff2d
fffffd51
fffffc65
fffffd17
ffffff87
0000004f
0000004f
0000004f
0000004f
0000004f
0000004f
0000004f
0000004f
0000004f
0000004f
0000004f
0000004f
0000004f
0000004f
0000004f
0000004f
0000004f
000000df
00000016
fffffdab
ffffffe5
fffffdc5
fffffca3
fffffca3
fffffca3
fffffca3
fffffca3
fffffca3
fffffca3
fffffca3
fffffca3
fffffca3
fffffca3
fffffca3
fffffca3
fffffca3
fffffca3
fffffca3
fffffca3
fffffca3
fffffca3
fffffca3
fffffca3
fffffca3
fffffe19
ffffff47
ffffff35
ffffffb3
fffffdc9
00000073
00000385
00000207
00000553
0000063d
000006a7
0000066f
000004e7
0000052f
000002bd
ffffff1f
fffffe59
0000000d
00000035
fffffe05
fffffca3
fffffca3
fffffca3
fffffca3
fffffca3
fffffca3
fffffca3
fffffca3
fffffca3
fffffca3
fffffca3
fffffca3
fffffca3
fffffca3
fffffca3
fffffca3
fffffca3
fffffd54
fffffdca
00000033
000000f4
0000029b
000001d5
000001d5
000001d5
000001d5
000001d5
000001d5
000001d5
000001d5
000001d5
000001d5
000001d5
000001d5
000001d5
000001d5
000001d5
000001d5
000001d5
000001d5
000001d5
000001d5
000001d5
000001d5
0000027b
000000d5
00000041
0000017b
00000019
ffffff2f
ffffffa3
ffffffbd
000001d1
00000209
00000257
0000023b
000001c3
0000004d
000000e3
000001dd
0000018f
00000153
000001af
00000239
000001d5
000001d5
000001d5
000001d5
000001d5
000001d5
000001d5
000001d5
000001d5
000001d5
000001d5
000001d5
000001d5
000001d5
000001d5
000001d5
000001d5
0000022b
00000264
fffffff0
ffffff4e
0000011d
00000132
00000132
00000132
00000132
00000132
00000132
00000132
00000132
00000132
00000132
00000132
00000132
00000132
00000132
00000132
00000132
00000132
00000132
00000132
00000132
00000132
00000132
000001a4
000002ba
000001a4
00000284
0000013e
fffffbf0
fffffdea
fffffe72
fffffe76
fffffea4
fffffe40
fffffdd6
fffffecc
fffffd8c
fffffba0
fffffa7e
fffffb14
fffffc4e
00000086
0000027a
00000132
00000132
00000132
00000132
00000132
00000132
00000132
00000132
00000132
00000132
00000132
00000132
00000132
00000132
00000132
00000132
00000132
000001d3
00000080
00000063
fffffe5a
fffffeb8
ffffff4f
ffffff4f
ffffff4f
ffffff4f
ffffff4f
ffffff4f
ffffff4f
ffffff4f
ffffff4f
ffffff4f
ffffff4f
ffffff4f
ffffff4f
ffffff4f
ffffff4f
ffffff4f
ffffff4f
ffffff4f
ffffff4f
ffffff4f
ffffff4f
ffffff4f
fffffeab
fffffe97
fffffedb
00000005
ffffffbd
ffffffa9
00000109
0000022d
0000024f
000003b1
0000042d
0000035f
00000183
ffffffb9
000000b3
0000018d
00000209
0000007f
ffffffed
ffffffbf
ffffff4f
ffffff4f
ffffff4f
ffffff4f
ffffff4f
ffffff4f
ffffff4f
ffffff4f
ffffff4f
ffffff4f
ffffff4f
ffffff4f
ffffff4f
ffffff4f
ffffff4f
ffffff4f
ffffff4f
ffffff42
ffffff35
fffffee2
fffffeef
ffffffc0
00000049
00000049
00000049
00000049
00000049
00000049
00000049
00000049
00000049
00000049
00000049
00000049
00000049
00000049
00000049
00000049
00000049
00000049
00000049
00000049
00000049
00000049
000000ed
00000305
000002b1
000001a5
00000083
0000007b
fffffec5
fffffcbd
fffffb15
fffff99d
fffffab7
fffffa77
fffff97b
fffff8e1
fffff875
fffff769
fffff76b
fffff8f7
fffffb2f
fffffecf
00000049
00000049
00000049
00000049
00000049
00000049
00000049
00000049
00000049
00000049
00000049
00000049
00000049
00000049
00000049
00000049
00000049
0000003c
00000013
00000053
00000082
00000049
00000061
00000061
00000061
00000061
00000061
00000061
00000061
00000061
00000061
00000061
00000061
00000061
00000061
00000061
00000061
00000061
00000061
00000061
00000061
00000061
00000061
00000061
0000005d
000000a9
000000ad
0000026d
00000269
00000151
00000031
0000015b
00000013
ffffff87
ffffff27
fffffec3
ffffffd7
ffffff5d
fffffec3
fffffea1
fffffe1f
fffffdc9
fffffeb3
00000001
00000061
00000061
00000061
00000061
00000061
00000061
00000061
00000061
00000061
00000061
00000061
00000061
00000061
00000061
00000061
00000061
00000061
0000004c
00000057
0000022b
0000026a
00000036
00000076
00000076
00000076
00000076
00000076
00000076
00000076
00000076
00000076
00000076
00000076
00000076
00000076
00000076
00000076
00000076
00000076
00000076
00000076
00000076
00000076
00000076
ffffffca
00000112
000001e8
00000188
000001c2
00000530
00000348
00000362
00000296
00000168
00000100
00000020
ffffffcc
00000142
ffffff94
fffffdd2
fffffde4
fffffdf0
fffffe50
ffffff74
00000076
00000076
00000076
00000076
00000076
00000076
00000076
00000076
00000076
00000076
00000076
00000076
00000076
00000076
00000076
00000076
00000076
ffffff15
fffffefe
fffffe0a
00000027
ffffffca
fffffee2
fffffee2
fffffee2
fffffee2
fffffee2
fffffee2
fffffee2
fffffee2
fffffee2
fffffee2
fffffee2
fffffee2
fffffee2
fffffee2
fffffee2
fffffee2
fffffee2
fffffee2
fffffee2
fffffee2
fffffee2
fffffee2
fffffff0
000000ae
00000264
00000028
fffffdd8
fffffb7c
fffff854
fffff9d0
fffffc88
fffffb70
fffffb48
fffffc62
fffffbd8
fffffb16
fffff896
fffff5ee
fffff430
fffff674
fffffad0
fffffede
fffffee2
fffffee2
fffffee2
fffffee2
fffffee2
fffffee2
fffffee2
fffffee2
fffffee2
fffffee2
fffffee2
fffffee2
fffffee2
fffffee2
fffffee2
fffffee2
fffffee2
00000132
00000192
fffffeaa
fffffeb7
fffffee0
fffffee7
fffffee7
fffffee7
fffffee7
fffffee7
fffffee7
fffffee7
fffffee7
fffffee7
fffffee7
fffffee7
fffffee7
fffffee7
fffffee7
fffffee7
fffffee7
fffffee7
fffffee7
fffffee7
fffffee7
fffffee7
fffffee7
fffffee9
00000053
0000018b
00000119
0000012f
00000139
0000016f
00000071
000000cf
000000e3
000000b7
000000ed
000000fd
00000061
00000075
ffffff2d
ffffff2b
ffffff37
fffffecf
fffffed7
fffffee7
fffffee7
fffffee7
fffffee7
fffffee7
fffffee7
fffffee7
fffffee7
fffffee7
fffffee7
fffffee7
fffffee7
fffffee7
fffffee7
fffffee7
fffffee7
fffffee7
0000006c
000000aa
fffffffb
00000015
00000071
0000008f
0000008f
0000008f
0000008f
0000008f
0000008f
0000008f
0000008f
0000008f
0000008f
0000008f
0000008f
0000008f
0000008f
0000008f
0000008f
0000008f
0000008f
0000008f
0000008f
0000008f
0000008f
000000e3
ffffffff
000001e3
00000435
00000579
000004bf
000001b7
ffffff71
ffffff19
fffffeeb
000000f7
00000251
00000451
00000505
00000625
00000669
000003fd
000001b3
ffffffd5
0000000d
0000008f
0000008f
0000008f
0000008f
0000008f
0000008f
0000008f
0000008f
0000008f
0000008f
0000008f
0000008f
0000008f
0000008f
0000008f
0000008f
0000008f
0000008f
00000113
00000006
000000a2
00000003
ffffff98
ffffff98
ffffff98
ffffff98
ffffff98
ffffff98
ffffff98
ffffff98
ffffff98
ffffff98
ffffff98
ffffff98
ffffff98
ffffff98
ffffff98
ffffff98
ffffff98
ffffff98
ffffff98
ffffff98
ffffff98
ffffff98
000001a4
0000029e
00000192
fffffed4
fffffc08
fffff9e0
fffffa36
fffffc8a
fffffbec
fffffc28
fffffd72
fffffde8
fffffe7e
fffffc2a
fffff9ba
fffff9f0
fffffba6
ffffff4a
00000178
000000fa
ffffff98
ffffff98
ffffff98
ffffff98
ffffff98
ffffff98
ffffff98
ffffff98
ffffff98
ffffff98
ffffff98
ffffff98
ffffff98
ffffff98
ffffff98
ffffff98
ffffff98
00000256
0000023f
000001bf
00000227
000002e2
000002e5
000002e5
000002e5
000002e5
000002e5
000002e5
000002e5
000002e5
000002e5
000002e5
000002e5
000002e5
000002e5
000002e5
000002e5
000002e5
000002e5
000002e5
000002e5
000002e5
000002e5
000002e5
00000283
00000241
0000027f
00000193
0000004d
fffffe4b
fffffc17
fffffabd
fffff979
fffff895
fffff919
fffffa09
fffffa3b
fffffa79
fffffbc5
fffffc01
fffffd57
fffffee1
000000d1
00000291
000002e5
000002e5
000002e5
000002e5
000002e5
000002e5
000002e5
000002e5
000002e5
000002e5
000002e5
000002e5
000002e5
000002e5
000002e5
000002e5
000002e5
00000224
0000016f
fffffd4c
fffffd70
fffffdc6
fffffe2f
fffffe2f
fffffe2f
fffffe2f
fffffe2f
fffffe2f
fffffe2f
fffffe2f
fffffe2f
fffffe2f
fffffe2f
fffffe2f
fffffe2f
fffffe2f
fffffe2f
fffffe2f
fffffe2f
fffffe2f
fffffe2f
fffffe2f
fffffe2f
fffffe2f
fffffe85
00000065
0000025f
000002e7
0000032b
00000305
00000355
000001fd
0000024b
0000028d
000002af
000002d5
0000046b
000003e7
00000377
00000115
ffffff55
ffffff15
fffffe6f
fffffdd3
fffffe2f
fffffe2f
fffffe2f
fffffe2f
fffffe2f
fffffe2f
fffffe2f
fffffe2f
fffffe2f
fffffe2f
fffffe2f
fffffe2f
fffffe2f
fffffe2f
fffffe2f
fffffe2f
fffffe2f
ffffffc3
000000cb
00000427
0000048e
0000018b
000000a9
000000a9
000000a9
000000a9
000000a9
000000a9
000000a9
000000a9
000000a9
000000a9
000000a9
000000a9
000000a9
000000a9
000000a9
000000a9
000000a9
000000a9
000000a9
000000a9
000000a9
000000a9
000001bb
00000089
fffff925
fffff6cd
fffff8c5
fffffd43
fffffee7
00000105
00000305
0000048d
000003b1
00000251
00000075
fffffef5
ffffff7f
0000036b
00000877
0000094b
0000058d
000001bb
000000a9
000000a9
000000a9
000000a9
000000a9
000000a9
000000a9
000000a9
000000a9
000000a9
000000a9
000000a9
000000a9
000000a9
000000a9
000000a9
000000a9
000001a8
00000030
fffffe66
fffffe6d
fffffeb9
ffffff41
ffffff41
ffffff41
ffffff41
ffffff41
ffffff41
ffffff41
ffffff41
ffffff41
ffffff41
ffffff41
ffffff41
ffffff41
ffffff41
ffffff41
ffffff41
ffffff41
ffffff41
ffffff41
ffffff41
ffffff41
ffffff41
ffffff15
ffffff35
00000097
00000127
000000eb
000000c7
ffffffb5
ffffff89
ffffff95
0000006d
0000015b
00000123
00000127
000002db
000003b3
00000163
ffffff43
fffffcfb
fffffda3
fffffedb
ffffff41
ffffff41
ffffff41
ffffff41
ffffff41
ffffff41
ffffff41
ffffff41
ffffff41
ffffff41
ffffff41
ffffff41
ffffff41
ffffff41
ffffff41
ffffff41
ffffff41
0000008f
000000bd
0000015e
00000154
000000ac
ffffff71
ffffff71
ffffff71
ffffff71
ffffff71
ffffff71
ffffff71
ffffff71
ffffff71
ffffff71
ffffff71
ffffff71
ffffff71
ffffff71
ffffff71
ffffff71
ffffff71
ffffff71
ffffff71
ffffff71
ffffff71
ffffff71
fffffedf
fffffe63
fffffd0d
fffffacb
fffffa2b
fffffa83
fffffa27
fffffaa3
fffffaa3
fffffb1d
fffffc89
fffff9f9
fffff9e7
fffff9c1
fffff9a1
fffffb0b
fffffcbd
ffffff43
00000055
00000003
ffffff71
ffffff71
ffffff71
ffffff71
ffffff71
ffffff71
ffffff71
ffffff71
ffffff71
ffffff71
ffffff71
ffffff71
ffffff71
ffffff71
ffffff71
ffffff71
ffffff71
fffffe68
fffffe06
00000072
00000077
ffffffe0
000000ad
000000ad
000000ad
000000ad
000000ad
000000ad
000000ad
000000ad
000000ad
000000ad
000000ad
000000ad
000000ad
000000ad
000000ad
000000ad
000000ad
000000ad
000000ad
000000ad
000000ad
000000ad
00000025
fffffb25
fffffa55
fffffc75
fffffc13
fffffd83
fffffd5f
fffffe2f
fffffec7
fffffe8f
fffffdef
fffffdd1
fffffc05
fffffcc7
fffffca1
0000014b
000000f7
0000019b
000001ed
000001c5
000000ad
000000ad
000000ad
000000ad
000000ad
000000ad
000000ad
000000ad
000000ad
000000ad
000000ad
000000ad
000000ad
000000ad
000000ad
000000ad
000000ad
fffffe7c
fffffea5
ffffffdf
ffffff45
ffffffe0
ffffff88
ffffff88
ffffff88
ffffff88
ffffff88
ffffff88
ffffff88
ffffff88
ffffff88
ffffff88
ffffff88
ffffff88
ffffff88
ffffff88
ffffff88
ffffff88
ffffff88
ffffff88
ffffff88
ffffff88
ffffff88
ffffff88
00000024
0000008e
00000020
00000018
00000206
000002ce
000003e0
000005b2
0000074e
000007ca
0000079a
0000071a
0000067a
0000066c
00000842
00000892
0000074a
000005b6
000002ac
00000058
ffffff88
ffffff88
ffffff88
ffffff88
ffffff88
ffffff88
ffffff88
ffffff88
ffffff88
ffffff88
ffffff88
ffffff88
ffffff88
ffffff88
ffffff88
ffffff88
ffffff88
ffffffc7
ffffff39
0000067b
00000463
00000179
00000047
00000047
00000047
00000047
00000047
00000047
00000047
00000047
00000047
00000047
00000047
00000047
00000047
00000047
00000047
00000047
00000047
00000047
00000047
00000047
00000047
00000047
ffffff15
ffffff61
fffffbad
fffff9ff
fffffdb1
fffffe39
00000187
0000046b
00000257
000000e5
0000003b
fffffdc5
fffffd3f
fffffcf3
0000015d
00000399
0000046f
000005bf
0000049d
00000199
00000047
00000047
00000047
00000047
00000047
00000047
00000047
00000047
00000047
00000047
00000047
00000047
00000047
00000047
00000047
00000047
00000047
0000014e
fffffd3c
0000008a
000000f8
00000179
000001c3
000001c3
000001c3
000001c3
000001c3
000001c3
000001c3
000001c3
000001c3
000001c3
000001c3
000001c3
000001c3
000001c3
000001c3
000001c3
000001c3
000001c3
000001c3
000001c3
000001c3
000001c3
0000020b
00000095
00000089
00000253
00000203
00000155
0000007f
0000008b
fffffed5
ffffffab
000000cb
00000175
0000015f
000002ed
000005e9
000006d7
000007a7
00000671
00000411
000001fb
000001c3
000001c3
000001c3
000001c3
000001c3
000001c3
000001c3
000001c3
000001c3
000001c3
000001c3
000001c3
000001c3
000001c3
000001c3
000001c3
000001c3
000001c6
00000234
ffffffcc
0000008d
fffffdfc
fffffd94
fffffd94
fffffd94
fffffd94
fffffd94
fffffd94
fffffd94
fffffd94
fffffd94
fffffd94
fffffd94
fffffd94
fffffd94
fffffd94
fffffd94
fffffd94
fffffd94
fffffd94
fffffd94
fffffd94
fffffd94
fffffd94
fffffd98
fffffdd6
fffffef8
fffffe46
ffffff5e
ffffff1a
00000016
ffffff58
00000106
00000110
000001f2
000000c6
fffffeca
fffffd24
fffffcfc
fffffe06
fffffd44
fffffecc
ffffff70
fffffde2
fffffd94
fffffd94
fffffd94
fffffd94
fffffd94
fffffd94
fffffd94
fffffd94
fffffd94
fffffd94
fffffd94
fffffd94
fffffd94
fffffd94
fffffd94
fffffd94
fffffd94
fffffdc6
fffffd7c
fffffd2c
fffffced
fffffd98
fffffdbb
fffffdbb
fffffdbb
fffffdbb
fffffdbb
fffffdbb
fffffdbb
fffffdbb
fffffdbb
fffffdbb
fffffdbb
fffffdbb
fffffdbb
fffffdbb
fffffdbb
fffffdbb
fffffdbb
fffffdbb
fffffdbb
fffffdbb
fffffdbb
fffffdbb
fffffe03
fffffc3d
ffffff91
00000075
000000cf
00000153
00000063
ffffffe9
ffffff8f
fffffeb7
fffffeab
fffffdbf
fffffc7f
fffffcd1
ffffff29
00000079
fffffebd
fffffe41
fffffd51
fffffc1f
fffffdbb
fffffdbb
fffffdbb
fffffdbb
fffffdbb
fffffdbb
fffffdbb
fffffdbb
fffffdbb
fffffdbb
fffffdbb
fffffdbb
fffffdbb
fffffdbb
fffffdbb
fffffdbb
fffffdbb
fffffdb2
fffffdb2
fffffef5
ffffffe9
00000189
000000a0
000000a0
000000a0
000000a0
000000a0
000000a0
000000a0
000000a0
000000a0
000000a0
000000a0
000000a0
000000a0
000000a0
000000a0
000000a0
000000a0
000000a0
000000a0
000000a0
000000a0
000000a0
000001ae
00000270
0000044a
000004c6
0000013c
00000238
00000236
0000014a
00000310
00000562
0000067a
0000088a
000009dc
00000934
00000afa
000008a8
00000702
00000272
0000007a
fffffffa
000000a0
000000a0
000000a0
000000a0
000000a0
000000a0
000000a0
000000a0
000000a0
000000a0
000000a0
000000a0
000000a0
000000a0
000000a0
000000a0
000000a0
000001f1
0000021f
000000df
00000015
fffffcd4
fffffc7b
fffffc7b
fffffc7b
fffffc7b
fffffc7b
fffffc7b
fffffc7b
fffffc7b
fffffc7b
fffffc7b
fffffc7b
fffffc7b
fffffc7b
fffffc7b
fffffc7b
fffffc7b
fffffc7b
fffffc7b
fffffc7b
fffffc7b
fffffc7b
fffffc7b
fffffd4b
fffffe3b
00000029
ffffffb7
ffffffaf
00000083
0000025d
00000259
0000019b
000001a1
000002a1
00000319
00000209
000002bb
fffffe81
fffffc4b
fffffda9
fffffdb3
ffffff37
fffffd01
fffffc7b
fffffc7b
fffffc7b
fffffc7b
fffffc7b
fffffc7b
fffffc7b
fffffc7b
fffffc7b
fffffc7b
fffffc7b
fffffc7b
fffffc7b
fffffc7b
fffffc7b
fffffc7b
fffffc7b
fffffcb2
fffffbd2
ffffff1d
0000001f
000001cd
00000111
00000111
00000111
00000111
00000111
00000111
00000111
00000111
00000111
00000111
00000111
00000111
00000111
00000111
00000111
00000111
00000111
00000111
00000111
00000111
00000111
00000111
00000071
00000203
00000519
0000056b
00000133
ffffff89
fffffe49
fffffd23
fffffddf
fffffd47
fffffc83
fffffdbd
00000009
000001a9
0000019f
fffffea7
fffffe11
fffffe83
00000013
0000013b
00000111
00000111
00000111
00000111
00000111
00000111
00000111
00000111
00000111
00000111
00000111
00000111
00000111
00000111
00000111
00000111
00000111
000001ba
00000311
ffffffd9
ffffffee
0000005a
000000ca
000000ca
000000ca
000000ca
000000ca
000000ca
000000ca
000000ca
000000ca
000000ca
000000ca
000000ca
000000ca
000000ca
000000ca
000000ca
000000ca
000000ca
000000ca
000000ca
000000ca
000000ca
000000ce
00000280
0000036c
00000354
00000326
00000412
00000242
00000204
0000017a
0000020e
000001ac
00000322
000004e6
000005ae
0000051e
00000194
fffffe96
fffffbdc
fffffdda
00000022
000000ca
000000ca
000000ca
000000ca
000000ca
000000ca
000000ca
000000ca
000000ca
000000ca
000000ca
000000ca
000000ca
000000ca
000000ca
000000ca
000000ca
000000d9
00000155
000003a7
00000349
0000029b
0000019d
0000019d
0000019d
0000019d
0000019d
0000019d
0000019d
0000019d
0000019d
0000019d
0000019d
0000019d
0000019d
0000019d
0000019d
0000019d
0000019d
0000019d
0000019d
0000019d
0000019d
0000019d
000001b7
00000363
000001a7
ffffff0d
ffffff21
000000cd
ffffffe7
ffffffb3
00000009
ffffffc1
fffffed1
ffffffa3
0000000d
fffffd69
fffffecb
fffffe35
0000012d
0000010d
0000017b
000001f3
0000019d
0000019d
0000019d
0000019d
0000019d
0000019d
0000019d
0000019d
0000019d
0000019d
0000019d
0000019d
0000019d
0000019d
0000019d
0000019d
0000019d
000001e6
ffffff7d
000002e4
000002b5
ffffff11
fffffe2b
fffffe2b
fffffe2b
fffffe2b
fffffe2b
fffffe2b
fffffe2b
fffffe2b
fffffe2b
fffffe2b
fffffe2b
fffffe2b
fffffe2b
fffffe2b
fffffe2b
fffffe2b
fffffe2b
fffffe2b
fffffe2b
fffffe2b
fffffe2b
fffffe2b
fffffd93
fffffc0f
fffffb59
fffffae3
fffffc43
fffffef3
00000179
0000035b
000002b5
000001e9
0000001d
00000043
ffffff11
000000b3
00000175
00000267
0000032d
00000069
fffffeab
fffffe51
fffffe2b
fffffe2b
fffffe2b
fffffe2b
fffffe2b
fffffe2b
fffffe2b
fffffe2b
fffffe2b
fffffe2b
fffffe2b
fffffe2b
fffffe2b
fffffe2b
fffffe2b
fffffe2b
fffffe2b
fffffda4
fffffc48
ffffff35
ffffff20
ffffff27
fffffeb1
fffffeb1
fffffeb1
fffffeb1
fffffeb1
fffffeb1
fffffeb1
fffffeb1
fffffeb1
fffffeb1
fffffeb1
fffffeb1
fffffeb1
fffffeb1
fffffeb1
fffffeb1
fffffeb1
fffffeb1
fffffeb1
fffffeb1
fffffeb1
fffffeb1
fffffdcf
fffffd09
fffffe41
ffffff39
00000155
00000237
000001bf
0000010d
0000005b
ffffffaf
fffffef3
fffffdfd
fffffdd5
00000069
000002c1
000003f9
00000335
0000000b
fffffead
fffffddd
fffffeb1
fffffeb1
fffffeb1
fffffeb1
fffffeb1
fffffeb1
fffffeb1
fffffeb1
fffffeb1
fffffeb1
fffffeb1
fffffeb1
fffffeb1
fffffeb1
fffffeb1
fffffeb1
fffffeb1
fffffe8b
fffffe6b
fffffcf7
ffffffe7
00000231
00000197
00000197
00000197
00000197
00000197
00000197
00000197
00000197
00000197
00000197
00000197
00000197
00000197
00000197
00000197
00000197
00000197
00000197
00000197
00000197
00000197
00000197
0000034f
00000421
00000619
00000891
00000661
00000491
fffffed1
fffffcd3
ffffffd7
fffffeb7
fffffe47
ffffff41
ffffff3f
ffffff51
fffffe87
fffffdbd
fffffdc9
fffffe59
00000003
000001e1
00000197
00000197
00000197
00000197
00000197
00000197
00000197
00000197
00000197
00000197
00000197
00000197
00000197
00000197
00000197
00000197
00000197
000002c0
00000352
00000392
00000316
000001c9
000000f5
000000f5
000000f5
000000f5
000000f5
000000f5
000000f5
000000f5
000000f5
000000f5
000000f5
000000f5
000000f5
000000f5
000000f5
000000f5
000000f5
000000f5
000000f5
000000f5
000000f5
000000f5
00000045
ffffffd5
ffffff1f
ffffff7f
fffffebb
00000259
0000020d
fffffff5
ffffffdf
00000125
000000cf
0000018b
000000c3
00000219
0000028d
0000026d
0000015d
00000135
00000269
000000d7
000000f5
000000f5
000000f5
000000f5
000000f5
000000f5
000000f5
000000f5
000000f5
000000f5
000000f5
000000f5
000000f5
000000f5
000000f5
000000f5
000000f5
ffffffe3
fffffdbb
fffffd36
fffffdb7
000000a5
00000131
00000131
00000131
00000131
00000131
00000131
00000131
00000131
00000131
00000131
00000131
00000131
00000131
00000131
00000131
00000131
00000131
00000131
00000131
00000131
00000131
00000131
000000b9
00000375
00000659
0000063b
00000527
0000020f
fffffe5b
fffffaa9
fffffbb1
fffffd3d
ffffff0d
000000e7
00000331
000002af
000001e5
fffffe13
fffffc8f
fffffbc5
fffffd37
ffffff8d
00000131
00000131
00000131
00000131
00000131
00000131
00000131
00000131
00000131
00000131
00000131
00000131
00000131
00000131
00000131
00000131
00000131
000001d5
00000312
00000079
0000008e
0000005d
0000007a
0000007a
0000007a
0000007a
0000007a
0000007a
0000007a
0000007a
0000007a
0000007a
0000007a
0000007a
0000007a
0000007a
0000007a
0000007a
0000007a
0000007a
0000007a
0000007a
0000007a
0000007a
ffffff50
ffffff84
ffffff14
ffffff3c
fffffed0
fffffef2
00000046
0000003c
000000ac
ffffff8a
ffffff58
ffffff26
ffffff18
fffffe20
ffffff30
00000060
000000a6
000000ae
0000003a
00000008
0000007a
0000007a
0000007a
0000007a
0000007a
0000007a
0000007a
0000007a
0000007a
0000007a
0000007a
0000007a
0000007a
0000007a
0000007a
0000007a
0000007a
fffffe95
ffffff2d
000005fb
000001d4
0000002f
ffffff15
ffffff15
ffffff15
ffffff15
ffffff15
ffffff15
ffffff15
ffffff15
ffffff15
ffffff15
ffffff15
ffffff15
ffffff15
ffffff15
ffffff15
ffffff15
ffffff15
ffffff15
ffffff15
ffffff15
ffffff15
ffffff15
ffffff45
fffffdf1
fffffae3
fffff923
fffffa27
fffffd4d
0000010b
000000ab
fffffedf
ffffff4f
ffffffc3
ffffff47
00000159
00000385
000005fb
00000a19
00000a2f
0000055b
00000281
00000015
ffffff15
ffffff15
ffffff15
ffffff15
ffffff15
ffffff15
ffffff15
ffffff15
ffffff15
ffffff15
ffffff15
ffffff15
ffffff15
ffffff15
ffffff15
ffffff15
ffffff15
fffffafb
fffff8df
00000084
000002cc
0000024e
00000214
00000214
00000214
00000214
00000214
00000214
00000214
00000214
00000214
00000214
00000214
00000214
00000214
00000214
00000214
00000214
00000214
00000214
00000214
00000214
00000214
00000214
000001e0
000002c8
00000272
000000c8
0000001c
fffffd7a
fffffd1a
fffffe14
fffffc72
fffffc9a
fffffcb4
fffffd02
fffffc90
ffffff2a
fffffdce
ffffff06
ffffff26
ffffff40
000000ca
00000200
00000214
00000214
00000214
00000214
00000214
00000214
00000214
00000214
00000214
00000214
00000214
00000214
00000214
00000214
00000214
00000214
00000214
0000040a
0000022b
00000168
0000003d
ffffffb7
ffffffd5
ffffffd5
ffffffd5
ffffffd5
ffffffd5
ffffffd5
ffffffd5
ffffffd5
ffffffd5
ffffffd5
ffffffd5
ffffffd5
ffffffd5
ffffffd5
ffffffd5
ffffffd5
ffffffd5
ffffffd5
ffffffd5
ffffffd5
ffffffd5
ffffffd5
fffffe45
fffffbd9
fffffc6d
fffffde9
fffffe1f
fffffd33
fffffd11
fffffcb5
fffffcc5
fffffc63
fffffdad
ffffff59
000001a5
00000373
000003b5
00000551
0000032b
000000ed
00000043
000000a5
ffffffd5
ffffffd5
ffffffd5
ffffffd5
ffffffd5
ffffffd5
ffffffd5
ffffffd5
ffffffd5
ffffffd5
ffffffd5
ffffffd5
ffffffd5
ffffffd5
ffffffd5
ffffffd5
ffffffd5
fffffcd7
fffffc09
fffffddc
fffffde6
fffffebb
ffffff00
ffffff00
ffffff00
ffffff00
ffffff00
ffffff00
ffffff00
ffffff00
ffffff00
ffffff00
ffffff00
ffffff00
ffffff00
ffffff00
ffffff00
ffffff00
ffffff00
ffffff00
ffffff00
ffffff00
ffffff00
ffffff00
fffffed2
fffffe52
fffffef0
0000016e
0000005c
00000132
00000266
fffffe96
ffffff08
ffffff32
ffffffd2
00000020
ffffffc6
ffffff32
000000e4
00000098
ffffffb2
fffffdc6
fffffe9e
fffffe90
ffffff00
ffffff00
ffffff00
ffffff00
ffffff00
ffffff00
ffffff00
ffffff00
ffffff00
ffffff00
ffffff00
ffffff00
ffffff00
ffffff00
ffffff00
ffffff00
ffffff00
fffffeaa
fffffe64
00000104
000000cf
0000008c
fffffea4
fffffea4
fffffea4
fffffea4
fffffea4
fffffea4
fffffea4
fffffea4
fffffea4
fffffea4
fffffea4
fffffea4
fffffea4
fffffea4
fffffea4
fffffea4
fffffea4
fffffea4
fffffea4
fffffea4
fffffea4
fffffea4
fffffde0
fffffea6
fffffdd8
fffffd66
fffffd06
fffffb88
fffffb36
fffffb3c
fffffd7a
fffffc60
fffffcc0
fffffb52
fffffa46
fffff990
fffff9c6
fffffa7e
fffffcba
fffffeda
ffffffd0
ffffff52
fffffea4
fffffea4
fffffea4
fffffea4
fffffea4
fffffea4
fffffea4
fffffea4
fffffea4
fffffea4
fffffea4
fffffea4
fffffea4
fffffea4
fffffea4
fffffea4
fffffea4
fffffe30
fffffde5
00000382
00000302
000001cc
00000200
00000200
00000200
00000200
00000200
00000200
00000200
00000200
00000200
00000200
00000200
00000200
00000200
00000200
00000200
00000200
00000200
00000200
00000200
00000200
00000200
00000200
00000258
000000cc
00000114
0000007e
fffffef4
ffffffa4
00000152
00000104
00000266
0000032a
000001d8
00000148
0000009a
0000014e
0000020a
00000504
000004a4
000004d6
000003e0
00000298
00000200
00000200
00000200
00000200
00000200
00000200
00000200
00000200
00000200
00000200
00000200
00000200
00000200
00000200
00000200
00000200
00000200
00000162
fffffe68
000003a0
0000034d
000001e1
0000029c
0000029c
0000029c
0000029c
0000029c
0000029c
0000029c
0000029c
0000029c
0000029c
0000029c
0000029c
0000029c
0000029c
0000029c
0000029c
0000029c
0000029c
0000029c
0000029c
0000029c
0000029c
00000186
00000076
ffffff48
fffffe6a
00000100
0000005c
ffffffd4
00000090
ffffff8c
0000008c
0000012c
0000023c
000002f0
000004e0
00000850
000009dc
00000808
0000075a
000004fa
00000304
0000029c
0000029c
0000029c
0000029c
0000029c
0000029c
0000029c
0000029c
0000029c
0000029c
0000029c
0000029c
0000029c
0000029c
0000029c
0000029c
0000029c
000000b5
ffffffe6
00000238
00000210
0000016a
000000fd
000000fd
000000fd
000000fd
000000fd
000000fd
000000fd
000000fd
000000fd
000000fd
000000fd
000000fd
000000fd
000000fd
000000fd
000000fd
000000fd
000000fd
000000fd
000000fd
000000fd
000000fd
0000000f
ffffffe3
fffffd9d
fffffe4d
fffffd73
fffffe89
ffffff19
ffffff6d
ffffff81
ffffffc3
ffffffb1
ffffffc3
ffffff7f
fffffea7
fffffdff
fffffedd
ffffff0f
ffffffdd
0000007d
000000cb
000000fd
000000fd
000000fd
000000fd
000000fd
000000fd
000000fd
000000fd
000000fd
000000fd
000000fd
000000fd
000000fd
000000fd
000000fd
000000fd
000000fd
fffffec4
fffffe93
00000009
0000007d
00000052
00000090
00000090
00000090
00000090
00000090
00000090
00000090
00000090
00000090
00000090
00000090
00000090
00000090
00000090
00000090
00000090
00000090
00000090
00000090
00000090
00000090
00000090
000000c4
000000bc
000000e4
0000036e
000002a8
0000027e
00000072
ffffff04
ffffff64
fffffefa
ffffffba
ffffffea
0000003a
00000014
fffffee6
fffffe66
fffffdc6
fffffddc
fffffef2
ffffff9a
00000090
00000090
00000090
00000090
00000090
00000090
00000090
00000090
00000090
00000090
00000090
00000090
00000090
00000090
00000090
00000090
00000090
000000b0
00000072
00000155
000002e3
00000396
000002a5
000002a5
000002a5
000002a5
000002a5
000002a5
000002a5
000002a5
000002a5
000002a5
000002a5
000002a5
000002a5
000002a5
000002a5
000002a5
000002a5
000002a5
000002a5
000002a5
000002a5
000002a5
0000032d
0000034d
0000019f
0000002f
fffffe39
fffff991
fffff6d9
fffff6d9
fffff62d
fffff7c9
fffff95f
fffffaaf
fffffca7
fffffc0b
fffffc35
fffffbb9
fffffcd1
ffffff97
00000085
000002b1
000002a5
000002a5
000002a5
000002a5
000002a5
000002a5
000002a5
000002a5
000002a5
000002a5
000002a5
000002a5
000002a5
000002a5
000002a5
000002a5
000002a5
00000166
000002f0
ffffff2d
ffffffb9
ffffff38
fffffebf
fffffebf
fffffebf
fffffebf
fffffebf
fffffebf
fffffebf
fffffebf
fffffebf
fffffebf
fffffebf
fffffebf
fffffebf
fffffebf
fffffebf
fffffebf
fffffebf
fffffebf
fffffebf
fffffebf
fffffebf
fffffebf
ffffffdf
fffffe57
ffffff67
fffffd9d
fffffcc1
fffffd31
fffffddd
ffffff85
ffffff8b
00000039
fffffefb
000000ef
000000af
00000187
00000255
00000427
000003ed
00000279
00000169
0000003d
fffffebf
fffffebf
fffffebf
fffffebf
fffffebf
fffffebf
fffffebf
fffffebf
fffffebf
fffffebf
fffffebf
fffffebf
fffffebf
fffffebf
fffffebf
fffffebf
fffffebf
ffffff3e
ffffff69
0000017b
0000017f
00000155
00000114
00000114
00000114
00000114
00000114
00000114
00000114
00000114
00000114
00000114
00000114
00000114
00000114
00000114
00000114
00000114
00000114
00000114
00000114
00000114
00000114
00000114
000000a0
fffffeb4
fffffe06
fffffd0e
fffffdc8
ffffff84
000000fe
000001f6
000005fa
000006ce
00000754
00000840
000008e2
000009aa
00000b34
00000b42
000009f2
0000083c
000004b0
000001c2
00000114
00000114
00000114
00000114
00000114
00000114
00000114
00000114
00000114
00000114
00000114
00000114
00000114
00000114
00000114
00000114
00000114
000000d6
00000081
ffffffff
0000018c
00000378
00000306
00000306
00000306
00000306
00000306
00000306
00000306
00000306
00000306
00000306
00000306
00000306
00000306
00000306
00000306
00000306
00000306
00000306
00000306
00000306
00000306
00000306
000002ba
0000042e
00000360
0000037e
0000022c
000000ca
ffffff8e
fffffe7a
fffffd4e
ffffff06
fffffeae
fffffea0
fffffe82
ffffffc6
ffffffb6
ffffffdc
0000002e
fffffd7a
00000006
000002c6
00000306
00000306
00000306
00000306
00000306
00000306
00000306
00000306
00000306
00000306
00000306
00000306
00000306
00000306
00000306
00000306
00000306
000004ac
000003ea
000001a5
000000ee
00000047
000000d2
000000d2
000000d2
000000d2
000000d2
000000d2
000000d2
000000d2
000000d2
000000d2
000000d2
000000d2
000000d2
000000d2
000000d2
000000d2
000000d2
000000d2
000000d2
000000d2
000000d2
000000d2
000000d2
000000d2
000000d2
000000d2
000000d2
000000e8
00000272
ffffffd4
fffffc28
fffffbb8
fffffdae
fffffeb4
fffffe86
fffffeae
fffffe9e
fffffe8a
fffffe6c
fffffe58
fffffc3a
fffffa64
fffffaf8
fffffb5e
00000102
000000fa
0000016e
000000f8
00000084
000000d2
000000d2
000000d2
000000d2
000000d2
000000d2
000000d2
000000d2
000000d2
000000d2
000001bd
000001d9
ffffff88
ffffff90
0000017b
0000015f
0000015f
0000015f
0000015f
0000015f
0000015f
0000015f
0000015f
0000015f
0000015f
0000015f
0000015f
0000015f
0000015f
0000015f
0000015f
0000015f
0000015f
0000015f
0000015f
0000015f
0000015f
0000015f
0000015f
0000015f
0000015f
0000015f
000001ad
00000381
00000395
000003eb
0000030f
ffffff25
ffffff17
fffffe43
fffffd41
fffffd47
fffffd65
fffffc7d
fffffce9
fffffd53
ffffffb1
fffffe7f
ffffff5b
fffffe29
fffffee7
fffffe4d
ffffff97
000000f1
0000015f
0000015f
0000015f
0000015f
0000015f
0000015f
0000015f
0000015f
0000015f
0000015f
000001de
000001e8
fffffed8
fffffea3
ffffff00
fffffeeb
fffffeeb
fffffeeb
fffffeeb
fffffeeb
fffffeeb
fffffeeb
fffffeeb
fffffeeb
fffffeeb
fffffeeb
fffffeeb
fffffeeb
fffffeeb
fffffeeb
fffffeeb
fffffeeb
fffffeeb
fffffeeb
fffffeeb
fffffeeb
fffffeeb
fffffeeb
fffffeeb
fffffeeb
fffffeeb
fffffeeb
ffffff3f
ffffff0b
00000085
000002c3
00000269
00000269
000001a1
00000149
00000125
00000137
000000e7
00000123
000001db
00000441
000002fb
00000363
00000011
fffffd71
fffffd15
fffffcc3
fffffe0d
fffffeed
fffffeeb
fffffeeb
fffffeeb
fffffeeb
fffffeeb
fffffeeb
fffffeeb
fffffeeb
fffffeeb
fffffeeb
fffffe03
fffffef5
000002aa
00000284
00000255
000001ad
000001ad
000001ad
000001ad
000001ad
000001ad
000001ad
000001ad
000001ad
000001ad
000001ad
000001ad
000001ad
000001ad
000001ad
000001ad
000001ad
000001ad
000001ad
000001ad
000001ad
000001ad
000001ad
000001ad
000001ad
000001ad
000001ad
000000a9
fffffe71
fffffb67
fffffc03
fffffd69
fffffd0f
fffffd9b
fffffed1
fffffed3
fffffec7
fffffe7f
fffffecd
ffffff6f
00000089
ffffffbf
000002f1
0000035d
00000417
00000437
000002a3
00000263
00000209
000001ad
000001ad
000001ad
000001ad
000001ad
000001ad
000001ad
000001ad
000001ad
000001ad
ffffffa7
ffffffef
0000009b
00000096
0000008a
000000f6
000000f6
000000f6
000000f6
000000f6
000000f6
000000f6
000000f6
000000f6
000000f6
000000f6
000000f6
000000f6
000000f6
000000f6
000000f6
000000f6
000000f6
000000f6
000000f6
000000f6
000000f6
000000f6
000000f6
000000f6
000000f6
000000f6
00000064
fffffdd4
fffffe1c
ffffff16
ffffff7c
fffffeba
fffffd94
fffffd28
fffffdb8
fffffc5a
fffffda4
fffffcc4
fffffd70
fffffd04
ffffff32
ffffff6c
000002fe
000002fc
000002c0
000000c0
0000002e
000000d0
000000f6
000000f6
000000f6
000000f6
000000f6
000000f6
000000f6
000000f6
000000f6
000000f6
00000148
ffffffd3
ffffff90
ffffffae
ffffff25
ffffff46
ffffff46
ffffff46
ffffff46
ffffff46
ffffff46
ffffff46
ffffff46
ffffff46
ffffff46
ffffff46
ffffff46
ffffff46
ffffff46
ffffff46
ffffff46
ffffff46
ffffff46
ffffff46
ffffff46
ffffff46
ffffff46
ffffff46
ffffff46
ffffff46
ffffff46
ffffff46
0000000e
fffffd58
fffffc4a
ffffff04
fffffede
00000036
000000da
00000032
000000fa
0000016a
000001e2
000000bc
000002d0
00000332
00000328
00000330
0000051a
0000050a
00000424
000000cc
000000a0
ffffff82
ffffff46
ffffff46
ffffff46
ffffff46
ffffff46
ffffff46
ffffff46
ffffff46
ffffff46
ffffff46
fffffe44
fffffd2e
0000001f
00000009
ffffff9f
ffffff91
ffffff91
ffffff91
ffffff91
ffffff91
ffffff91
ffffff91
ffffff91
ffffff91
ffffff91
ffffff91
ffffff91
ffffff91
ffffff91
ffffff91
ffffff91
ffffff91
ffffff91
ffffff91
ffffff91
ffffff91
ffffff91
ffffff91
ffffff91
ffffff91
ffffff91
ffffff91
ffffff1b
fffffec9
fffffefd
ffffff1b
ffffff31
00000185
000001c1
00000069
000000c7
00000009
00000055
000000cb
00000051
00000175
00000093
0000013d
0000010d
000002e3
00000195
00000259
0000009f
00000005
ffffff91
ffffff91
ffffff91
ffffff91
ffffff91
ffffff91
ffffff91
ffffff91
ffffff91
ffffff91
ffffff80
ffffff5b
0000052e
00000493
000001a8
ffffffd0
ffffffd0
ffffffd0
ffffffd0
ffffffd0
ffffffd0
ffffffd0
ffffffd0
ffffffd0
ffffffd0
ffffffd0
ffffffd0
ffffffd0
ffffffd0
ffffffd0
ffffffd0
ffffffd0
ffffffd0
ffffffd0
ffffffd0
ffffffd0
ffffffd0
ffffffd0
ffffffd0
ffffffd0
ffffffd0
ffffffd0
ffffffea
fffff99a
fffff57a
fffff4c6
fffff600
fffffb56
fffffe6c
fffffef2
fffffea0
ffffffca
00000082
0000009c
000000a4
0000041c
0000046e
00000582
000005d4
000004b2
000005b6
00000324
00000102
00000020
ffffffd0
ffffffd0
ffffffd0
ffffffd0
ffffffd0
ffffffd0
ffffffd0
ffffffd0
ffffffd0
ffffffd0
fffffc08
fffffa99
0000002b
fffffff7
fffffe96
fffffe7f
fffffe7f
fffffe7f
fffffe7f
fffffe7f
fffffe7f
fffffe7f
fffffe7f
fffffe7f
fffffe7f
fffffe7f
fffffe7f
fffffe7f
fffffe7f
fffffe7f
fffffe7f
fffffe7f
fffffe7f
fffffe7f
fffffe7f
fffffe7f
fffffe7f
fffffe7f
fffffe7f
fffffe7f
fffffe7f
fffffe7f
fffffe0f
fffffd1b
fffffc83
fffffcc5
ffffff63
000002a3
00000235
00000249
000002c1
000002e1
000003e3
00000461
00000403
000003b9
0000041b
0000048b
000006bf
00000651
00000463
fffffecb
fffffe5f
fffffef7
fffffe7f
fffffe7f
fffffe7f
fffffe7f
fffffe7f
fffffe7f
fffffe7f
fffffe7f
fffffe7f
fffffe7f
fffffe47
fffffde5
fffffd98
fffffd15
fffffe26
ffffff12
ffffff12
ffffff12
ffffff12
ffffff12
ffffff12
ffffff12
ffffff12
ffffff12
ffffff12
ffffff12
ffffff12
ffffff12
ffffff12
ffffff12
ffffff12
ffffff12
ffffff12
ffffff12
ffffff12
ffffff12
ffffff12
ffffff12
ffffff12
ffffff12
ffffff12
ffffff12
ffffff9a
000002e0
000004ce
00000432
00000444
00000220
00000172
000001da
0000023c
000001a2
00000118
ffffff32
fffffe8a
fffffcfe
fffffc92
fffff988
fffff808
fffff50c
fffff700
fffff95e
fffffcb4
fffffeb4
ffffff12
ffffff12
ffffff12
ffffff12
ffffff12
ffffff12
ffffff12
ffffff12
ffffff12
ffffff12
0000015d
0000010d
0000007f
0000003d
00000062
fffffec9
fffffec9
fffffec9
fffffec9
fffffec9
fffffec9
fffffec9
fffffec9
fffffec9
fffffec9
fffffec9
fffffec9
fffffec9
fffffec9
fffffec9
fffffec9
fffffec9
fffffec9
fffffec9
fffffec9
fffffec9
fffffec9
fffffec9
fffffec9
fffffec9
fffffec9
fffffec9
fffffecf
fffffc93
fffffbdb
fffffe5f
fffffe51
fffffd59
0000017f
00000291
000001c1
00000293
00000213
00000229
00000263
00000339
0000032b
00000465
000004c7
00000235
000002dd
000001b1
ffffff61
fffffea9
fffffec9
fffffec9
fffffec9
fffffec9
fffffec9
fffffec9
fffffec9
fffffec9
fffffec9
fffffec9
fffffc94
fffffd6a
fffffe0d
fffffda9
fffffebb
0000003b
0000003b
0000003b
0000003b
0000003b
0000003b
0000003b
0000003b
0000003b
0000003b
0000003b
0000003b
0000003b
0000003b
0000003b
0000003b
0000003b
0000003b
0000003b
0000003b
0000003b
0000003b
0000003b
0000003b
0000003b
0000003b
0000003b
0000012f
00000545
000005a7
00000511
0000057d
000003ed
000001ef
0000016b
00000267
00000391
000004cb
00000445
0000056f
00000565
000003ed
0000015d
0000005b
ffffff15
fffffe35
fffffebb
ffffff69
ffffff87
0000003b
0000003b
0000003b
0000003b
0000003b
0000003b
0000003b
0000003b
0000003b
0000003b
000002a1
00000277
fffffea8
fffffe54
00000008
ffffffdf
ffffffdf
ffffffdf
ffffffdf
ffffffdf
ffffffdf
ffffffdf
ffffffdf
ffffffdf
ffffffdf
ffffffdf
ffffffdf
ffffffdf
ffffffdf
ffffffdf
ffffffdf
ffffffdf
ffffffdf
ffffffdf
ffffffdf
ffffffdf
ffffffdf
ffffffdf
ffffffdf
ffffffdf
ffffffdf
ffffffdf
00000029
00000219
000001e1
0000023d
000002ed
000000ed
0000015b
000001ff
00000199
000002ab
00000277
00000321
00000301
00000245
ffffff87
fffffe4f
fffffbd7
fffffc2b
fffffc61
fffffd2d
fffffe83
ffffff8d
ffffffdf
ffffffdf
ffffffdf
ffffffdf
ffffffdf
ffffffdf
ffffffdf
ffffffdf
ffffffdf
ffffffdf
0000000a
00000139
fffffe11
fffffe78
ffffff8f
000000e5
000000e5
000000e5
000000e5
000000e5
000000e5
000000e5
000000e5
000000e5
000000e5
000000e5
000000e5
000000e5
000000e5
000000e5
000000e5
000000e5
000000e5
000000e5
000000e5
000000e5
000000e5
000000e5
000000e5
000000e5
000000e5
000000e5
0000019b
000003bb
0000031b
000003b7
000002bf
00000245
ffffffb9
fffffdd7
fffffe8d
fffffda1
fffffde3
fffffddb
fffffcdf
fffffc23
fffffac1
fffffb6d
fffffae5
ffffffc5
fffffda1
ffffff2b
ffffffe1
0000012f
000000e5
000000e5
000000e5
000000e5
000000e5
000000e5
000000e5
000000e5
000000e5
000000e5
00000256
00000289
00000213
0000023e
00000103
000000d4
000000d4
000000d4
000000d4
000000d4
000000d4
000000d4
000000d4
000000d4
000000d4
000000d4
000000d4
000000d4
000000d4
000000d4
000000d4
000000d4
000000d4
000000d4
000000d4
000000d4
000000d4
000000d4
000000d4
000000d4
000000d4
000000d4
00000022
000000e0
ffffff88
fffffdd8
fffffc20
fffffeae
fffffef6
ffffff08
fffffcde
fffffafe
fffff964
fffff75e
fffff602
fffff384
fffff382
fffff54c
fffff81a
fffffb68
fffffd28
fffffdfe
ffffff72
0000009e
000000d4
000000d4
000000d4
000000d4
000000d4
000000d4
000000d4
000000d4
000000d4
000000d4
00000077
00000017
000003d9
000002fd
00000031
ffffffad
ffffffad
ffffffad
ffffffad
ffffffad
ffffffad
ffffffad
ffffffad
ffffffad
ffffffad
ffffffad
ffffffad
ffffffad
ffffffad
ffffffad
ffffffad
ffffffad
ffffffad
ffffffad
ffffffad
ffffffad
ffffffad
ffffffad
ffffffad
ffffffad
ffffffad
ffffffad
fffffffd
fffffe2f
fffff97d
fffff885
fffffa73
ffffff5d
0000018f
000000af
000000c9
00000177
00000135
00000217
000001db
0000022f
00000299
00000209
000004ef
000005ab
00000713
00000343
000000cf
ffffffed
ffffffad
ffffffad
ffffffad
ffffffad
ffffffad
ffffffad
ffffffad
ffffffad
ffffffad
ffffffad
fffffe69
fffffc6a
fffffea6
fffffe88
fffffe63
fffffe1d
fffffe1d
fffffe1d
fffffe1d
fffffe1d
fffffe1d
fffffe1d
fffffe1d
fffffe1d
fffffe1d
fffffe1d
fffffe1d
fffffe1d
fffffe1d
fffffe1d
fffffe1d
fffffe1d
fffffe1d
fffffe1d
fffffe1d
fffffe1d
fffffe1d
fffffe1d
fffffe1d
fffffe1d
fffffe1d
fffffe1d
fffffdbb
fffffe81
fffffe71
fffffe95
ffffffbf
00000067
000001a9
0000015f
00000199
00000151
0000014f
00000089
000001bd
000001a3
ffffff61
fffffe47
fffffca1
fffffcff
fffffe57
fffffda9
fffffd19
fffffd5b
fffffe1d
fffffe1d
fffffe1d
fffffe1d
fffffe1d
fffffe1d
fffffe1d
fffffe1d
fffffe1d
fffffe1d
fffffea0
fffffecb
000003c4
00000314
00000160
fffffff8
fffffff8
fffffff8
fffffff8
fffffff8
fffffff8
fffffff8
fffffff8
fffffff8
fffffff8
fffffff8
fffffff8
fffffff8
fffffff8
fffffff8
fffffff8
fffffff8
fffffff8
fffffff8
fffffff8
fffffff8
fffffff8
fffffff8
fffffff8
fffffff8
fffffff8
fffffff8
ffffff6e
00000032
fffffc1c
fffff888
fffff922
fffffc1c
ffffff1a
ffffff94
00000038
ffffff3e
0000002a
00000010
0000018c
000001b6
00000574
00000268
0000029a
0000039a
00000428
00000304
0000011c
0000009c
fffffff8
fffffff8
fffffff8
fffffff8
fffffff8
fffffff8
fffffff8
fffffff8
fffffff8
fffffff8
ffffffdb
fffffde7
ffffff6a
ffffff40
00000054
0000009c
0000009c
0000009c
0000009c
0000009c
0000009c
0000009c
0000009c
0000009c
0000009c
0000009c
0000009c
0000009c
0000009c
0000009c
0000009c
0000009c
0000009c
0000009c
0000009c
0000009c
0000009c
0000009c
0000009c
0000009c
0000009c
0000009c
000000a8
000000c2
fffffff8
000001ce
00000156
000001da
0000002e
0000002a
00000090
ffffff8a
ffffffe8
ffffff54
000000a2
fffffe44
fffffe9c
fffffde8
fffffcb6
fffffef2
fffffd96
000000c0
000000e8
00000142
0000009c
0000009c
0000009c
0000009c
0000009c
0000009c
0000009c
0000009c
0000009c
0000009c
0000004d
00000025
fffffeae
fffffef7
ffffff23
ffffff2e
ffffff2e
ffffff2e
ffffff2e
ffffff2e
ffffff2e
ffffff2e
ffffff2e
ffffff2e
ffffff2e
ffffff2e
ffffff2e
ffffff2e
ffffff2e
ffffff2e
ffffff2e
ffffff2e
ffffff2e
ffffff2e
ffffff2e
ffffff2e
ffffff2e
ffffff2e
ffffff2e
ffffff2e
ffffff2e
ffffff2e
fffffefc
00000140
0000028e
000001cc
00000192
000001e0
000000bc
0000008a
00000078
000000e8
00000140
0000019a
000000c4
fffffffe
000000a6
fffffffe
000000b4
00000114
00000052
000000d6
ffffffca
ffffff72
ffffff2e
ffffff2e
ffffff2e
ffffff2e
ffffff2e
ffffff2e
ffffff2e
ffffff2e
ffffff2e
ffffff2e
000000b9
000000f9
fffffe1b
fffffe28
fffffee2
ffffff16
ffffff16
ffffff16
ffffff16
ffffff16
ffffff16
ffffff16
ffffff16
ffffff16
ffffff16
ffffff16
ffffff16
ffffff16
ffffff16
ffffff16
ffffff16
ffffff16
ffffff16
ffffff16
ffffff16
ffffff16
ffffff16
ffffff16
ffffff16
ffffff16
ffffff16
ffffff16
ffffff5c
00000262
0000038c
00000348
00000398
0000022a
0000015c
ffffffea
0000006c
ffffff8a
fffffe4e
0000004c
00000132
0000015a
00000182
ffffffdc
fffffffc
ffffffc6
ffffff9e
ffffff46
ffffff9c
ffffff90
ffffff16
ffffff16
ffffff16
ffffff16
ffffff16
ffffff16
ffffff16
ffffff16
ffffff16
ffffff16
00000119
000000cf
fffffdeb
ffffffb5
0000008e
0000000f
0000000f
0000000f
0000000f
0000000f
0000000f
0000000f
0000000f
0000000f
0000000f
0000000f
0000000f
0000000f
0000000f
0000000f
0000000f
0000000f
0000000f
0000000f
0000000f
0000000f
0000000f
0000000f
0000000f
0000000f
0000000f
0000000f
00000111
0000036b
00000353
000003fb
00000287
00000213
0000015d
0000018d
00000191
00000057
00000113
00000127
000000df
0000046b
00000235
00000197
000000f3
00000023
000000d3
00000115
000000ed
0000004d
0000000f
0000000f
0000000f
0000000f
0000000f
0000000f
0000000f
0000000f
0000000f
0000000f
00000089
00000175
fffffebd
fffffe86
fffffee8
fffffef2
fffffef2
fffffef2
fffffef2
fffffef2
fffffef2
fffffef2
fffffef2
fffffef2
fffffef2
fffffef2
fffffef2
fffffef2
fffffef2
fffffef2
fffffef2
fffffef2
fffffef2
fffffef2
fffffef2
fffffef2
fffffef2
fffffef2
fffffef2
fffffef2
fffffef2
fffffef2
ffffff56
fffffd72
fffffe48
00000200
00000434
0000026e
00000210
00000138
0000019e
00000166
0000021e
00000160
000001ce
00000402
00000468
00000488
0000057a
ffffffde
fffffd3e
fffffc96
fffffe5c
fffffee6
fffffef2
fffffef2
fffffef2
fffffef2
fffffef2
fffffef2
fffffef2
fffffef2
fffffef2
fffffef2
fffffdba
fffffe24
000000e3
000000d3
0000003e
ffffffa9
ffffffa9
ffffffa9
ffffffa9
ffffffa9
ffffffa9
ffffffa9
ffffffa9
ffffffa9
ffffffa9
ffffffa9
ffffffa9
ffffffa9
ffffffa9
ffffffa9
ffffffa9
ffffffa9
ffffffa9
ffffffa9
ffffffa9
ffffffa9
ffffffa9
ffffffa9
ffffffa9
ffffffa9
ffffffa9
ffffffa9
ffffffc9
fffffe37
fffffdc9
fffffe27
fffffff9
0000013f
0000016d
000001bb
000001e3
000001b7
0000022b
000001c1
00000107
0000006b
ffffff9b
ffffff0b
ffffff09
ffffff01
ffffff71
00000079
fffffff3
00000009
ffffffa9
ffffffa9
ffffffa9
ffffffa9
ffffffa9
ffffffa9
ffffffa9
ffffffa9
ffffffa9
ffffffa9
fffffede
fffffec2
ffffff46
0000025e
000000cc
00000101
00000101
00000101
00000101
00000101
00000101
00000101
00000101
00000101
00000101
00000101
00000101
00000101
00000101
00000101
00000101
00000101
00000101
00000101
00000101
00000101
00000101
00000101
00000101
00000101
00000101
00000101
0000019d
000002ed
00000273
000001e9
fffffe7f
00000003
ffffff03
ffffff2d
fffffef3
ffffff71
ffffffbd
ffffff61
fffffeaf
fffffead
fffffce9
fffffc27
fffffa5b
fffff9d1
fffffed7
ffffff61
000001b1
0000015d
00000101
00000101
00000101
00000101
00000101
00000101
00000101
00000101
00000101
00000101
0000014f
000001db
000001b9
000001ce
0000014d
000000df
000000df
000000df
000000df
000000df
000000df
000000df
000000df
000000df
000000df
000000df
000000df
000000df
000000df
000000df
000000df
000000df
000000df
000000df
000000df
000000df
000000df
000000df
000000df
000000df
000000df
000000df
00000161
000001c5
fffffdc3
fffffc27
fffffd69
ffffff35
0000000f
0000006d
00000047
0000007f
ffffffb3
00000019
fffffe6d
fffffc01
fffffc29
fffffb3b
000000e9
000001a9
000000c5
0000021f
00000119
000000fb
000000df
000000df
000000df
000000df
000000df
000000df
000000df
000000df
000000df
000000df
000001b5
ffffff4d
00000048
00000007
000000f7
000001a2
000001a2
000001a2
000001a2
000001a2
000001a2
000001a2
000001a2
000001a2
000001a2
000001a2
000001a2
000001a2
000001a2
000001a2
000001a2
000001a2
000001a2
000001a2
000001a2
000001a2
000001a2
000001a2
000001a2
000001a2
000001a2
000001a2
0000026a
0000075e
0000088c
000001f8
000000a4
ffffff5c
fffffc76
fffffcb6
fffffca6
fffffcfa
fffffc98
fffffcf8
fffffd48
fffffcd8
fffffd5c
fffffa2e
fffffa42
fffffc64
fffffc18
fffffe0c
ffffff88
000001ae
000001a2
000001a2
000001a2
000001a2
000001a2
000001a2
000001a2
000001a2
000001a2
000001a2
000005ad
000004fa
fffffdf2
fffffea0
fffffe1a
ffffff1e
ffffff1e
ffffff1e
ffffff1e
ffffff1e
ffffff1e
ffffff1e
ffffff1e
ffffff1e
ffffff1e
ffffff1e
ffffff1e
ffffff1e
ffffff1e
ffffff1e
ffffff1e
ffffff1e
ffffff1e
ffffff1e
ffffff1e
ffffff1e
ffffff1e
ffffff1e
ffffff1e
ffffff1e
ffffff1e
ffffff1e
ffffff48
00000238
0000047e
00000346
00000350
00000434
0000019e
000001be
000001f0
00000192
0000024c
000001fa
00000200
00000302
000002e2
000001bc
00000062
ffffff36
ffffff34
ffffffd2
0000000e
ffffff44
ffffff1e
ffffff1e
ffffff1e
ffffff1e
ffffff1e
ffffff1e
ffffff1e
ffffff1e
ffffff1e
ffffff1e
000000e3
00000234
000002db
000003fd
000002e8
00000167
00000167
00000167
00000167
00000167
00000167
00000167
00000167
00000167
00000167
00000167
00000167
00000167
00000167
00000167
00000167
00000167
00000167
00000167
00000167
00000167
00000167
00000167
00000167
00000167
00000167
00000167
0000010b
ffffffeb
ffffff33
fffffb75
fffffb2f
fffffdbf
fffffda7
ffffff05
fffffec3
fffffdc5
fffffda3
fffffcd3
fffffd75
fffffe53
00000035
00000111
000002a5
0000064b
00000655
0000056b
00000365
00000201
00000167
00000167
00000167
00000167
00000167
00000167
00000167
00000167
00000167
00000167
000000e9
00000031
ffffffde
ffffffef
ffffffd0
ffffff8d
ffffff8d
ffffff8d
ffffff8d
ffffff8d
ffffff8d
ffffff8d
ffffff8d
ffffff8d
ffffff8d
ffffff8d
ffffff8d
ffffff8d
ffffff8d
ffffff8d
ffffff8d
ffffff8d
ffffff8d
ffffff8d
ffffff8d
ffffff8d
ffffff8d
ffffff8d
ffffff8d
ffffff8d
ffffff8d
ffffff8d
ffffff45
ffffff33
ffffffbd
fffffff5
ffffff7f
0000001f
00000125
0000010b
0000010d
00000081
0000017d
00000177
0000008b
000000f5
000001a5
0000044f
000001c5
0000025f
00000193
00000187
0000000b
ffffff59
ffffff8d
ffffff8d
ffffff8d
ffffff8d
ffffff8d
ffffff8d
ffffff8d
ffffff8d
ffffff8d
ffffff8d
ffffff99
ffffffaf
00000010
00000094
0000008e
000000fd
000000fd
000000fd
000000fd
000000fd
000000fd
000000fd
000000fd
000000fd
000000fd
000000fd
000000fd
000000fd
000000fd
000000fd
000000fd
000000fd
000000fd
000000fd
000000fd
000000fd
000000fd
000000fd
000000fd
000000fd
000000fd
000000fd
0000004d
ffffff65
0000010f
0000015d
fffffffb
0000000b
ffffff21
ffffff9d
0000001b
ffffffab
ffffffa5
fffffe87
ffffff99
ffffff19
fffffe0f
fffffd47
fffffded
fffffd05
fffffdaf
ffffff13
00000013
000000e5
000000fd
000000fd
000000fd
000000fd
000000fd
000000fd
000000fd
000000fd
000000fd
000000fd
00000082
000000dc
00000076
00000230
00000204
00000184
00000184
00000184
00000184
00000184
00000184
00000184
00000184
00000184
00000184
00000184
00000184
00000184
00000184
00000184
00000184
00000184
00000184
00000184
00000184
00000184
00000184
00000184
00000184
00000184
00000184
00000184
000001aa
000001b4
000001e4
00000210
fffffd28
fffffc74
fffffe0a
fffffe8c
fffffe68
fffffe9e
fffffe56
fffffe70
fffffed8
ffffff1c
ffffffc4
0000016a
fffffe34
fffffe8a
ffffff6e
ffffffc6
000000fa
00000160
00000184
00000184
00000184
00000184
00000184
00000184
00000184
00000184
00000184
00000184
000001ad
000001ec
fffffd73
fffffde6
000000b5
0000010c
0000010c
0000010c
0000010c
0000010c
0000010c
0000010c
0000010c
0000010c
0000010c
0000010c
0000010c
0000010c
0000010c
0000010c
0000010c
0000010c
0000010c
0000010c
0000010c
0000010c
0000010c
0000010c
0000010c
0000010c
0000010c
0000010c
00000056
0000049a
0000067e
000007d8
00000702
00000054
fffffd2a
fffffeaa
fffffe1e
fffffd98
fffffe60
fffffe68
fffffde2
ffffff54
ffffff2a
000000c2
ffffff0a
00000014
fffffdd4
ffffff38
0000006e
000000f4
0000010c
0000010c
0000010c
0000010c
0000010c
0000010c
0000010c
0000010c
0000010c
0000010c
000002db
000003a4
ffffffbb
ffffff93
ffffff89
ffffff8d
ffffff8d
ffffff8d
ffffff8d
ffffff8d
ffffff8d
ffffff8d
ffffff8d
ffffff8d
ffffff8d
ffffff8d
ffffff8d
ffffff8d
ffffff8d
ffffff8d
ffffff8d
ffffff8d
ffffff8d
ffffff8d
ffffff8d
ffffff8d
ffffff8d
ffffff8d
ffffff8d
ffffff8d
ffffff8d
ffffff8d
ffffffa7
ffffffeb
00000063
ffffffa5
fffffff7
0000005f
00000015
ffffffef
0000009f
ffffff9f
ffffff81
0000009b
00000045
000001c1
000000d7
0000015d
00000101
00000183
00000157
00000167
000000eb
fffffff3
ffffff8d
ffffff8d
ffffff8d
ffffff8d
ffffff8d
ffffff8d
ffffff8d
ffffff8d
ffffff8d
ffffff8d
ffffffd9
ffffffb0
fffffd10
fffffb71
fffffbd3
fffffc05
fffffc05
fffffc05
fffffc05
fffffc05
fffffc05
fffffc05
fffffc05
fffffc05
fffffc05
fffffc05
fffffc05
fffffc05
fffffc05
fffffc05
fffffc05
fffffc05
fffffc05
fffffc05
fffffc05
fffffc05
fffffc05
fffffc05
fffffc05
fffffc05
fffffc05
fffffc05
fffffcaf
fffffe13
fffffcc9
ffffffd5
000003ff
00000321
000003e7
000003d3
0000045b
0000048f
00000403
000002d3
000003a9
00000063
ffffff0d
fffffdd5
ffffff4b
fffffb59
fffffbb3
fffffa8b
fffffaf9
fffffb87
fffffc05
fffffc05
fffffc05
fffffc05
fffffc05
fffffc05
fffffc05
fffffc05
fffffc05
fffffc05
fffffce9
fffffd3e
fffffffd
00000057
000001dc
00000284
00000284
00000284
00000284
00000284
00000284
00000284
00000284
00000284
00000284
00000284
00000284
00000284
00000284
00000284
00000284
00000284
00000284
00000284
00000284
00000284
00000284
00000284
00000284
00000284
00000284
00000284
0000027a
000003aa
00000452
000002ea
000002ac
fffffea4
fffffbbc
fffffc20
fffffbfe
fffffcaa
fffffbfa
fffffa8e
fffffc42
fffffb62
fffffd14
fffffe04
fffffec8
000001b6
000000dc
00000194
000001c8
00000246
00000284
00000284
00000284
00000284
00000284
00000284
00000284
00000284
00000284
00000284
000003cc
0000038d
00000066
0000008c
0000008f
fffffff6
fffffff6
fffffff6
fffffff6
fffffff6
fffffff6
fffffff6
fffffff6
fffffff6
fffffff6
fffffff6
fffffff6
fffffff6
fffffff6
fffffff6
fffffff6
fffffff6
fffffff6
fffffff6
fffffff6
fffffff6
fffffff6
fffffff6
fffffff6
fffffff6
fffffff6
fffffff6
fffffef8
fffffda2
fffffd68
fffffffa
0000014e
0000013c
0000014c
00000212
00000130
000000de
00000104
00000154
00000084
000000d8
fffffdf4
ffffffce
00000130
000000ca
000001de
000001f4
00000150
00000066
fffffff6
fffffff6
fffffff6
fffffff6
fffffff6
fffffff6
fffffff6
fffffff6
fffffff6
fffffff6
fffffd14
fffffd9d
ffffff57
00000192
000001ea
00000173
00000173
00000173
00000173
00000173
00000173
00000173
00000173
00000173
00000173
00000173
00000173
00000173
00000173
00000173
00000173
00000173
00000173
00000173
00000173
00000173
00000173
00000173
00000173
00000173
00000173
00000173
000000c5
fffffd8d
fffffec5
00000053
fffffe77
fffffcc1
fffffccb
fffffd4b
fffffe19
fffffd95
fffffdaf
fffffd8f
fffffe21
ffffffdd
ffffffa7
00000135
000002b7
0000015b
000001a1
000001f5
000001bb
00000145
00000173
00000173
00000173
00000173
00000173
00000173
00000173
00000173
00000173
00000173
ffffff9b
000000c2
00000256
ffffffb0
ffffff33
ffffff90
ffffff90
ffffff90
ffffff90
ffffff90
ffffff90
ffffff90
ffffff90
ffffff90
ffffff90
ffffff90
ffffff90
ffffff90
ffffff90
ffffff90
ffffff90
ffffff90
ffffff90
ffffff90
ffffff90
ffffff90
ffffff90
ffffff90
ffffff90
ffffff90
ffffff90
ffffff90
ffffff5e
fffffdd0
fffffbac
fffffbd8
ffffff86
000000ee
00000184
0000011e
000000d8
00000034
0000003c
fffffffe
0000001c
00000044
000001ac
000002e4
0000024a
000000e2
000000c4
fffffcce
fffffe0a
fffffef4
ffffff90
ffffff90
ffffff90
ffffff90
ffffff90
ffffff90
ffffff90
ffffff90
ffffff90
ffffff90
fffffde2
fffffd24
0000006a
0000005f
ffffff3b
ffffff57
ffffff57
ffffff57
ffffff57
ffffff57
ffffff57
ffffff57
ffffff57
ffffff57
ffffff57
ffffff57
ffffff57
ffffff57
ffffff57
ffffff57
ffffff57
ffffff57
ffffff57
ffffff57
ffffff57
ffffff57
ffffff57
ffffff57
ffffff57
ffffff57
ffffff57
ffffff57
fffffef1
fffffefb
fffffefd
fffffe4d
fffffee5
00000143
0000017f
00000121
00000107
00000175
00000127
000001b9
0000014f
000001b7
00000255
000002fd
00000403
0000036f
00000393
ffffff03
ffffff27
ffffff5b
ffffff57
ffffff57
ffffff57
ffffff57
ffffff57
ffffff57
ffffff57
ffffff57
ffffff57
ffffff57
ffffff5f
ffffff05
0000023e
000001d1
000001a5
0000018d
0000018d
0000018d
0000018d
0000018d
0000018d
0000018d
0000018d
0000018d
0000018d
0000018d
0000018d
0000018d
0000018d
0000018d
0000018d
0000018d
0000018d
0000018d
0000018d
0000018d
0000018d
0000018d
0000018d
0000018d
0000018d
0000018d
00000191
0000019b
000001e5
fffffe9b
fffffdbf
fffffe11
fffffdf1
fffffd87
fffffd3b
fffffd4d
fffffc8d
fffffc97
fffffc05
fffffac7
fffffae3
fffffe47
ffffff45
000003c1
000003f5
000001df
000001b5
0000016f
0000018d
0000018d
0000018d
0000018d
0000018d
0000018d
0000018d
0000018d
0000018d
0000018d
00000253
00000299
fffff939
fffff913
fffffe0c
00000095
00000095
00000095
00000095
00000095
00000095
00000095
00000095
00000095
00000095
00000095
00000095
00000095
00000095
00000095
00000095
00000095
00000095
00000095
00000095
00000095
00000095
00000095
00000095
00000095
00000095
00000095
0000014f
00000565
00000983
00000c97
00000c75
0000045d
fffffd8b
fffffca1
fffffc1d
fffffbcf
fffffb67
fffffb6d
fffffc7b
fffffd2f
fffffc83
fffffa5b
fffff9b7
fffffb6d
fffff9c5
fffffb83
fffffee1
00000021
00000095
00000095
00000095
00000095
00000095
00000095
00000095
00000095
00000095
00000095
0000032a
00000503
ffffffbc
000000e4
00000075
ffffffca
ffffffca
ffffffca
ffffffca
ffffffca
ffffffca
ffffffca
ffffffca
ffffffca
ffffffca
ffffffca
ffffffca
ffffffca
ffffffca
ffffffca
ffffffca
ffffffca
ffffffca
ffffffca
ffffffca
ffffffca
ffffffca
ffffffca
ffffffca
ffffffca
ffffffca
ffffffca
ffffffc8
00000024
ffffff94
ffffff52
fffffd10
fffffd88
000000cc
0000006e
0000000a
ffffff30
fffffef6
fffffcdc
fffffc32
fffff9e6
fffffa56
fffff940
fffff84a
fffff6e8
fffff90e
fffffc56
fffffece
ffffffa0
ffffffca
ffffffca
ffffffca
ffffffca
ffffffca
ffffffca
ffffffca
ffffffca
ffffffca
ffffffca
ffffffe5
ffffff5c
000000ca
ffffff7f
ffffffd4
000000af
000000af
000000af
000000af
000000af
000000af
000000af
000000af
000000af
000000af
000000af
000000af
000000af
000000af
000000af
000000af
000000af
000000af
000000af
000000af
000000af
000000af
000000af
000000af
000000af
000000af
000000af
ffffff91
fffffbb3
fffffcad
fffffecf
00000177
0000024b
ffffff33
fffffd17
fffffd6f
fffffcb5
fffffbe5
fffffbd5
fffffb15
fffffb21
fffff9b7
fffffcd1
000000bf
0000075b
00000623
00000605
0000025b
000000f7
000000af
000000af
000000af
000000af
000000af
000000af
000000af
000000af
000000af
000000af
ffffff15
ffffff2d
00000493
0000032b
0000022b
0000013e
0000013e
0000013e
0000013e
0000013e
0000013e
0000013e
0000013e
0000013e
0000013e
0000013e
0000013e
0000013e
0000013e
0000013e
0000013e
0000013e
0000013e
0000013e
0000013e
0000013e
0000013e
0000013e
0000013e
0000013e
0000013e
0000013e
00000146
fffffffa
fffffb9c
fffff6f2
fffffaa8
fffffbb2
fffffd24
fffffd72
fffffd52
fffffe00
fffffdbe
ffffffcc
fffffff8
00000220
0000059e
0000043a
000003ae
00000372
000003c4
00000344
0000017c
0000015c
0000013e
0000013e
0000013e
0000013e
0000013e
0000013e
0000013e
0000013e
0000013e
0000013e
0000015d
fffffe67
ffffff47
0000016d
00000048
ffffff8b
ffffff8b
ffffff8b
ffffff8b
ffffff8b
ffffff8b
ffffff8b
ffffff8b
ffffff8b
ffffff8b
ffffff8b
ffffff8b
ffffff8b
ffffff8b
ffffff8b
ffffff8b
ffffff8b
ffffff8b
ffffff8b
ffffff8b
ffffff8b
ffffff8b
ffffff8b
ffffff8b
ffffff8b
ffffff8b
ffffff8b
fffffe71
fffffd19
ffffffd9
0000016f
fffffe9f
fffffe21
0000005d
00000243
000001fb
00000363
00000399
000003a7
000002c3
0000018f
00000023
00000039
00000017
ffffff0d
fffffebd
fffffec1
ffffff8f
ffffff97
ffffff8b
ffffff8b
ffffff8b
ffffff8b
ffffff8b
ffffff8b
ffffff8b
ffffff8b
ffffff8b
ffffff8b
ffffff86
00000085
000000c4
00000110
000000ca
ffffff2a
ffffff2a
ffffff2a
ffffff2a
ffffff2a
ffffff2a
ffffff2a
ffffff2a
ffffff2a
ffffff2a
ffffff2a
ffffff2a
ffffff2a
ffffff2a
ffffff2a
ffffff2a
ffffff2a
ffffff2a
ffffff2a
ffffff2a
ffffff2a
ffffff2a
ffffff2a
ffffff2a
ffffff2a
ffffff2a
ffffff2a
ffffff20
00000018
fffffe70
fffffd2c
fffffbdc
fffffe2e
00000024
000000c4
000000f8
000001e8
000001aa
0000022a
0000023e
0000026e
000003e0
00000174
000000c2
00000226
000003ac
000003da
0000015a
ffffff66
ffffff2a
ffffff2a
ffffff2a
ffffff2a
ffffff2a
ffffff2a
ffffff2a
ffffff2a
ffffff2a
ffffff2a
ffffff07
fffffeaa
fffffd3c
fffffbd9
fffffdab
ffffff43
ffffff43
ffffff43
ffffff43
ffffff43
ffffff43
ffffff43
ffffff43
ffffff43
ffffff43
ffffff43
ffffff43
ffffff43
ffffff43
ffffff43
ffffff43
ffffff43
ffffff43
ffffff43
ffffff43
ffffff43
ffffff43
ffffff43
ffffff43
ffffff43
ffffff43
ffffff43
ffffff93
000001dd
0000022d
00000453
000005f1
00000371
0000025f
0000015d
00000155
00000143
000001ab
00000287
00000231
0000035f
000001c7
0000012d
fffffdd3
fffffc13
fffffaf3
fffffb31
fffffe25
fffffee1
ffffff43
ffffff43
ffffff43
ffffff43
ffffff43
ffffff43
ffffff43
ffffff43
ffffff43
ffffff43
ffffffa4
000000fa
00000044
ffffffd1
00000085
0000013d
0000013d
0000013d
0000013d
0000013d
0000013d
0000013d
0000013d
0000013d
0000013d
0000013d
0000013d
0000013d
0000013d
0000013d
0000013d
0000013d
0000013d
0000013d
0000013d
0000013d
0000013d
0000013d
0000013d
0000013d
0000013d
0000013d
0000027d
0000058b
000006d3
00000165
0000002f
ffffff93
fffffd13
fffffced
fffffd8f
fffffd79
fffffc53
fffffc01
fffffce3
fffffcc3
fffffce3
fffffb6f
fffffa77
fffffe15
fffffeb9
00000209
00000173
0000012f
0000013d
0000013d
0000013d
0000013d
0000013d
0000013d
0000013d
0000013d
0000013d
0000013d
000004a2
000004bb
0000002b
fffffee2
ffffff3f
ffffff87
ffffff87
ffffff87
ffffff87
ffffff87
ffffff87
ffffff87
ffffff87
ffffff87
ffffff87
ffffff87
ffffff87
ffffff87
ffffff87
ffffff87
ffffff87
ffffff87
ffffff87
ffffff87
ffffff87
ffffff87
ffffff87
ffffff87
ffffff87
ffffff87
ffffff87
ffffff87
ffffff41
ffffff45
ffffff91
00000117
00000299
00000361
0000020b
00000283
000001fd
0000029f
0000012f
000002a9
0000012b
0000013f
ffffffa7
0000010b
0000018b
0000026f
000001d7
00000297
0000009f
ffffff67
ffffff87
ffffff87
ffffff87
ffffff87
ffffff87
ffffff87
ffffff87
ffffff87
ffffff87
ffffff87
ffffffd2
ffffff72
00000324
0000010e
00000058
fffffeca
fffffeca
fffffeca
fffffeca
fffffeca
fffffeca
fffffeca
fffffeca
fffffeca
fffffeca
fffffeca
fffffeca
fffffeca
fffffeca
fffffeca
fffffeca
fffffeca
fffffeca
fffffeca
fffffeca
fffffeca
fffffeca
fffffeca
fffffeca
fffffeca
fffffeca
fffffeca
fffffefe
fffffee4
fffffa9a
fffff8e8
fffffc90
ffffff14
00000166
0000025a
0000028a
0000034e
0000022a
00000332
00000268
00000254
000002a0
0000027a
000004f0
00000318
00000522
ffffffb0
ffffff12
ffffff00
fffffeca
fffffeca
fffffeca
fffffeca
fffffeca
fffffeca
fffffeca
fffffeca
fffffeca
fffffeca
fffffe73
fffffc1c
000001c9
0000017e
fffffffc
0000004b
0000004b
0000004b
0000004b
0000004b
0000004b
0000004b
0000004b
0000004b
0000004b
0000004b
0000004b
0000004b
0000004b
0000004b
0000004b
0000004b
0000004b
0000004b
0000004b
0000004b
0000004b
0000004b
0000004b
0000004b
0000004b
0000004b
000000b5
0000007d
fffffd2b
fffffbbf
fffffda3
00000017
000000a5
0000002b
0000012d
0000009b
ffffffd5
ffffffaf
ffffffbd
fffffe97
fffffee7
fffffd4b
fffffec7
00000155
0000010f
000000b7
00000099
00000065
0000004b
0000004b
0000004b
0000004b
0000004b
0000004b
0000004b
0000004b
0000004b
0000004b
00000060
fffffeab
000001c2
00000177
0000018e
0000014c
0000014c
0000014c
0000014c
0000014c
0000014c
0000014c
0000014c
0000014c
0000014c
0000014c
0000014c
0000014c
0000014c
0000014c
0000014c
0000014c
0000014c
0000014c
0000014c
0000014c
0000014c
0000014c
0000014c
0000014c
0000014c
0000014c
00000150
ffffff5e
0000000c
fffffea8
fffffdc6
fffffd64
fffffea4
ffffff14
fffffef8
ffffff3c
ffffff0a
ffffff3e
ffffff54
00000042
fffffeb6
ffffffec
ffffff0c
ffffff7a
00000016
00000110
0000014a
00000180
0000014c
0000014c
0000014c
0000014c
0000014c
0000014c
0000014c
0000014c
0000014c
0000014c
00000134
00000060
000003be
000002e8
000000c3
0000000f
0000000f
0000000f
0000000f
0000000f
0000000f
0000000f
0000000f
0000000f
0000000f
0000000f
0000000f
0000000f
0000000f
0000000f
0000000f
0000000f
0000000f
0000000f
0000000f
0000000f
0000000f
0000000f
0000000f
0000000f
0000000f
0000000f
ffffff63
fffffcd3
fffffa21
fffff9c9
fffffbdf
fffffe43
ffffffc5
00000029
ffffffb5
0000009b
0000011b
00000141
000001e3
00000493
00000503
0000082b
00000845
0000073f
00000597
00000375
00000157
00000053
0000000f
0000000f
0000000f
0000000f
0000000f
0000000f
0000000f
0000000f
0000000f
0000000f
fffffe34
fffffcf8
00000248
00000216
000001ae
0000020b
0000020b
0000020b
0000020b
0000020b
0000020b
0000020b
0000020b
0000020b
0000020b
0000020b
0000020b
0000020b
0000020b
0000020b
0000020b
0000020b
0000020b
0000020b
0000020b
0000020b
0000020b
0000020b
0000020b
0000020b
0000020b
0000020b
000001f5
000002c3
0000005d
ffffff63
fffffdf3
fffffe85
fffffeb7
ffffff07
ffffff1d
fffffecd
ffffff37
fffffef5
fffffdcd
ffffff1b
00000067
ffffff55
00000005
ffffffb1
0000009b
0000005d
00000129
000001c1
0000020b
0000020b
0000020b
0000020b
0000020b
0000020b
0000020b
0000020b
0000020b
0000020b
00000251
000000db
0000022b
000001a7
fffffffc
ffffff6c
ffffff6c
ffffff6c
ffffff6c
ffffff6c
ffffff6c
ffffff6c
ffffff6c
ffffff6c
ffffff6c
ffffff6c
ffffff6c
ffffff6c
ffffff6c
ffffff6c
ffffff6c
ffffff6c
ffffff6c
ffffff6c
ffffff6c
ffffff6c
ffffff6c
ffffff6c
ffffff6c
ffffff6c
ffffff6c
ffffff6c
fffffdec
fffffa22
fffff8b2
fffff9b8
fffffc0e
fffffe56
ffffffee
fffffef2
fffffeae
fffffe22
fffffcc6
fffffe54
fffffd24
fffffce4
fffffd6e
000001b8
000000d0
0000042a
000003f4
00000288
0000005c
ffffffca
ffffff6c
ffffff6c
ffffff6c
ffffff6c
ffffff6c
ffffff6c
ffffff6c
ffffff6c
ffffff6c
ffffff6c
fffffd18
fffffd58
0000021c
0000022f
000001fe
000000e4
000000e4
000000e4
000000e4
000000e4
000000e4
000000e4
000000e4
000000e4
000000e4
000000e4
000000e4
000000e4
000000e4
000000e4
000000e4
000000e4
000000e4
000000e4
000000e4
000000e4
000000e4
000000e4
000000e4
000000e4
000000e4
000000e4
00000118
00000168
fffffc08
fffffca8
fffffbd2
fffffe72
ffffff36
00000032
fffffeca
00000000
ffffffbe
ffffffe8
ffffffd6
ffffff9e
000000a8
fffffe08
fffffe92
fffffe52
ffffffbc
ffffff08
00000008
00000118
000000e4
000000e4
000000e4
000000e4
000000e4
000000e4
000000e4
000000e4
000000e4
000000e4
000001c3
fffffe9e
fffffaee
fffffbc1
fffffe8c
00000028
00000028
00000028
00000028
00000028
00000028
00000028
00000028
00000028
00000028
00000028
00000028
00000028
00000028
00000028
00000028
00000028
00000028
00000028
00000028
00000028
00000028
00000028
00000028
00000028
00000028
00000028
0000014e
00000348
0000052e
000007aa
000008ba
000003b0
ffffff7e
ffffff48
ffffff44
fffffe22
fffffd54
fffffcfe
ffffff50
ffffff2a
fffffbc6
fffffb3a
fffffb64
fffffbe4
fffffa8e
fffffd98
ffffff86
ffffffda
00000028
00000028
00000028
00000028
00000028
00000028
00000028
00000028
00000028
00000028
000000e4
00000388
000001fb
0000027b
00000150
00000111
00000111
00000111
00000111
00000111
00000111
00000111
00000111
00000111
00000111
00000111
00000111
00000111
00000111
00000111
00000111
00000111
00000111
00000111
00000111
00000111
00000111
00000111
00000111
00000111
00000111
00000111
000000db
fffffe59
fffffdb5
fffffd73
fffffbdb
fffffd8f
fffffed5
fffffeff
fffffea7
fffffeff
fffffea7
fffffed3
fffffe5b
ffffffcf
ffffff41
00000125
fffffff5
fffffedf
0000004f
ffffffb7
000000a9
000000f9
00000111
00000111
00000111
00000111
00000111
00000111
00000111
00000111
00000111
00000111
ffffff87
ffffff12
0000013b
fffffe93
ffffffdd
00000010
00000010
00000010
00000010
00000010
00000010
00000010
00000010
00000010
00000010
00000010
00000010
00000010
00000010
00000010
00000010
00000010
00000010
00000010
00000010
00000010
00000010
00000010
00000010
00000010
00000010
00000010
ffffffac
ffffff30
ffffff2c
fffffeae
000002a8
0000019c
00000050
ffffffd8
ffffff46
fffffe9e
ffffff2c
fffffe9a
ffffff28
00000040
00000132
00000318
00000224
000004f0
ffffff24
fffffda8
ffffff82
00000020
00000010
00000010
00000010
00000010
00000010
00000010
00000010
00000010
00000010
00000010
ffffffe6
ffffff25
ffffffd1
00000099
0000010c
00000096
00000096
00000096
00000096
00000096
00000096
00000096
00000096
00000096
00000096
00000096
00000096
00000096
00000096
00000096
00000096
00000096
00000096
00000096
00000096
00000096
00000096
00000096
00000096
00000096
00000096
00000096
0000006e
ffffffb2
00000048
fffffed6
fffffe48
ffffff54
fffffdee
fffffe64
fffffe18
fffffede
fffffe58
fffffe90
fffffe1a
fffffedc
ffffff96
ffffff4c
000001b4
000000ec
0000011a
0000029e
0000023e
00000104
00000096
00000096
00000096
00000096
00000096
00000096
00000096
00000096
00000096
00000096
000000a6
000000b6
ffffff43
fffffde7
fffffdff
fffffedb
fffffedb
fffffedb
fffffedb
fffffedb
fffffedb
fffffedb
fffffedb
fffffedb
fffffedb
fffffedb
fffffedb
fffffedb
fffffedb
fffffedb
fffffedb
fffffedb
fffffedb
fffffedb
fffffedb
fffffedb
fffffedb
fffffedb
fffffedb
fffffedb
fffffedb
fffffedb
fffffedd
0000000b
ffffff97
00000029
00000255
000001cf
0000011f
00000167
0000018d
000001f7
000001a3
0000024f
000000b9
00000083
0000004b
0000003d
ffffff41
fffffd65
fffffc03
fffffd3f
fffffefb
ffffff0b
fffffedb
fffffedb
fffffedb
fffffedb
fffffedb
fffffedb
fffffedb
fffffedb
fffffedb
fffffedb
ffffff59
ffffff74
ffffff98
00000285
00000281
00000199
00000199
00000199
00000199
00000199
00000199
00000199
00000199
00000199
00000199
00000199
00000199
00000199
00000199
00000199
00000199
00000199
00000199
00000199
00000199
00000199
00000199
00000199
00000199
00000199
00000199
00000199
00000161
0000046f
000003db
00000129
fffffe53
fffffd17
fffffe27
fffffd6b
fffffef5
fffffdb5
fffffd2d
fffffdd7
fffffdd3
fffffddf
fffffbad
fffffe09
fffffeb5
00000001
000002bb
000000d5
00000189
000001d7
00000199
00000199
00000199
00000199
00000199
00000199
00000199
00000199
00000199
00000199
00000350
000002ae
fffffe09
fffffdf2
ffffff3a
ffffff5e
ffffff5e
ffffff5e
ffffff5e
ffffff5e
ffffff5e
ffffff5e
ffffff5e
ffffff5e
ffffff5e
ffffff5e
ffffff5e
ffffff5e
ffffff5e
ffffff5e
ffffff5e
ffffff5e
ffffff5e
ffffff5e
ffffff5e
ffffff5e
ffffff5e
ffffff5e
ffffff5e
ffffff5e
ffffff5e
ffffff5e
ffffff04
fffffed2
fffffeec
000002c4
00000424
0000025e
0000016c
00000042
000000d8
00000056
000000ec
00000094
000000a6
00000272
00000132
0000009a
000001ce
00000124
0000005c
000000b2
0000002c
ffffff96
ffffff5e
ffffff5e
ffffff5e
ffffff5e
ffffff5e
ffffff5e
ffffff5e
ffffff5e
ffffff5e
ffffff5e
ffffff33
fffffeb6
00000257
ffffff7b
000000a6
000000fc
000000fc
000000fc
000000fc
000000fc
000000fc
000000fc
000000fc
000000fc
000000fc
000000fc
000000fc
000000fc
000000fc
000000fc
000000fc
000000fc
000000fc
000000fc
000000fc
000000fc
000000fc
000000fc
000000fc
000000fc
000000fc
000000fc
000000a0
fffffd7e
fffff95a
fffffb66
00000208
00000310
ffffffba
000000b0
fffffee0
0000004a
000000d2
000000e8
0000004a
ffffff06
000001ac
fffffe30
000001a8
000003ae
0000035e
0000010c
000000aa
000000be
000000fc
000000fc
000000fc
000000fc
000000fc
000000fc
000000fc
000000fc
000000fc
000000fc
ffffff0b
fffffd30
ffffffcc
fffffe23
ffffff49
00000095
00000095
00000095
00000095
00000095
00000095
00000095
00000095
00000095
00000095
00000095
00000095
00000095
00000095
00000095
00000095
00000095
00000095
00000095
00000095
00000095
00000095
00000095
00000095
00000095
00000095
00000095
000000e1
00000137
0000006b
ffffff79
0000020f
00000255
fffffef9
fffffd5d
fffffdb1
fffffc19
fffffc1b
fffffc4d
fffffd25
fffffd61
fffffe99
ffffffb7
000000af
00000331
000001c1
00000205
00000169
000000e3
00000095
00000095
00000095
00000095
00000095
00000095
00000095
00000095
00000095
00000095
0000005e
0000002d
fffffc5c
ffffff64
ffffffba
000000b4
000000b4
000000b4
000000b4
000000b4
000000b4
000000b4
000000b4
000000b4
000000b4
000000b4
000000b4
000000b4
000000b4
000000b4
000000b4
000000b4
000000b4
000000b4
000000b4
000000b4
000000b4
000000b4
000000b4
000000b4
000000b4
000000b4
00000120
0000046c
00000666
00000614
000001c4
0000000e
fffffdce
fffffce6
fffffd34
fffffd0c
fffffd10
fffffddc
fffffda4
fffffd5c
fffffcde
fffffc3a
fffffb0c
fffffce2
fffffd4e
0000013e
000000fa
000000a2
000000b4
000000b4
000000b4
000000b4
000000b4
000000b4
000000b4
000000b4
000000b4
000000b4
0000033c
000004c5
00000125
00000067
00000023
000000af
000000af
000000af
000000af
000000af
000000af
000000af
000000af
000000af
000000af
000000af
000000af
000000af
000000af
000000af
000000af
000000af
000000af
000000af
000000af
000000af
000000af
000000af
000000af
000000af
000000af
000000af
ffffffd9
fffffe15
fffffefd
fffffec7
ffffff59
000000f7
000001af
00000199
000000f1
00000195
ffffff9d
fffffead
fffffe25
fffffb7f
fffffa43
fffff8c1
fffff8d7
fffffc13
fffffeb1
00000101
000001a9
00000119
000000af
000000af
000000af
000000af
000000af
000000af
000000af
000000af
000000af
000000af
00000037
0000001f
fffffc18
fffffbba
fffffc98
ffffff22
ffffff22
ffffff22
ffffff22
ffffff22
ffffff22
ffffff22
ffffff22
ffffff22
ffffff22
ffffff22
ffffff22
ffffff22
ffffff22
ffffff22
ffffff22
ffffff22
ffffff22
ffffff22
ffffff22
ffffff22
ffffff22
ffffff22
ffffff22
ffffff22
ffffff22
ffffff22
ffffffa4
ffffffd2
000003ca
000006ac
000008f4
0000061c
00000186
000001bc
00000040
000000da
00000152
00000194
ffffff3a
fffffeba
fffffcf0
fffffdf4
fffffc9c
fffffa92
fffffbb6
fffffa08
fffffd46
fffffec6
ffffff22
ffffff22
ffffff22
ffffff22
ffffff22
ffffff22
ffffff22
ffffff22
ffffff22
ffffff22
fffffe9f
000001de
000002a6
00000260
000001a4
00000188
00000188
00000188
00000188
00000188
00000188
00000188
00000188
00000188
00000188
00000188
00000188
00000188
00000188
00000188
00000188
00000188
00000188
00000188
00000188
00000188
00000188
00000188
00000188
00000188
00000188
00000188
00000040
fffff8aa
fffff726
fffffa50
fffffd84
fffffece
fffffd96
fffffeba
fffffe68
fffffeaa
0000001a
ffffff1e
ffffffd2
ffffff8c
fffffc56
ffffff0a
00000048
00000284
00000316
0000038e
000001c0
0000018a
00000188
00000188
00000188
00000188
00000188
00000188
00000188
00000188
00000188
00000188
fffffd33
fffffcee
00000179
000002dd
000001c3
0000013c
0000013c
0000013c
0000013c
0000013c
0000013c
0000013c
0000013c
0000013c
0000013c
0000013c
0000013c
0000013c
0000013c
0000013c
0000013c
0000013c
0000013c
0000013c
0000013c
0000013c
0000013c
0000013c
0000013c
0000013c
0000013c
0000013c
000001d6
000001c8
00000306
00000024
fffff9d2
fffffbc8
fffffe36
ffffffaa
ffffff0e
0000005c
ffffffb8
0000005e
000000a4
ffffffb4
0000014a
0000012e
ffffff28
fffffeec
ffffffce
0000002c
000000d8
000000ea
0000013c
0000013c
0000013c
0000013c
0000013c
0000013c
0000013c
0000013c
0000013c
0000013c
0000013a
000001a7
00000053
00000071
000000c5
0000006b
0000006b
0000006b
0000006b
0000006b
0000006b
0000006b
0000006b
0000006b
0000006b
0000006b
0000006b
0000006b
0000006b
0000006b
0000006b
0000006b
0000006b
0000006b
0000006b
0000006b
0000006b
0000006b
0000006b
0000006b
0000006b
0000006b
fffffff7
ffffff4f
ffffffb9
ffffff47
ffffff15
fffffdf9
fffffe6b
fffffe0d
fffffe49
fffffe35
fffffdbf
fffffd67
fffffe69
fffffe41
fffffec1
ffffff55
fffffe07
fffffee7
ffffff13
fffffebd
ffffffe7
0000006f
0000006b
0000006b
0000006b
0000006b
0000006b
0000006b
0000006b
0000006b
0000006b
0000006b
0000001e
fffffffb
00000058
000000f4
fffffe6c
fffffebe
fffffebe
fffffebe
fffffebe
fffffebe
fffffebe
fffffebe
fffffebe
fffffebe
fffffebe
fffffebe
fffffebe
fffffebe
fffffebe
fffffebe
fffffebe
fffffebe
fffffebe
fffffebe
fffffebe
fffffebe
fffffebe
fffffebe
fffffebe
fffffebe
fffffebe
fffffebe
fffffec8
fffffed0
ffffff44
fffffe78
fffffdca
00000110
00000258
00000268
00000190
0000019e
0000016a
00000258
00000194
000001b2
0000000e
000001b6
00000112
fffffe82
000001b2
ffffff16
fffffeb2
fffffe82
fffffebe
fffffebe
fffffebe
fffffebe
fffffebe
fffffebe
fffffebe
fffffebe
fffffebe
fffffebe
fffffddb
fffffe9d
ffffff66
fffffe57
fffffe7a
fffffee3
fffffee3
fffffee3
fffffee3
fffffee3
fffffee3
fffffee3
fffffee3
fffffee3
fffffee3
fffffee3
fffffee3
fffffee3
fffffee3
fffffee3
fffffee3
fffffee3
fffffee3
fffffee3
fffffee3
fffffee3
fffffee3
fffffee3
fffffee3
fffffee3
fffffee3
fffffee3
fffffecd
fffffdf9
fffffd23
000000c3
00000241
00000235
000001f3
00000169
00000187
000001db
000001a9
00000231
0000013f
00000141
000001f5
0000027d
00000229
00000011
fffffc8b
fffffc47
fffffe2d
fffffe97
fffffee3
fffffee3
fffffee3
fffffee3
fffffee3
fffffee3
fffffee3
fffffee3
fffffee3
fffffee3
fffffee6
fffffddf
00000128
0000008c
0000007f
fffffffa
fffffffa
fffffffa
fffffffa
fffffffa
fffffffa
fffffffa
fffffffa
fffffffa
fffffffa
fffffffa
fffffffa
fffffffa
fffffffa
fffffffa
fffffffa
fffffffa
fffffffa
fffffffa
fffffffa
fffffffa
fffffffa
fffffffa
fffffffa
fffffffa
fffffffa
fffffffa
ffffff3a
ffffff38
ffffff68
fffffe96
fffffd88
fffffcf0
00000006
fffffe4a
fffffe96
fffffe8a
fffffde0
fffffd94
fffffd12
fffffd00
fffffd84
fffffe74
fffffe28
ffffffca
ffffffce
0000009e
00000066
00000018
fffffffa
fffffffa
fffffffa
fffffffa
fffffffa
fffffffa
fffffffa
fffffffa
fffffffa
fffffffa
0000000e
ffffff4c
fffffa7a
fffffaa3
fffffddc
ffffff47
ffffff47
ffffff47
ffffff47
ffffff47
ffffff47
ffffff47
ffffff47
ffffff47
ffffff47
ffffff47
ffffff47
ffffff47
ffffff47
ffffff47
ffffff47
ffffff47
ffffff47
ffffff47
ffffff47
ffffff47
ffffff47
ffffff47
ffffff47
ffffff47
ffffff47
ffffff47
0000004d
000007ef
00000a11
0000092f
00000727
00000385
fffffee9
00000009
00000085
ffffffc1
00000005
ffffff6b
fffffffd
fffffe25
fffffe65
fffff969
fffff4b1
fffff67f
fffff3ed
fffffbf1
fffffe33
ffffff99
ffffff47
ffffff47
ffffff47
ffffff47
ffffff47
ffffff47
ffffff47
ffffff47
ffffff47
ffffff47
000003f2
00000444
000004f3
00000193
00000171
00000074
00000074
00000074
00000074
00000074
00000074
00000074
00000074
00000074
00000074
00000074
00000074
00000074
00000074
00000074
00000074
00000074
00000074
00000074
00000074
00000074
00000074
00000074
00000074
00000074
00000074
00000074
ffffffc6
fffffb0e
fffff6d4
fffff6f6
fffffe26
000000a0
00000218
0000027c
000002d6
000002b4
00000236
00000282
0000015c
000001d4
000002d2
0000044c
00000828
00000774
0000079e
0000021e
0000009c
00000054
00000074
00000074
00000074
00000074
00000074
00000074
00000074
00000074
00000074
00000074
fffffca9
fffffa6e
ffffff98
ffffffdb
ffffffcb
ffffff9b
ffffff9b
ffffff9b
ffffff9b
ffffff9b
ffffff9b
ffffff9b
ffffff9b
ffffff9b
ffffff9b
ffffff9b
ffffff9b
ffffff9b
ffffff9b
ffffff9b
ffffff9b
ffffff9b
ffffff9b
ffffff9b
ffffff9b
ffffff9b
ffffff9b
ffffff9b
ffffff9b
ffffff9b
ffffff9b
ffffff9b
ffffff95
00000027
ffffffc5
00000013
00000043
0000000d
00000061
ffffffff
00000063
ffffffbd
00000161
ffffffe7
0000000b
00000107
ffffffeb
0000029f
000001b9
0000020b
00000215
0000017f
00000087
ffffffe9
ffffff9b
ffffff9b
ffffff9b
ffffff9b
ffffff9b
ffffff9b
ffffff9b
ffffff9b
ffffff9b
ffffff9b
fffffff7
ffffffd4
00000409
0000038e
ffffff2f
fffffe17
fffffe17
fffffe17
fffffe17
fffffe17
fffffe17
fffffe17
fffffe17
fffffe17
fffffe17
fffffe17
fffffe17
fffffe17
fffffe17
fffffe17
fffffe17
fffffe17
fffffe17
fffffe17
fffffe17
fffffe17
fffffe17
fffffe17
fffffe17
fffffe17
fffffe17
fffffe17
fffffdd9
fffffc15
fffff9ff
fffff87b
fffff857
fffffde7
0000024f
000002d7
0000037f
00000413
000003db
00000495
0000025d
000001a3
0000012d
00000357
000003e9
0000014f
00000259
fffffe43
fffffe3b
fffffdd7
fffffe17
fffffe17
fffffe17
fffffe17
fffffe17
fffffe17
fffffe17
fffffe17
fffffe17
fffffe17
fffffd9b
fffffb9a
ffffffd6
ffffff81
ffffff5d
ffffffef
ffffffef
ffffffef
ffffffef
ffffffef
ffffffef
ffffffef
ffffffef
ffffffef
ffffffef
ffffffef
ffffffef
ffffffef
ffffffef
ffffffef
ffffffef
ffffffef
ffffffef
ffffffef
ffffffef
ffffffef
ffffffef
ffffffef
ffffffef
ffffffef
ffffffef
ffffffef
0000008d
000000a1
ffffffcf
000000df
000002a1
00000255
000000b1
ffffffd1
00000085
0000003b
00000179
000001d7
0000021b
000003fd
000003a7
00000391
00000495
0000038d
00000203
000001cb
000000f3
00000029
ffffffef
ffffffef
ffffffef
ffffffef
ffffffef
ffffffef
ffffffef
ffffffef
ffffffef
ffffffef
ffffff9e
ffffff95
ffffff3c
000000f0
000000f5
00000081
00000081
00000081
00000081
00000081
00000081
00000081
00000081
00000081
00000081
00000081
00000081
00000081
00000081
00000081
00000081
00000081
00000081
00000081
00000081
00000081
00000081
00000081
00000081
00000081
00000081
00000081
ffffffdf
00000115
ffffffcd
ffffff63
fffffdff
fffffd8f
fffffdab
fffffd8f
fffffd87
fffffde7
fffffd9b
fffffe83
fffffe95
ffffff71
ffffffdd
fffffe63
ffffff89
000001e1
00000459
000001a7
000000ef
000000e5
00000081
00000081
00000081
00000081
00000081
00000081
00000081
00000081
00000081
00000081
000000a4
000000b2
ffffff9f
0000004c
00000018
0000004f
0000004f
0000004f
0000004f
0000004f
0000004f
0000004f
0000004f
0000004f
0000004f
0000004f
0000004f
0000004f
0000004f
0000004f
0000004f
0000004f
0000004f
0000004f
0000004f
0000004f
0000004f
0000004f
0000004f
0000004f
0000004f
0000004f
000000ef
00000381
0000023d
000003b5
000002cf
00000045
ffffffa3
0000003f
ffffffb3
00000019
ffffffd1
ffffff93
ffffff95
000000df
00000111
ffffffa9
fffffea5
fffffca5
fffffee7
fffffebf
00000003
ffffffdd
0000004f
0000004f
0000004f
0000004f
0000004f
0000004f
0000004f
0000004f
0000004f
0000004f
000000df
00000016
fffffdab
ffffffe5
fffffdc5
fffffca3
fffffca3
fffffca3
fffffca3
fffffca3
fffffca3
fffffca3
fffffca3
fffffca3
fffffca3
fffffca3
fffffca3
fffffca3
fffffca3
fffffca3
fffffca3
fffffca3
fffffca3
fffffca3
fffffca3
fffffca3
fffffca3
fffffca3
fffffca3
fffffca3
fffffca3
fffffca3
fffffe15
00000031
ffffff21
fffffe01
fffffcf9
fffffedf
00000227
000003ed
00000439
00000323
000003d5
000003d7
000004a7
00000505
000003ab
000001ab
00000005
fffffe05
fffffdcf
fffffe83
fffffd51
fffffc83
fffffca3
fffffca3
fffffca3
fffffca3
fffffca3
fffffca3
fffffca3
fffffca3
fffffca3
fffffca3
fffffd54
fffffdca
00000033
000000f4
0000029b
000001d5
000001d5
000001d5
000001d5
000001d5
000001d5
000001d5
000001d5
000001d5
000001d5
000001d5
000001d5
000001d5
000001d5
000001d5
000001d5
000001d5
000001d5
000001d5
000001d5
000001d5
000001d5
000001d5
000001d5
000001d5
000001d5
000001d5
000001df
00000215
00000245
000002af
00000245
fffffddb
fffffe43
fffffedf
fffffedb
ffffff43
fffffff3
ffffff77
000000bd
fffffff1
0000016f
00000023
00000037
0000008b
ffffff0f
00000151
00000153
000001bd
000001d5
000001d5
000001d5
000001d5
000001d5
000001d5
000001d5
000001d5
000001d5
000001d5
0000022b
00000264
fffffff0
ffffff4e
0000011d
00000132
00000132
00000132
00000132
00000132
00000132
00000132
00000132
00000132
00000132
00000132
00000132
00000132
00000132
00000132
00000132
00000132
00000132
00000132
00000132
00000132
00000132
00000132
00000132
00000132
00000132
00000132
00000112
00000262
000000ba
00000142
000000c0
fffffdcc
fffffe1c
fffffe72
fffffea0
fffffe0a
fffffeca
fffffe90
fffffe3a
fffffe32
fffffd36
fffffb6a
fffffbce
fffffc4e
fffffd1a
0000021e
0000019a
00000124
00000132
00000132
00000132
00000132
00000132
00000132
00000132
00000132
00000132
00000132
000001d3
00000080
00000063
fffffe5a
fffffeb8
ffffff4f
ffffff4f
ffffff4f
ffffff4f
ffffff4f
ffffff4f
ffffff4f
ffffff4f
ffffff4f
ffffff4f
ffffff4f
ffffff4f
ffffff4f
ffffff4f
ffffff4f
ffffff4f
ffffff4f
ffffff4f
ffffff4f
ffffff4f
ffffff4f
ffffff4f
ffffff4f
ffffff4f
ffffff4f
ffffff4f
ffffff4f
fffffeef
fffffe4b
fffffda9
fffffe3b
0000004f
000000f5
00000143
00000103
0000010b
00000103
ffffffd1
0000002d
ffffff41
ffffff7f
fffffdf5
ffffff43
ffffff89
fffffeaf
ffffff91
ffffff55
ffffff5f
ffffff3d
ffffff4f
ffffff4f
ffffff4f
ffffff4f
ffffff4f
ffffff4f
ffffff4f
ffffff4f
ffffff4f
ffffff4f
ffffff42
ffffff35
fffffee2
fffffeef
ffffffc0
00000049
00000049
00000049
00000049
00000049
00000049
00000049
00000049
00000049
00000049
00000049
00000049
00000049
00000049
00000049
00000049
00000049
00000049
00000049
00000049
00000049
00000049
00000049
00000049
00000049
00000049
00000049
0000002b
000001a9
00000109
000000d9
000001eb
00000231
000000c9
0000010f
00000043
fffffefd
fffffe77
fffffec9
ffffff0b
fffffe37
fffffc95
fffff933
fffffa0b
fffff931
fffffab9
fffffd7b
ffffffa1
00000085
00000049
00000049
00000049
00000049
00000049
00000049
00000049
00000049
00000049
00000049
0000003c
00000013
00000053
00000082
00000049
00000061
00000061
00000061
00000061
00000061
00000061
00000061
00000061
00000061
00000061
00000061
00000061
00000061
00000061
00000061
00000061
00000061
00000061
00000061
00000061
00000061
00000061
00000061
00000061
00000061
00000061
00000061
fffffff1
ffffff8f
000000b1
0000004b
ffffffc1
00000005
ffffff2f
ffffffd3
ffffff29
ffffffb5
ffffff4b
ffffff37
ffffffcf
ffffff29
ffffffc5
fffffed7
fffffdab
fffffed9
fffffe23
0000001d
0000003b
00000075
00000061
00000061
00000061
00000061
00000061
00000061
00000061
00000061
00000061
00000061
0000004c
00000057
0000022b
0000026a
00000036
00000076
00000076
00000076
00000076
00000076
00000076
00000076
00000076
00000076
00000076
00000076
00000076
00000076
00000076
00000076
00000076
00000076
00000076
00000076
00000076
00000076
00000076
00000076
00000076
00000076
00000076
00000076
00000076
000000a0
fffffdc6
fffffda4
fffffd5c
000000e2
000001da
00000300
0000026c
00000300
0000039a
0000036c
000002c2
00000288
000001ea
ffffff9e
fffffd8e
fffffdfe
ffffff8a
ffffff5a
00000056
0000009e
00000076
00000076
00000076
00000076
00000076
00000076
00000076
00000076
00000076
00000076
ffffff15
fffffefe
fffffe0a
00000027
ffffffca
fffffee2
fffffee2
fffffee2
fffffee2
fffffee2
fffffee2
fffffee2
fffffee2
fffffee2
fffffee2
fffffee2
fffffee2
fffffee2
fffffee2
fffffee2
fffffee2
fffffee2
fffffee2
fffffee2
fffffee2
fffffee2
fffffee2
fffffee2
fffffee2
fffffee2
fffffee2
fffffee2
ffffff2e
0000034c
000004aa
00000246
fffffdac
fffffc6a
ffffffe2
000000a4
0000003a
000000d6
ffffff7a
ffffff40
ffffff38
fffffdfc
ffffff0c
fffffb24
fffff692
fffff54e
fffff5fa
fffffc1a
fffffe8c
ffffff30
fffffee2
fffffee2
fffffee2
fffffee2
fffffee2
fffffee2
fffffee2
fffffee2
fffffee2
fffffee2
00000132
00000192
fffffeaa
fffffeb7
fffffee0
fffffee7
fffffee7
fffffee7
fffffee7
fffffee7
fffffee7
fffffee7
fffffee7
fffffee7
fffffee7
fffffee7
fffffee7
fffffee7
fffffee7
fffffee7
fffffee7
fffffee7
fffffee7
fffffee7
fffffee7
fffffee7
fffffee7
fffffee7
fffffee7
fffffee7
fffffee7
fffffee7
fffffec1
00000103
0000027f
00000299
00000209
00000129
000000e5
000000c3
000000e3
000000e7
00000175
00000111
000000e1
ffffff61
000000dd
fffffeeb
ffffff79
fffffea5
fffffe8f
fffffe71
fffffe91
fffffedf
fffffee7
fffffee7
fffffee7
fffffee7
fffffee7
fffffee7
fffffee7
fffffee7
fffffee7
fffffee7
0000006c
000000aa
fffffffb
00000015
00000071
0000008f
0000008f
0000008f
0000008f
0000008f
0000008f
0000008f
0000008f
0000008f
0000008f
0000008f
0000008f
0000008f
0000008f
0000008f
0000008f
0000008f
0000008f
0000008f
0000008f
0000008f
0000008f
0000008f
0000008f
0000008f
0000008f
0000008f
00000071
0000015d
00000291
00000367
00000319
000001d5
00000085
ffffffc3
00000005
0000001d
fffffff9
ffffff35
00000051
000000d7
00000265
0000056d
000003cd
00000239
000000bd
ffffff5f
ffffffcb
00000073
0000008f
0000008f
0000008f
0000008f
0000008f
0000008f
0000008f
0000008f
0000008f
0000008f
0000008f
00000113
00000006
000000a2
00000003
ffffff98
ffffff98
ffffff98
ffffff98
ffffff98
ffffff98
ffffff98
ffffff98
ffffff98
ffffff98
ffffff98
ffffff98
ffffff98
ffffff98
ffffff98
ffffff98
ffffff98
ffffff98
ffffff98
ffffff98
ffffff98
ffffff98
ffffff98
ffffff98
ffffff98
ffffff98
ffffff98
ffffff9c
0000036a
00000382
ffffff48
fffffc8e
fffffc86
0000001c
fffffdbc
ffffff14
fffffefc
fffffd96
ffffff0a
ffffff38
fffffdee
ffffff52
fffffce6
fffffcb8
fffffe48
00000038
0000011c
000000de
ffffffd0
ffffff98
ffffff98
ffffff98
ffffff98
ffffff98
ffffff98
ffffff98
ffffff98
ffffff98
ffffff98
00000256
0000023f
000001bf
00000227
000002e2
000002e5
000002e5
000002e5
000002e5
000002e5
000002e5
000002e5
000002e5
000002e5
000002e5
000002e5
000002e5
000002e5
000002e5
000002e5
000002e5
000002e5
000002e5
000002e5
000002e5
000002e5
000002e5
000002e5
000002e5
000002e5
000002e5
000002e5
000002a9
00000213
00000097
00000053
0000002f
ffffff8b
fffffec5
fffffe5f
fffffe23
fffffe05
fffffd27
fffffcb3
fffffbcb
fffffbc7
fffffbd7
fffffd43
fffffe3d
ffffff55
00000061
00000211
000002bf
000002e9
000002e5
000002e5
000002e5
000002e5
000002e5
000002e5
000002e5
000002e5
000002e5
000002e5
00000224
0000016f
fffffd4c
fffffd70
fffffdc6
fffffe2f
fffffe2f
fffffe2f
fffffe2f
fffffe2f
fffffe2f
fffffe2f
fffffe2f
fffffe2f
fffffe2f
fffffe2f
fffffe2f
fffffe2f
fffffe2f
fffffe2f
fffffe2f
fffffe2f
fffffe2f
fffffe2f
fffffe2f
fffffe2f
fffffe2f
fffffe2f
fffffe2f
fffffe2f
fffffe2f
fffffe2f
fffffe79
00000189
0000043b
00000449
000003ad
000001db
000001af
00000237
0000025b
00000251
0000025d
0000024f
00000341
000000b5
000002c5
00000073
00000025
ffffff3d
fffffd85
fffffced
fffffd4b
fffffde5
fffffe2f
fffffe2f
fffffe2f
fffffe2f
fffffe2f
fffffe2f
fffffe2f
fffffe2f
fffffe2f
fffffe2f
ffffffc3
000000cb
00000427
0000048e
0000018b
000000a9
000000a9
000000a9
000000a9
000000a9
000000a9
000000a9
000000a9
000000a9
000000a9
000000a9
000000a9
000000a9
000000a9
000000a9
000000a9
000000a9
000000a9
000000a9
000000a9
000000a9
000000a9
000000a9
000000a9
000000a9
000000a9
000000a9
00000111
000000c3
fffffdbf
fffff817
fffff6f9
fffffc27
fffffe0d
fffffc55
fffffd05
fffffe15
fffffd65
fffffe01
ffffff6f
fffffff7
ffffffb1
ffffffe1
00000125
000006dd
0000076f
000006c1
000002ad
00000119
000000a9
000000a9
000000a9
000000a9
000000a9
000000a9
000000a9
000000a9
000000a9
000000a9
000001a8
00000030
fffffe66
fffffe6d
fffffeb9
ffffff41
ffffff41
ffffff41
ffffff41
ffffff41
ffffff41
ffffff41
ffffff41
ffffff41
ffffff41
ffffff41
ffffff41
ffffff41
ffffff41
ffffff41
ffffff41
ffffff41
ffffff41
ffffff41
ffffff41
ffffff41
ffffff41
ffffff41
ffffff41
ffffff41
ffffff41
ffffff41
ffffff9d
00000177
00000139
000001a1
0000013f
ffffff6f
fffffeb3
ffffff07
ffffff37
ffffffbd
ffffffe3
00000029
000000b5
00000297
00000229
0000022f
0000006f
fffffdcb
fffffe0b
fffffeff
ffffff17
fffffeff
ffffff41
ffffff41
ffffff41
ffffff41
ffffff41
ffffff41
ffffff41
ffffff41
ffffff41
ffffff41
0000008f
000000bd
0000015e
00000154
000000ac
ffffff71
ffffff71
ffffff71
ffffff71
ffffff71
ffffff71
ffffff71
ffffff71
ffffff71
ffffff71
ffffff71
ffffff71
ffffff71
ffffff71
ffffff71
ffffff71
ffffff71
ffffff71
ffffff71
ffffff71
ffffff71
ffffff71
ffffff71
ffffff71
ffffff71
ffffff71
ffffff71
ffffff85
fffffcef
fffffbab
fffffd4b
fffffd93
000000db
00000129
ffffff95
fffffe6d
fffffdb7
fffffccf
fffffb7d
fffffa6d
fffffb3d
fffffb99
fffffc2f
fffffc17
fffffd6b
0000004d
000000d9
000000f1
0000000f
ffffff71
ffffff71
ffffff71
ffffff71
ffffff71
ffffff71
ffffff71
ffffff71
ffffff71
ffffff71
fffffe68
fffffe06
00000072
00000077
ffffffe0
000000ad
000000ad
000000ad
000000ad
000000ad
000000ad
000000ad
000000ad
000000ad
000000ad
000000ad
000000ad
000000ad
000000ad
000000ad
000000ad
000000ad
000000ad
000000ad
000000ad
000000ad
000000ad
000000ad
000000ad
000000ad
000000ad
000000ad
00000087
fffffba9
fffffad3
fffffdef
fffffdc7
fffffee7
ffffff57
ffffff6b
ffffff83
0000005b
000000a3
ffffff41
fffffe89
ffffff69
fffffc17
00000001
fffffffb
000001c5
00000391
000001fb
000000f5
00000043
000000ad
000000ad
000000ad
000000ad
000000ad
000000ad
000000ad
000000ad
000000ad
000000ad
fffffe7c
fffffea5
ffffffdf
ffffff45
ffffffe0
ffffff88
ffffff88
ffffff88
ffffff88
ffffff88
ffffff88
ffffff88
ffffff88
ffffff88
ffffff88
ffffff88
ffffff88
ffffff88
ffffff88
ffffff88
ffffff88
ffffff88
ffffff88
ffffff88
ffffff88
ffffff88
ffffff88
ffffff88
ffffff88
ffffff88
ffffff88
ffffff88
ffffffc2
ffffff9a
fffffed0
ffffff7a
0000001a
0000018e
ffffffb2
00000056
0000009c
000000f6
000000b8
0000003e
00000048
0000008e
0000025a
00000252
0000019e
00000510
000002fa
0000023c
00000094
ffffff9e
ffffff88
ffffff88
ffffff88
ffffff88
ffffff88
ffffff88
ffffff88
ffffff88
ffffff88
ffffff88
ffffffc7
ffffff39
0000067b
00000463
00000179
00000047
00000047
00000047
00000047
00000047
00000047
00000047
00000047
00000047
00000047
00000047
00000047
00000047
00000047
00000047
00000047
00000047
00000047
00000047
00000047
00000047
00000047
00000047
00000047
00000047
00000047
00000047
ffffff7d
000000f9
fffffba5
fffff639
fffff709
fffffdd7
0000022d
000000c3
000001dd
000000b5
00000133
0000027b
ffffffe7
fffffceb
fffffdc5
0000011d
000003b7
000006ed
000006a5
0000040b
0000011b
0000005f
00000047
00000047
00000047
00000047
00000047
00000047
00000047
00000047
00000047
00000047
0000014e
fffffd3c
0000008a
000000f8
00000179
000001c3
000001c3
000001c3
000001c3
000001c3
000001c3
000001c3
000001c3
000001c3
000001c3
000001c3
000001c3
000001c3
000001c3
000001c3
000001c3
000001c3
000001c3
000001c3
000001c3
000001c3
000001c3
000001c3
000001c3
000001c3
000001c3
000001c3
00000265
00000241
00000373
000001dd
00000225
0000014f
0000002f
ffffff67
ffffffb3
fffffff3
00000013
0000007d
0000004d
000001e9
000001cb
00000443
000006a3
000005c5
000004b7
000002fb
000001fd
000001a3
000001c3
000001c3
000001c3
000001c3
000001c3
000001c3
000001c3
000001c3
000001c3
000001c3
000001c6
00000234
ffffffcc
0000008d
fffffdfc
fffffd94
fffffd94
fffffd94
fffffd94
fffffd94
fffffd94
fffffd94
fffffd94
fffffd94
fffffd94
fffffd94
fffffd94
fffffd94
fffffd94
fffffd94
fffffd94
fffffd94
fffffd94
fffffd94
fffffd94
fffffd94
fffffd94
fffffd94
fffffd94
fffffd94
fffffd94
fffffd94
fffffd46
fffffdba
fffffe4e
fffffe6e
fffffc80
000001ae
0000025c
000002c8
00000250
00000252
00000196
00000162
00000120
0000018c
00000104
ffffff86
ffffff22
fffffe76
0000004e
ffffffea
ffffff34
fffffdf2
fffffd94
fffffd94
fffffd94
fffffd94
fffffd94
fffffd94
fffffd94
fffffd94
fffffd94
fffffd94
fffffdc6
fffffd7c
fffffd2c
fffffced
fffffd98
fffffdbb
fffffdbb
fffffdbb
fffffdbb
fffffdbb
fffffdbb
fffffdbb
fffffdbb
fffffdbb
fffffdbb
fffffdbb
fffffdbb
fffffdbb
fffffdbb
fffffdbb
fffffdbb
fffffdbb
fffffdbb
fffffdbb
fffffdbb
fffffdbb
fffffdbb
fffffdbb
fffffdbb
fffffdbb
fffffdbb
fffffdbb
fffffd6d
fffffd09
fffffd85
000001c7
000002b1
0000047d
00000135
00000159
00000083
00000123
00000003
0000019d
000000d5
000000b7
00000285
ffffffc7
00000229
ffffff91
ffffffd9
fffffe31
fffffe95
fffffe57
fffffdbb
fffffdbb
fffffdbb
fffffdbb
fffffdbb
fffffdbb
fffffdbb
fffffdbb
fffffdbb
fffffdbb
fffffdb2
fffffdb2
fffffef5
ffffffe9
00000189
000000a0
000000a0
000000a0
000000a0
000000a0
000000a0
000000a0
000000a0
000000a0
000000a0
000000a0
000000a0
000000a0
000000a0
000000a0
000000a0
000000a0
000000a0
000000a0
000000a0
000000a0
000000a0
000000a0
000000a0
000000a0
000000a0
000000a0
00000182
00000566
000003fe
00000464
00000148
fffffe2a
00000036
00000148
000000c2
00000124
000000b2
0000005e
000000e4
00000124
0000065a
00000636
00000512
ffffffee
fffffe02
fffffdf6
fffffe7e
fffffffa
000000a0
000000a0
000000a0
000000a0
000000a0
000000a0
000000a0
000000a0
000000a0
000000a0
000001f1
0000021f
000000df
00000015
fffffcd4
fffffc7b
fffffc7b
fffffc7b
fffffc7b
fffffc7b
fffffc7b
fffffc7b
fffffc7b
fffffc7b
fffffc7b
fffffc7b
fffffc7b
fffffc7b
fffffc7b
fffffc7b
fffffc7b
fffffc7b
fffffc7b
fffffc7b
fffffc7b
fffffc7b
fffffc7b
fffffc7b
fffffc7b
fffffc7b
fffffc7b
fffffc7b
fffffdb7
fffffea5
fffffb7d
fffffb31
fffffa73
000002a3
00000583
000005b7
000004ef
00000459
0000038f
00000369
00000173
00000289
00000097
fffffef5
0000001f
fffffd59
000000dd
fffffe11
fffffd6f
fffffcbb
fffffc7b
fffffc7b
fffffc7b
fffffc7b
fffffc7b
fffffc7b
fffffc7b
fffffc7b
fffffc7b
fffffc7b
fffffcb2
fffffbd2
ffffff1d
0000001f
000001cd
00000111
00000111
00000111
00000111
00000111
00000111
00000111
00000111
00000111
00000111
00000111
00000111
00000111
00000111
00000111
00000111
00000111
00000111
00000111
00000111
00000111
00000111
00000111
00000111
00000111
00000111
00000111
000000ad
0000023d
000005c5
00000517
00000273
fffffef3
ffffff59
00000093
ffffff99
ffffff25
ffffff49
fffffe55
fffffd97
fffffe33
ffffff8b
0000010b
ffffff91
fffffdbf
fffffff7
0000005f
00000087
000000d3
00000111
00000111
00000111
00000111
00000111
00000111
00000111
00000111
00000111
00000111
000001ba
00000311
ffffffd9
ffffffee
0000005a
000000ca
000000ca
000000ca
000000ca
000000ca
000000ca
000000ca
000000ca
000000ca
000000ca
000000ca
000000ca
000000ca
000000ca
000000ca
000000ca
000000ca
000000ca
000000ca
000000ca
000000ca
000000ca
000000ca
000000ca
000000ca
000000ca
000000ca
000001c0
000001ce
00000278
000002ea
00000220
00000026
0000001c
0000006e
ffffff88
fffffe80
ffffffb8
ffffff0e
fffffff6
00000032
000000a2
ffffff0e
fffffebe
fffffde2
ffffff1c
fffffe26
00000002
00000046
000000ca
000000ca
000000ca
000000ca
000000ca
000000ca
000000ca
000000ca
000000ca
000000ca
000000d9
00000155
000003a7
00000349
0000029b
0000019d
0000019d
0000019d
0000019d
0000019d
0000019d
0000019d
0000019d
0000019d
0000019d
0000019d
0000019d
0000019d
0000019d
0000019d
0000019d
0000019d
0000019d
0000019d
0000019d
0000019d
0000019d
0000019d
0000019d
0000019d
0000019d
0000019d
000001a7
0000024d
fffffeed
fffffcf3
fffffb91
fffffc8d
fffffe57
ffffff8d
fffffebd
ffffffd9
0000001d
000000d7
ffffff87
fffffd87
00000209
fffffdc3
00000035
00000027
00000163
000001b1
00000163
00000177
0000019d
0000019d
0000019d
0000019d
0000019d
0000019d
0000019d
0000019d
0000019d
0000019d
000001e6
ffffff7d
000002e4
000002b5
ffffff11
fffffe2b
fffffe2b
fffffe2b
fffffe2b
fffffe2b
fffffe2b
fffffe2b
fffffe2b
fffffe2b
fffffe2b
fffffe2b
fffffe2b
fffffe2b
fffffe2b
fffffe2b
fffffe2b
fffffe2b
fffffe2b
fffffe2b
fffffe2b
fffffe2b
fffffe2b
fffffe2b
fffffe2b
fffffe2b
fffffe2b
fffffe2b
fffffde1
fffffca3
fffffb97
fffff955
fffff983
fffffe09
000002a1
000002a7
000002d9
00000345
0000029f
0000036b
00000117
00000217
00000131
00000223
000003a9
00000127
0000025d
fffffea7
fffffe35
fffffdef
fffffe2b
fffffe2b
fffffe2b
fffffe2b
fffffe2b
fffffe2b
fffffe2b
fffffe2b
fffffe2b
fffffe2b
fffffda4
fffffc48
ffffff35
ffffff20
ffffff27
fffffeb1
fffffeb1
fffffeb1
fffffeb1
fffffeb1
fffffeb1
fffffeb1
fffffeb1
fffffeb1
fffffeb1
fffffeb1
fffffeb1
fffffeb1
fffffeb1
fffffeb1
fffffeb1
fffffeb1
fffffeb1
fffffeb1
fffffeb1
fffffeb1
fffffeb1
fffffeb1
fffffeb1
fffffeb1
fffffeb1
fffffeb1
fffffe37
fffffdd7
fffffe5b
000000a3
000000b5
00000153
0000009d
000000a1
00000005
0000000b
ffffff11
0000001b
ffffff1f
0000010b
0000023b
000003df
00000445
00000217
000000fb
00000101
ffffffbf
ffffff41
fffffeb1
fffffeb1
fffffeb1
fffffeb1
fffffeb1
fffffeb1
fffffeb1
fffffeb1
fffffeb1
fffffeb1
fffffe8b
fffffe6b
fffffcf7
ffffffe7
00000231
00000197
00000197
00000197
00000197
00000197
00000197
00000197
00000197
00000197
00000197
00000197
00000197
00000197
00000197
00000197
00000197
00000197
00000197
00000197
00000197
00000197
00000197
00000197
00000197
00000197
00000197
00000197
00000275
0000039f
00000689
00000867
00000467
ffffffe1
00000001
00000191
000001c1
000001f3
00000219
000000cd
000000ef
ffffff23
fffffde5
fffffe4d
0000003d
ffffffab
fffffe87
00000171
00000169
000001a5
00000197
00000197
00000197
00000197
00000197
00000197
00000197
00000197
00000197
00000197
000002c0
00000352
00000392
00000316
000001c9
000000f5
000000f5
000000f5
000000f5
000000f5
000000f5
000000f5
000000f5
000000f5
000000f5
000000f5
000000f5
000000f5
000000f5
000000f5
000000f5
000000f5
000000f5
000000f5
000000f5
000000f5
000000f5
000000f5
000000f5
000000f5
000000f5
000000f5
000001a9
ffffff71
fffffc7b
fffffa5f
fffffa87
fffffe41
ffffffcd
00000037
00000031
ffffffa7
00000009
ffffffbd
0000001d
000001d9
00000265
00000381
0000024b
00000165
0000029f
00000255
000001f9
0000012d
000000f5
000000f5
000000f5
000000f5
000000f5
000000f5
000000f5
000000f5
000000f5
000000f5
ffffffe3
fffffdbb
fffffd36
fffffdb7
000000a5
00000131
00000131
00000131
00000131
00000131
00000131
00000131
00000131
00000131
00000131
00000131
00000131
00000131
00000131
00000131
00000131
00000131
00000131
00000131
00000131
00000131
00000131
00000131
00000131
00000131
00000131
00000131
00000111
00000291
00000679
00000787
00000739
ffffff0d
fffffdd5
fffffdeb
fffffe23
fffffcc9
fffffe6f
fffffccb
fffffe43
ffffff1b
00000075
ffffff69
fffffe17
fffffd87
fffffaa9
fffffc89
fffffeff
0000010d
00000131
00000131
00000131
00000131
00000131
00000131
00000131
00000131
00000131
00000131
000001d5
00000312
00000079
0000008e
0000005d
0000007a
0000007a
0000007a
0000007a
0000007a
0000007a
0000007a
0000007a
0000007a
0000007a
0000007a
0000007a
0000007a
0000007a
0000007a
0000007a
0000007a
0000007a
0000007a
0000007a
0000007a
0000007a
0000007a
0000007a
0000007a
0000007a
0000007a
ffffff88
fffffd30
fffffe70
ffffffba
ffffffde
ffffffcc
ffffff66
ffffff86
ffffff44
ffffff0e
ffffff7a
ffffff20
fffffef8
fffffe20
fffffe78
ffffffb6
ffffff7a
00000006
ffffffc0
ffffff9c
00000016
0000006e
0000007a
0000007a
0000007a
0000007a
0000007a
0000007a
0000007a
0000007a
0000007a
0000007a
fffffe95
ffffff2d
000005fb
000001d4
0000002f
ffffff15
ffffff15
ffffff15
ffffff15
ffffff15
ffffff15
ffffff15
ffffff15
ffffff15
ffffff15
ffffff15
ffffff15
ffffff15
ffffff15
ffffff15
ffffff15
ffffff15
ffffff15
ffffff15
ffffff15
ffffff15
ffffff15
ffffff15
ffffff15
ffffff15
ffffff15
ffffff15
fffffeed
fffffa51
fffff611
fffff561
fffff93d
fffffdd3
000000a3
0000023d
00000189
000002d9
0000013b
000001f5
ffffffc3
000001f7
00000471
00000825
000009df
00000959
000006cd
00000111
ffffff05
ffffff25
ffffff15
ffffff15
ffffff15
ffffff15
ffffff15
ffffff15
ffffff15
ffffff15
ffffff15
ffffff15
fffffafb
fffff8df
00000084
000002cc
0000024e
00000214
00000214
00000214
00000214
00000214
00000214
00000214
00000214
00000214
00000214
00000214
00000214
00000214
00000214
00000214
00000214
00000214
00000214
00000214
00000214
00000214
00000214
00000214
00000214
00000214
00000214
00000214
00000228
00000512
0000033c
00000180
fffffd32
fffffcac
fffffcda
fffffc96
fffffe06
fffffcd0
fffffd56
fffffedc
fffffe0e
fffffde8
fffffc3c
ffffffc0
fffffe58
ffffff00
00000124
000001bc
00000224
00000234
00000214
00000214
00000214
00000214
00000214
00000214
00000214
00000214
00000214
00000214
0000040a
0000022b
00000168
0000003d
ffffffb7
ffffffd5
ffffffd5
ffffffd5
ffffffd5
ffffffd5
ffffffd5
ffffffd5
ffffffd5
ffffffd5
ffffffd5
ffffffd5
ffffffd5
ffffffd5
ffffffd5
ffffffd5
ffffffd5
ffffffd5
ffffffd5
ffffffd5
ffffffd5
ffffffd5
ffffffd5
ffffffd5
ffffffd5
ffffffd5
ffffffd5
ffffffd5
ffffffad
fffffaa5
fffff9bb
fffffc9b
fffffe4b
ffffff3b
00000029
ffffffeb
00000023
00000007
0000002d
fffffedf
ffffff01
0000009d
00000229
000005b1
0000075d
000001dd
0000023f
ffffff99
00000021
ffffffe3
ffffffd5
ffffffd5
ffffffd5
ffffffd5
ffffffd5
ffffffd5
ffffffd5
ffffffd5
ffffffd5
ffffffd5
fffffcd7
fffffc09
fffffddc
fffffde6
fffffebb
ffffff00
ffffff00
ffffff00
ffffff00
ffffff00
ffffff00
ffffff00
ffffff00
ffffff00
ffffff00
ffffff00
ffffff00
ffffff00
ffffff00
ffffff00
ffffff00
ffffff00
ffffff00
ffffff00
ffffff00
ffffff00
ffffff00
ffffff00
ffffff00
ffffff00
ffffff00
ffffff00
fffffeb4
fffffe26
fffffe46
000002e2
0000031c
000001fe
0000015a
00000178
0000029a
00000120
00000284
000000d0
ffffffba
ffffffa8
0000006c
00000076
00000126
0000008c
fffffe00
fffffe3c
fffffe78
ffffff16
ffffff00
ffffff00
ffffff00
ffffff00
ffffff00
ffffff00
ffffff00
ffffff00
ffffff00
ffffff00
fffffeaa
fffffe64
00000104
000000cf
0000008c
fffffea4
fffffea4
fffffea4
fffffea4
fffffea4
fffffea4
fffffea4
fffffea4
fffffea4
fffffea4
fffffea4
fffffea4
fffffea4
fffffea4
fffffea4
fffffea4
fffffea4
fffffea4
fffffea4
fffffea4
fffffea4
fffffea4
fffffea4
fffffea4
fffffea4
fffffea4
fffffea4
fffffe42
fffffc5a
fffffd46
fffffd2c
fffffdd2
ffffff34
0000006c
00000188
0000025a
000001e6
00000164
000000aa
ffffffd2
fffffdf8
fffffe2e
fffffea0
fffffda0
fffffed0
ffffffe6
ffffffd8
fffffee6
ffffff22
fffffea4
fffffea4
fffffea4
fffffea4
fffffea4
fffffea4
fffffea4
fffffea4
fffffea4
fffffea4
fffffe30
fffffde5
00000382
00000302
000001cc
00000200
00000200
00000200
00000200
00000200
00000200
00000200
00000200
00000200
00000200
00000200
00000200
00000200
00000200
00000200
00000200
00000200
00000200
00000200
00000200
00000200
00000200
00000200
00000200
00000200
00000200
00000200
00000242
000000f2
fffffe5c
fffffd66
fffffbb0
fffffd3e
fffffe02
fffffe9a
ffffff5c
fffffe7c
ffffff08
fffffe1e
fffffe52
0000008c
00000174
000001d0
000003b6
0000046e
00000584
0000054a
000003d4
0000023c
00000200
00000200
00000200
00000200
00000200
00000200
00000200
00000200
00000200
00000200
00000162
fffffe68
000003a0
0000034d
000001e1
0000029c
0000029c
0000029c
0000029c
0000029c
0000029c
0000029c
0000029c
0000029c
0000029c
0000029c
0000029c
0000029c
0000029c
0000029c
0000029c
0000029c
0000029c
0000029c
0000029c
0000029c
0000029c
0000029c
0000029c
0000029c
0000029c
0000029c
000002a8
ffffff8e
ffffff08
fffffe4c
fffffdfc
ffffff84
fffffd92
fffffca6
fffffd36
fffffc74
fffffd4c
fffffdc8
fffffe7a
00000170
00000206
00000584
0000070e
000008bc
0000078c
00000450
000002da
00000228
0000029c
0000029c
0000029c
0000029c
0000029c
0000029c
0000029c
0000029c
0000029c
0000029c
000000b5
ffffffe6
00000238
00000210
0000016a
000000fd
000000fd
000000fd
000000fd
000000fd
000000fd
000000fd
000000fd
000000fd
000000fd
000000fd
000000fd
000000fd
000000fd
000000fd
000000fd
000000fd
000000fd
000000fd
000000fd
000000fd
000000fd
000000fd
000000fd
000000fd
000000fd
000000fd
00000117
fffffcf9
fffffc95
fffffc65
fffffc57
fffffddd
ffffffa3
ffffffa1
ffffff19
ffffff89
fffffffb
ffffff53
ffffff8b
fffffff7
fffffefb
ffffffd7
ffffff95
ffffffe7
000000af
0000002f
00000099
000000cf
000000fd
000000fd
000000fd
000000fd
000000fd
000000fd
000000fd
000000fd
000000fd
000000fd
fffffec4
fffffe93
00000009
0000007d
00000052
00000090
00000090
00000090
00000090
00000090
00000090
00000090
00000090
00000090
00000090
00000090
00000090
00000090
00000090
00000090
00000090
00000090
00000090
00000090
00000090
00000090
00000090
00000090
00000090
00000090
00000090
00000090
000000ac
000000a6
0000005e
000000a4
ffffffb0
ffffffe2
fffffef4
fffffe36
fffffefa
fffffee4
ffffff00
ffffff0c
ffffffa2
fffffeca
fffffdba
fffffe2e
fffffdb0
fffffdfa
fffffe6c
ffffff32
00000024
000000ba
00000090
00000090
00000090
00000090
00000090
00000090
00000090
00000090
00000090
00000090
000000b0
00000072
00000155
000002e3
00000396
000002a5
000002a5
000002a5
000002a5
000002a5
000002a5
000002a5
000002a5
000002a5
000002a5
000002a5
000002a5
000002a5
000002a5
000002a5
000002a5
000002a5
000002a5
000002a5
000002a5
000002a5
000002a5
000002a5
000002a5
000002a5
000002a5
000002a5
00000267
000001f5
000003bf
0000025d
fffffe4b
fffffc07
fffffe89
fffffda1
ffffff13
ffffff37
fffffef5
ffffffbb
fffffff3
00000077
00000179
000003c1
00000061
00000045
00000099
000000fb
0000013d
0000025d
000002a5
000002a5
000002a5
000002a5
000002a5
000002a5
000002a5
000002a5
000002a5
000002a5
00000166
000002f0
ffffff2d
ffffffb9
ffffff38
fffffebf
fffffebf
fffffebf
fffffebf
fffffebf
fffffebf
fffffebf
fffffebf
fffffebf
fffffebf
fffffebf
fffffebf
fffffebf
fffffebf
fffffebf
fffffebf
fffffebf
fffffebf
fffffebf
fffffebf
fffffebf
fffffebf
fffffebf
fffffebf
fffffebf
fffffebf
fffffebf
ffffff8f
ffffffdf
000000a7
fffffff3
ffffff21
fffffe3d
000000df
00000125
0000007b
00000113
ffffffe1
ffffffc1
0000000d
ffffff1f
000001cb
0000006d
000003c3
000002b5
000002a3
00000165
ffffff51
fffffe7d
fffffebf
fffffebf
fffffebf
fffffebf
fffffebf
fffffebf
fffffebf
fffffebf
fffffebf
fffffebf
ffffff3e
ffffff69
0000017b
0000017f
00000155
00000114
00000114
00000114
00000114
00000114
00000114
00000114
00000114
00000114
00000114
00000114
00000114
00000114
00000114
00000114
00000114
00000114
00000114
00000114
00000114
00000114
00000114
00000114
00000114
00000114
00000114
00000114
00000128
0000006e
ffffff62
ffffff6c
fffffdf4
fffffe68
fffffd12
fffffe60
fffffec4
ffffff9a
ffffffb8
0000008c
000001f0
000002f8
000006f2
0000082c
000008bc
000007d4
0000056e
00000326
000000f0
00000144
00000114
00000114
00000114
00000114
00000114
00000114
00000114
00000114
00000114
00000114
000000d6
00000081
ffffffff
0000018c
00000378
00000306
00000306
00000306
00000306
00000306
00000306
00000306
00000306
00000306
00000306
00000306
00000306
00000306
00000306
00000306
00000306
00000306
00000306
00000306
00000306
00000306
00000306
00000306
00000306
00000306
00000306
00000306
00000374
000004fa
0000041e
00000302
00000142
fffffb4e
fffffd20
fffffc8a
fffffcde
fffffbe2
fffffd0c
fffffd90
fffffc8c
fffffd56
fffffd84
ffffff30
ffffffaa
fffffcfc
ffffffac
000001bc
000002b6
000002e2
00000306
00000306
00000306
00000306
00000306
00000306
00000306
00000306
00000306
00000306
000004ac
000003ea
