ffffe09f
00001f34
ffffdf93
ffffe41d
ffffdaa7
ffffd642
fffff946
ffffba06
fffff246
ffffcd09
ffffdcec
ffffcbb1
00000dea
00000437
00005d85
0000013e
00007073
000063bc
0000628b
000062ae
00009a35
0000c62b
0000983a
0000ce49
00009d9b
0000e928
00009f49
0000b75b
0000e5c0
00009e7b
000112ca
0000fba5
00012015
00010333
000097f7
0000d5c2
00007343
0000b23e
00001537
000043ba
ffffa561
ffffe7ca
ffffd091
00001305
ffff4ff1
ffffb48b
ffff44b8
ffff73bd
ffff5aaa
ffff1c53
ffff5513
ffff473b
ffff4913
ffff61d2
ffff7641
ffff9c9b
ffff4eb1
ffffbd8c
ffff8396
ffff70cf
ffff7389
ffffab3b
ffffaed9
ffffd55a
ffffe46a
ffffa9fa
ffffd193
ffffaeba
ffffd81b
fffffcb0
ffffdbf5
fffff53e
fffff68c
ffffdace
ffffd125
ffffccb0
fffff20f
ffffdf2b
00001223
000019d8
00000213
000061e4
00005962
000054dc
fffff92d
00001a17
00001f0e
00002acc
00002e87
00001654
0000370b
00003b9a
00000154
000034c0
ffffecd8
00003910
ffffefab
0000088e
ffffb3d1
ffffdbbd
ffff7d17
ffffe527
ffffae22
ffffaccf
ffffc0d3
ffffc7f8
ffffc5b2
fffff8c2
fffff5b5
fffff2ca
fffff114
fffff358
0000086c
ffffe097
fffff0cc
ffffff06
fffffe5a
fffff991
000006ba
ffffe403
fffff321
ffffdacb
ffffd246
ffffb682
ffffac08
ffffc269
ffffb7cd
ffffcfa4
ffffe7e3
ffffd6ce
fffffae4
ffffd60c
ffffdfbe
ffffb43d
fffff986
ffffe431
ffffe29a
ffffd8fb
00000c28
00002f87
ffffbca6
00003186
ffffcf01
ffffdd34
ffffb814
ffffb0ce
ffff77fb
ffffc8e5
ffffe2c2
ffff9b10
ffffcb9b
ffffa59d
ffffd1d8
ffffa052
ffffe767
ffffeba3
fffff3f1
ffffa649
ffffc229
ffff7934
ffff9148
ffff8a7f
ffffbdc3
ffffa074
ffffb757
ffff8bc0
ffff936a
ffff7055
ffff63ed
ffff5124
ffff7a44
ffff42e1
ffffa21c
ffff4391
ffff9558
ffff615b
ffff87fe
ffff9253
ffffc37f
ffffcf5d
ffffde32
ffffd7ed
ffffd75c
ffffea54
ffffec79
fffffc27
00003c2a
000058e2
00002d4f
000023bf
00000db2
00002c8c
fffffc6e
ffffaca9
fffffd9f
ffffbfd4
ffffd660
ffffeb87
fffff5e9
00000697
ffffff93
000005c0
fffffd7b
ffffd454
0000311c
fffff556
00002427
00002b57
00001434
00002507
000047b6
0000345e
00000edc
00002fcd
0000147a
00002761
000002f8
000014d4
00001adb
ffffd511
00000978
ffffeca4
00001c39
fffff4b6
00002c6c
ffffef51
fffff359
fffffcba
ffffde3d
0000054e
ffffe26a
ffffa5d1
0000133a
ffffa74b
fffff0f4
ffffcf01
fffffcb2
ffffeb7f
000000c3
ffffcfd0
000001fd
00000071
ffffec0c
ffffce3b
ffffe442
ffffef25
fffffd63
fffff228
ffffe1a7
ffffde84
ffffcb2d
ffffd05c
ffffc2ce
ffffe86f
fffff18f
ffffdb5d
00005d0b
00009857
00003ec0
0000110b
00002231
0000155a
00002952
ffffcdf8
0000026f
ffffebb7
ffffdc47
ffffc9c9
ffff91c9
ffff9cc3
ffffbd17
ffffc2fb
ffffa277
ffffb689
ffff9b67
ffffa745
ffffb997
ffffd060
ffffe121
fffff7c6
fffffb7c
000020cd
fffffc4d
0000467c
00002f86
0000134e
00000f48
00009394
00003699
000085e9
ffff9d22
00002cee
ffffbe90
000021a2
ffff6e16
ffffcd3b
ffff1f09
ffff919f
ffff717b
ffff8b4a
ffff3ca1
ffff6985
ffff467e
ffff56b1
ffff5faa
ffff3b63
ffffabea
ffff8a4b
ffffa64d
ffffe68f
ffffbf5e
ffffe4e6
ffffd2f1
fffffc21
000015a6
0000053d
000001b4
000006db
000012d4
00001a78
00000d57
0000023a
fffff794
ffffda75
ffffe7fc
00000607
0000053f
fffff657
ffffff91
fffff30a
0000175c
ffffea9f
000034a3
fffff580
00000c72
0000098f
00000c70
ffffbb46
ffffe4f0
ffffd4d9
ffffa5a6
ffffb6ac
ffffaa61
ffffa294
ffff9a39
ffffce2c
ffff81f1
ffffa015
ffffbf80
ffffc420
ffffe913
ffffb65c
ffffdfe9
ffffb868
fffff1f4
ffffc913
ffffd59e
ffffe504
ffffe4e6
ffffea60
00001c38
ffffed12
fffff2dd
fffffe15
00000105
0000256f
fffff071
ffffdf02
000017e8
ffffec5d
00000c64
ffffb2f8
ffffd37c
00000399
ffffdb0f
fffff74e
00000079
fffff6d8
000002ea
00003766
00001609
000021b8
000019db
00003422
ffff3e8c
ffff8706
ffffb1d8
ffffbc55
ffff92b9
ffffa45f
ffffbe0e
ffffbe5f
ffffb416
ffffb855
00000223
000000f9
ffffe444
00000fab
ffffddac
ffffbf50
ffffd4e9
ffffbad2
ffff995a
ffffb5af
00001a85
00000868
fffff761
00000dc5
ffffecba
000013b5
ffffedca
00000818
ffffefd2
0000239a
0000359b
000021ec
000029c2
000035bb
00007a3d
00009bcb
00009e70
00004cc6
00008490
00007c3d
00004361
00005cd5
00005586
00003497
00000e76
ffffee9e
000016f1
00000738
ffffd2b5
ffffef16
ffffd14a
000036a6
00000749
ffffe13c
ffffeb52
ffffe62d
00001125
ffffed5c
00001d16
00001ab3
00001abd
00002136
000015c9
00000859
ffffa223
ffffcea6
ffff8b32
ffff8f42
ffffa769
ffffdc03
ffffc1e9
ffffb5dd
ffffc94b
ffff9e85
ffffd010
ffffc2e9
ffffce2d
ffff9895
ffffc448
ffff946e
ffffa83e
ffffad4c
ffff8266
ffffa264
ffff9eee
ffffdc83
ffffaf88
ffffc40f
ffff941f
ffffdac4
ffff8a11
ffffdaa2
ffff612d
ffffcee9
ffff4b86
ffffab5b
ffff5799
ffffb3c3
ffff4865
ffff9523
ffff314d
ffff6df1
ffff1480
ffff89cb
ffff06f6
ffff95f4
ffff2fa4
ffff9b78
ffff136c
ffff8483
ffff24c3
ffff65cd
ffff6461
ffff1e12
ffff59d3
ffff3684
ffff4534
ffff7148
ffff4814
ffff7bcc
ffff8202
ffffab38
ffffb9aa
ffffa87a
ffffa971
ffffbc2a
ffffc7f3
ffffd88b
ffffde40
00002232
fffff6bf
00008a5e
00001453
000011df
ffffc4c9
fffff800
ffffca44
fffff611
000040e8
0000552b
000075cc
00007410
0000923e
00005938
0000afbb
000065d6
0000dec5
0000599d
00009bf9
000072ba
000079bf
00009678
0000a5a2
0000bf0a
0000a58b
00007042
00011ce3
0000ac56
00018149
0001110a
000198fd
0000fd31
0001734e
000130b6
0001c215
00018138
00016c21
0001234f
00013b82
0000a93f
00012fe8
0000b8f4
000082e2
00004ba6
0000482c
00001320
ffffce8e
00000874
ffffa9bf
ffffd421
ffff9fd3
ffffa502
ffffe1bc
fffffdec
fffff6bc
0000235f
0000029f
0000366b
fffff70b
00001f2e
000001f5
00003664
ffffc163
ffff8104
ffffd13d
ffff9f4e
ffffac19
ffffb875
000009db
00001c79
00002922
00001ccf
000020f0
fffffda2
ffffedd1
000033c7
00002208
0000574f
000033b9
0000b3ec
000083c4
00005b17
0000ec55
0000c742
0000f8b9
000105d2
0000f7e9
0000e15a
0000f40d
00011d6f
0000e0c5
00012944
0000c4c5
0000f504
0000d487
0000efda
0000d310
00010ae1
00007990
0000fd3a
00010b7d
00008793
000155d7
0000bd7f
000103d8
000091ee
00017c8b
0001139e
000167da
00013b7b
00017e94
00013f17
0001041a
00010df4
0000f104
0000bdf9
00009fd6
000091c1
00008507
00005371
00004886
0000348f
000062f4
00002f4a
00001bc9
00001f0c
00002428
ffffdb88
00002282
ffffcb27
fffffa43
ffffd56d
00000db1
ffffd601
fffff5e8
ffffd54b
ffffcae2
ffffaaf6
fffff8df
ffffec77
ffffff77
00002a95
ffffe97e
fffffcc4
00001e58
00002f8f
ffffcfc7
fffff814
ffffbfa8
ffffc5a4
ffffa803
ffffd13d
ffffc2b1
ffff90a9
ffff9982
ffffbd61
ffffd6f6
ffffb6ac
fffff56e
ffffb611
fffff6f4
ffffc93f
ffffbf0f
ffffe88f
00000734
00002310
0000127b
00001f61
00002727
00003604
fffff0fc
000026fa
00001729
fffff294
00005fb1
0000240f
00000db0
ffffb76d
ffffdbc8
ffffe59f
ffffacbf
fffffd88
fffff24a
ffffc2af
ffffeb42
ffffe279
ffffd8b0
fffffb2a
ffffe4c4
00000bb2
fffffdff
ffffe336
ffffb477
ffffbe6e
ffffd349
ffffeffa
ffffdd13
ffffc34a
ffffe471
ffffbb7d
ffffb8aa
ffffb812
ffffdfde
ffffc9d1
ffffeb62
ffffdc9d
ffffedf8
00004cbb
00003201
00003c66
00000d24
00002525
00002c56
00003a9d
00003c73
00002fbb
00003a17
00005608
00003401
000056f3
00003808
000061b6
000033f6
00004a28
fffff884
00001b5f
ffffd159
00002687
ffffdba8
00001315
ffffc443
0000066e
ffffe8c5
00001d15
ffffd768
00000d0e
ffffcb09
ffffee12
fffff922
ffffb113
ffffcf0d
ffffc088
ffffc6f0
ffffd470
ffffb384
ffffd295
ffffb3bc
ffffd68f
ffffbc40
ffff9d3a
ffffa951
ffffb061
ffffad9a
ffffde12
ffff93b4
ffffa442
ffff63f8
ffffc331
ffffbff0
ffffc580
ffffd3be
ffffd86f
ffffd954
ffffdbee
ffffaf5d
ffffbd18
ffffa8a4
ffffd468
fffff10d
fffff91f
ffffdbc2
000045fa
00001dff
00001243
000050c2
00007005
00006faf
00009a00
000091fb
0000ce55
0000654e
0000d1ea
0000d462
00010347
00011941
000159fc
00016965
00015c70
00012a79
00016ead
00010bda
0001882e
0000e2be
0000f5ba
0000ac95
0000ac50
0000a011
00007b27
00000d31
00001954
ffffdbff
ffffe10b
fffffab8
ffff90b7
ffff71fa
ffff5fa9
ffff30b3
ffff3036
ffff2b9a
ffff6596
ffff2958
ffff3e4e
ffff28bd
ffff2edb
ffff1eb7
ffff26ff
ffff2d5f
ffff44a8
ffff7402
ffffad84
ffff9ae0
ffffc0a9
ffff9ed7
ffff91aa
ffffafea
ffff93d7
ffff7e2b
ffff9630
ffffc762
ffffb2fd
ffffc258
ffff6f2f
ffff9401
ffff87b5
ffff6d43
ffff375a
ffff3ebf
ffff5174
fffee618
ffff1e9b
fffee33f
fffeedba
fffeddf9
ffff1c01
fffef01f
ffff129b
fffece6a
ffff056c
fffececd
ffff2d73
fffecfa1
ffff244a
fffef6ba
ffff4792
ffff2fd7
ffff2b5c
ffff3ccd
ffff4662
ffff10c5
ffff3cec
ffff4f20
ffff3d70
ffff339a
ffff45d3
ffff7439
ffff58fa
ffffae46
ffff7e85
ffffbf18
ffff8ac5
ffff9522
ffffaac0
ffffa05c
ffffc318
00000a98
ffffc520
00002215
00004ce3
0000288c
00002f1b
000025f7
000020eb
ffff786e
ffffe4a4
ffff7a79
00001610
ffffc280
ffffd6d3
ffffb48f
ffffcf91
ffffbea9
ffffe0ae
fffff146
fffffb0c
ffffe68f
00001707
fffff7d5
ffffdbae
fffff9e4
fffff25b
fffff017
ffffce5a
00004c49
0000341f
000027ef
00004452
00003caa
00005184
00003963
00001e5c
00006224
00004c75
0000a74d
0000973a
0000c5f7
0000bc3c
0000c132
0000fe7e
0001171e
0001077e
0000fda5
000102a5
00007f46
00009b58
0000b15a
00006f82
ffffd660
ffffcabe
ffffa191
ffffcf20
ffff7de5
ffff8514
ffff5e98
ffffa7be
ffff71e2
ffff4f26
ffff4c42
ffffbe97
ffff90ea
ffffbfca
ffffa72e
ffffb5d4
ffffb162
ffffa004
ffff94a1
ffffbe94
00004941
00002385
000039c0
0000072d
00001898
00001d8f
00000969
0000196b
00000cdd
00001004
00002ffc
00002996
00002227
00004eb5
00003fd7
00003c29
00006f21
00007204
00005ec8
0000b636
fffffe7f
00001516
00001a46
fffff0b5
000002fa
ffffcab8
00002de0
fffff8dd
0000257a
ffffd57d
00000273
fffff27a
ffffea41
ffffd758
ffffb455
ffffa5dc
ffffaa89
ffffc2b7
ffff8884
ffff9ffb
ffff7c09
ffffabfa
ffff9b79
ffffa3ff
ffffaee9
ffffb766
ffffaa10
ffffa118
ffffc8de
ffffbf79
fffff543
ffffd563
fffff05d
000007f1
ffffecf4
ffffea37
00000cf9
ffffe912
00001217
00003c02
00000d91
000017bd
00001180
00000c10
00008592
0000b1ac
000039cd
00008379
000052ea
0000589c
00002782
000009f8
00001db5
00002dba
00004b63
00002545
0000496f
000061e0
00005a53
000010b4
00008642
0000188f
000039eb
00003656
00003dae
000028c6
000015d9
000024f8
00000374
000029eb
0000323e
ffffdab8
000085bc
fffffba4
0000c2fa
00007947
0000d5f7
00008e00
0000979f
00009940
0000efef
000091b8
000079af
00009939
00003479
00004bc0
00007219
0000706b
ffffe4c7
0000232b
ffffbd79
fffffe1a
ffffc066
ffffcd70
ffffb89e
ffffb260
ffff94a5
ffffe36b
ffff8d72
00001503
ffffdf15
00004368
00001fb8
0000753d
0000223f
000043ec
00002c80
000071d2
00000359
00001407
00004583
ffffe9f6
fffffde9
ffffe61d
00002309
ffffe056
00000f42
ffffff1d
000030ee
0000103b
ffffe9df
000019d0
fffffa6a
0000288f
ffffd9d7
000035d6
00000b6e
000014dd
00001cac
000022ea
00002965
00004811
000026e6
0000298e
00003d3f
00000763
fffff0a7
ffffe3ab
ffffc830
ffffe4c2
ffffb086
fffff33f
ffffbd42
00001422
ffffd2ed
00000347
ffffe30b
fffff3cd
ffffc1ff
ffffd14a
ffffff03
ffffe578
fffff4a2
ffffe70c
ffffe7fb
ffffe547
00003b48
fffff1e1
000048dc
000018ec
000037e8
00006221
00002ef0
0000868f
00002984
0000603b
00003940
000031c1
0000442a
00003039
0000337b
0000447f
00002390
0000317d
00002ccc
fffff707
000006d3
00000f5d
00001b8a
ffffedaa
00000307
fffff575
000004f9
ffffeaf8
00000365
fffff454
ffffe1bb
ffffca1a
ffffee7a
ffffb028
ffffbaf3
ffffe298
ffff8848
ffffa573
ffff8f40
ffff8dd9
ffff7df9
ffff89dc
ffff78ea
ffff8eec
ffffa699
ffff90e7
ffffaec5
ffffdb3e
ffffade7
ffffd2ed
ffff9a35
ffff9cde
ffff9f1d
ffff9c88
ffff6b83
ffff9cfa
ffff640d
ffffa232
ffff8315
ffffb5ae
ffff8758
ffffbe48
ffff8df6
ffff97db
ffff988a
ffff8fe7
ffffde60
ffffc026
ffffe227
fffff9f1
fffff90b
ffffdeee
ffffe0b2
ffffdbd9
ffffecae
ffffef8c
ffffeb81
fffff43f
000000b6
ffffe87f
ffff793f
ffffc06a
ffffcbd6
ffffce5f
ffffaba8
ffffcbe7
ffffe853
ffffdef4
ffffe854
ffffd98b
000028e3
00002fb0
00001ee7
00002d37
00002cea
fffffdd6
00002a42
00000544
ffffeec7
ffffefc8
00003c5c
000047a4
0000414a
00005051
00002bd5
0000557e
0000199c
00001b2b
00004ffa
0000333e
0000977b
00004f80
00008862
000069ef
0000bec1
0000cce1
0000d4eb
0000ba06
0000b05c
0000df4e
00006cc1
0000b503
00007f24
000079a9
000002a2
000029a8
ffffefd7
000006cb
ffffe247
ffffba57
ffffb546
fffffb44
ffffc4db
ffffbd66
ffffc973
ffffc08a
ffffb62d
ffffd056
ffffc962
ffffc827
ffffcf15
ffffde5e
ffffe07b
ffffe68f
0000037b
ffffd77a
ffffee45
ffffccda
ffffe166
ffffeef2
fffff646
fffff868
ffffffbf
ffffeca0
ffffea80
fffff043
00001fe7
ffffe9cb
00005370
00006758
00006055
0000ba49
0000ce8a
00008866
00004690
00007fe4
00007c57
000082ed
00009254
0000970a
000081a4
0000b146
00006466
00009a6f
000082ec
0000c07b
00009f11
0000a320
0000c227
0000abf7
0000cce3
0000d698
0000f4ed
0000d556
000142d2
00010853
00011a85
000148e0
00014489
00016f18
00012574
00015701
00010a7b
00011537
000086cb
0000c296
0000651d
00006929
00003f41
00000f81
00002e01
00001730
fffff624
000002de
fffff61c
fffffee0
fffff2d8
000010c9
ffffceae
ffffcb41
00000c34
ffffe031
ffffe38d
000018c4
ffffeef4
0000142f
000017ab
00001079
fffff89f
ffffd2f2
000013dc
ffffe405
fffffae4
ffffed65
000005c5
00002a2c
00001d8e
000039ac
000008ce
0000277c
00001e8b
00002561
00000663
ffffef06
0000325a
ffffe082
00001e36
ffffe905
000006ee
00000111
ffffe5ec
000000f9
ffffd061
fffff3b8
ffffb5d1
ffffe150
ffffc850
ffffc8f7
ffffc113
ffffbeff
ffffec68
ffffc987
ffffdb9b
fffff032
ffffed63
ffffde04
ffffd159
ffffe300
ffffdccd
fffff450
fffffbc6
fffff202
00001140
fffff9d9
ffffd9cf
fffff8eb
ffffc690
ffffbb82
ffffb4d9
ffffce46
ffffd914
ffffac19
000048f1
ffffe8d4
00002117
00001ccb
00002176
00001854
00005f69
0000a9e2
00009a20
0000a80a
00007f36
0000649c
0000a924
0000874f
0000dece
0000ec43
0000fa28
00012767
000164ef
0000dced
00013877
000138b1
000151a4
000151be
00014e8f
000151a4
000147be
00013666
00013578
00011e2b
00011402
0000aa79
0001155a
0000825c
0000d9ca
00009842
00008042
0000f462
0000abb4
00004488
0001160a
00006dcc
000084c4
00007b65
0000f008
0000f381
0000cf42
0000ce3b
0000fb0e
0000f108
0000b375
00007ce6
00007758
00005cee
00007a38
00004f8c
000018fc
ffffeb03
ffffa432
ffffb2a2
ffffd9c4
ffffaff7
ffffb73b
ffffbee2
ffff9208
ffffb3ca
ffff8d86
ffffcb5f
ffffbaa6
ffffac40
ffffd82b
ffffb336
ffffa8d1
ffffa61a
ffffac0e
ffffbf4c
ffff9ae8
ffff9012
ffff63b3
ffff5d96
ffff240c
fffeee76
fffed7c3
ffff09f1
fffebbc7
fffedaea
fffeb261
fffeaa82
fffeab6b
fffec46a
fffe9cc2
fffefc8f
fffe7de2
fffeca3d
fffe561a
fffe9739
fffe4900
fffe9031
fffe9ba4
fffe9eac
fffecac3
fffe886b
fffea253
fffecf2e
fffe9923
fffeee06
fffec363
fffee3c0
fffea04d
fffed9a6
fffee4c3
fffef164
ffff17f2
ffff0443
ffff4868
ffff418d
ffff490f
ffff416d
ffff5fe4
ffff6bf4
ffff92f8
ffff7d0e
ffffc252
ffffccfd
ffffb519
ffffb953
ffffbc92
ffffb20e
fffffff6
00000508
00003738
fffff67a
00000c59
ffffdb8e
00002a97
ffffed67
000005ce
fffffe43
000012a9
00002961
ffffef2b
000015a3
fffff256
fffff3b9
ffffd647
ffffc44d
ffffc2e3
ffffb63e
ffffe1a6
ffffc918
ffffdda9
ffffe4cb
ffffecd3
0000077b
ffffc85e
00002d27
fffff0ec
00001d9d
000008ff
0000169f
fffffa7c
00001640
00002d5f
00004b73
00003c9b
00004311
00004e2f
00001dbd
0000347c
fffffec9
00001bb2
000007b1
000041f9
fffff58c
00002f23
fffffecf
00003f70
0000244c
0000543a
00001c33
00002f4c
000032b6
000036f6
00003502
00003f03
0000281d
00005310
00005132
000053a1
00005324
00005330
00004a77
ffffe5a9
ffffee43
ffffeb07
00000c4d
fffffd88
000017ac
fffff084
0000194a
00000cc1
00001b6c
ffffc23f
ffffdce6
ffffd6c2
ffffcd65
ffffef9a
00000513
ffffa243
00001cc7
fffff414
fffffcd8
ffffc7b9
fffff9f4
fffff7e6
00001346
000011c1
00000333
000006b3
000022d7
00002603
00002f5d
000014cb
000083ed
0000424e
0000671f
ffffe7f6
00003777
ffffed82
00005800
ffffda79
fffffded
ffff97f5
ffffd872
ffffdebc
ffffc7b5
ffff867c
ffff9f66
ffffa74d
ffff8158
ffffb0db
ffff7953
ffff8709
ffffa766
ffffad1f
ffff8ebb
ffffe271
ffffb46c
ffff888b
ffffab18
ffff7061
ffff2148
ffff45d8
ffff4ded
ffff655a
ffff4928
0000136d
fffff246
ffffd79c
ffffe9be
fffff1c9
00000ba5
000003f7
fffff4c7
fffffe4b
ffffd45d
000015be
000015da
00001d33
fffffbcf
00004538
00003da2
00008c35
0000b997
0000cbdc
00006ad3
00008c70
00009d0e
0000cb02
0000e303
00010069
0000d992
0001092b
0000e461
00013066
00009cfc
00012b9e
0000f6a5
00012f14
0001005f
00012091
0000f6f9
0001569b
00010ee7
00010965
0000e9d3
00011d20
0000e5c4
00012049
00010c33
0001028e
0000faac
0000b36f
0000f25d
0000493e
00009aca
000036ec
00008c00
00003fa6
00003d65
0000494c
fffff3b8
00001c71
00002fa9
0000204b
0000282c
00003c13
00002614
00003ef7
0000185c
0000032b
ffffff41
0000026a
ffffba9b
ffffdc70
00003972
ffffdbd7
ffffe225
fffff419
ffffdf95
ffffc26a
ffff8ee1
ffffedab
ffff8310
ffffce35
ffffc2d9
ffffcc5b
00000086
ffffe921
0000044a
ffffc531
fffffcf1
00000148
00001374
fffff6c3
ffffebf2
000011cc
ffffd5a4
00002cd7
ffffe8c5
00003eb7
00006af2
000046bb
00006fc4
ffffff2c
00003978
fffffa63
00002b65
ffffe06f
00001994
ffffdb59
00001298
00000556
00002c68
ffffe989
00002312
ffffe0b1
fffffd21
ffffd877
ffffaf18
ffffdd37
fffff86f
00000545
00001ff6
ffffffe5
ffffe318
ffffcdcc
fffffc90
ffffd283
ffffb13b
ffffc378
ffffd6cf
ffffe376
ffffb94d
ffffcc75
ffff9477
00001547
ffffc632
ffffbb06
ffff91b5
00000d29
00001a3c
00002476
00001d63
00005c74
00004387
0000273e
000063c8
00004066
00008184
000049b3
0000a528
00009bb2
00006bed
0000b502
00008bc3
0000c3bf
0000d02c
0000cb0c
0000a4a7
0000d9bc
0000e1a3
0000d4f3
0000c827
00009f6c
00008d2d
00009330
00008dd2
0000a543
0000c59f
00006a3d
0000bef8
0000c6ad
000034c9
0000ff3b
00004dec
0000ca04
00004892
00014aca
0000aa89
000119f8
0000d5ae
000114df
000101cc
0000cc79
0000bb94
0000ab8f
00008276
0000a7be
0000a026
000091bf
00006440
0000482e
00004332
000060f4
000040fc
00002d12
00003098
fffffa82
0000082e
0000003a
fffffd54
00001e63
000013cd
00001bee
0000385e
0000288e
0000152c
00002c80
00004637
00002c2e
00004c5f
0000470a
00005904
000045cf
00004c64
000051a2
00005026
00003c47
0000285f
00005068
00001b2e
000050d2
0000140e
00003f72
00005a2f
00004406
00000a4f
00002006
ffffdefa
ffffee5e
ffffc4b3
ffffdf37
ffffb954
ffffc68e
ffffeb99
ffffc742
ffff9b66
ffffdc49
ffffaac9
ffffb122
ffffcb6d
ffffcfd3
ffffc831
ffffd083
ffffd349
ffffca04
ffffe138
ffffdf57
fffff612
ffffe9af
fffff3e1
fffffa4b
ffffeafa
fffff6d7
fffff2e5
fffff20a
0000144c
000001a8
fffff346
ffffed0d
fffff60a
00007704
ffffec5b
00002d5d
ffffe53e
00001ec4
fffff699
00005d96
00004da0
00005f8c
00003aad
00003638
000019e8
00004296
00004273
00002eeb
000066de
00001e91
000021eb
00003f47
00002411
0000295c
00001491
00003013
fffffee7
fffffec6
ffffeb22
00000af9
00001758
ffffedb9
ffffd310
ffffc7b3
ffff8259
ffffc0a4
ffff7d61
ffff889b
ffff8205
ffff56d5
ffffb0de
ffff8e90
ffff4d2f
fffff1c8
ffff7705
ffff9693
ffffa4db
00000f4f
ffffe472
000002b8
ffffe111
000030b8
00003a16
000061fe
0000078a
0000418f
0000562b
00003c7f
000023fb
00001bc1
ffffdd4d
ffffe250
0000136f
00001c0c
ffffec84
00000ccf
ffffe229
000009ec
00000346
ffffb447
ffffcd1a
ffffea08
0000108b
ffffebdb
ffffe7d5
0000096d
ffffe831
ffff9189
ffff9460
0000078a
ffff8d62
ffffe460
ffffa8fe
ffffb6b9
ffff8d54
ffffc1c9
ffff9318
ffff489b
ffff7d82
ffff58fd
ffff84d3
ffff6144
ffffb84c
ffff2b37
ffffbdb5
ffff75e1
ffffd391
ffff53f4
ffffb7d7
ffff728d
ffffa23f
ffff4015
ffff7109
ffff07fc
ffff7cb0
fffee497
ffff3361
ffff0c28
ffff4112
fffef905
ffff4ae6
fffeebe4
ffff8cfa
ffff1cd5
ffff2c48
ffffa692
ffff16e3
ffff5895
fffeea05
ffff1e45
ffff44de
ffff69f3
ffff7c25
ffff3936
ffff7a05
ffff5ef9
ffff6dc5
ffff3e80
ffff6609
ffff65df
ffff9c9f
ffffa0cf
ffffcac0
ffffe07a
ffff99e8
ffffa5aa
ffffb0a5
ffffbac0
ffff9220
ffffa228
ffff8be1
000036d1
fffffc6d
00001a2e
ffffd16b
00001a16
00000b91
0000381e
00001c37
000010d9
000012cf
ffffdde3
000018bc
fffff879
00001078
fffff664
00003019
ffffedfd
ffffe411
ffff9a45
ffffe4bc
ffffb2f3
fffffa1c
ffff9a93
fffff53f
ffffa3f1
ffffdd76
ffffbc71
ffffabe5
ffffb565
0000104f
ffff9c4a
fffff643
fffff38a
000004d8
ffffd6e6
00000797
ffffd7ac
ffffcbfd
ffffc0ae
ffffa180
ffffd65e
ffffbe13
ffffcfd2
000004b3
ffffc533
ffffe644
00001df2
000003ae
000036bb
00004783
000056e4
00005d66
00005b50
0000688a
000073c5
00001e47
00006b75
0000106a
000033c9
00000238
000044f3
00003c26
000047aa
000042d2
000029df
00004077
fffff85c
00004792
ffffdd8a
fffffaf6
fffff3d7
0000239f
fffffdb0
00001ebd
00006d36
000025ca
00006bda
000051d7
00007ed6
00002435
000091b1
0000a7ef
0000b947
00007e7c
00005ea8
000012e3
000011ec
00000513
fffff76c
ffffd5bb
ffffa93a
ffffbe56
ffffdb54
ffffc129
ffffbb99
ffffa48e
ffffe036
ffff870f
00003c3d
ffff9ef5
fffffe2b
ffffb6c8
fffffb8c
00000e47
00005044
00004012
0000756b
0000681b
00007d20
000055c2
000030bb
000048c2
000042b9
0000253d
00004766
00002c87
00003083
00001ac9
0000134d
ffffe775
00000ad7
ffffe948
fffff47b
00000443
0000344f
0000494b
00004f35
00003785
00007904
00005868
0000855a
00005af3
0000ac11
000095fd
0000fa4b
000122ad
000121ea
0000e15f
00013bc2
00013ee4
000155a0
00015dd4
00015633
00016043
0001517f
00017cd4
00014584
00015cdf
00014444
0001499f
0001326b
00014edc
00014949
00015232
000126a6
00014307
00014771
00010c70
00017db4
000132c4
0001465d
0001331f
0001922b
00017d7c
00014398
000187f4
000144b6
00013eb6
0000f20a
000114e4
0000dc8c
0000db1c
0000bbc3
000094ae
0000912c
00007c44
00004016
00005dc5
00008522
00005504
0000475d
00004fe9
00000e0c
00000f2c
00001a79
ffffdeb9
fffff883
000022d9
fffffd5d
000010dd
000012e1
0000037c
000043ac
000037fe
00005466
000026e8
0000bb90
000078f4
0000e6d2
00012cde
00011de2
00010804
0000f656
00013717
00013789
0001501c
000141b8
00015c41
00013e85
00013998
00012a97
0000f981
0001379b
0001554b
000143fe
00014b5d
0000c402
0001048c
0000c38d
00011173
000068b3
00009aa5
00001c30
00004f6c
00005a4c
00005e06
00002e6f
00003cb7
0000287b
00001a31
000027d0
fffff8ad
00001f6f
000015bb
0000173b
00003cd5
000027a6
000017cc
00001689
00004291
000042a7
00004590
00003f94
00004fa4
00006a5d
000046e3
0000237c
000030a3
fffff2a4
00003697
fffffd0d
00001caa
fffffac1
0000264a
00002778
00002dee
00005572
000059d5
00004437
0000c59e
00005247
000039ab
0000a979
000085b3
0000833b
00009049
00010d6c
0000aa58
0000ce90
0000c06d
0000d793
0000ae29
000100d9
0000b7f4
00016dcc
0000c290
0001a50e
0000e6e1
000172d4
00010098
00018923
000147e9
00016708
00012749
00013569
00012f52
00010393
0000efe5
0000f4fa
0000c598
0000b004
00009ac9
00006eef
00009230
00000c2a
00004b65
000004f9
00005398
000030b9
000023d1
000013af
00003323
0000099a
00004746
00000778
0000372a
00001360
000012be
fffffec3
0000307e
00000b6a
ffffe01b
ffffe420
ffffeafa
fffff4ce
ffffe292
00003067
00002596
0000351c
00002297
0000200c
00001c90
0000446c
00001c54
00004b4d
000048a0
00007609
0000a1f7
0000b09f
00006ac7
0000beac
0000a3af
0000ca4c
0000bd6f
0000d14a
0000ba52
0000bf39
00010343
0000d078
0000e3a8
000097ab
00008396
000086cf
00006e42
00009817
00007911
000050e6
000097ed
0000721b
00003ec5
0000a6e6
0000553b
00006710
00004a3e
0000ad90
00009fa6
00007485
00009b0d
0000a5f3
000088a3
00005ea9
000043a5
00002cc0
00003787
000037eb
00001b04
00000d88
ffffecc8
ffffc4ef
ffffe6a6
fffff754
ffffc9d9
ffffc734
ffffee2a
000062f7
00007385
00001075
ffffc1ea
fffffe09
00003f33
0000022b
ffffe281
00001d51
fffff970
ffffc814
ffff980e
fffff8a3
ffffa645
0000027d
ffffd1c1
00001e16
00006513
00005619
00005207
00005a4b
00008649
00007b34
0000b2c4
00007e5b
0000a723
000080ef
00009296
0000d515
0000b3a3
00010a5c
0001619c
00011ba1
00017534
0000ab08
0001341f
0000ad29
000104a0
00007b0c
0001123f
000025cd
0000cc90
00008646
0000e2de
fffff7c7
00009088
ffffe349
00003f94
000021db
ffffbbc0
ffffeb55
ffffcd78
ffffd9b9
00001a63
ffffce34
ffffe264
ffffad84
00000a45
ffffcf43
ffffaebd
ffffb2e2
ffffe74d
ffffe706
00000528
00006f2c
00007c13
000021bf
000058fe
00002d7b
00003157
00001c41
fffffc5d
00001baf
000036e2
00000640
ffffdf92
000055f1
00002568
0000132d
ffffc629
000053b4
00000e29
00006de0
00001023
000048fc
00001bea
00001b2c
00004c96
0000400b
000028ab
00005914
00003993
0000c185
00006a54
0000f04c
0000b71a
0000d405
0000c2f7
0000cc1a
00009c4f
000119ef
00007558
0000e9c8
0000f840
00009579
0000ab64
0000efa1
0000d532
00005412
00006bf5
0000220a
00004b72
000013c0
0000245a
00000b01
00000714
000015b6
00001e0c
00001af0
00006f64
00000916
000080c3
00002482
000037aa
00002249
00003845
000032ff
00005bab
0000631f
00006074
000067ff
00001ccd
0000338c
00004633
000040a1
00004f47
000051d2
0000572c
00006faa
00005aa6
000081a7
000092e7
0000a914
0000805a
0001230d
00012418
00012c3a
00011ad2
000159e2
00013a09
00014407
00013721
00012cb2
000103df
00016ff8
00010a8b
00015061
0000e15f
000156f2
000134be
0001428a
0001358d
00010875
0000f5a3
00010048
0000dd8c
0000b613
0000e5b3
00008756
0000bdab
0000c246
0000ca3d
0000b7cc
0000b227
00006cef
00008ed6
00005a8b
0000889b
000079a4
000090ca
00009928
0000c17f
0000809b
00004637
000055ac
00006eba
00005f96
0000725f
00008397
000079fe
00008a50
00006d64
fffff35e
00002891
00004c55
fffff994
00000435
fffffeb7
00002dbf
fffffaa2
000012c8
00000977
000032e2
0000227e
00002860
000014c7
00002702
000011b5
0000163a
ffffed08
ffffe98a
00000f35
ffff8e2f
ffffc7d9
ffffb2c3
ffffaa51
ffff8f8d
ffff9e69
ffff6c6b
ffff7cde
ffff71f7
ffff7419
ffff780d
ffff7dad
ffff4d93
ffff6f6b
ffff7e63
ffff84a9
ffff9ccc
ffff9702
ffffb3b7
ffffb99a
ffffb7f0
ffffcfef
ffffbefc
ffffdfc0
ffffd17a
ffffe620
ffffe26b
ffffdd8d
00000928
ffffe099
00002195
000010ce
000007fa
000021f8
00002a84
00002497
0000195d
00000f84
00002cb2
00003446
00003caa
0000416e
00004f38
00002dfc
ffffa3cc
ffffc344
00002ff9
ffffea2d
ffffebfd
fffff59f
000014cb
00005e99
000044ea
000067a4
00008d26
000072e3
00007c16
000058e8
0000cbfc
00008272
0000e7cd
00010348
0000be80
0000d12e
000123af
00015c33
00013036
0001370e
0000f8c5
00011f4c
0000fd1d
0000dab9
00001dfa
00006d03
ffff9a22
ffffb086
ffff6e5b
ffff9848
ffff4052
ffff0dcd
fffeeb5c
fffee9d8
fffec567
fffe9aa4
ffff0ac8
fffece45
fffedc53
fffee3c0
ffff8837
ffff7be7
ffffdf2d
ffff9e12
ffffd04a
fffff994
000013d4
fffff1ef
00002371
000014b2
00003f6a
00002746
00003129
00002ee4
000029fa
000045c8
00004af6
00004139
0000579d
00000dc5
ffffc29a
ffff5e27
ffffe53c
ffff8d51
ffffa80b
fffff104
ffffcd08
0000051f
fffffdcb
ffffe592
ffffd2dd
ffffc974
fffffae3
ffffc0c4
ffffe83f
000004e6
ffffb616
fffffe81
fffff334
ffffe9f1
ffff9b34
ffffbde5
ffffac9c
ffffc36a
ffffa93f
ffffb876
ffffb3b3
ffffc226
ffff50a5
ffffb4e7
ffff2cdb
ffff7bc1
ffff3e7c
ffff6459
ffff5760
ffff7943
ffff2324
ffff69cc
ffffa543
ffff747f
fffff4e1
ffffaf25
ffffda19
ffffcb5f
00003c85
00000751
00005c7d
0000242c
00003e3c
00004d76
00001f17
00002c51
00003b47
00001b7e
0000356f
00000bcc
0000133f
fffffc01
ffffdef6
ffffc7f6
ffffc98a
ffffd1f1
ffffdf04
ffffa979
ffffdcab
ffffdb0c
00004cf7
ffffe514
fffffb0c
ffffd057
000040a2
0000144e
00004930
000038f2
00001c73
00001977
fffff565
00005961
fffffdfe
000016a7
fffff0fc
000035fa
000007d3
000026c6
000083a0
00004e45
00005ba2
000064ca
00002c74
00001135
00003771
fffff568
fffff28c
fffff9c6
ffffc0eb
ffffa49d
ffff917d
ffffa429
ffff8581
ffff8bb1
ffff397c
ffff6740
ffff7be7
ffff68c4
ffff9105
ffff7fc6
ffff9110
ffff87d1
ffffd444
ffffade0
fffff0f0
ffffbd27
00003a95
000010b2
00005f5f
0000228b
00006d18
00005a0c
00006657
000067f0
000021e1
00002b9d
00001244
ffffd3f5
00001b67
000001ff
00000e16
00000184
ffffd566
ffffb953
ffffff04
0000014f
ffffeea4
ffffd0a2
fffff6b4
fffff222
ffffe702
ffffe81f
ffffdcb5
ffffe3ad
fffffa9b
ffffdf78
ffffcd0b
ffffec04
ffffd68d
00000121
0000144e
ffffe7fa
0000000e
ffffee2f
0000008c
000011d5
00002861
fffffd35
00003430
00000b2d
00001f3c
ffffd79f
00000553
ffffbb8c
ffffe5a0
ffffb7f4
ffffffbd
ffffb34a
0000092e
ffffc356
fffff9c5
ffffb68e
000009bd
ffffb735
000017a7
ffffe1d0
00002d30
ffffebf4
000021cf
00000648
ffffc560
00003817
fffff958
00002f3a
00000f22
fffff3ed
00003c89
00000c33
00000c73
0000248f
fffff72f
0000086a
000007bb
fffff6cd
00000d1a
ffffeca6
0000470d
0000469b
00003db5
00004dec
0000506e
000047ed
000043fa
000061c3
00005740
000058d6
000013c0
0000183c
000043bf
000015be
0000306b
00004ad5
00005db6
00007369
00009318
00007032
000049b4
000044d5
0000533d
00002acd
000050c2
00002251
00005109
00005377
00005111
00002277
000021b8
00000f90
00001672
fffffde7
00001856
00000eb6
0000089e
00004776
00000b6c
00000e6c
00004c56
00003839
00002dd9
00003ec4
00004c59
00007062
000047eb
000059c8
00003135
0000631c
00003393
00001aa9
000016d0
00002c60
00003266
00000897
00002702
fffff50b
ffffeba2
fffffb17
fffff72d
fffff4e8
fffffca8
ffffe4ab
00002504
fffff54c
00005207
000017a1
00002206
fffff028
00004664
000040e6
00005562
00003cfa
00002dd7
00002bc0
00004ebc
00004d61
00003911
00004ede
000075fa
00009e89
0000ac9d
00007cfe
0000dbd7
0000ac8f
0000cbf5
0000bd96
0000cb78
00008776
0000fdc4
0000cd90
0000f159
00009b1c
0000c588
00007ac9
00009626
00007e1e
0000d8ed
0000aa5e
0000bc70
00009b6e
0000b7ba
00007abc
0000ba66
000077c1
0000bfb5
0000707f
0000f008
0000a316
0000b0da
0000bb0f
00007a72
0000ce01
00007814
0000c065
000088eb
00008076
0000a2b7
00006c3c
00004e67
00005d73
00001e01
00001e9c
00004798
00001be4
000019d5
000036d4
0000031f
000037b8
000066a7
ffffdea6
000008f2
ffffe559
00004019
ffffebb5
00001bf5
00000b5f
00006a92
00003278
000003ca
00002e91
000018db
00002015
00001565
00000d7f
000008eb
ffffdf51
00005af7
00002f5e
000037d2
00005cb0
00002d0b
00004ddb
00004fcd
fffffef6
000014a6
ffffd861
ffffed7d
fffff86f
ffffdf26
ffffff74
ffffc902
000018ee
ffffeae8
fffff6a8
ffffeed2
ffffe605
ffffec6c
ffffe0b5
0000152b
00001567
0000294c
fffff850
fffffbf3
00000048
ffffedb0
ffffd34c
00002a35
000033ca
00003ec6
00007822
000044d0
00004383
000043d7
00005fd7
00006daa
000069e7
0000757d
00007a01
00007da3
00007d52
00006bc9
00002426
00005336
ffffee5d
00001a40
00001653
00001b3e
fffff3f6
0000085a
fffff4ae
ffffee8f
fffff0d0
ffffda75
ffffec67
ffffcce2
ffffd1ef
ffffc912
ffffdc6b
ffffd42b
fffff997
ffffbade
ffffb9cc
ffffbed3
ffffba80
ffffbf83
ffff85c5
ffffdf5a
ffffb985
ffffb43f
ffff931c
ffff6d12
ffff716c
ffff48fd
ffff58eb
ffff3f0c
ffff1193
ffff2a91
ffff05b4
ffff1ab0
ffff2449
ffff3cf0
ffff5e6d
ffff6bec
ffff7fde
ffffc836
ffffaad1
ffffc5d5
ffff9bbf
ffffb9c0
ffffb781
00000134
000005bd
00003b3c
000036d9
00004d05
000003b5
0000017d
0000348c
000031ea
fffffd83
00000e34
00001d57
000029a7
000013eb
ffff7562
ffffa4d6
ffff7e1a
ffffbd74
ffffb4a1
ffffaa3b
ffffb284
ffff9dce
ffffa4b4
ffffa1bc
ffff9906
ffff9988
ffff7d77
ffff9b7c
ffff83e2
ffff7e61
ffff8eae
ffff9a15
ffff87c6
ffff67e9
0000309e
0000162b
00001a30
00003975
0000309b
000072ff
00003302
00009075
00009706
0000c289
0000f1de
00012ad6
0001300a
00013e2c
00012b97
000187f8
0001525d
000159aa
0001233a
00010c36
0000bc83
0000a483
0000bc0c
000069ba
00005095
00002674
00002238
00003619
fffffcde
000002ea
ffffb6b4
ffffe6ff
ffff9f46
ffffa195
ffff8099
ffffa30f
ffffb35a
ffffbb6b
ffffd48c
ffffe280
ffffd767
ffffccee
ffffc0e3
ffffe07f
0000045b
0000289f
ffff9ad7
fffffa6e
ffffd8aa
ffffefa5
ffffd1a3
ffff96aa
ffffaf29
ffff9a70
ffffc078
ffffb043
ffffba82
ffffa9c0
ffff961a
ffff9591
ffffbe15
ffffa840
ffffdf5b
ffff85d2
ffffe3b2
ffffb9a0
ffffcf1d
fffff958
fffff866
00000d3e
fffffb1e
ffffc415
000057c0
00000498
0000c900
0000a1be
0000fca0
0000d199
0001096d
00012ccc
00016678
00013cd3
00013b68
00018298
000126ad
00015e6f
0001612e
00017f42
0000b19a
00010a42
00005089
0000bae0
0000287c
00002031
ffffc81a
fffff462
ffffb71d
ffffda0c
ffff7105
ffffc275
ffffa5e6
fffff55f
ffffc2ac
ffffb51a
ffffd988
ffffc967
ffffccac
00000fa5
00005258
00001edf
00004f4d
0000187e
00002291
00000233
00003f56
fffff99a
000018a7
00000f66
fffffe0f
ffffd777
00001c37
00001acb
fffff85f
000027c8
00001116
ffffe745
00001e64
00002a3f
ffff9f7c
ffff95fc
ffff93ca
ffff8374
ffff8343
ffff8494
ffff89ef
ffff84ae
ffffe9ad
ffffa192
00001107
ffffb8d9
00000912
ffff9d39
fffff552
ffffd850
ffffe45b
0000274d
00002fba
ffffdd06
00007769
00000403
00004e8d
00001b1f
00005ac5
000036ed
00004777
000006ef
000059f6
0000298d
00003c72
fffff65e
000014f4
000023d1
00002f33
00001458
000005a0
ffffef4d
ffffebc0
fffffbe3
fffff77f
000002f3
fffff763
00000d8d
ffffcb46
000014d2
ffffdb17
0000330c
00000439
00000eee
ffffe54d
00000564
fffffdee
fffff9e7
ffffdf6f
ffffec54
ffffcf08
000007c2
ffff9c18
ffffbc4d
ffff931b
ffff86e2
ffff8dc3
ffff9d2a
ffffa9f3
ffff749d
ffff8d45
ffff7b49
ffff93bc
ffff652c
ffff9789
ffff5924
ffffc78a
ffff6d92
ffffe467
ffffa4f0
ffffe9d7
ffffc3d6
000031f3
00000857
00006153
000023ff
00004890
00006bf6
00002c01
000063b8
00003d29
0000564d
ffffe904
00001920
fffff804
00001f13
ffffc567
ffffeb3d
ffffb390
fffff6f2
ffffcefa
ffffa470
ffffc846
ffffdc13
ffffd3fc
ffffe1de
ffffcb59
ffffbad3
ffffc6b1
ffffb4f0
ffffb9b9
ffffc422
ffff9980
ffff7998
ffffbc1c
ffff8307
ffffa09d
ffffb595
ffffd208
fffffde1
ffffe8bb
fffff84a
ffffe0ac
ffffd6e0
ffffe419
ffffb946
ffffe0be
000011f6
ffff84e0
ffffc42d
ffffb894
ffffb718
ffff8499
ffffc302
ffffa63b
ffff9ebb
ffffa6e8
ffffb196
ffff8ff6
ffffd778
ffff5c31
ffffde3a
ffff52b6
ffffb25a
ffff6bd4
ffffacc2
ffffbce5
fffff124
ffffadcb
00000afd
00000766
ffffe4b6
000046d0
0000083d
000018bd
fffff549
0000525d
00003ec3
00009a6c
00003aa6
0000a11e
0000757a
00003dd5
00001816
00001ae7
fffff636
000002e9
fffffc82
000012d4
ffffb5af
ffffc952
ffffc4ab
ffffc47b
ffffc61c
ffffc8e5
ffff9def
00002f22
00003e1f
00002dae
00002f81
0000253d
00004abf
0000281a
0000407a
00003b04
0000375c
00003397
00002a99
0000787e
000046a2
0000c439
0000b078
0000f904
0000d326
000118a1
0000e279
0000c056
0000eb1f
0000f3d4
0000e782
0000f127
000124ab
0000d4a1
0000e1e4
000144e8
00011a24
0001aaed
00016bed
0001e369
00016f25
000180b2
00017d74
00016f19
0001bd3c
00013bad
0001474e
00013360
0001169e
000113ce
0000e8ce
0000a316
0000e2db
000075e8
0000800c
0000a41c
000071df
00004b9d
000013a9
000002d7
00002e9a
ffffdc26
00001205
0000154a
ffffee5e
000011b6
00004e81
000030be
000029ba
00001dcb
0000276f
00004ba4
0000088a
000002ed
fffff3f8
000000c1
00001897
00002e68
0000271c
00004601
00002481
00000d35
000008ce
00004fae
00001123
00009920
000077f6
0000b6ca
000114b9
00011901
0000d147
000106dc
00012c90
00013f6e
0001597f
000160d9
00016ab2
0001372b
000168a7
00013d71
00014f7d
000160b8
00015786
0001800a
0001547d
00015867
0001463f
0001412e
000158a9
00011410
0001220f
00013885
00012d92
00011c92
00013a8a
0000f8f3
00014648
0000cd67
00011604
0000d61e
0000b820
00006277
00007a9b
00004d96
00004d02
000035d6
000024ee
ffffe5aa
0000129a
ffffb85e
ffffa419
ffffc6ca
ffffc4c2
ffffce5d
ffffe441
00005e1b
00004ccb
000089f9
00003f22
00006b74
00006860
00006ac6
00009b65
00007474
00008f45
00005185
0000532e
00003ec1
000034ec
000010cf
00004597
fffff09e
ffffc868
ffffb609
fffffffd
ffff813d
ffff7356
ffff8966
ffff36e7
ffff5a5b
ffff27c4
ffff6189
ffff5abf
ffff1893
ffff3d53
fffed821
fffed5d5
fffecd61
fffec3f7
ffff0cae
fffeeb63
fffec7da
ffff17f8
ffff3cb1
ffff2604
ffffb3cf
ffffadb2
ffff6d1a
ffff9a43
00002706
00001e79
00005318
00004dca
00009cf0
00008cdf
0000c5f5
00009242
0000d01c
0000d90a
0000cafc
000092c7
000098ea
00006e2a
0000715c
00005f94
00008825
0000516e
00005b52
00002701
ffffbf8d
ffffe301
ffffcbb6
ffffcf7d
ffffd5fd
ffffc87b
ffffd498
ffffbc5b
ffffbdfe
ffffba95
ffffd952
ffffe1b5
ffffa377
ffffbe38
ffffbdb6
ffffc521
ffff98eb
ffff9a2d
ffff7617
ffff9e6a
ffff97a6
ffffad6f
ffff8bc4
ffff8c30
ffff829e
ffffb412
ffff8477
ffffbaca
ffff4f12
ffff9116
ffff3930
ffff82fb
ffff4ba1
ffff87ea
ffff2cb7
ffff794b
ffff405d
ffff5fe9
ffff0fc1
ffff4b13
fffeedd7
ffff3444
ffff0c6b
ffff3408
ffff0317
ffff3532
ffff313d
ffff311e
ffff5a4d
ffff3d72
ffff7db2
ffff569f
ffff73e6
ffff8b57
ffff6846
ffff9a78
ffffbee4
ffffae4a
fffff0be
fffff57a
ffffe00c
ffffea3c
ffffe865
fffffaeb
ffff5f46
ffff8985
ffffa4d4
ffffb458
ffffb9a0
ffff9137
ffffb6ab
ffffa3bf
ffff90fa
ffff9caa
ffffd053
ffffd8d3
ffff8a8f
ffffc7af
ffff5613
ffff8fa4
ffff1da8
fffef878
fffeebc1
fffeff6e
ffff2c6d
fffeef43
fffef47d
fffee1d8
fffefca6
fffef866
ffff1230
ffff4433
ffff091f
ffff456f
fffefc3c
ffff1b22
fffeebe1
ffff289b
ffff5cdc
ffff9b85
ffff761c
ffff6889
ffffa26c
ffff7dea
ffff68b9
ffff63b9
ffff74de
ffff4b5d
ffff90b5
ffff4099
ffff9a3c
ffff7030
ffff8e90
ffff8f63
ffffb84a
ffffd2b3
ffffc9c0
ffffb214
ffffb1aa
ffffca6f
00001a95
ffffc4c7
00002feb
000041e2
0000202a
00001f17
0000040d
00001559
00005f27
000054da
000049b6
00001aca
00003054
00000cc0
0000355c
fffffc97
00002a3e
000011d2
00000a54
00000b70
ffffc5c0
00001244
ffffd951
fffff624
ffffd6b0
0000197e
ffffedf5
00000183
0000601c
00002099
000060da
00006682
00008707
0000575c
000087e4
0000b0ab
0000d658
00008afb
0000c03d
0000bda3
0000b61d
0000b8ef
00005c90
0000745a
00005255
00006714
000013bb
0000387e
ffffbccc
ffffed2e
000003c8
ffffea2b
ffffd625
ffffa850
ffffac5a
ffff96b8
ffff8a77
ffff8619
ffffc8ee
ffffdc58
fffff812
fffffe6d
00001924
fffffa02
ffffda2b
000019ca
00000716
ffffe4e5
fffff753
ffffefa6
fffff858
00000824
ffffb582
ffffc0cd
ffff9e7a
ffffdb7d
ffffcc8c
ffffab09
ffffcd43
ffffaf95
ffffb010
ffffb754
ffffb335
ffffaef7
ffffcdfe
ffffbab6
ffffb9a6
ffffbc00
ffffad08
ffffa032
ffffb393
ffffa1a8
ffffbfda
ffffa758
ffffafe3
ffffa954
ffffc009
ffffc8ed
ffffb5f3
ffffe10d
ffffe194
fffff323
00000558
fffff075
00001d73
fffff3c6
00003f76
0000496b
0000564c
000053dc
000021dd
0000249b
00000f19
000004d2
fffff80d
ffffd5ba
ffffa87f
ffffb0d7
ffffa1e6
ffffa52f
ffff9f31
ffff9f37
ffff85a7
ffff8391
ffff6a81
ffff83cd
ffff7b2f
ffff96af
ffff9850
ffff8ff0
ffff9e27
ffffb9cd
ffff99af
ffffa581
ffffa469
ffffc792
fffffdba
00003171
ffff9193
ffffc134
ffffd258
000006a4
ffffe6db
ffffc5f6
fffffb4b
ffffd6a6
ffff8259
ffff6e15
ffffbeea
ffff8b7b
ffffa71a
ffff5a94
fffface4
ffffc535
ffffaeb9
ffffb9f9
ffffe0f5
00000549
ffffe7a5
0000280a
fffff0b7
000033c2
ffffe5dd
00004d92
0000634e
000067df
00008ec3
0000ee34
0000b7d1
000102ee
0000797a
0000d09c
00006ad2
0000b8f9
00000770
00008010
ffffd704
000066cc
fffffaae
000077bd
ffff7c77
00002b14
ffff6f31
ffffd8dc
ffffaaa1
ffff49bc
ffff59d4
ffff63a5
ffff485a
ffff6174
ffff57d3
ffff83f2
ffff2ae5
ffff939d
ffff3c22
ffff3b5c
ffff2d3a
ffff4327
ffff4644
ffff80c0
00002ea2
000064a5
0000f0ec
000065e2
000080ee
fffffc3a
0000a553
000066da
00008bf9
0000a1a9
00005890
0000782a
00001227
0000635e
00001fcc
00003d64
ffffe6bb
fffffa42
ffff95f6
000005db
00000175
fffff215
ffffe21c
ffffc768
ffff917d
ffff97e3
ffff8aec
ffff64fc
fffec136
ffff5841
fffe5238
fffe8bbd
fffe2a31
fffe7d55
fffe3ae0
fffe07c6
fffde82a
fffdd6ff
fffe2d20
fffe3073
fffe706f
fffe91e9
fffe5d01
fffe9667
ffff1fef
ffff1e5d
ffff8273
ffff5507
00002b32
fffff22c
000096b4
000018bf
00009e89
00009967
00009d9f
0000a468
00007464
00005766
00006884
00001c6d
00008310
00003fb1
00004ecf
0000256c
0000901e
00007ae9
000063f6
00005c26
000042c0
00002583
00003752
00001117
00002dd0
00002752
ffffcec4
fffff3eb
ffffb7ee
fffffc64
ffffaccb
ffffaeaf
ffff933e
ffffa9db
ffff9712
ffffc1a3
fffff7fa
ffffbd97
ffffddcd
ffffd676
ffffe923
ffffda8f
000006a9
00002094
00004668
0000163e
00005a94
00005deb
0000602a
0000699d
000027aa
00007aa7
00003dcb
00004775
00000816
000023c3
ffffa83f
ffffe21f
ffffee56
ffffe0f1
ffffb658
ffffa548
ffff997c
ffffaf00
ffffbdf6
ffffbe86
ffffffc3
fffff62c
00000888
000021c6
000009bf
000032b5
ffffe134
000045f1
00000e3a
fffffafa
00000f35
fffffac8
00000a6a
00001fd6
000032eb
fffff517
000044b6
fffff1b3
000019d9
fffff892
0000426b
0000582f
00004ed1
00003107
00004ce4
00006272
000032ba
000067bb
0000548b
0000852f
00008d4d
0000cd65
0000bc47
0000c08f
0000ff6f
0000b4ed
00010bb7
0000c9e8
0000f890
00008d6b
000106b7
0000f1e7
0000b84f
00007d22
00005432
ffffda4a
00000de2
ffffc7cf
fffff60d
ffffb08e
ffff982e
ffffd7c8
ffffbef5
ffff73b7
000028cf
ffffd369
ffffdba4
ffffe5bd
0000a9f1
00005e1c
00007b6c
000080c4
0000605d
0000b064
000098a9
0000b85e
0000ae03
0000b933
0000974b
00004d09
00006d52
0000484a
0000405b
00004c72
000071ab
00002e94
00003491
00001cac
00003b69
00003cc8
000000fa
00003ffa
00001a55
00002545
000003e6
ffffea30
fffff5a5
ffffe327
000069fa
00003866
00009d95
0000b4fa
000098af
00007dce
00011fb1
0000c68b
000130ac
0000effd
0000f70b
0000c062
0000c599
0000beb3
0000ba03
00008d19
000112c6
00005325
000144f7
000063dc
00017ea2
0000a062
00014af8
0000a554
00013745
0000b406
00014e03
0000e270
0000ef4b
0000de85
0000e2d9
00008d70
0000fba7
0000e3ca
0000771b
000097b5
00002802
0000453f
ffffc1b4
00001d6b
ffffc0c8
ffffe6eb
ffffcc18
fffff90a
ffffd693
ffffffeb
fffffae0
00003822
00000c77
00007259
000020cc
00003d6c
00002d26
00006f18
fffffad4
00003b0e
00001316
000026c7
00000f4c
ffffff4e
00001a64
ffffe896
000006ec
fffff507
00005753
0000489e
00003494
00006adf
000056c5
000034ec
000060ae
00000bb4
00001490
00000ff4
00001e05
00000790
00001229
00000534
00000856
00002a76
00000166
000007cc
000050be
000015de
0000a2e7
00006116
00009c73
00007dcb
0000dae8
00010c16
00012f7e
00011e5d
000100e3
00011779
0000afbc
0000b02c
0000b743
000093dc
00005326
00005c20
00003b86
000015aa
000017b6
000005d9
fffffd13
fffff6b7
ffffd880
fffff498
ffffd919
fffffa74
fffffdbd
fffffa33
00001b19
00005f3a
00002aba
000035d7
00002f05
00003cf1
0000362f
ffffef74
00001a2c
fffffc05
00001032
ffffeed3
00003466
0000317d
00003ecd
000023b6
000012e7
000003ad
00001688
00003934
00003288
000073aa
000049c0
000073dc
00009adb
000068a3
00008fdc
00006cde
0000a42b
0000942e
000099ca
00008bc8
00009a04
0000b60d
0000a7fb
0000a24a
0000a4cc
00006e60
0000c0dd
00004e4f
00008876
00007d5f
00003a8e
0000d86d
00009748
0000067c
00011d02
000040bb
00008c7f
00006764
0001216e
0000dcf6
00010ab9
0000d153
0001127a
00010347
0000c766
000093f6
00008b9b
00007e7c
00007437
0000570a
00004f88
00001c35
00000a31
00001fa1
000025c6
fffffdfa
ffffef8c
00000ba5
00002e4d
00001311
0000038d
00001004
0000154b
ffffef5c
00002c5e
000009ce
00001b41
00001135
ffffd955
ffffdd18
ffffe387
fffff3b7
ffffde73
fffff9f7
fffff005
00000a3c
000026b8
00001934
fffff2a8
ffffdc86
fffff4d1
ffffece2
000003a0
ffffe0c6
ffffeca4
000027a2
00001594
00000bd9
fffff73a
00000386
fffffa49
ffffdec9
ffffe51d
ffffe52b
ffffcc17
00001b0d
fffff7f7
ffffb8a8
000048d1
ffffeeca
00001948
0000120f
00004137
00003c5b
00003127
00004475
00004874
0000461c
00002239
fffffecf
ffffecfd
fffffdd3
fffffbe1
fffffcad
ffffe0e2
ffffe0ed
ffffc287
ffffd1bb
ffffc0d0
ffffc41c
ffffb892
ffffd8f3
000016de
00000b7c
fffff1ca
000020b0
fffffa81
ffffe0d3
ffffef99
ffffcd84
ffffd92e
ffffec0b
ffffc334
ffffbf98
fffff5cb
ffffe523
ffffd471
ffffb3fd
ffffcf45
ffff9b7b
ffffea66
ffffb07f
ffff9370
ffff77f7
ffff7402
ffff939e
ffff9bbd
ffff9d47
ffff883a
ffff98e4
ffffd63f
ffffc510
ffffef7e
ffffbf77
fffffdb2
ffffafc1
0000080f
ffffb9fe
00001591
ffffea85
0000253c
ffffe432
00003758
ffffe7d2
000032b3
00002974
00000114
0000191c
000001c7
00000edf
00001e0d
ffffff0d
ffffd30f
ffffbbea
ffffaa4b
ffffa82a
ffffbd88
fffffc1d
ffffa7fa
000007fa
ffffd261
ffffde00
ffffbe47
ffffe6b3
ffffd2f4
00000263
ffffcb62
ffffa0db
ffff90f1
ffffcb03
ffffb145
ffffec23
ffff9424
ffffcf7e
ffffb93b
ffff9cc8
ffffdc9b
ffff9f2b
0000329a
ffffdbcd
000006df
00001bd0
0000350d
00002755
000070bf
0000504c
00000144
00000a70
fffff7b4
ffffe88c
ffffd71c
ffffec97
00001d69
ffffcc36
0000229d
ffffffb0
000056d1
00000b24
00006ef6
000001d5
00002b76
0000124f
0000113e
00001907
000014e6
ffffdd4c
00005434
ffffe1d1
00004618
00002f7f
0000368a
00004cd3
0000261a
00003e9a
00000d68
0000400b
ffffc4c8
ffffd8bb
ffffaac9
ffffcc60
ffffad65
fffff590
fffffdb3
0000231d
fffffe16
000040dc
fffff234
00001559
fffff880
000040d0
ffffb1d5
ffffb4db
ffffcf04
ffffe503
ffffca24
ffffe5a7
ffffd6f6
0000194f
ffffedb9
000010c6
00003052
00002d41
00005343
0000116d
000071cd
00007a29
0000c1ff
00011a9a
000142ff
0000b91a
0000f0f6
00010dc7
00012c9f
0001418f
00016058
00014fab
00015139
00015d03
00015c90
00015a18
00017430
000188ca
000191e6
00016eb1
00018e83
000172c9
00019ea1
000199bd
0001b0a4
00016ba6
0001a898
00014acf
00019c56
00014a81
00017bf2
000127f5
00012d13
000125f0
0000d920
0000e793
00008909
0000c695
000085b7
00005561
00007d0b
000022a3
000088b0
00000fed
0000412d
000027ca
00003817
000042bf
000030ee
00001d64
00000a97
ffffffc2
fffff53c
000003c2
00001972
000001da
00002bc4
000025e5
00002613
00001850
00002979
00004b73
00003160
00003954
0000a1b0
000084ab
0000df92
000142a9
000126f3
00013489
00012ca3
00013cb4
000170c0
000160b3
000195cb
00017f60
0001791b
0001bfaa
0001908a
00017d85
00018583
0001794c
00019143
00015bef
000115e3
0001368a
0000ee70
00016d36
0000bff7
00007efa
0000b8cb
00004de9
00009008
0000603f
00008fdd
000074e0
0000550f
00007150
00006d19
000053e7
0000380d
00002e1b
000009bc
000017d0
000005f0
fffff067
fffff91f
00000201
fffff7c0
0000264b
00000c36
fffffb42
fffff4f5
fffffce9
ffffe6e5
00002401
000050f2
000034a9
000038d1
00000bc2
00005507
00006304
00005d53
00006e3e
00010a76
0000d811
0000f1ee
000149c8
00014299
00011c11
0001d108
0001c40c
0001b705
0001d701
0001eb3f
0001b6bf
0001ba23
0001806e
00015363
00011547
0001b1b7
0000e111
000119fc
00007765
0000967f
ffffe614
00002d7c
ffffee75
00001fc2
ffffb1bf
ffffb125
ffffb483
ffff8938
ffff8f16
ffff78cc
ffff8360
ffff6c50
ffff9f8e
ffffa9d5
ffffc16c
ffffc0b0
ffffe8fd
fffff553
00000536
00002890
fffff6f2
00001b0b
00004b9e
00000d3d
00005369
00005f98
00004980
000058ae
0000a6b2
00007dd0
000086ec
0000636f
0000905c
ffff6578
ffff5347
ffff95b5
ffff5eff
ffff7641
ffffaae8
ffff9016
ffffce57
ffffb74a
ffffce9e
ffff7616
ffff6d43
ffff5522
ffff3802
ffff3407
ffffa801
fffec4e4
ffff267f
ffff0cf2
ffff1568
fffed8ce
fffef89f
fffeee3f
fffef110
fffef045
ffff1487
fffec9bb
ffff1bb7
fffebc7a
ffff5bce
fffeb797
ffff2dbb
fffede60
ffff252e
fffefec7
ffff6bca
fffebe0f
ffff6ba7
ffff51f2
ffff33c9
ffff8bb1
ffff67cc
ffff5265
ffff33f9
ffffaba7
ffff8eca
00000cf7
ffff7d21
0000495b
ffffd6af
00002a40
ffffb6a7
00000d6f
ffffd819
fffff956
ffffc6f2
00000c86
ffff8b10
ffffd64c
ffff921f
ffffc651
ffffa2f9
ffffc3ae
ffff8fed
000048ad
0000336a
0000368d
0000115c
000014dd
fffffef5
00001f13
fffffa71
00000a95
000007c0
ffffcf25
ffffeb2e
ffffc455
ffffe6fa
ffffa7ed
ffffb07a
ffffbb9b
ffffcb65
ffffc040
fffffc1a
ffffbc68
ffffa207
ffffb1c1
ffffa4fa
ffffb343
ffff816c
ffffca4b
ffffd08c
000004d8
ffffc58e
0000075c
fffff7ab
ffffde1f
fffff35d
fffff5f5
00001231
000008bc
00000f7b
000019f2
000014f5
0000059d
00000d2b
00001e83
00000b21
00002404
00000987
00000571
000012d7
000017ae
fffffe62
00002ec7
00003f6a
00003d05
00003f47
0000329e
0000202f
fffffe32
00002365
00001fd4
0000096f
0000201b
00000c5e
00000c9f
00001931
000022a6
00001234
000004e6
00001bf7
00000fc8
000024ae
00001a72
00000d05
00000de4
00000bbb
ffffe064
fffff202
ffffe426
fffff5e1
ffffd007
ffffc8d7
ffffbb40
ffff7f13
ffffa094
ffffa462
ffff5d16
ffff58f5
ffff57d2
ffff5ca9
ffff4f09
ffff63ed
ffff2465
ffff8353
ffff88b7
ffff92fc
ffff7240
ffff867b
ffff72ba
ffff7506
ffff5801
ffff5ca6
ffff3f0e
ffff917c
ffff6da8
ffff495c
ffffb06e
ffff80b7
ffff7744
ffff9e03
ffffadcd
ffffc044
ffffd10c
ffffd72e
000017e6
ffffe807
00000a38
ffffc8c5
ffffda6b
ffffee20
ffffe5a1
00000275
ffffecfc
ffffe28b
ffffda1b
fffffbe3
ffffcc8c
ffffd558
ffffc931
ffffcb58
ffff4449
ffff909b
ffffd49d
ffffd3d4
ffffaf18
ffffb6ef
ffffe24e
0000184c
fffffecf
000007dc
00005a59
00006b59
0000365a
000072e3
00009866
00008c73
0000b8f8
0000fa9b
0000c54e
0000c167
00012e5d
000135fc
0001364a
000149e5
00012166
00014540
0001203b
0000fe30
0000caf6
0000db97
0000b42d
00009a1a
00009c72
000095e5
00005896
0000462b
00000ea3
00002c87
00000f2a
00000e23
ffffc6e3
ffffe11a
ffffcb31
ffffc8c2
ffffd3a4
ffffb43c
ffffe853
ffffbc6b
ffffe04f
ffffd45f
ffffe400
ffffe365
ffffe688
ffffc694
ffffe938
ffffdeb2
000029ef
ffffdc36
000026d6
fffff90f
000013dd
000023d7
00001423
000014ef
fffff864
ffffd9fd
ffffdb5c
ffffd2d2
ffffef91
ffffd77c
fffffdd1
ffffb0c2
ffffd8b9
ffffb29e
ffffbeaa
ffffda2f
ffffd50f
ffffeaa1
ffffd208
ffffc6eb
ffffce5b
ffffcde0
ffffd8d6
ffffd646
ffffd622
ffffc98a
ffffb404
ffffb6ed
ffffae45
ffffb637
ffffa6f6
ffffca07
ffff8f66
ffffdd4c
ffffa71a
ffffc0a9
ffffa83c
ffffac9b
ffffbeb7
ffff99f3
ffffa45b
ffff9d78
ffffc7d3
fffffd93
fffff17b
00002350
fffffcc2
00003e19
00000a07
00002d8a
00000a0b
00002639
000002c9
fffff232
ffffe42d
ffffef18
ffffeb63
fffffe48
ffffd4e7
ffffd2bc
ffffd85e
ffffe4ca
ffffe842
ffffcf69
ffffd66b
ffffd9f6
ffffdef7
ffffffd5
0000157c
0000000f
00000ecd
00000c63
000016b8
0000127b
00004f3f
00007635
000065d7
00005461
00006db9
00009b2a
00006312
00009c73
0000ea75
0000ce82
00014892
00019d4c
000176d9
00015286
00020c51
0001da4c
00022ab8
00020c04
00022b24
00022aaf
0002003c
00023f37
000207c8
00021ac7
00021f25
0001dc28
000229c0
0001d181
0001c01c
0001bb5a
000165ea
0001dc04
00015cc8
000130d6
000186af
00013c7a
00012f26
00013d7e
00014db6
00014d52
00010125
0001502f
0000f8fd
0000f077
00009bb2
0000c30d
000085b1
000082e3
00005770
00004462
00004985
00003800
00000d3e
00001111
00004782
0000062a
00000979
00001b18
00001a03
000029b1
00005082
00001501
00001a44
fffff82b
00002a1d
000000e6
0000106f
fffff8be
00001b89
00002ce0
fffffce8
00000cd2
ffffe53f
ffffe9a7
ffffd60c
ffffaf9c
ffff8875
ffffddb2
ffff9556
ffff9889
ffff94be
ffff7526
ffff815d
ffff747d
ffff7ed9
ffff832c
ffff71bf
ffff7512
ffff6e04
ffff4fd4
ffff3345
ffff4db3
ffff723d
ffff6b14
ffff8b11
ffff52da
ffffb091
ffffabe4
ffffd1be
ffffcf7b
ffffd823
ffffcfdf
00002365
fffffd5c
00002718
fffff711
fffff627
00002784
00002a61
00003eb1
00003f9a
00004c9b
00004477
0000285f
00002dd4
0000446e
00004084
000056e9
000065e3
00003f15
0000554a
00001bdc
ffffbfd9
ffffa80d
ffff96b8
ffff7c57
ffffc673
ffff8e38
ffffeb32
ffff9b5d
ffffa833
ffff9f3c
ffff60d0
ffff792c
ffff3b50
ffff7597
ffff3f6c
ffffb156
ffff2219
ffff79f9
ffff4cdd
ffff81c3
ffff8c9e
ffff5835
ffffaa6e
ffff7bb0
ffffcf5f
ffffbdc7
ffff9744
00003625
00000118
00004783
0000408a
000060c8
00007e50
00007376
00007c4f
0000bb91
00005127
0000f901
0000a2d0
00003d51
0000a1ea
00003187
000044e7
fffffef1
00006d5b
00002b85
00006e3f
00002d0e
0000b4a8
000046a4
00005c6a
0000011d
00000daa
fffff81e
ffffabe8
ffffec57
00000f15
ffffa1ed
000008e7
00001699
00000bdf
ffffd55f
ffffca9e
ffffd884
00007289
00003fd4
000057c1
0000399d
00003954
00001763
00006603
000027cd
00005237
00002f6a
00001d72
000006cb
00005f9a
00002d87
0000560b
000029c6
00007138
000068ad
00009fce
00007506
00006ffc
0000846a
0000627c
00007edd
000062cc
00007cf6
00006e52
000079d2
00006ec0
00005c64
000083ca
00008ba7
00008aa0
00007796
00005db1
00003c76
00005fac
00004157
000030a3
000043cf
0000566e
0000445e
00006bde
00009497
00006f1f
00009510
00005a65
000076b7
000055e1
0000690f
0000505d
000033f0
000038fc
00005bdd
00005f12
00003c51
fffff599
00002b23
ffffd7af
ffffe95b
ffffe708
fffff8f9
000008cb
00000700
00001506
00000bd5
fffff9af
00003329
fffff6bf
000007b2
ffffe2b1
ffffe6c1
ffffdd25
fffff83d
ffffdba7
ffffdb9f
00000775
ffffe8e9
ffffb988
ffffaca0
ffffcc29
ffffad1b
ffffdb2b
ffffc6e8
ffff8fd8
ffff87bd
ffff8311
ffff9460
ffffa299
ffff839a
ffffb3cc
ffff9fda
00002c38
ffffb0de
00005506
000011df
00003651
00000e0d
00007abd
00003301
0000df00
00004090
0000a3f1
00008866
00006690
00004941
0000b46e
000058da
0000454e
00001fd2
00001a83
00001a79
ffffe7c0
00000b79
ffffebc0
00000fe9
fffff06e
ffffe181
00000479
00001dea
ffffedab
000021b5
fffffffd
00001e60
fffff258
00000a35
fffff556
0000139d
ffffc9a0
000005ed
0000311e
00001905
fffff782
ffffdc8e
000008e3
ffffe3ab
fffff1f6
fffff4e2
000048a6
000045aa
00001f2c
000057a8
0000567c
00003e08
00006e1f
00005368
00005402
0000538c
00009dc2
000077cb
000069d8
0000740d
00005628
00006c9d
00008d66
00004a08
00007b67
000040ef
000084ad
000077fc
00008af0
00008aaf
00008a77
0000be88
00008f80
00009d56
00008f02
0000798d
00006270
000051a8
00007496
00003ea7
00005cdc
000024cb
000028d0
00003a2b
000011ec
00002742
0000159e
00002b95
0000158e
00004d51
fffffcc6
00003a3b
00003948
000057cd
000066a6
000085ff
00008985
0000748d
0000656c
00008b26
000021be
fffff39b
ffffedc3
ffffedf8
ffffc0b9
00001285
ffffcba2
fffffb42
000010ab
ffffe847
00002bad
00000871
00006a47
00003630
0000c37d
00007b51
0000d99e
0000b926
000104ce
000091eb
0000ef5d
000112f4
0000fe29
00013e9b
0001086e
00016a8f
000109cd
0000e1e9
0001360b
0001064a
0001b4ef
000154ea
0001e5bc
000169b8
00019a05
0001816b
00019fd0
00016bbe
00014a2a
00014fa8
00013835
00010735
0001309d
00011801
0000b3e7
0001099a
0000a0e2
00009f85
00006b2d
00007391
0000111f
00001869
000002be
00000491
ffffed47
0000024d
ffffd35e
00001f76
ffffdb29
fffffdc8
ffffdcbd
ffffffe6
fffffac8
000022a2
ffffbf9f
ffffbb4b
ffffd9d7
ffffe3d5
ffffd21f
ffffe683
000008cc
0000059d
00001d79
fffff6e0
00001c95
000029ad
00004286
00004083
000086e4
000056cd
0000aa46
0000e1b9
0000e157
000091f4
000124bb
00011fdc
00011f6a
00014f61
00013711
00014e0b
00013522
00013a03
00012a3b
000123a0
00014133
000110d3
00013dcf
0001256d
00015889
00013f23
0001555e
00010c3f
00014199
00013447
00013242
00011f55
00013501
000115bb
000100d3
0000f219
0000ced1
0000e3b5
00007ccb
00008ede
000025b3
00007d41
0000425b
00002c5f
0000380a
00000bd4
0000014d
00002496
ffffef85
ffffc9d3
ffffeae9
ffffff13
fffffd1a
0000020d
00002c0f
fffff958
0000078f
ffffcd33
fffff280
000010c4
00001717
ffffea4c
000005b0
ffffd959
0000225f
ffffe9cb
00005f6d
00000798
00004ecd
0000260b
00006ebe
00001e95
0000391e
00004ef3
ffffda93
0000039b
ffffde28
ffffd394
ffffb5a7
ffffe573
ffffc6af
ffffa80a
ffffc2e2
ffffc265
fffff7ae
ffffe8a4
fffff775
ffffe1c8
ffffebc9
ffffeb16
ffffe1c9
ffffe5c5
fffff269
ffffffc8
00002542
00000765
00001e6b
0000327f
0000184b
00004eac
00000a70
00000b3a
00000999
fffffb35
00000565
ffffe147
fffff290
00001a31
fffff651
ffffeaf1
fffff31e
fffff665
00000741
000036ac
00001fc6
00002e1d
000033f0
000028ad
fffffa0a
fffffe38
00000f02
fffff576
00000528
000028b8
00000937
00002f1d
000020a6
00000371
00004beb
0000461c
000092d2
0000123e
0000fa28
0000ca5b
00011e79
00012758
000147a8
0000f527
0001048e
0001604e
00015c43
000159fa
0001692f
00019c5a
00014c85
000184c2
00013549
00015dec
00016da4
0001830b
0001a7c1
00017a3f
000157e7
000154bf
00014e1a
00015deb
0000ed6a
00011a04
0000e360
0000e8c3
0000e42c
0000e740
0000a739
0000d813
00009128
00009136
00005e1e
00006446
00001ab4
000022c7
000003a5
00002017
00001103
ffffe36a
00001c78
fffff995
00000df5
00001e5f
00002a75
00003111
000048db
000022db
ffff67e9
ffffa833
ffffadba
ffff828f
ffff9843
000009d5
ffff9122
fffffce7
ffffedd3
fffff2a8
ffffc51f
ffffad3f
ffffd135
ffff5dba
ffffeb13
ffffd917
ffffca9e
00004074
ffffee9a
000012a6
ffffde78
00006f7c
0000411b
0000645c
00004584
00007d5b
00002d12
0000615e
ffffe90d
00006580
ffffea8a
00007c14
ffffebef
00006de7
ffffab72
00002aa1
ffffa1a0
fffff707
ffff8c82
fffffad5
ffff3e12
ffffd420
ffff74f0
ffffa98c
ffff5412
ffffadf6
ffff81b8
ffff7e83
ffff9ef7
ffff5ca0
ffff961f
ffff8c9d
ffffa73e
ffff9188
ffffb3f9
ffff9471
ffffb7b8
ffffa3bd
ffffb7b2
ffff66c4
ffff9175
ffffb569
ffffd09e
ffff8e22
ffffc16e
00001055
ffffdfbc
ffffe990
ffffceca
ffffdc3d
ffffd580
ffffc0df
ffffc0a8
ffffcea1
00000f03
fffff190
ffffee54
ffffdb47
ffffd24a
ffffce13
ffffd988
ffffa34d
ffffc33c
ffffa259
ffff9445
ffff8ef3
ffff75dd
ffff861c
ffff6a75
ffff813e
ffff7964
ffff306d
ffff503c
ffff4828
ffff6603
ffff73cb
ffff69c1
ffff8561
ffff9415
ffffcb8c
ffffe5b7
ffffdc9d
00000753
000011b2
fffff910
000013e4
00002390
00003ba1
ffffe589
000005e8
ffffdf4e
000004cf
ffffe471
ffffd628
ffffe9e9
ffffe2c4
ffffd00b
ffffecb2
ffffb671
fffffd0d
00001661
00001885
000026c5
000032d0
00003386
000033fb
00002e86
000045f7
ffffd2f8
ffffd6f1
ffffb8de
000049d2
ffffddb3
ffffe91f
ffffb4ca
ffffe3e6
ffffc639
ffffe744
00002345
ffffff19
00004b34
000041b5
00004598
00001bbc
00003cf6
ffffcf91
00003b44
ffffd5ae
00000c9f
fffff6d0
ffffcff3
fffff6ae
ffffcdb1
00002b15
fffff348
ffffa5ba
0000567b
00001025
0000cefc
00008ab9
000117d1
0000999b
000113c6
00011b38
000174f0
000144e7
000171fd
0000fd7d
000140e1
00009237
00013301
0000a93c
00008255
00004ea0
000055a2
00003301
00001404
00003665
ffff9eaf
ffffd1d8
ffff6ebe
ffff74ab
ffff715f
fffff6f2
ffffc93f
fffff7cd
ffffda11
000048a9
ffffcdcb
fffff80d
ffffcabd
00002e7b
00002288
00000172
00002c68
000014ad
0000141f
00000e7f
00001819
00003575
00001eef
00001a3e
000010a0
00001ac6
00005849
00003460
00007a5d
00007e30
0000b2db
0000c134
000105aa
0000d90b
000067cc
0000945a
0000846e
000061a7
00007a7a
0000574b
0000797a
0000989f
00007762
00004d8e
00005d40
00005f37
000055a1
00002ba7
00004abf
000011b2
000015ee
00006850
00001cb5
fffff4ea
00006f81
0000273d
00005a24
0000675c
000086bb
00009794
0000a0e0
00006ff6
0000784a
000076e1
00003b55
00001562
0000156b
00002fc2
000022f8
fffff381
000026a1
ffffeff8
00000523
00001b9c
fffff280
00001cef
00001c9a
000006a3
ffffc335
00002422
ffffe646
0000326f
fffffd81
0000192c
ffffda78
00001986
ffffe59d
ffffff20
00002c61
000042b2
00007259
00002271
0000a7f2
000083cb
0000f882
0000e1a0
0001314e
0000c016
0000e115
0000fc17
00010af0
00010af6
00013610
0001525b
00010657
00011ab7
00014156
0000ff0e
000184cf
00012fed
0001aebf
00012f2e
00018d82
00015036
0001c32d
0001a77e
00012325
0000e3af
00013b49
0000c036
0000fac5
0000e198
0000bbbe
0000c157
00008baf
00007adc
00002a4c
0000560e
ffffedcb
fffff85d
ffffbdbf
ffffd583
ffffe1dd
ffffd28a
000018d7
ffffefd3
00000e48
00004357
000004d4
00002e2e
00001e6e
00001f89
00002657
fffffbf7
ffffec78
ffffc286
ffffcf20
00001938
ffffd1a7
ffffe620
fffff320
ffffe24d
000008fa
ffffc680
0000174c
ffffef2a
00001b56
ffffec08
000041d9
00003199
00003b09
00005697
000005e5
00002ef0
00000d8d
00001f89
fffff110
fffff627
00002f8a
ffffd449
00002edd
ffffcc06
00003308
000039dc
0000251a
000037fb
fffff1ee
00001b05
00001023
00000095
ffffd424
ffffe7c6
ffffd7bd
ffffea42
fffff535
00000f2f
fffff1d9
00001b81
ffffc975
ffffee79
ffffb789
ffffc56f
ffffccb2
ffffd285
ffffd111
fffffee8
ffffd82c
ffffd40d
ffffc499
00000615
ffffdef8
fffff8de
ffffdf84
00000504
00000984
000005a2
0000372f
fffff981
00003d77
ffffff2a
00000ef9
fffff7ee
00001f7b
0000181d
0000227c
00001687
000030d2
00001924
000030cf
00002fea
00000e7e
00002a56
0000429e
00006768
000066b7
00004cce
0000885d
000047bf
000073e3
00006a74
0000776b
00003f00
0000a0c0
000055f0
00009491
0000365b
000071a8
000017bc
00004e0d
0000219d
00007623
000034e5
0000524c
00002f2f
00007718
00004431
0000af35
00005d16
0000acb7
00006a02
0000edc2
000091b8
00009e6f
0000924e
00004609
00009a08
000060ac
000085b1
00007a57
00007f1e
00008547
000054b2
000047b8
000071bb
00003cbe
000052c2
00006b37
00003a5a
0000484c
00003d14
00002db6
00005c9a
000057d2
00002c37
00001ec1
00000f51
00004292
fffffe29
00003993
00002238
00008535
000069dd
00006696
0000aec0
00008778
000043fb
0000ae0c
00004ed3
000041e6
00006032
0000b96d
00007d5f
0000998c
00009b11
000084c2
000088bd
000080ea
00005394
0000b7b3
00006db4
0000ec14
000073b5
0000ac99
00008acb
0000b52d
0000c7b0
0000caa9
0000a39c
0000be52
0000bec2
00007e94
00006d03
0000816d
00005bd5
00004f81
00004485
0000312c
000011f0
00001f7d
000004a9
00003ec1
00003b40
00005a21
00006d10
00003d34
00004f53
0000196f
000069f6
000043f0
00006870
00007d82
0000698e
000077af
00005413
fffffa37
ffffe7e3
ffffdd1e
ffffd10c
fffff0b3
ffffce61
0000082e
fffff174
fffff09d
ffffe905
ffffe4ea
fffff98f
fffff13c
fffff640
000027cd
00003e4e
0000328b
00005b64
000063db
000067f5
00004ac7
00004489
000074f3
00005007
0000889a
00006716
00005ed4
0000aa47
00008232
00008e90
00007e4e
00006336
000091d2
0000482c
00005ed1
00005c6d
00002f4a
0000aec0
000058b9
fffff9ab
00008b12
fffff309
00003f8c
00001883
00006469
00003d77
0000500f
00002a43
00004b2b
000037d3
00000fb2
ffffe4b9
ffffd71d
ffffde1e
ffffc9b9
ffffd5d8
ffffd4d7
ffffd003
ffffe1f4
0000094c
fffff14e
ffffe339
ffffe036
ffffe429
fffffcf3
fffffb07
fffff9dc
00001f8a
ffffefd8
fffff12c
ffffdc3a
ffffee08
fffff2f9
fffff7da
ffffcbf3
ffffdae4
ffffd551
000018d9
ffffb072
ffffd707
ffffdcbb
000011fa
00003e5e
000008da
00002e41
ffffe475
00002296
000030f0
00005d36
000008d0
00004835
00003f1f
00008049
00002183
00006191
00001875
00005285
00000fea
0000966c
0000274e
00008d9b
00005595
0000829e
00003e95
0000bfde
00005b06
0000a239
00006b55
0000be9e
00009575
0000b6ec
0000af84
00004e93
0000a3a3
00001dc5
000062cb
000048eb
0000131e
000050fc
00003ee5
000018cd
000059fb
0000153c
ffffee1c
fffffca9
fffffa24
fffff36d
000007b2
ffffadf9
ffffc421
ffffdeac
ffffc455
ffffcee1
ffffb639
ffffbc14
ffffb1fb
ffffbcc4
ffff9bca
ffffcbf4
ffffe09d
ffff73bb
ffffc25c
ffff7208
ffffc541
ffff33af
ffff618a
ffff129a
ffff71f2
ffff8f30
ffff6f9a
ffff70cf
ffff46f3
ffff41b2
ffff5a9c
ffff4c74
ffff7ff0
fffefbc8
ffff58c1
fffed636
ffff2d5c
fffedc42
ffff2984
fffeba55
ffff50b5
fffeb130
ffff2dab
fffeb8d0
fffee5e4
fffe8bfc
fffed059
fffebd38
fffeb431
fffebfc1
fffea28b
fffede66
fffebd7b
ffff1ce4
fffef73a
ffff71d0
ffff46a3
ffff6a80
ffff9170
ffff69be
ffff8cb8
ffffa75e
ffff92f5
ffffc246
ffffb1ad
ffffc7af
ffffb3c3
ffffc437
ffffdc29
ffff751f
ffffe631
00002b26
00000e66
ffffd098
ffffc860
fffff9af
ffffec6f
ffffef0c
ffffd1e9
00006741
000080ee
00003fae
00005e90
00008411
000056eb
0000c5cd
0000c566
0000b367
0000a88b
00012f47
000133f8
00012004
00012e51
0000f3d6
00012e6d
00011b9a
0000f016
00010fd7
0000eaa8
0001403f
0001315c
00014934
000146d7
00014b82
00016c79
00014b2e
00012a8c
000105a7
0001206f
0000c8cc
0000e5ab
0000ddb7
0000c7db
00008431
00006eed
000055fe
0000804f
ffffeaa6
00003893
ffffe863
000045b7
fffff934
000021c2
00000b0a
ffffdff0
00002c83
00000cea
00002dfb
0000307a
00004b0e
00004bbc
00004a21
00004fb7
ffffb2bf
ffffc799
ffffca40
00000cf7
00000538
ffffe4cd
00000918
00002119
00001618
00001ebc
fffff080
000013a5
0000107d
00001896
0000314d
00005296
00001bf2
00004e76
00006571
0000318e
000008b5
000001f9
000012d4
fffff5aa
00000d66
fffff767
fffffc04
00001d9c
ffffe1b6
00001fd3
ffffa473
ffffb585
ffffb9eb
ffffa817
fffff462
ffffd560
ffffdc1e
00001b17
00002028
ffffdc05
00005a06
fffff270
00000b20
ffffd470
00003782
000025c3
00003253
000022fc
000072fc
00003b51
00001582
ffffd891
ffffbc7d
ffffb6bc
ffffd694
ffffe56e
ffffdf5c
ffffb440
ffff9cff
ffffb06f
ffff9669
ffff9288
ffff87a9
ffffa8d7
000073d6
000024f7
000032d6
000020fa
0000338e
00001ec8
00003f15
00002c8b
0000248c
00002dc1
00002627
000026e0
00002db6
00005acc
00003094
00005589
00002cb2
fffff066
00001cfe
00002d16
ffffd0c0
ffffa642
ffffb79b
ffff845d
ffff9398
ffff8e57
ffff99b0
ffffa218
ffffcc0d
ffffb55d
fffff75e
ffffc8c8
00001e84
ffffb69b
fffff795
00000d70
ffffd5b4
000061fc
0000357a
ffffd44c
00008a3b
fffff7fd
0000269f
00001d15
00005a8a
0000330e
00006e19
00003359
00008853
00006a2c
000076f1
000025fd
000046d9
00004fa7
00003066
00003019
000051c3
00000c22
00003912
000063e0
000041db
00003548
0000244f
000047dd
fffffce5
00000ea5
fffffbf8
fffff938
fffff7a1
00001f35
0000010b
00003512
0000268e
0000186d
0000459c
0000322c
00006fb7
00005fe4
0000c400
0000d4dd
00010f8f
00015570
00015964
000162af
0001199d
000135b5
00015df4
000122df
00013a2f
000103db
000128df
00011d66
000131dc
0000ec56
000129df
00010ea1
00011ce5
0000f3e6
00009abb
0000d864
00008549
00012383
00005595
000057ac
000059c7
00003527
00005a65
00004208
00002ed3
000055a2
00002572
00000b83
00003233
00000794
000012ca
ffffe189
ffffe63a
00000f5a
ffffea70
ffffebdd
00000a70
ffffe838
fffff311
00000519
fffffa9b
000009b5
00000bed
fffff74d
ffffbf4b
ffff9d42
ffffd5ee
ffffe32b
ffffb906
ffffe5b1
ffffb13c
ffffe3a3
ffffcc8d
ffffddbd
0000245a
ffffe98c
0000264e
00001061
00002619
0000259c
00002aeb
00001a31
00004730
00001bdf
ffffd786
ffffef70
ffffdf68
ffffeb5d
ffffc26d
ffffe14c
fffff479
ffff8777
fffff148
ffffb823
00001378
fffffc3d
00003892
fffff8d7
00003166
0000412a
00004eaf
00005646
000075ee
00001370
0000a09b
00001b73
0000a4bd
0000477d
00008bb5
00005599
00007ed1
00006b0d
00005fe4
00006dd9
00001fa6
00003188
ffffff1f
00000cf9
0000007e
00005633
00004152
00003bd9
00002457
000065c5
00000b9d
0000362b
000012a6
000044ff
00002513
000024d7
000052d8
fffff15a
00001741
ffffec6a
00005712
00002cfd
00005c47
0000443a
00005ee3
00006214
000033cc
0000abaf
0000405c
00004d81
00007175
00009fad
00006245
00009103
0001003f
0000ad26
0000dcf3
0000c9f1
0000bfdc
000071f0
0000e160
0000b22d
0000e8a9
0000af05
0000d9d7
000096f3
00008d1b
0000a0ad
0000946d
00007ca9
00005c2b
000058e9
00006c65
00006d44
00003a3c
00004b5e
000052a2
00004040
000081f4
000045c4
000047f9
00003646
000070c2
00004067
00007b65
00006b9e
00009550
00008704
00007c44
000076cd
00003bf2
00005c86
0000463e
00001d5c
00005e49
000039a4
00004150
000033be
ffffb7ae
ffffe5c4
ffffb757
000005ff
ffffbfcb
ffffe467
ffffac5b
fffff3fd
ffffd282
fffff288
ffffd4d0
ffffdb7d
00000845
000004f7
ffffcfb4
ffffca43
ffffcce7
ffffc12f
00000d39
ffffbf35
fffffca6
ffffcaa9
fffff3aa
fffff2cd
00000932
ffffc9d4
00000511
ffffc98d
000045bb
ffffc7be
0000472d
ffffc3a2
0000260a
ffffcfb7
000072fd
00003937
0000a4c4
00006516
0000671d
00000a47
00005da1
fffff231
000039c5
00001e8c
00002ca2
00000ca3
0000315d
00002a27
fffffb82
000022cb
ffffdc55
000016b1
ffffe9b8
ffffcfd7
000010c8
00002881
fffff744
00003bed
00000024
000008f2
ffffe875
00000197
fffff4cd
00001186
00001e90
0000073b
000034df
ffffe417
0000133c
000024be
00002737
00003879
000036af
000022d7
000063ef
00004d0b
000080b0
000073fe
0000b119
0000939d
000128ef
0001348b
00014559
00016b65
00011bad
000120c0
00013888
0000fee9
000112c2
0000b55c
00013bb1
0000e4fe
0000e779
00007e42
00009011
00005292
00003d1a
000023c7
ffffc40c
ffff9489
ffff6315
ffffc1cd
ffff4563
ffff4225
ffff5d89
ffff4d5c
ffff50e5
ffff766b
ffffa8f6
ffffa876
ffffaee4
ffff9dcd
ffff9704
ffffbde6
fffffbe8
ffffe31b
00001775
00002cf0
00002dd1
ffffdba6
000029b6
ffffd3d5
000014d5
000055ba
00001901
0000328e
00003e5b
000001d5
ffffa254
ffff9f33
ffffa408
ffffad0f
ffffbb55
ffffd5e9
ffffb74d
ffffd527
ffffd415
ffffbaf5
ffffdd28
ffffd1ab
000007ba
ffffe38a
ffffff8f
00002154
fffff8ce
00004b2c
00004f6a
00002850
fffffb65
00001a61
00000c43
000027e3
0000185b
00001d1b
00002510
00002742
ffffe28b
00002cb2
ffffe97d
00003290
ffffe6ee
000014a8
00000f7d
000015a4
fffffcdb
000009c6
00002f88
00005ee3
00003dcf
0000677d
00006078
0000846e
00004d3b
000072a3
00003d26
000071c4
000028bf
00002264
ffffce44
000005d3
ffffd557
ffffda6d
ffffd1f2
ffffe37a
ffffe4b8
ffffea32
ffffdb04
ffffc44d
ffffb534
ffffcc28
ffffacb6
fffffc7e
ffff83fb
ffff7bc6
ffff9fde
ffffa2e7
ffffa265
ffffd343
ffffa8b5
0000146d
ffffed71
00000bd9
ffffcca9
ffffc55b
ffffc8af
ffffb12b
ffff9874
ffffd61e
ffff36f3
ffffa24b
ffff6939
ffff6cf3
ffff44eb
ffff7575
ffff66ea
ffff8759
ffff7a68
ffff81cc
ffff6415
ffff91be
ffff4f13
ffffa639
ffff1a90
ffff8347
ffff1ee9
ffff7b2f
ffff5fd0
ffff9f8d
ffff45db
ffff8bd0
ffffb01a
ffff8f48
ffffc298
ffffba67
ffffb8a2
ffff9d31
ffffde99
ffffc383
00000b78
ffffdde2
0000118c
ffffe3c2
ffffd87a
0000108d
0000064c
ffffb281
00002548
ffffec2d
ffffe1f2
ffffcfa2
ffffb66f
ffff7471
ffff84b6
ffff8eaf
ffff837a
ffff846a
0000079c
ffffe3a4
0000484c
ffffb027
ffffef12
ffffd1b3
00002cb9
00000828
00001b16
000000fa
0000037d
00000d58
ffffbfdd
000001ea
ffff99c7
ffffccde
ffffa3ef
ffffd0cb
ffff8b4b
ffffed08
0000004e
ffffb2b2
ffffea69
ffffb2b9
ffffd995
ffff8712
fffff0f5
ffffee45
ffffb970
ffffa5dd
ffff8740
ffff688a
ffff40a0
ffff682c
ffff7666
ffff6ba5
ffff5396
ffff482c
ffff9ac5
ffff684f
ffffd5aa
ffffa4aa
ffffceb0
ffffa62d
00009244
00000c6f
00005f88
0000392c
000049d4
00007bd7
0000ab42
0000acd8
0000df25
0000e0d6
0000ab76
00007344
000087c7
000088c5
0000893a
0000889d
0000bd1a
000066dc
000080ba
00005664
000003f6
ffffd9ae
fffff301
ffffc2dd
ffffd972
ffffe249
fffff63a
ffffc089
ffffe1b9
ffffb4c8
00004e8d
0000149b
000063a8
00004832
00006cbf
00005594
0000aa39
000075bc
0000b5cc
00008308
00008c94
00007f8f
0000644e
00007704
00003dcc
00005cc3
000085b4
0000206b
000073c4
000035b9
0000a87c
0000631f
0000984f
00006a46
00008915
000096a7
000081e6
000088b6
0000a4fe
0000bd45
0000a936
00009de8
0000d33f
0000cea6
0000a8ab
0000ad54
000068be
00007257
00003493
000025de
00000b6d
00001fd5
0000120d
00003658
fffff129
0000040f
000029e9
00001dc7
00003272
00005801
00003725
0000559f
0000383a
000080c9
0000132e
ffffea85
fffff620
ffffd554
fffffc9d
00001043
00000b2f
00001e30
00002989
0000134f
fffff5ec
0000037b
00002ce9
000012d5
0000aa35
00006636
0000de17
00014a98
00012221
000115cf
0001374f
00017398
000178b5
00019176
0001926c
0001b4d1
000165ab
0001c3fd
000178b6
00019dd7
000195f4
0001d4db
0001c4bd
0001bf78
00011cb9
000135d7
0000d8f9
00014116
00007a30
00009ad6
000063b8
000076f3
00005f91
00008953
000032e1
0000701b
00001307
00005c14
00002503
00000707
ffffeea2
00000235
ffffe459
ffffed60
ffffdc8f
ffffd158
ffffa407
ffffe8ab
ffffb806
ffffa310
ffffbc55
ffffbe4d
ffffd028
ffffd2f9
fffff909
00000de5
0000057b
0000226a
000003d5
0000224d
ffffcbcd
ffffe789
ffffcfeb
ffffdc67
ffffa9dc
ffff98a8
ffffed3a
ffffa938
ffffc1d3
0000105f
ffffb101
ffffa3e4
fffffb45
ffffdbc1
ffff4de2
ffff5d4d
ffff617f
ffff60a1
ffff7a03
ffff94df
ffff7059
ffff7e68
00003ae9
ffffbe60
00008fc0
000027d5
0000c3d1
0000192d
0000b1c4
00008236
0000c3a0
00010bf1
0000cc64
00007fc0
0000ee1b
0000720f
0000ccc4
00009029
00006ab4
00004e13
00005075
00001aff
000035ce
00000853
ffffd72f
ffffafb2
ffff9924
ffffb524
ffffb88f
ffffc073
ffffca8e
ffffd224
ffffc975
ffffcc7b
ffffa4d5
ffffd2a9
ffffb905
ffffd3b1
00002959
000005de
00001a85
000011e6
00002417
00003965
0000560d
00007c74
00006c87
00006d36
00006c4d
00006f14
0000ad2a
00008755
00013c8e
0001298b
0001b103
0002016d
000219fb
0001d6b7
0001d3ab
0001fd5d
00021deb
00020a33
00020ab3
00020608
0001fbd6
0001d838
0001d2c8
0001a4d5
0001ce31
000169bb
0001ce67
000151f6
00016026
0001378e
00010bab
0001874a
0000f757
0000d6d2
00014137
0000e9c0
0000e30d
0000e202
0001068c
000125de
0000cbca
0000f1ec
000120d2
0000da47
0000c1d5
000090d4
000087ca
00009c69
0000644c
0000403f
00004c7a
00000787
00000c54
00002cb7
00004867
000016e0
000023d0
0000117f
ffff7314
ffff8bb8
ffff65bf
ffffb783
ffff9828
ffff811a
ffffacfe
ffff7dbe
ffff7372
ffffa1e0
ffffb4c1
ffff7ab8
ffffcc8b
ffffb47a
ffff69ed
ffff9335
ffff1de1
fffedf51
ffff2080
fffedcf3
fffeec22
fffec65e
fffeba93
fffed2e9
fffef57d
fffed6db
ffff1351
fffef1ba
ffff8517
ffff1315
ffffb6eb
ffff8b56
ffffd4a4
ffffae5e
00006315
00004de3
0001031a
00005c67
0000ce24
00007fba
00004471
0000039e
000073f4
000005bf
ffffd93a
ffff962a
ffffc9af
ffffa11a
ffff9eb0
ffffae19
ffff5fde
ffff9755
ffff6064
ffff3ab2
ffff6e4b
ffffc06a
ffffab49
ffffc4de
ffffc668
000001ad
ffffc807
ffffd253
ffffce14
ffffd497
ffff6cd4
ffff68a9
ffff7dc7
ffffc0f6
ffffaef2
ffff8b39
ffff9e09
ffff89a8
ffff71fe
ffff7006
ffff99fc
ffffa981
ffff80a6
ffff94fa
ffff3d84
ffff8059
ffff1b1b
ffff16b8
ffff192a
ffff1da5
ffff0788
fffedd9f
ffff0592
ffff0ef1
ffff4705
ffff0c86
ffff3f37
ffff0107
ffff745f
fffefedf
ffff7a13
ffff2e08
ffff6232
ffff43d6
ffffdd34
ffff8d1d
00003182
ffff9dc6
000036a2
fffff0a7
000034f7
fffffd94
000062ad
00001e96
00005045
000004dd
000028ba
00003403
ffff8897
00000077
ffff8762
00002b40
ffffc75c
ffff9035
ffffc55f
ffffc513
ffffe9b4
000002e1
0000131f
00001895
0000026e
ffffeebe
ffffe57e
ffffefdd
ffffd9ab
0000004a
ffffddee
00001896
fffffd9f
fffffee2
000004e8
00001ded
00000f15
00001c94
00003be4
000030be
00006fa7
000059f7
000082c5
0000624a
00007d11
00002790
00005af3
00003191
00003214
000035ef
00001545
000023ce
00001e7b
0000763a
fffffd55
00001f04
00005ffd
000049aa
0000d203
000061de
0000f643
000069a6
00010656
0000d89d
000115a0
00010ca9
0000d854
0000c71f
0000f58a
0000ba8e
0000c26b
00009020
000050b6
00008611
00003441
00003555
000047b4
0000296a
fffff03b
ffffdae5
ffffb308
ffffceab
ffffbef4
fffff215
ffffdcbb
fffff1a2
ffffe98e
00001fc0
ffffe786
ffffff14
ffffe3b1
00002a70
000004b7
ffffde81
ffffe92c
ffffca6d
ffffdb31
ffffff2c
ffffdf9a
fffff2bf
00000af2
fffff79b
fffff0c0
ffffe39b
00003162
00001f60
000094fa
00008820
0000ca71
00015a46
00015da2
0001132b
000116af
00015809
000147a2
000184a1
00016e5c
0001758d
000188f8
00016c0a
00016ede
00015a45
00018fe5
0001c03a
0001a194
0001a09e
00013c91
00016595
00012446
00017079
0000fcb6
00012c4a
00009ba5
0000d3ad
0000df0d
0000f5db
000075af
0000929e
00004a6b
000077d0
00006a33
0000189b
00000d95
00002232
000009d9
0000078b
00000c50
0000172e
ffffdee6
00000373
ffffcba6
ffff9ca6
ffffadef
ffffd33f
ffffcbb1
fffffb31
00004a32
00002aec
00003100
ffffddd1
fffffed5
fffff7ca
0000203d
0000175f
0000278a
00000ffe
ffffdb78
ffffe40f
ffffd0ec
ffffd9c0
ffff8ec5
ffffc54e
ffffbac2
fffffa3b
fffffbe8
00000f3e
fffffeb6
ffffc90f
00001496
fffff5af
0000252d
ffffb294
0000288e
00003843
000034f2
fffffcf9
fffff466
ffffec21
ffffb5ed
ffffbda6
ffffb11c
ffff9989
ffff80ae
ffffa04a
ffffd147
ffffab1e
0000093a
ffffeb68
0000045a
0000087b
00007196
00003bbc
000034af
0000338d
00001f3a
000047cd
00004e57
000052c0
000063ca
00006104
00006c2e
00000cfa
00002184
00002785
000001aa
ffffefea
000037ea
ffffff55
00001570
ffffee8d
0000200c
00001b3c
ffffcf77
ffffd605
ffffe38f
00001a1f
ffffee30
ffffff66
00000a99
fffffbb6
ffffede1
ffffe8c2
0000103d
ffffe79b
00006123
00002ed4
0000657f
0000f247
0000a9a9
0000c4f4
00008f15
0000de66
0000eb10
000101ec
000101df
00011255
0000e253
00013f77
0000f133
00013bf3
0000e552
00015c1e
0001016e
00014443
0000616b
0000c48d
000031d4
0000ccc6
fffff586
000051c0
ffff9a7e
000006e8
ffffd9dd
fffff6da
ffff8c8b
ffffcb67
ffff7fa5
ffff920a
ffffebec
ffff7120
ffffc9b3
ffff9a55
ffffb595
ffffc68d
ffffb6d9
ffffc55f
ffff8b85
ffffc284
ffff9c29
ffff7d72
ffff9571
ffff93bb
ffff9d5a
ffffaf60
000052bc
fffff400
00002547
ffffda9a
ffffe46a
fffffad4
000006ff
00001a38
00002379
00000a71
00002755
0000107b
00003c7f
0000245f
00006986
000071a9
0000e845
00015f6e
00015ca7
00012e28
00015b3c
00015729
00019643
0001866e
0001b652
00017295
0001c40c
0001b892
0001c68a
0001795b
0001c41d
000182eb
0001ae90
00016630
00016f2d
000132ce
00012efc
0001508d
00011a5c
0000f22f
0001479e
0001096d
00011f9b
0001105f
0001828e
0001539f
000122ba
00014d47
0000f70a
00013193
0000dfc3
0000fc50
0000db50
0000ef4b
0000a80a
00006608
00006c9b
00006047
00002f90
000035df
00006ae0
000041a5
0000447b
0000481c
00000947
ffffe3a1
ffffe017
ffffdb10
ffffedde
ffffdf85
0000052e
fffff53f
00001754
fffffdb8
fffff40f
ffffebca
00003b0f
0000241c
0000710d
00003c1f
00006bef
00008771
00008dca
00007c2f
00008665
0000ace2
000096ab
0000b278
00009f5d
0000c586
0000928d
00008030
000099f7
00009017
0000c794
00007a6e
0000cee6
0000878f
0000a461
0000812b
000085a5
00008f22
00005994
00008105
0000370e
00005d51
00004ac4
000055b5
ffffebd0
000047a5
ffffffe1
fffff93b
000036f1
fffff144
ffffdc66
ffffaeb9
ffffb95d
ffffb5a1
ffff9835
fffff1a6
ffffaa24
ffffda83
ffffc490
ffffcecc
ffffca55
ffffd970
ffffd0a3
0000045c
000051cc
00000375
00001173
000027d9
0000152c
fffff393
00002a6a
ffffe0a2
00000d9f
ffffeb29
000029e6
fffff293
00006e88
00005a50
00007059
00006b16
0000aadf
0000ae38
0000ff5a
0000916a
0000d744
0000b351
0000aebe
0000caff
0000ac37
0000b671
0000e284
000076d0
00011fa7
0000a5ce
000161f4
0000f804
00018574
000108c3
000178da
00014306
00018ca0
00016596
00017576
00015cbf
00017adc
00012718
00019e04
00013dd8
00012b84
00010e2c
0000c58d
0000b37d
0000790d
00008ef3
00003c02
00003795
00001a53
0000335d
00001d85
00002127
0000050f
0000244a
fffff128
00000dd1
ffffede8
0000162c
00000363
000049d9
ffff8ebb
ffffd5a4
ffff88e6
ffffe5b8
ffffa06d
fffff953
ffff9092
ffffa8a5
ffff9684
ffff8aa9
ffffb28b
ffffacf3
ffffafa5
ffff9930
ffff67b1
ffff7bad
ffff8a60
ffff9288
ffffa00e
ffff7331
ffffb2f4
ffff8e06
ffffa668
ffffc27f
ffffb9ce
ffffbffd
ffffbea1
ffff72ab
00000db4
ffffb443
000081ff
00003e00
0000980a
00006f20
0000f228
0000d91a
00016f8d
0000d954
000146a9
00014fc7
00013725
00013951
00014a0b
00014f7c
0000c543
0000ee55
0000910a
0000ef40
000004ae
00006073
ffffc3ae
0000614c
fffff2a7
ffffd0ff
ffffc77f
ffffccf8
fffff285
00001ecc
00001690
fffffad2
00000c09
fffffbb1
fffffda0
00000333
ffffe750
ffffb3c0
ffffe0cb
ffff974e
ffffba4c
fffff9cf
ffffcde2
000009d5
ffffff8c
ffffe852
fffff4b4
ffffde21
00004648
ffffd118
0000580c
00006c24
00004ae3
00008ecc
00009b4e
00006f28
0000101f
000081f1
000059f1
000069ab
00005c45
00008686
00004261
00006615
000025f1
00006df5
00005af4
00007996
0000763e
00005897
0000502a
000031ee
000017fd
00005e03
000000ab
00004ad8
00003d1a
00007232
00003b3a
00008572
0000245c
00008a6b
0000260d
00005577
000020b4
00001291
ffffccef
ffffe727
ffffc0c2
ffffd8be
ffffdee7
ffffd3df
ffffbd74
ffffc261
ffff91cb
ffff6cab
ffff76ed
ffff98e5
ffff9261
ffffc76a
ffff9478
ffffe156
00000276
ffffd2c3
ffffcbdf
0000024c
fffff148
fffffc83
000005fe
000009a5
00004187
00001862
00003a44
00001249
00001d97
fffff5ac
000035e6
00002640
00001281
000011d4
00002d0c
00004f09
00003656
00004c52
00001dd9
0000319d
00002235
00001f03
00001b18
00003fa1
000037c1
00009a61
00002707
000095e7
00005a3a
00009695
000064b2
00005bcf
00007104
00008e41
00003f50
000073dc
00006554
00006b42
00004162
0000493d
0000416e
00005cac
00001eb8
000015ae
000031b4
00005f8e
000049c2
00004738
000050e6
00003475
000043a1
0000370b
00002689
00001a3b
00003bc0
000046d4
0000480a
0000305d
000031ca
000020f0
000012a0
00000169
00001a04
0000398a
0000060f
00000f3a
0000068a
000004d6
ffffe131
ffffcdbc
00001f86
ffffe5b5
00001544
fffff3c8
ffffa236
ffffc24b
ffffd863
ffffeb57
ffffe4cd
00002c0b
0000096c
00002ea7
00003354
00002935
000086f5
0000712e
0000909a
0000965b
00009085
00004d96
0000695d
000087aa
00006f0c
00005aa1
00007459
000010d9
0000b186
000053e9
00003daa
0000591e
00001ac5
000007f5
00000401
ffffeb78
ffff9e5c
ffff7e95
ffff35ea
ffff28ac
ffff3451
ffff48eb
ffff53e6
ffff6303
ffff7c2e
ffff6187
ffff67cf
ffff7f0a
ffff9873
ffff64c1
ffff9c95
ffff6082
ffff829b
ffff5d21
ffffc64f
ffff8da6
ffffbafd
ffffc648
ffffb5bf
ffff94e9
ffffac87
ffffca49
ffffb210
ffffbbae
ffffaab6
ffffd3df
ffffa8ff
ffffe453
ffffc83b
ffffe076
ffffe02b
00001a1c
ffffe621
0000023b
000008f3
fffff15a
fffff70d
00001a3d
fffff140
00000ce5
00000194
00004b43
00004e90
00000826
000087c9
00006bfb
000055e0
00006392
00007b18
0000545c
00006cf8
0000201a
00004b2f
0000133f
0000290b
0000002f
ffffb144
ffffa3e9
ffffcea6
ffffb497
fffffec5
ffffedca
fffff152
ffffdbb6
000009b0
ffffec40
fffff5e4
ffffe399
fffffe3e
ffffda99
fffff545
ffffd910
ffffd2a6
fffff378
ffffd15d
ffffdec1
ffffd377
ffffd034
ffffbbbb
ffffe176
ffffbd88
ffffa8e6
ffffd6e0
0000218d
fffffdae
00002547
00001f1a
00002305
00001777
00000903
00000525
ffffe018
fffffd6f
ffffeb8b
000006bb
000015ef
00000f55
00000bed
00002e71
000048b8
00003c5c
00001471
000026b2
fffffd29
00001a5c
fffff02a
ffffd29b
000012f7
ffff8f3b
00002145
00000c61
00003191
fffff61f
0000315e
fffff1fa
00000bef
ffffe59c
ffffe19e
ffffa7d9
ffffe5a3
ffffa9a9
ffffeaaa
ffffdbf0
ffffa294
ffff7cf6
ffff4a3d
ffff71e2
ffff9a8e
ffff5ecf
ffffa5a5
ffff82eb
ffff7f1d
ffff8049
ffff705c
ffff963a
ffffa250
ffffac93
ffff9a03
ffffee26
ffff8871
ffffd593
ffff8787
ffffb995
ffff9e47
ffff8d0e
ffffa0ae
ffff781a
ffff7de8
ffff9974
ffffac0d
ffffc7bc
ffffbea2
ffffd732
ffffcac5
ffffe708
00000c4e
00001877
fffffcd8
0000055d
00000cca
00001909
0000154e
00002041
000023fa
00001224
00000386
00002d49
00001e58
00001a0b
00003b4d
00003c62
00000664
000053a8
ffffe5ea
ffffbc7b
ffffd3b9
ffffe6ec
ffff9efc
ffffb7e8
ffff8c25
ffff90c3
ffff9680
ffff9d3f
ffff94b0
ffffcea0
ffffaa54
ffffd3bc
ffffdbe9
ffffd00c
00004101
fffff6d3
000023af
0000359a
00000bae
000007ad
00004de8
00002699
00005a8c
00000d10
00005ba1
00005cfe
00005e21
0000445c
0000737f
00006712
000071c3
00006e42
000064ad
00006bdd
000040ec
00008f5f
0000bec2
00006066
00009799
00008169
00007b6b
00004a5b
000054d2
00004eee
00002c96
000046d4
000005fa
ffffc250
ffffdd80
ffffebc5
ffffdb38
ffffc4d1
fffffb74
ffffed47
ffffda53
fffff384
fffffc4c
000016b9
00001b1a
0000021c
00003506
fffff8e3
000052c7
00004322
00006ac5
00007088
00008ddd
00009596
0000264b
00005220
00004584
ffffe78e
00002da7
ffff46dd
ffff7807
ffff8bd6
ffff5979
ffff2490
fffedbb8
ffff600b
ffff6f2c
ffff3394
ffff5628
ffffac5b
ffff866a
ffffa79a
ffff8dd9
ffff8c0f
ffff7ccd
ffff8fff
ffff7440
ffffc742
ffff245b
ffffc3b1
ffff457b
fffff4d6
ffffdbfc
00001088
fffff623
ffffcdbd
ffffdb66
fffffda7
ffffec4c
ffffed73
fffff095
ffffc0bf
ffffe065
ffffc9ce
fffff3f2
ffffca05
ffffe7ad
ffffd736
ffffd83a
ffffe153
fffff1f9
ffffdc71
ffffa388
ffffacd0
ffffa530
ffffa346
ffffab2a
ffff9e36
ffff9034
ffffa8a6
ffffbd46
ffffadd6
ffffa935
fffff601
ffffe496
ffffd53f
ffffbe10
ffffa824
ffffedce
ffffd188
00001c59
00000f2a
ffffe4f6
00003b24
fffffe8d
000029df
00004e44
00003afa
00006bd2
000019f5
000008d2
000011db
fffff114
00000e42
0000208f
000013a4
00000628
fffffd43
ffffd698
fffffe50
fffff019
ffffeac5
ffffeb6a
ffffef33
ffffef34
ffff8b3b
ffff95f2
ffff712a
ffff7a4e
ffff7e0d
ffff93c0
ffffa4fd
ffff9087
ffff7f06
ffff9319
ffffbbec
ffff9e8d
ffffb3e3
ffff90f3
ffffa796
ffffaebf
ffffc7a0
ffffb4e1
ffffb783
ffffc125
ffffe51a
ffffefd8
ffffdb0e
ffffcf0c
fffffb1c
ffffb764
ffffd1b5
ffffb8c8
ffffc399
ffffd60b
ffff8c04
ffff8b84
ffff7eea
ffff9291
ffff5e88
ffff825f
ffff94c5
ffff96bf
ffffd55a
ffffcc67
ffffc5a0
000036dd
0000425e
00005556
00001fe4
00001c97
fffff6a4
fffff380
ffffac07
ffffbbcb
ffffa075
ffffb73d
ffffc17e
ffff98e8
ffff9e69
ffff80af
ffffbac4
ffffbe10
ffffcbcc
ffffb173
ffffe573
ffffab1f
ffffbd3a
ffffa48b
fffffb5c
ffffc3bf
ffffe838
ffffd6a2
ffffc570
ffffa2fd
ffffa803
ffffa969
ffff8c9e
ffff8ec3
ffff85c0
ffff8495
ffffa204
ffff91ed
ffff7fe1
ffff9910
ffff96b3
ffff98f8
ffff83a7
ffff93a2
ffff909d
ffffaa97
ffffa7df
ffff9e36
ffffa1b2
ffff9e1a
ffffa885
ffff78b5
ffff923d
ffff7c5c
ffff8e71
ffff6161
ffff620a
ffff62dd
ffff5f5a
ffff98c3
ffff817d
ffff57ae
ffff61d6
ffff71f4
ffff3be0
ffff6f19
fffee5c5
fffefb8b
fffee540
ffff09be
ffff1dcf
fffee080
ffff2365
ffff1229
ffff1d11
ffff29ca
ffff4d34
ffff3211
ffff4756
ffff13cc
ffff657e
ffff3b42
ffff6b32
ffff3d47
ffff6baa
ffff1598
ffff4dec
ffff0d90
ffffd086
00001fa2
ffffdc5c
ffffdc15
00001167
00002b44
00001972
fffff011
00001034
0000048f
00000b61
ffffd64f
0000200a
ffffbccc
ffffde13
00001c2c
00001f82
00000f96
0000396d
000041c0
000005ef
000018da
0000113f
0000469c
00003c11
00002812
0000b7ec
00009c78
0000a528
0000c400
0000c12b
0000902e
0000ee43
0000d9f3
00010c45
0000e296
0000b12e
00013825
0000ed48
0000fd6e
000140ec
0000e7e3
000193c7
00013396
000185e0
0001480f
0000ba0e
00012fa6
000043a0
00003ed3
00002124
000022d1
ffffc494
000039c7
ffffefdd
00000e3a
ffffd3c0
00000893
0000198a
fffff84e
ffffe675
00004a74
ffffdd1a
00001fdd
ffffa38a
ffffa335
ffffa2fb
ffffb1f8
ffff9dd7
ffff82b2
ffffbb0e
ffffbb2f
ffffbd12
ffffc514
ffffe671
fffff78c
ffffffc0
0000145b
00000add
ffffbe73
ffffef50
00001176
000006c5
000046f0
00007273
0000b926
000090c1
00009713
0000c392
0000b5f9
00007da2
0000cfb9
0000fa93
0000ae35
0000d9de
00011ab9
0000a1a1
00010df0
0000ed92
0000eb3d
00012cd1
0000a8d3
00011088
0000c2a9
0000ef07
0000d5bb
0000ffd2
00011d66
0000f011
0000fc44
00015517
000128bb
00014336
0000f63c
00017696
000118d1
00011d68
0000b8e3
00012048
0000d578
00011861
0000a347
000065fa
0000c521
000059d2
0000a25a
00004d8e
0000c0d7
000029f8
fffff366
00002a09
000018f7
ffffcbce
ffffd4e4
00000728
ffffff18
ffffde21
fffff800
ffffc04f
ffffe8b5
ffffcdd9
fffffd1d
fffff9e3
00001740
ffffc9dc
fffff36c
ffffe863
fffff86d
00000138
ffffc5bd
ffffd5ac
ffffc232
ffffdbfb
fffff271
ffff9a15
000004cb
fffffc18
ffff9c01
00002997
ffffc740
ffff9666
ffffc9b9
ffff99fd
ffff50a7
ffff81df
ffff47d6
ffff752e
ffff7eab
ffff85b7
ffff7d00
00000393
ffffc7a1
00001c09
ffffe5af
00005fc5
00008b33
00003594
0000295e
00003f56
00003043
000030e9
00000a25
00000eef
ffffe2e4
000000c2
fffffd02
0000188f
000008e3
0000001e
0000257d
00001045
000027c0
000006d4
ffffd4e2
fffff393
fffff37f
ffffeaf1
ffffc6eb
ffffb5f2
ffffd551
ffffb598
ffffb7f2
ffff9b9c
ffffb2b2
ffffbadc
ffffbdd7
ffffa0e7
ffffa1da
ffffa841
ffffd5a1
ffffa5c6
ffffcad9
ffffd43c
fffff5f3
fffff30f
000009a5
00000b35
00001254
0000236b
000050b8
0000563d
00002bcc
000071ae
00007d20
0000644c
00008748
00009c2b
00008512
0000901c
00006024
00007155
00004215
00003163
00002850
ffffb4c3
ffffa715
ffffc9c6
ffffaf15
ffffe506
ffffcd32
ffffd9fa
ffffb532
ffffd9a8
ffffbfa0
ffffcd9e
ffffc0a6
ffffdebf
ffffb2b5
ffffd8dd
ffffb1cc
ffffbeb5
ffffc332
ffffb8be
ffffb3e0
ffffb05a
ffffa7ff
ffff9eaa
ffff830f
ffffaa1a
ffffa67e
ffffc2ec
ffff8242
ffff957c
ffff8be2
ffff7ebc
ffff790e
ffff595e
ffff6eb6
ffffa672
ffff9a3c
ffff7253
ffffc9c0
ffff92f7
ffffd42d
ffff9e0b
ffffec93
ffffc2ba
00006d3a
00003233
00005ebe
00006a2d
00005b75
0000aeec
0000b373
0000bb7d
0000b1ad
0000cd44
00011293
0000a7bc
00012c71
0000d4b3
000130b8
00011e74
0000efe7
00016fdd
0000c695
00010eb2
00008c17
00011e77
0000b4cb
0000b7cb
0000a75f
00006bc0
00006d6b
ffffdb6d
ffffcd41
fffff057
ffffcff8
ffffc8e8
ffffb7f4
000003d9
ffffd99e
ffffe559
ffff88c6
ffff7dec
ffff86a7
ffff54c7
ffff9582
ffff3bb9
ffff848c
ffffcb32
ffffbc12
ffff896c
ffff7b19
ffffb1f0
ffffb425
ffffa20c
ffff7768
ffff99b9
ffff968a
ffffca4a
ffffa6b7
ffffc00d
ffffc6fb
ffffd25a
ffffc61c
ffff8f9b
ffff6052
ffff8f9e
ffff66d7
ffff65c7
ffff1eea
ffff3c9b
ffff18e9
ffff4a5d
ffff38ea
ffff2f36
ffff481d
ffff0e90
ffff2a70
ffff2c7f
ffff3290
ffff5f57
ffff4d5b
ffff5c85
ffff6bbb
ffff349e
ffff77a9
ffff2a9b
ffff8786
ffff334c
ffff7db9
ffff2de4
ffff5709
ffff5ff5
ffff34ff
ffff6945
ffff3cd6
ffff701e
ffff7fd0
ffff72f0
ffffa063
ffffaa02
ffff5cd0
ffff9f34
ffff62fa
ffff9ac7
ffff982e
ffffb753
ffff72bc
ffffae0c
ffff4dd1
ffff88af
ffff5cf0
ffffbda6
00000c7f
ffffbb3c
ffffc2b7
0000037f
ffffc3f1
ffffacd5
ffff74b4
ffff9b86
ffff72a3
ffff9f55
ffff55eb
ffffea4d
ffff68aa
ffff7e9e
ffffaf0d
ffffac62
ffffc024
ffffa4d5
ffffd371
ffffb8db
00000f26
ffffc818
fffff22d
00003be2
fffff2db
00004817
0000138b
00002770
000025fc
00000aac
ffffed66
ffffc7fd
ffffe0a2
ffffdcd6
00000f2b
00002240
00001afb
fffff858
ffffc04c
fffff803
00001f17
0000528d
000045ef
00004e11
00000849
ffffc895
ffffc891
ffff968c
ffff7d3c
ffff9c8e
ffff87ae
ffff80a5
ffff5915
ffff9a7d
ffff8170
ffff8751
ffff945c
ffff904e
ffff645d
ffff7f43
ffff8efd
ffff4caa
ffff760e
0000024a
ffffec6c
fffffe23
fffff496
ffffef4e
000012d9
00000762
00002fc9
00002a0c
00002e0b
00000ac6
000027aa
fffff9b3
00001d41
000026b7
00003628
00002ae6
00003d42
0000347f
000039ff
00004c1b
00003d5d
00003d6c
00008861
00004815
00009141
000065f1
0000e06b
00009439
0000b278
0000ac9f
0000f5b2
00009ac4
0000c3f8
0000dc1e
0000822e
00009730
00008dc4
0000519d
00005f21
00001fc0
0000072d
ffffa137
ffffa655
ffffa10d
ffffc25a
ffff961e
ffffa157
ffffecdf
00000d67
ffffd56d
fffff940
00000339
00000730
000010c9
00001ef5
fffff191
00001dd0
00002670
00000586
00002d12
fffff42b
0000261f
ffffee97
0000747b
0000ac75
00007898
00005430
0000810d
00009be7
000077c8
00006e8d
00008782
0000666c
0000563e
00001679
00006b90
00000f79
000026ab
000010ba
fffff862
fffff7f8
00000a9f
fffff4ff
ffffecad
ffffdad1
ffffb0da
ffffdf37
00001cb1
00000d40
000033fe
00003e97
00002a5a
000052bd
000013ce
ffffce14
ffffda1a
ffffbec8
000001c1
ffffc42a
ffffdaf7
ffffd70f
ffffd54b
ffffb658
ffffb904
ffffd132
00001bba
00002083
00000be5
000005f4
ffffd508
ffffe53c
00001aef
0000114e
00000350
00000e1f
ffffd95d
0000148c
00000ec6
00001bcd
fffff9c5
00000b5b
00003a33
ffffe650
00001457
ffffdef1
000002bd
ffffd72f
0000090b
fffff75f
0000063a
ffffeef1
ffffebf9
0000273a
00000bdc
00003667
000019d8
00002818
00003aac
00002d91
00000c8b
000016ca
00001e82
ffffd839
fffffd33
ffffdfdc
00001b80
00000ace
00002e43
00002716
00002d79
fffff3fe
0000457f
000032c8
00000f21
0000339f
000002c4
00001c34
fffff28e
000002d2
ffffba03
ffffc58f
ffffd770
ffffbf3d
ffffc01e
ffff9fcc
ffff509d
ffff75ff
ffff63c7
ffff864d
ffff5c87
ffff6c7c
ffffa7c9
ffff6d77
ffffbac0
ffff9d8e
00001e56
000020c3
00001fa6
0000193a
00004973
ffffe96f
000029ea
fffff9f1
000011f9
00001a72
0000335f
0000128a
00005303
ffffdc17
00003579
ffffe4a9
00002718
fffff769
00001cce
0000134f
000010ba
00002c31
fffff257
00001ba4
000002ae
000005c8
ffffd99e
000002bb
ffffea99
fffff731
000005bb
fffff9e2
ffffddc0
ffffe447
ffffe1b9
ffffdc38
ffffcb3c
ffff9c20
ffff9b18
ffffc0be
ffff96db
ffffb370
ffffb7b5
ffffdbea
ffffd0cd
ffffe8f0
ffffe07f
fffff130
fffffdb2
fffff50a
000022fb
ffffcca3
fffff797
00000eb5
fffff547
00002775
fffffef5
ffffe658
ffff90d3
ffff954b
ffffa49f
ffffb83a
ffff9057
ffff8021
ffffe4ad
ffffdb95
ffff9e03
ffffa97a
fffff04b
ffffe30b
ffffff97
fffff6e2
ffffd5f9
ffffe29d
ffffe319
ffffd118
fffff8a3
ffffc24e
fffff632
ffffbf3a
fffff2b2
ffffa509
ffffb9ab
ffffb656
ffff8836
ffffb2b7
ffffc421
ffffbc6c
ffff9a3c
ffffb485
ffffb925
ffffb6dc
ffffcb85
ffffb9a2
ffffc5d2
ffffcae2
ffffd9cb
ffffbf14
ffffd780
ffffdf68
fffff9c4
000018a0
ffffffad
ffffe82a
fffff090
ffffec51
00000a7b
ffffc8d4
fffff695
0000171e
ffffda6b
ffffda00
ffffc4de
fffff9d7
ffffe3dd
fffff3a0
fffff4cc
000010ec
0000319c
00001ee7
000024ef
00004a29
000078ba
00006a9a
00004e51
00003598
00001043
00000aad
ffff9cb8
ffff7689
ffff6e91
ffff83e3
ffff9e25
ffff84b0
ffff8189
ffff6b28
ffff9258
ffff8971
ffff94c2
ffff87d1
ffffa957
ffffa59e
ffff9571
ffff9216
00002de2
ffffbba0
fffffde6
00000868
ffffac5a
ffff9c0c
ffffbfb4
ffffd176
ffffb325
ffffa9df
ffffb3b3
ffffcea3
ffffa92d
ffffcb03
ffffd732
ffffee1d
fffff439
00001a8d
fffffeaf
00001e15
000006fb
fffff754
0000515a
00002816
ffffee29
00002e76
000024ea
00004f68
00005104
00001dd2
0000b12a
0000b30e
0000b8bc
0000b820
0000b9b5
0000cca9
0000abf4
0000cf1c
0000ece0
0000fc4f
00011d76
0000eadf
00013ba4
00011ba4
000137d2
000117c5
000198e0
0001afe1
0001435b
0000ecc2
000129bb
0000eda7
0000ca24
0000baed
0000c665
0000af58
0000c393
000076cf
00006049
00009af3
00000e53
0000be3d
0000315e
0000b144
ffffcf6f
ffffb537
ffffaa85
ffffbe53
ffffacbf
ffffb025
ffffae31
ffffc542
ffffda11
ffffd3a9
ffffeecf
ffffd962
0000099f
0000241a
000035b9
fffffb76
00000086
000001a0
fffff964
ffffe6c9
000010cb
fffffe67
ffffcbf2
fffff54e
0000175e
00000e65
000010d6
0000452a
00003951
0000179f
00004484
000015c8
ffffb65a
ffffee59
000015a2
ffffc40f
fffff95d
ffffce05
ffffd0eb
ffffd4bb
ffff9969
ffffc3ff
ffff6df4
ffff6f0d
ffff7de2
ffff7be8
ffff896f
ffffa9a8
ffffc30a
fffff008
fffff447
fffff15d
fffff1e0
00000899
00000edc
00003c4f
ffffe948
00004966
00003304
00003999
00002565
00004258
0000421b
000041ec
ffffebda
ffffdc91
ffffcc4b
ffffcfdc
ffffabbe
ffffd07d
000020d9
000003fe
00003f38
00004180
00006995
00005ab8
000080c6
0000ad99
00009e27
000079c2
00009061
0000877b
0000be61
0000d1d6
0000b016
0000fabc
0001027f
00010d12
0000da9c
00010f70
000110bc
0001314d
0001581c
0001153c
00017fd3
00015fc5
0001173e
0001415f
0001288f
00010c7d
000104bb
0000ba4a
00013144
000095f7
00014a71
0000770b
0001bc6e
00012ac1
000172cc
00015e7d
000190cc
0001d4c5
00017483
00013fa8
00017c5c
0001501d
00010fda
00013d23
00013d28
000166b1
00011f26
0000f2df
0000c39e
00010544
00007430
0000f8b9
0000975b
0001200f
ffffcd84
ffffd01e
ffffa141
ffffa190
ffffce20
ffffb1af
ffff9d4f
ffff8c09
ffff9436
ffff95ea
ffff8632
ffff945a
ffffa4b1
ffffaacc
ffff91f6
ffffbd5d
ffff9641
ffff9890
ffff787a
ffff7dbd
ffff66bb
ffff4116
ffff4612
ffff3b3b
ffff2bac
fffeff81
ffff0bb6
ffff0279
fffeec97
fffef876
fffeef88
ffff31f5
ffff3e28
ffff3d05
ffff2cca
ffff62ad
ffff21f0
ffff69ad
ffff1b2a
ffff6c0c
ffff2453
ffff43a3
ffff1ede
ffff2f2c
ffff2953
ffff1aad
ffff1f72
fffee554
ffff0e39
ffff2795
fffefeef
ffff3b7a
ffff3834
ffff2d4f
ffff4933
ffff3111
ffff536b
ffff605c
ffff6ee1
ffff3378
ffff810e
ffff333f
ffff616d
ffff2f60
fffff196
ffffd698
000017b4
fffffb99
000004a7
00005f3d
00003a63
00006ad1
00002391
00005555
00002e55
000066b2
ffffffd3
00002442
000017cb
00001bc1
00000308
ffffeb48
0000132a
00000d7a
fffffa5b
fffff3a8
000018ac
ffffe69e
ffffd32b
ffffc4ad
ffffdef9
ffffb3fa
ffffb3d8
ffffe72f
ffffa434
0000081e
000039e0
000043de
00000b35
00006849
00000a4a
000075ab
00003961
00007f0a
00004cec
00007250
00006a3f
00007bb1
00008b4b
00006c78
00006e3b
00006559
00004eca
00005728
0000382a
00004f5b
00004ce3
00002031
0000469c
0000278e
00003350
00000421
00000e3d
000016e5
000033d1
000010d1
00003870
00001640
ffffca5a
ffffd3fe
ffffb684
ffffc6ab
ffffee63
ffffd0e5
ffffb8e0
ffffed76
ffffea26
ffffeb52
ffffdf51
ffffe122
000012a1
00002b4e
0000156f
00001367
00001c0e
00003b67
0000039b
00000c18
fffff04c
0000234c
fffff7bc
000017c8
000000e9
00000823
0000213a
00003ae8
00003868
00001bc6
00006f1d
0000a7f1
00002a9b
00008c36
000099dd
0000a5cb
0000acd5
000051cc
0000737d
00002ee5
00002d08
000006d6
ffffd126
ffffb208
ffffd5a9
ffffa779
ffffa0d5
ffffb5f6
ffff9992
ffffc6e9
ffffb873
ffffa496
ffffbfea
fffff6ea
fffff571
00001658
ffffea20
00000906
ffffe68f
000011c4
ffffd468
00000abe
ffffe903
fffffe05
00005614
00002a1b
ffffee74
00000800
fffffbc3
ffffcd27
ffffcf35
ffffc59a
ffffd9d1
ffffc4c4
ffffc6f9
ffffaf9f
ffffc561
ffffcbac
ffffce83
ffffdc11
00000372
fffffb4c
0000032e
fffff478
00001b5f
000048ce
00005351
00004ee9
000045da
0000844c
0000c079
0000808e
00008554
0000c08e
00009a89
00009695
0000ec06
0000a4f9
00012e4e
0000fa46
0000d60c
0000e97a
0000d463
0000c9e4
0000e1a9
0000ce38
0000f018
0000f426
0000feea
0000d3f3
0000d4af
0000cd1a
0000df93
00009e48
00009284
000086b8
00006cf8
0000817a
000048fd
00005dc2
00006a81
000053b8
000048a6
000053c8
00002a84
000068f6
000042de
00005c3d
00000c01
ffffd512
ffffd456
ffffe48c
ffffcc35
ffffa931
ffff95b8
ffffcc48
ffffbfd5
ffffbffe
ffffb05f
ffffc243
ffffddb9
000006b3
fffffa4a
ffffcbb6
ffffc06d
ffffd7cc
ffffbabc
ffffb8c4
ffffe066
fffff5d9
ffffc3f2
ffffd3bd
ffffeb6f
fffffbcf
0000124d
00001ff8
0000141a
0000153d
000033f3
fffff506
ffffce48
ffffe316
00001fa5
ffffd8a7
00001bb0
ffffb68f
ffffc732
ffffc5f5
ffff8af1
ffffcd3b
ffff3695
ffff67b7
ffff4202
ffff5b6d
ffff55b3
ffff5ffa
ffffaed9
ffffaae1
ffffb9fd
ffff94eb
ffffe5d5
fffff350
ffffef11
00000e29
ffffd67c
00001ce9
0000043c
000005af
fffffdb6
0000054a
00000ed8
fffffefb
ffffc8bd
ffffa092
ffffba17
ffffc2ea
ffffa493
ffffd5b4
ffffe29c
fffff041
ffffeed7
fffff5c3
00001b88
0000175d
000004c4
0000227c
000037af
fffff4f4
00002964
00002d3b
00004f1f
00007898
0000965d
0000aad3
00009837
000097f1
0000a29e
000096f0
00008222
0000d550
0000cdf8
0000bad2
0000afb5
00011314
0000adc9
000102cf
000109d2
0000f817
0000f79f
0000d8a4
0000e939
0000ccfc
0000da92
0000b1af
0000f4fa
0001190d
00010096
0000ea5c
0001088b
00011288
00011321
0000f60d
00012e15
00010ce9
0000dfed
0000824b
0000e3b5
0000af62
0000bba6
00009985
00006f17
00009f3e
000063b2
0000b538
000064c4
0000bc1e
00000887
00001a2a
000001f2
000004da
00000ceb
000017c4
0000178a
00000c90
0000165a
00001c00
00000a0f
00001c4b
00000b71
000020d3
00001962
00003fb3
000046ef
00003f3a
000048d0
0000515b
00004575
00005b0a
000079c4
00007307
000038d5
00005c5c
000068ce
0000767c
00006517
0000725c
000079a1
0000d63c
0000d1f3
0000e9ca
0000ccf2
0000ecdc
0000a8e9
0000df62
0000b3a6
0000b872
0000c3e8
00007351
00007ef7
00004d83
0000924d
000055ea
0000475f
0000383f
00001ecd
0000103d
fffffe64
000010de
fffff9c1
000008d4
00000495
00001051
fffff86b
fffffe31
fffffa90
ffffef2e
fffff28e
fffff33c
ffffea16
fffff810
fffff61e
ffffd8a1
ffffe72b
fffff0ef
ffffcd3b
ffffcfb8
00000166
00000333
0000219d
00001d0d
00001884
00004e48
fffffd9b
00005ed4
00004284
000039cf
0000608a
00004466
000084a8
00008665
00007650
000084f8
0000958f
00008bc1
00006d17
00007188
00003ed9
00006388
000048a7
00003464
00004122
00007185
000030b7
00004263
00000f1a
00000a5f
fffffa80
ffffc3b4
ffffe77e
fffff035
00002ac7
ffffd77e
000047cd
000002c9
0000401f
000075ab
00004eeb
0000a8d8
0000a03f
0000aa60
0000aa3f
000090e1
00008a00
0000aea1
000095f1
0000b648
00007894
000082b6
0000818b
00009021
00007c3f
000063bd
0000867f
000089da
0000086a
ffffb299
00001fc3
fffff661
fffffe1a
fffff9cd
00000cf8
0000279d
00000437
00000fa9
ffffc943
fffffb7c
00000e6b
00003937
fffffa64
00000de4
ffffcb10
ffffed51
ffffbe76
ffffb64f
ffff5ef7
ffff4623
ffff452c
ffff774c
ffff2816
ffff2871
ffff7c8c
ffff77e7
ffffbab7
ffff8935
ffffdb13
ffffcaef
fffff640
0000204d
00003859
0000369a
00001c94
0000056b
00003276
00001e69
000025bb
ffffcc63
ffffbe99
ffff4e2a
ffff8160
ffffa87d
ffffa1f5
ffff90d3
ffff347d
ffff2b93
ffff3b13
ffff41f5
ffff3a70
ffffcfdf
ffff7a06
ffff8f29
ffffa6c8
ffff8528
ffffafa1
ffffa409
ffff8b1f
ffff970d
ffff8794
ffff7f92
ffffe3e5
ffffaa47
ffffc9c1
ffffb64f
ffff931c
ffffb553
ffffbaf3
ffffa70c
ffff9c06
ffffa71d
ffffc8a2
ffff8f07
ffffa10c
ffff8e1c
ffffb02a
ffffbe16
ffffbbbb
ffff7b81
ffffda3d
ffffaf36
ffffc435
ffff8599
ffffbce2
ffff7515
ffffa8cc
ffffe651
ffffb051
ffff9dac
ffff958e
ffffc6ac
ffffa710
ffff67a5
ffffb894
ffff6e9b
ffffa8a7
ffff8041
ffff7fde
ffff86b9
ffff44c1
ffffcbd7
ffff5d10
ffffe697
ffff3021
ffff5432
ffff84e1
ffff6a10
ffffb019
ffff98c2
ffffc659
ffff8c6f
ffff7e30
ffff75f3
ffffb740
ffff5da7
ffff6ff2
ffff256e
ffff62cb
ffff5f4d
ffffa042
ffff584c
ffffa714
ffff36ea
ffff7fb5
ffff334f
00002963
ffffffd1
00001293
00000f2b
000017f6
00006955
000033e5
00008aea
000076ef
00009231
000079ac
00008d4a
0000577d
00007a19
00007cf4
0000467e
00006163
00005305
00006f8b
000056f1
0000907d
0000b0a3
000087ec
00009677
0000845f
000076ae
0000a58b
0000cf1f
0000c872
0000e718
00008531
000148c8
00010538
00016e94
00014199
00014ee0
0001415c
0000fe9c
00011030
0000b88b
0000a56a
0000712f
000045ea
00004059
00005f2b
00001aee
00001296
ffffd425
000057fb
000052d3
00002d32
0000515d
00003f25
00003bc3
00005ec5
000078c5
00003c95
0000540d
00003308
000054e6
000076fa
00003eaf
00008941
0000530c
00001d91
ffffde41
fffffd9e
000000c2
ffffcd6b
ffffc2f0
00001798
ffffeb5d
fffff85b
fffff7c8
00002287
00002176
00001d91
000042ae
00004892
00001002
00002f43
00003010
00004f67
0000849f
00007260
0000b68d
0000bffb
0000d17f
0000d002
0000e02d
0000d6b0
0000db97
000107d4
0000fc27
0000f01e
0000f834
0000eb2e
0000f8e5
00011f6b
00011dcc
00012e43
0000ea76
000172fb
00012ae8
000142e8
00015088
00014f45
00015fce
00014743
00012113
000176c8
00015c33
00015b4d
000105bf
00014325
00011d9d
000106be
0000dc59
0000e6f3
0000ddca
0000fdbc
0000b87a
0000a2e8
0000d38a
0000683e
0000c554
00007d21
0000e600
00001499
ffffebe1
ffffef27
ffffeeac
fffff693
00000064
fffff569
00000e0b
0000000e
0000068c
0000283d
0000098f
00002b80
000015ed
000020ac
fffffab4
00001ce8
0000081f
00002c4d
00001dc4
00004455
0000a4c9
0000cadd
0000aa84
0000bb67
00010873
0001246e
0001018b
000102f6
00012467
00012b48
0000ed06
00010714
0000f86e
00012d35
00010d41
0000f1d1
0000b287
0000c63f
0000b72e
00007424
0000b3fa
00000bf9
00001e42
00002d03
000016c7
ffffe3ff
ffffecff
000009de
00000aa7
ffffe362
ffffe0fe
00001aad
00000dfb
fffff9b2
fffffcc3
000005a3
00001612
00002de8
0000177a
00003576
fffff765
00002e4c
fffff8cd
000065c7
000051bd
00003721
000031cc
00002327
00001257
00004c49
0000096a
00004ab1
000022d9
000036b2
fffff5dc
00005311
ffffef1c
00001e99
000006ad
00003815
00002cf0
000039fc
00003bcf
00007221
0000ae7b
00006da1
0000b281
0000ae99
0000ab31
0000e1e5
0000df5c
0000f766
0001190f
0000a861
0000eac4
0000cccc
00010a8d
0000fdcf
0000b99f
0000f377
0000e20e
0001440c
0000a701
0000e977
0000bae7
00012c38
0001081b
0000f30b
0000ceef
00006f52
0000657c
00004146
000019d3
00001f32
000029b7
ffffecae
ffffff54
fffff597
000006a6
fffff25e
00001798
00001603
000001b6
00000e40
0000265e
fffff5ea
00001b8b
fffffeb9
ffffcd57
ffffeea6
ffffe256
ffffcb23
ffffea30
0000150c
00000983
00001992
000022c2
00003393
00003f41
00002abc
0000561d
00004897
00001b46
00002ed8
0000145e
0000426e
00005183
00003099
00008c2a
0000852f
00008f2f
000069c9
00007a70
0000a5b0
00009fad
0000c564
0000bc57
0000bbb2
0001211f
0000f41d
00012362
000117c2
00012f63
00012561
0000fd26
00015071
0000f682
00013f37
0000c74d
00011254
0000e0b7
0000fc92
0000c93f
0000f57e
0000e385
0000cc25
00008197
0000c780
0000c6cf
00006219
00009105
000082a4
00008bdd
00009306
000051cb
000049d4
00006f68
00001279
00005d6d
00001f25
0000741a
0000ca5d
000040ab
000076d4
00006df9
00005ff3
000030b7
000000a9
00003993
00001e7c
00001692
ffffeb36
ffffe215
00003ba2
000022bb
00002662
ffffd683
ffffbf2f
ffffc6ba
ffffc058
ffffa295
ffffcfc9
ffffff62
ffffd056
ffffdd27
0000194c
00002a6a
00005f70
00008455
0000aebd
000094c0
0000a551
00007bdc
0000503b
00009ab0
0000ba29
00006d8b
0000c82a
00003d48
00009a20
000046e8
00001a1c
00006cb5
ffffaf24
ffffd5fb
ffffcd4a
ffffa15f
ffffab3f
ffff644e
ffffb545
ffff7759
ffffc86e
ffffa092
ffffd142
ffffc74c
fffff213
ffffdc3f
ffffc6a8
ffffce9d
ffffdb8e
ffffd3ec
ffffdf77
ffffb473
ffffee81
ffffbf0f
00006e4f
0000981c
00007c94
000073da
0000888f
00007cfc
00004025
00004bdc
000081e3
000051fa
000055b2
00001b1d
00008c3c
00002c58
00004e70
ffffedbd
fffffa23
ffffd6d5
ffffea79
ffffab13
ffffcfe4
ffffa351
ffff7f08
ffffaf9a
00001626
ffffccb9
000041d2
00006e8c
00007963
00006640
0000620f
00003834
000070a9
00005709
0000c42b
00003e4a
00008c0d
0000966b
00007895
00004994
00008625
000071d9
00007571
0000465f
0000996e
000037ec
000023f7
00002832
00003e69
000033e6
00004b4c
00003b95
ffffeb48
000030b3
00002735
0000478c
ffffffa8
000053e7
00006ee4
000036de
00006380
00005c88
0000669b
0000468a
00006585
0000295f
000037ac
00003c1e
0000357c
0000449a
000039d1
00004fe4
0000611d
00005b65
000077bb
00006124
000079ed
0000638d
00009878
000042ca
00007214
00003684
0000717f
00003538
000082aa
000099ba
00009d29
0000ab06
0000c61a
000104ec
0000f40b
00012530
00013746
0001317b
000122b7
0000ea6e
0000e844
0000deee
000130f6
0000c1df
00011926
0000703e
0000db00
00007a06
000089ee
0000c27e
000059a0
000063ca
00007fd2
000031d4
00002fe9
fffff2ae
0000adbc
00008716
00006cd7
00007449
00009e16
0000837f
000078e7
00009dba
00007139
00009b0e
00008c01
00008c2e
00009ae6
00005a43
00009593
00007ae2
00001cc3
ffffd84b
00001624
fffffef3
ffffe581
000048cc
00000c6a
00004224
fffffb0d
00002465
fffff68c
00002ef1
ffffe0f7
00000d46
0000010a
fffff4af
ffffe804
ffffedec
fffff549
00000d5b
ffffed1d
ffffc1c7
ffffe54e
ffffd638
ffff9e4d
ffffc4de
ffffa430
ffffabf6
ffff8ce6
ffffba7e
ffffad31
ffffc66c
ffffd475
ffffc559
ffffe735
ffffc4f9
ffff91e9
00001cd1
ffff9e95
00004aef
ffffe7d5
000009db
ffffc3ce
fffff211
ffffe6a6
00000e9a
000019f3
00002f47
0000239c
00001dca
ffffff3a
fffffc39
00002252
00000d31
00002933
000015e8
fffffc5f
ffffe7af
fffff28a
fffff5fb
0000117e
ffffec24
000027e3
fffff408
ffff4eb7
ffff9798
ffff86a1
ffff7cd3
ffff8c1e
ffffd224
ffffec69
ffffe932
00000a2d
000004c7
00007d68
000023d5
00006dae
0000599c
000079f6
00000f4e
00004e8f
000014f5
00004877
0000384c
0000500e
00006a7e
00009b35
000078ed
00008f34
0000c224
00008ce6
00005fec
000068bb
00005d73
000076a2
ffffdde2
ffffed31
ffff9e13
ffffac46
ffffe387
ffff985d
ffff47af
ffff1f00
ffff67c1
fffefdd8
ffff5cb1
fffee4d5
ffff2240
fffed7cb
ffff5161
ffff1b2a
ffff524b
ffffaadc
00001113
000004b8
00000016
000018b8
00002a87
00002d11
00006b40
00002d05
000068cf
00004d1d
00005bfb
00005585
000036fa
00004ff9
000061c5
ffff9adb
ffff4117
ffff4d63
ffff6031
ffff2844
ffff1fde
ffff76a5
ffff8c99
ffff8cfe
ffff8745
ffffad2d
ffffafb5
ffffa343
ffffe8f0
ffffde91
ffffe229
ffffff7e
0000178a
ffffef9b
000001cb
00000b1e
ffffceac
ffffe188
ffffbfb8
ffffa84b
ffff9fdc
ffff8499
ffffa43c
ffffb912
ffff61d0
ffffd53c
ffffa772
ffff7fb1
ffff9e54
ffffa5ee
ffffafe1
ffffb031
ffff6ee2
ffff82c0
ffff977a
ffff944d
ffffb1b5
ffff9b7b
ffffbbd0
ffffcdf0
ffffc5a1
00000221
0000373a
00001431
000020d5
00004c68
00001f35
00001c8c
00001c94
00002963
00002e35
0000227e
000040b8
00001eba
00005970
000008b0
00006618
00002b3d
00006971
ffff8330
ffff9464
ffffccff
ffffb9d3
ffffb30e
00000def
000008ce
00004658
000015f3
0000470e
00004547
00006d59
00003389
0000577b
0000697d
0000048b
00002731
000017e1
00003e84
00003465
00005a24
00005269
00004e0e
00002680
00006299
00003542
fffffd7e
00002d99
00002645
000017c6
ffffdb04
fffff47a
ffff8808
ffffc114
ffffbd22
ffff8e85
ffffc33d
ffff5bca
ffff763d
ffff5b5f
ffff5996
ffff8832
ffff5a70
ffff7661
ffff6e6c
ffff6bbb
ffffaa69
ffff980f
ffffe5ca
00001119
00002092
00000e2d
0000374b
00001dce
00003748
00003669
000036b2
000042a4
00002e88
000053cb
00006e3e
0000303c
00007727
00004417
ffffbbbc
ffffce82
ffff8d8a
ffffa563
ffffb0d3
ffffc75a
ffffb051
ffffb4a5
ffffdf4a
ffffc9d8
000008b3
ffffdf13
ffffdea0
fffff5aa
fffff20c
ffffed88
00001634
ffffecbe
00000123
ffffd945
fffffcd3
ffffd12e
ffffe5c3
ffffd056
ffffce77
ffffd0b7
ffffef5e
ffffdd5c
ffffe0f8
ffffe8cc
ffffe31c
ffffefa1
0000217a
00000321
00002796
00000410
ffffdec1
0000221b
ffffdaac
00000c63
00000a6a
00000456
fffffbdd
0000085f
000038ba
00001a71
fffff761
00003cc2
00002d05
00006059
000042e5
000042b4
0000180b
00003c6e
000027a5
0000545a
00001d6b
000050c9
000046b5
000057f6
00003c63
00006a9e
000059b4
0000677e
0000410a
000010c4
00002323
000023a6
00001200
00001ef1
000038d5
00002118
00004444
00003a85
0000570f
00005071
00005491
00007c22
000083ba
00006aa7
0000691a
00005538
00006d3a
0000527a
000041bf
0000414c
00005295
000076c0
0000313f
00006e2f
00005f62
00008e70
00007616
0000819e
00009757
0000e465
0000cb0d
0000c8f1
0000dd01
0000b508
0000b41f
0000b6f4
0000ae9f
0000ad6a
0000d9ff
000063e8
00008cbe
00005748
000080ed
00008664
00006f00
00009fc7
0000959b
0000843d
00008ddd
00008e3d
00005c6a
00009a99
00007290
0000bcd2
00004ce3
000070bc
00005b8a
00006d9f
00002c1b
00007996
00005dd7
00009a3b
000031b7
0000127d
000000e5
00000ad8
ffffe3fe
00002c28
00004149
00002324
00004e2e
000058e3
00008b0f
0000614f
00005e19
00007116
00008fb8
00003742
00006b4c
00003388
00006e45
00004546
00006896
00007f03
00006682
000066d5
000098d4
00007818
000078b5
0000907e
00009c86
00008370
00007894
0000c1a7
000091fe
0000af2f
0000cbd9
0000969d
0000bf6a
00009a24
0000dcf0
0000a794
0000bb9f
0000d0c4
0000b678
0000e1dd
0000fcf1
00008b22
0000b870
0000af52
0000d20a
0000b96c
0000c6c2
0000eebe
000079d1
000088ca
00007b87
0000966b
00007774
00008d28
00007403
00009cff
00006d28
0000997c
000095f9
0000b713
ffffd24c
ffffc6f0
ffffea16
ffffcf9e
00000985
0000584a
00001bc2
0000695c
00004886
00004f71
000076ae
00005363
000054b3
00002a4c
00007f96
00000316
00001275
ffffe1b8
0000406e
00000b22
00004096
00000945
000018db
ffffc75e
00004baf
000018ae
00000cc7
00000c27
ffffd822
00001ce7
ffff96ff
ffff8c8b
ffff7900
ffff6962
ffff7c18
ffff647b
ffff7b41
ffff2dc6
ffff3b0c
ffff7c99
ffff3714
ffffc9c7
ffff3c39
ffff7a9a
ffff9632
ffff7e50
ffff7ed9
ffff6e43
fffff737
fffff856
ffffeae1
ffffcddf
00003b64
fffff14c
0000183a
fffffe7c
fffff626
00000300
00001361
ffffff26
00005162
ffffaa4e
00002e2d
ffffc71f
0000082f
ffffdde6
ffffe57a
ffffe5b2
ffffdf05
000015f6
ffffefb3
00005590
0000210f
00003829
00000acf
00003bfe
ffffeea6
000014f1
00001852
fffffaed
00000a98
00001ebe
00000095
ffffe660
000011e4
ffffc43e
ffffd84e
ffffd40a
ffffd4f3
ffffe124
ffffcbc7
00001cb6
ffffef58
ffffe9dd
ffffecc3
00000827
000001ff
fffffa6c
00004e85
ffffee5d
00000d90
ffffd890
ffffc19d
ffffc235
ffffaff8
ffff993e
ffff2393
ffff36d9
ffff5a3f
ffff3e0f
ffff5642
ffff371f
ffffbf86
ffffc6fe
ffff9395
ffffa843
ffffdb9b
ffffecb6
ffffd145
ffffe87f
ffffd55b
000009fa
fffff4d8
fffffe7e
00002ab4
fffffe1e
000037df
fffff928
ffffb2d3
ffffe112
ffffbc06
ffffb1af
ffffd905
ffffd469
ffffdc89
ffffb3ca
ffffbffe
ffffc72e
ffffcc79
ffffb516
fffff31c
ffffb63b
ffffb7cd
ffffcb17
ffff8cd1
ffff8ca2
ffff8ab6
ffff978c
ffff9e27
00002077
ffffd1d1
ffffd09a
00002bb6
ffffd35a
00002e2c
ffffe3e3
00001534
00001f33
ffffdd77
0000108f
fffffb00
00003d8e
ffffe792
00005c73
00006f87
00002a48
0000a026
00004772
00005abf
0000bd6b
0000c14a
0000dfa4
0000b526
00006c5b
00003b56
00000abf
ffffd68a
ffffcdf8
ffffd9a1
fffff961
ffffc7e0
ffffa6a7
ffffb3ca
ffff84c3
ffffdbdf
ffffa246
ffffbc9b
ffff9d0b
ffffa67f
ffff8c18
ffff875f
ffff9754
00006dc5
00005159
000035e7
00003ce8
00002525
ffffc1c2
ffffb58c
ffff951c
ffff94bf
ffff791c
ffff6246
ffff4762
ffff9a2c
ffff5325
ffff54ea
ffff893c
ffff6fd7
ffff791f
ffff6dfa
ffff8388
ffff9a46
ffffb599
ffffa12c
ffff8d2b
ffffd86d
ffffc164
fffffa64
ffffc162
ffffcafe
ffffed46
ffffb4a9
ffff8a81
ffffb470
ffff9583
ffffdb20
ffff996c
ffffdec0
ffffdf1b
ffffed0c
ffffc1ba
00002d13
00001d4f
0000a33d
0000636f
00009e6b
00006146
000092bf
00008ccc
00007726
0000063e
000029d1
fffff275
000019be
ffffd7d4
fffff093
ffffb4f6
fffff485
ffffc5d9
ffffd5c4
ffffb4bf
ffffb10d
ffffde7a
ffff8bb8
ffffb3a6
fffffb9b
ffffd827
fffff1e3
ffffeb08
ffffd132
00000fa6
ffffee55
000027f6
00001cc3
000029c2
fffff491
00002d80
fffffc55
00003b60
000044a5
00002661
fffff477
0000005e
00002268
00002043
00000a13
ffffcb6b
ffffce26
000014e5
ffffc7b7
ffffef2a
ffffcf25
000052e5
00003a23
00004805
0000538e
00007d54
00008870
000094e3
0000ca9e
0000256e
00007060
000071da
0000822e
00006eb6
0000d40b
000012c4
00010194
00007ebb
0000e1d7
0000c99d
0000d54d
00011b74
0000b0b3
00008a67
000098d9
00007bf6
00007b21
00008d76
0000b0e1
0000bee6
000060e8
00005f5d
00004ac3
00006384
00003ec1
00007623
00006472
00008ea4
00002b68
000050ec
00000e41
00002280
00003f5c
00000cfa
fffff130
ffffd24b
fffff62f
ffffd90a
fffff3cd
ffffd242
000022a1
ffffdbe3
ffffea75
ffffed8c
fffffac8
00000192
ffffd213
ffffd1cc
ffffeeb7
ffffd3a4
ffffa324
ffffc28a
ffffc92f
ffffa610
ffffa320
ffff9d2b
ffff9853
ffffa72a
ffff84b5
ffffa151
ffff8513
ffff7ca4
ffff8e3e
ffff565a
ffff8919
ffffb87d
ffffa203
ffff9d17
ffffe76a
ffffbe91
00000edf
00001231
00000429
fffffc47
ffffe5c8
ffffdef3
ffffdb2a
ffffda48
ffffd912
ffffe09e
ffffd639
ffffbc72
ffffc9f2
ffffbd2f
ffffd2d5
ffffe74b
ffffd41a
ffffd331
ffffce53
ffffe6e1
ffffbe49
ffffdb61
ffffa602
ffff632b
ffff9431
ffff9e57
ffff6571
ffff33d0
ffff7559
ffff7341
ffff70af
ffff6502
ffff88ea
ffff9577
ffffc34c
ffffde19
ffffd0d8
ffffd6eb
ffffde62
fffff7b5
ffffd8e9
00000709
ffffe680
000004ef
000015e0
ffffd0eb
ffffe7ac
ffffc1d9
ffffbbfa
ffffe103
ffffc1b7
ffff8586
fffffd84
00002837
ffffc7d3
000029eb
ffffbeae
00003388
ffffdbdb
00001eb8
ffffe3e8
00003717
fffff93c
00001580
000041b2
00003448
00004d45
0000463d
00008606
0000b668
00004bc3
00006ae4
00008c6e
00006632
000059a5
00003d3a
000072c9
000059b3
000049dc
00004629
00002d1f
000053b8
fffff5b9
000072de
00000774
0000769f
00002424
00000f1a
00003a21
00001439
fffff0e7
000004b7
00004e06
0000222c
00002c1b
00002afa
0000156e
00000845
00001ea4
00003a0c
000015d8
00005942
0000374e
00004454
00004da4
000067d1
00002d50
00009606
00009a9a
0000c362
0000b17f
0000ea34
0000fc78
00011875
0001153b
00013a75
00014eff
000136a0
0001203b
000147c2
000126ea
0000fd02
00011579
0000e1bc
00014fef
0000f198
00013725
0000ec5a
000195f1
00011b70
00013a6b
00013ab9
0000f332
00011c72
00009f51
000087f1
00007240
000058ad
000083b0
0000a7d5
00006d41
0000834f
00006b75
00003f47
000059ae
00003b97
00001482
0000229d
00000f0c
00003151
00007289
00001e3a
00003b19
00003ab5
ffffeedd
ffffeb67
00001348
0000058e
00000709
00000740
00000615
fffff972
00001852
00002ea6
00001d76
00000ad0
00001f5f
0000251a
0000250d
00003ccf
00002bb0
0000a004
0000b6d2
0000a16c
0000928a
0000c89b
0000e939
0000cb1e
0000fe0b
0000dcc0
0001270a
0000f85d
0000ffee
0000feba
00010497
00010a45
00010285
0000b07d
000130f3
0000c97e
00010989
0000e5fd
00014472
000120e4
00010b00
0000ffca
00011c1d
00013763
0000cf46
00009590
0000c01b
00009ebc
00007fe0
0000a931
00007ea8
00009375
000092dd
00006f30
00006176
00008620
00003543
00008e51
000051e0
00009378
ffffeab4
000002d0
00001a60
0000187f
0000258f
000032ba
00005a9f
00007ff9
000077a1
00008fe2
0000b4b5
0000d8b3
00008921
0000ed3b
0000c7c6
00008a27
0000b190
00008dbe
00008ce6
00006140
00005c9e
00000136
00001f86
00002b83
ffffc1d7
00000734
ffff7c89
ffffb3ee
ffffa673
ffffa3c2
ffffb156
ffffe77f
ffffc501
ffffbc5c
ffffbbd5
ffffa17b
ffffc6de
ffffa3e0
ffffa6c3
ffffbfaa
ffffedad
ffff9e6d
ffffad94
ffffa7dd
ffffa743
fffff0de
00001a02
00001257
00009c9f
0000af78
0000b290
0000a825
0000e102
0000d527
0000c03d
0000fddc
0000dbc3
0000e3e8
0000bca0
0000edbe
0000c9d8
0000a6e3
0000d829
0000e0cf
ffffc11a
ffffe514
ffffcb1b
ffffb5be
ffffeca9
ffffe51d
ffffdd2a
ffffe1f0
ffffdd32
ffffd889
ffffe709
ffffcc6b
ffffea2c
ffffc1db
ffffcddd
ffffdee9
ffffb93e
ffffc82b
ffffbfe1
ffffc03b
ffffb3bc
ffffd046
ffffd8fc
ffffc298
ffffd7d5
ffffc76d
ffffc2fc
ffffb2bb
ffff92ee
ffffa318
ffff9587
ffff9bcf
ffffa0a2
ffff8f04
ffff6b0b
ffffb4b0
ffff8cd4
ffff503d
ffff4740
ffff3d07
ffff233a
ffff4943
ffff0db2
ffff1a6e
ffff122b
ffff20eb
ffff13ae
fffee330
ffff3244
ffff41d9
ffff2861
ffff4241
ffff7e68
ffff52b5
ffff6cce
ffff3dd2
ffff869e
ffff719e
ffff924e
ffff61ee
ffffacd2
ffff398a
ffff7e14
ffff4076
ffff7408
ffff97cc
ffff90f9
ffff847d
ffffb4b3
ffffd470
ffffda6d
ffffbd2b
ffffbe10
ffffd51f
ffffd967
ffffe3f8
ffffb1b1
ffffa5bb
ffffa62d
ffffe3eb
ffffb9c1
ffffac5d
ffffbd2c
ffffb0cb
ffffc54f
ffff85cf
ffff730c
ffff4df9
ffff8d9d
ffff26c3
ffff19bd
ffff1654
ffff09ac
fffef740
fffee2b9
ffff2668
ffff3157
ffff3d1c
fffef430
ffff5b67
ffff3f17
ffff655d
ffff5278
ffff67c9
ffff4d9c
ffffa862
ffff7ea7
ffffb056
ffffb929
ffff6398
ffffa310
ffff4bf5
ffff743e
ffff890a
ffff72c4
ffffacf1
ffffa7d7
ffff3deb
ffff8315
ffff38bd
ffff8401
ffff7007
ffff8331
ffff5f11
ffffab4b
ffff5396
ffff76ae
ffff4da8
0000210f
00003972
0000266b
00001d97
000056a5
00007654
00003af0
00008194
00006f71
0000709b
0000430d
00005a12
00004710
00002d86
00005705
000014f8
00001462
00001dd8
00002d41
00001bea
00002902
00006fb1
00003f49
0000443d
00006724
00005ad9
00008380
00008aa5
00009b8e
0000b8be
00005c65
0000dc95
0000c41a
0001046d
00010eb4
000106f4
00012e5b
0000aa3b
0000fcf7
000084d4
00007a0a
000077c4
000008e2
000003d2
00003740
ffffcdd0
ffff9987
ffff5bdb
ffffab67
ffffacbe
ffff7bc2
ffff8ee7
ffffb2f1
ffffc0b8
ffffb6f6
ffffc543
ffffbad7
ffffcff0
ffffc4cd
ffffcee6
00000549
ffffc47c
000001ca
ffffc6fd
ffffb72f
ffffc87a
ffffb17d
ffffab07
ffffc70b
ffffc5d5
ffffce16
ffffb9c6
ffffcb35
ffffc92a
ffffc1c0
ffffb6d9
ffffd01c
ffffb630
ffffaeaa
ffffd520
ffffc256
ffffb6e1
ffffc3c6
ffffb92d
ffffb11f
ffffdf6a
ffffcf36
ffffc896
ffffcf55
ffffc611
ffffe661
ffffd3fd
ffffdfaa
ffffdbff
ffffd890
fffffc3b
fffff7ac
00000f98
ffffc6a3
00000576
fffff296
00000075
0000345c
0000097a
00003371
00001649
0000868e
00004619
00005dc8
00004271
00000acc
00001aa6
ffff9f3c
ffffabe0
ffffad48
ffffca37
ffff8ae4
ffffb607
ffff9f8f
ffff978b
ffffa3db
ffff9c0b
ffffb7a1
ffff9a22
ffffa9b7
ffff9d7d
ffff96f6
ffff95a2
00004db2
00000143
00001b2f
00001447
0000305d
fffff184
ffffd441
ffffee45
ffffe316
ffffda96
ffffab56
ffffb728
0000116c
fffff587
ffffd014
ffffa98f
ffff7a63
ffff9cb9
ffff5647
ffff68ec
ffff6793
ffffb659
ffff64f7
ffffae2f
ffffb181
ffff9f1f
fffff190
ffffe0f1
00002d4f
000001c6
000019d8
000010a7
ffffec47
0000356b
00004fdf
00004263
00008ccf
00000273
000086c2
000012b9
00001b36
0000226a
ffffc3e4
ffffadba
ffff8965
ffff8436
ffff6cb7
ffff415e
ffff458b
ffff47b0
ffff71db
ffff686d
ffff7ee6
ffff9d1c
ffffb93c
ffffb111
ffffc741
ffff9cf3
ffff9fa5
ffffab99
ffff8bb3
ffff7d8c
ffff7ff1
ffff7f4a
ffff6fca
ffffdcfc
00002962
fffff7e5
0000332e
0000c8ea
0000a0b1
00011925
0000b19b
00010357
0000ff31
00013a6d
0000bf26
00010ed7
00011b76
0000a1b8
00008a58
00006791
00008030
0000741c
0000377c
fffff83c
00003d7f
fffff699
ffffed93
ffffe6ee
ffff4fba
ffff5349
ffff3da7
ffff47ea
ffff0eae
ffff3136
fffeaf3d
fffeb3c2
fffea6a3
fffee898
fffeedb8
fffe7e97
fffe6902
fffe962c
fffe51ca
fffec0fa
fffe24a1
fffe882a
fffe3621
fffea1e8
fffefb08
fffee3d2
ffffb8a2
00001a4e
fffff1d6
000009bf
00006036
00005368
0000551c
00007dfc
00006d39
000082d9
0000779c
00008916
0000c802
0000487d
0000ced8
00007460
00008b7d
000080cb
0000676b
0000527c
00007b4b
0000a591
00007d8d
00008c5d
0000a760
0000946e
00008b8d
0000921e
00006e34
00006132
00006793
00003117
0000174e
00001370
000020ad
fffffff9
fffffa46
00001caa
fffff826
0000067a
00002dcb
ffffeab7
00000140
00001b47
00001452
000028b9
ffffde1f
00003e2b
0000204c
00005481
00005baa
0000360d
000070b6
000027bf
000063f5
00000b22
00000d68
000035ee
ffffe6a4
00000b3f
00001e50
ffffca92
ffff8ef9
ffff654e
ffffc246
ffffe4fc
ffffbc5c
ffffe9ca
ffffe112
ffffe71d
ffffeb18
00000445
ffffe07c
00001154
000011d4
fffff92a
0000382b
ffffd2d8
00003a94
ffffefab
fffffb6a
ffffe047
ffffdeca
ffffe559
ffffce63
000005a2
000027f8
00003569
00003325
000049ee
00006411
000081ae
000021da
00006966
00007257
00004b3c
0000933b
00007a8c
0000ac4e
0000a4af
0000c976
0000de9a
00010e96
0000f8a6
0000a986
0000feac
0000a94e
0000cac3
0000d31a
0000de20
0000b89c
00012038
0000ef89
0000fb28
0000db2c
0000d754
0000cf13
00006485
0000b9d4
00007d52
0000ba1a
00007a46
00008b01
00007c7f
00009597
000096ef
00009bc3
00009cbb
0000f9cc
0000de6b
0000d01d
0000e57c
0000d12c
0000b7fd
00009f62
0000c942
0000afbb
0000b61c
00008bdb
0000b7cd
00008461
00008c04
000099df
0000b700
00001fd7
000034d1
00000041
00000936
000015c0
00000cca
fffff6a4
ffffe97d
00002062
fffffb16
fffffc54
ffffa1e2
000025e0
ffffb21d
0000033a
00000397
000022d9
0000058e
00003fe0
00001f1e
0000523f
00003394
00001592
0000643b
00007d89
0000a5fe
0000c302
0000f6fa
00010308
0000f9a3
0000f755
0000a376
0000c968
0000affa
0000f6cc
00004749
000078f8
0000a264
00007b89
00005a6b
0000912d
00004c45
0000aabd
00005b23
0000aa34
000069c8
00003d74
00008a66
00004a23
000033b1
00002b63
000024b0
ffffe2cb
000037d4
0000035b
00000c77
ffffe8c1
00000e3d
00003500
00000900
00002089
00001f26
00000d57
0000093b
00002e2a
00000c8a
00002bbd
00000eb1
000010e3
00004a3b
00003471
000034c4
00001aef
00002be3
00001a9d
0000154c
00001f3c
ffffecf7
0000008e
00000c1a
0000017e
ffffe5cd
00002090
00000fe9
00001238
00001e10
00001cfb
0000048b
000001e6
00000cc9
000031fe
fffff7e3
fffff558
00003b14
ffffee77
00001e51
000037c8
00004ae6
00001624
00003c6b
00000584
000087d8
000054d7
00008df0
00007059
00008adc
0000fe23
0000b5cd
0000e482
0000b498
0000a06a
0000b5cc
00002e1d
00001f6a
fffff45c
00000f20
000015db
fffff8d1
000009b1
ffffe618
ffffed59
ffffca3a
ffffee8d
ffffcddc
ffffed3f
ffffcd14
ffffd85f
ffffcbc5
ffffe941
000000f0
ffffced4
ffffe084
ffffe0a6
ffffe994
fffff166
000008d2
000019f7
00001cd7
00001a5c
00004200
00001718
000055cd
000039a0
00001fad
00002f72
00004855
00005ba6
000080da
00007758
0000ae3f
0000bd27
0000c506
0000887b
0000b184
0000871d
0000d857
0000e877
0000d2b1
0000f0da
0001474d
0001068d
00014adc
00011e45
0000f5a9
0001162b
0000d527
00011684
0000d03c
00015bec
00009e65
000175cf
000121ab
0001486f
000166f8
00016afd
0001bf1d
00017159
00015065
000183c9
0001446a
000132e0
0001207a
00014705
000135dc
00012cb1
0000d742
0000a8d4
0000fa0a
00007562
0000d470
000083a6
0000f62c
00001e0f
ffffef72
00000106
fffffc7f
000002d4
0000190e
fffffea8
0000129b
00002290
00001aad
00000b60
0000284f
00001697
000038b2
00002e38
000018e5
fffff9b1
000014db
00000ec6
0000174d
fffffa29
fffff2f9
00000c1b
000029da
ffffe9a9
00000c8e
00002030
00006c46
00005a34
00005f85
00006f6d
0000e3ff
0000c4e8
0000ee2f
0000fcd6
0000d513
0000ce00
0000e8cf
0000da0b
0000d689
000106e1
00006559
0000c589
000093f8
0000bc4d
0000b52f
0000b440
0000cab4
0000acdc
00007ed0
0000a859
00009947
00005c1a
00006688
00009019
000093cf
0000616e
00004915
00003043
00004d37
00001862
00005ad5
000032a3
000067c6
fffffd49
00000c45
00000e58
fffffe47
00000f9a
00002e0f
fffffcd0
fffffd0d
00000870
000001e5
ffffee99
ffffe352
00001b2c
fffff3bc
ffffe833
ffffebb4
ffffa82b
ffffd030
ffffbcaa
ffffbe78
ffffad0f
ffff4a14
ffff4899
ffff74df
ffff897d
ffff5f98
ffffa55f
ffffe960
ffffe68d
ffffcc07
ffffffb2
fffff0cd
00002e0c
000023c5
000061cd
00000402
000019b9
00005378
000023ea
00000df4
000061a4
ffffeded
00009529
000073d7
00008f2f
00008192
00008ec1
0000a97a
000057cb
00003963
00006267
00006205
0000030b
0000294a
00004b5b
00005088
00001079
00003889
000029f7
0000165a
000005d5
00005ca4
000019a0
00004f6e
000001a6
00001235
ffffc723
ffffe7ee
ffffb2a1
ffff8f9d
ffffb27e
ffff5c43
ffffc86f
ffff9301
ffffb384
ffff634c
ffffaa08
ffff8ae7
ffff7d0e
ffffb7b9
ffffcdeb
ffffe9ef
ffffdd73
ffffe896
fffff93f
ffffd1b2
ffffbe3d
fffff71a
00000614
00001168
ffffc6ae
00001746
000037a4
ffffd098
000056d4
ffffafbd
ffffddb0
ffffab60
0000005e
ffff6256
ffffb0e9
ffff6013
ffffb607
ffff9d37
ffffc512
ffffb452
00000e3d
0000099e
00001aad
00000c75
00004687
000091f2
000027af
0000262c
00006028
0000476e
ffffd47a
000004bc
ffffe27c
ffffd0ec
ffffec81
ffffe856
0000089e
fffffa77
ffffc656
00000741
ffffdcef
00000a53
fffffb45
ffffc77f
ffffb304
ffffdf36
ffffc165
ffff8ff0
ffff8d63
ffff875d
ffff92b7
ffff8fb3
ffffc347
ffff9fed
ffffd85e
ffffc94c
ffffe6a4
fffff47e
0000152d
00000e02
00001cd2
000034ad
00004efd
0000814f
000092ff
0000a51c
0000ae36
0000ccf2
0000ff54
000130cf
00012320
00012089
0001585e
000162db
0001714b
00015883
00016778
00016a8f
00015f23
0001668f
00019a96
000167bb
00019a2f
00015dc7
0001bd8c
00018bf3
00019822
000165b4
0001880b
00018bc4
00013fe0
0000e871
0001250c
0000f95d
0000cc28
0000a0c7
0000cfc2
0000b7ba
0000a1e1
000077df
0000500d
00007a8c
0000258d
0000976a
00003232
00008dee
fffffee0
ffffed0a
ffffe93d
ffffe576
00001b57
00001ff4
000003ba
000014f5
00001d6c
00001822
00002e32
000017b8
000032f9
000036af
00002d18
0000214a
000022d1
00003cc3
00003c38
00005c18
0000475b
0000fbea
00010455
00012b6c
0000f6c4
00014945
00017b41
000191fe
00019f33
0001c71c
0001cb70
000215b0
00020e6b
00023c54
00022957
000246be
000205a1
0001da03
0001e9b6
000188a8
00018921
00013f96
000150fb
0001277d
00014898
000102bd
0000d094
0000cc1f
0000a515
00008308
0000a207
00009431
00007efa
000069a8
0000988b
000095eb
000087b3
00005dbd
00003d41
00005455
00001cc3
000051cd
000016eb
0000620b
ffff8c21
ffffd6c6
fffff16e
ffffc99a
ffffed7e
00004f15
00005cc3
00004cbe
00006106
00005a92
0000b946
00005235
0000ab92
00004949
0000b7ef
00003f1b
0000895f
00007564
0000c11d
0000a6b8
0000ffc8
0000e7b4
0000e213
00012277
00013f8b
00019a40
00013025
00018f9c
0001654b
00015e58
000137f6
0000e88a
000075f9
00005dd0
00006ece
00001bd9
0000336e
ffffd63e
ffffda3d
ffff9be4
ffff80cd
ffff96ac
ffff528b
ffff84c6
ffff4dd7
ffff5c70
ffff6f1d
ffff5dbf
ffffd2a0
fffffc36
0000063d
00001f8a
00000a10
ffffff53
fffffbac
000000b0
0000020b
00002d33
00005487
000010d7
000053dd
fffffc14
00002ea8
000013f0
ffff3e41
ffff3018
ffff553f
ffff545f
ffff4f77
ffff1041
ffff4d8c
ffff6812
ffff5e59
ffff5a4b
ffff547c
ffffa694
ffff801b
ffffca2a
ffff9daf
ffffd889
ffff9e8a
ffffca87
ffffa5cb
ffffcfc1
ffffa441
ffff8876
ffff9939
ffff6e52
ffff7071
ffff418d
ffff0593
ffff3daa
ffff1c23
fffeef66
ffff42af
ffff83fd
ffff298d
ffff6928
ffff0dc9
ffff5914
ffff4936
ffff50e9
ffff7324
ffff8af5
ffff9699
ffff538a
ffff9bf7
ffff4942
ffff933c
ffffa05b
ffffda1b
ffffdcaf
ffffab29
ffffc56e
fffff0df
ffffb8f6
00000298
ffffc82c
00000efc
ffffd473
fffff853
ffffc0b2
ffffb76f
ffffd626
ffffc219
ffffc4e6
ffffb290
ffffcf8f
00005c5b
0000232a
00003f1e
000040b1
00004b1d
00006784
00002c51
00005ded
00003835
00004d52
00000af5
00004e65
000000df
0000239a
00000e50
fffffb6d
fffff1b2
000006c1
ffffeeb7
fffff3e3
000002bd
000000d8
fffffdea
00000de4
ffffd826
ffffe8b5
ffffefbb
000019a1
00000e6d
00001341
00000167
0000763d
00005e77
000097e6
0000b769
00008966
00009865
0000bb98
00008671
0000a381
0000750a
0000705b
0000317f
000047ed
000058a3
00001c20
00003cb9
000013bd
000047e2
00002231
00001f82
00002b8b
00002f1a
00000b47
000037f1
00002b15
00002135
00001e0e
fffff8e8
0000163a
00001f8e
00001781
0000245e
0000104c
ffffe48f
ffffde31
000006ac
fffff6ff
00000746
000005fc
00000833
00001811
000000d3
00000070
ffffe6d9
00001fac
ffffe96c
00001642
ffffe420
fffffd82
ffffd113
00001411
ffffea9f
00000dff
ffffe0e7
ffffb892
ffffb8fa
ffffee91
ffffa114
ffff9e3c
ffffaa05
ffffe3af
ffffdc97
ffffe339
ffffe846
0000375e
000030cd
00005228
00004a32
00003405
0000190f
0000453b
00002016
00002e68
000047f5
ffffb333
00001bcd
0000053e
fffffdf1
00002e35
00002185
00002181
00002592
00001597
00002a1b
000016a0
00000f2c
00002ae5
000052a7
00004d0a
00003d8b
000011f9
fffffa7c
000016bc
fffff580
0000266c
00000737
0000243d
ffff3241
ffff5c70
ffff6a7e
ffff627c
ffff77eb
ffff8a66
ffffaec5
ffffa3bc
ffff8b72
ffff9c48
ffffdcf3
ffffb76c
fffff77a
ffffcb8c
fffffe31
ffffe5b6
00000617
00001f5f
00002b78
00006aa9
00007e9c
0000ceec
0000cd14
0000bc73
0000e29c
0000de7e
0000ada9
00009c35
0000a303
0000aae4
000089d3
00005a06
00002926
000031d6
0000150a
00001a3e
00002518
ffffb533
00001faa
ffffd478
ffffc212
00001832
ffffbeea
ffffde72
ffffc1b4
ffffc584
ffffb2a5
ffff9b6d
ffff861c
ffff9423
ffff8931
ffff8a51
ffffb7cc
ffff7b31
ffff9763
ffff6c6a
ffffa6c3
ffff90fb
ffff98e4
ffff9326
ffffa27a
ffff82c0
ffff9366
ffff8974
fffff70e
ffffd135
00001b5c
00001696
fffff202
fffff3cf
fffff6a2
000006f3
ffffc01d
ffffdf69
ffffbb76
ffffe829
ffffb39d
ffffb000
ffffb0f4
ffffd4bb
ffffcb93
ffffd5f5
ffffc841
ffffcab5
ffffc988
ffff98b9
ffffcee5
ffffaf3f
ffffa33d
ffffa883
ffff9db0
ffffb00b
ffffbacc
ffff8a6b
ffffbbed
ffffb29e
ffffd06f
ffffdae3
ffffc7b6
ffffd8b7
ffffd5c0
ffffcf25
ffffe314
fffffb7d
fffff131
000005ad
ffffd4c0
ffffcf81
ffffe508
ffffdd9b
0000343e
000012b3
0000038c
ffffcd25
ffffd812
ffffd16d
ffffd632
ffffc290
ffffb72e
ffff7ae1
ffffd99f
ffffa017
ffffbd12
ffffc692
ffffd4d1
ffffc3a3
ffffccbf
ffffb1d6
fffff460
ffffef74
fffff0be
ffffea1b
ffffdc70
ffffe701
0000375d
00001707
00000c65
00001be1
0000452b
00004898
000048de
00005854
000047e3
00005200
00006e0e
00007463
0000863a
0000cc73
0000bca7
0001879a
0001942b
0001a04c
00017f2a
0001abb0
00019b03
000196db
0001be61
0001df6e
0001a4cc
0001ddca
00019125
0001d573
0001a61c
0001ba63
0001d367
00011f2b
000206f8
000146a7
0001b505
000170f2
0001b95f
00019487
0001811a
00016aed
00016bc0
000156a1
0001209c
0000c542
0000fe77
0000e566
0000cdd5
0000b11a
0000a8fc
0000a305
0000e656
0000867c
00006b35
0000a094
000047c5
00006cfb
00003d24
00009100
000024db
fffff036
00000159
fffff1ed
ffffdd4d
000021d4
00000a4e
00003edf
000004c9
00001d73
00001185
00002989
ffffde14
00000607
0000029c
ffffef00
00001226
fffffe21
00000382
000002de
00000007
ffffd4d9
fffff7a3
ffffde7f
ffffa048
ffffc051
ffff9b86
ffff89e9
ffff7f4d
ffffa831
ffff73fc
ffffb15c
ffffd9cd
ffffdfa5
ffffe174
fffff3ba
ffffb481
0000206f
ffffb35e
00002908
ffffdcdf
00000049
ffffd314
fffffcfb
ffffe54f
00000ba4
000013de
00002062
00002869
00003d81
0000076c
00000786
00002ecb
00002056
000026c1
00003968
000011f7
00000e47
fffffda7
000019f7
000017b6
00000ce8
00002c0d
00001ffb
ffff6cc8
ffffa741
ffff9fa9
ffff860b
ffffa908
ffffa139
ffffa5eb
ffffcae9
ffff96da
ffffad1b
ffff70fa
ffffca23
ffff9a56
ffffbf9d
ffff8c67
ffffdd79
ffff8fbb
ffffbb08
ffff90fe
ffffda01
ffffbd1b
00004db5
00005703
000028a1
000035a4
00000f9b
0000019a
00001ec5
00000352
000024b3
fffffe37
0000d71c
000085ab
0000fa19
0000477a
0000c50a
0000bb5c
0000c76e
0000eead
0000cc2a
0000eb7e
0000b9ab
0000f772
0000bbaf
0000d7ce
0000ce2c
0000c4e6
0000b158
000069ea
0000579c
00006cd7
00005bde
00007c06
00000f34
00007907
00000acf
00007cb1
fffff51a
fffff72c
fffffbbe
ffffe68d
ffffddc2
ffffb63d
ffffead6
00005965
fffff16d
00002169
00002816
000016c8
0000310c
00002071
000037e9
00003902
00003c84
000054df
00005477
00004f63
00006fff
00008031
0000265b
00002910
00001ae3
0000476f
00001ca6
00002826
fffffbb1
0000237f
00001edb
000014f0
00002627
00004690
0000677d
00006a96
00005804
000086ab
00006409
00008891
00007f3a
0000afda
00005ca7
00006465
00003c26
000085ce
00007978
00008f74
0000732e
00007ee5
00007b4f
000096ef
00007681
000081ac
0000b3f2
0000ad72
00008fd8
000092f0
0000836c
000076c4
00008ff6
00008bdc
0000b4b0
000059eb
00008365
00006a37
00008a13
00006976
000099b1
00009dbf
0000ae8d
000038bc
00002c63
0000054c
00000c4a
000017a0
00002b51
fffff7b3
fffffaa8
0000236f
00000dcc
00000135
ffffe542
ffffff2f
fffff261
ffffe282
ffffe534
fffff752
ffffe1be
ffffdefa
ffffb876
ffffca14
ffff8b62
ffff7178
ffffa0c7
ffffa157
ffff77d4
ffffe4af
fffff7cb
ffffd96d
ffffe89c
ffffde3a
00000f8f
00004878
00004e8e
000089ca
0000508b
00002aa7
0000e7b8
000062c6
0000b07e
00007f42
000078e2
00009c17
00009032
0000a980
0000619a
0000480e
0000621b
00004120
00004a9d
00002d52
00004ddf
fffffc9f
00001973
000029fa
00003ccf
ffffffa2
00003367
00002864
000019ff
00001acc
0000524c
00002ded
000034b9
ffffa35e
ffffd23a
ffffd236
ffffb4be
ffffe0b6
00001f39
00002f75
00002db4
00001c53
00002b1f
00006a72
00002e42
000047a2
000009d6
0000479e
000007ac
00000eab
fffff552
00004256
0000320f
00004247
00005214
00004b63
00003290
000071ae
000054d0
00005b52
000043d4
00002686
00005929
fffff256
0000009f
ffffdd86
ffffef28
ffffe1db
ffffee99
0000157f
ffffd5eb
0000039a
ffffec2f
ffffe309
000045fe
fffffb15
00004a5b
00002a5a
fffff52e
ffffe649
ffffbad4
fffff515
ffffea1a
ffffe666
fffff509
fffffaea
ffffd550
ffffd09b
ffffc6ef
ffffe6b1
fffffb44
00001642
ffffe12f
0000216a
ffffc005
fffff38a
ffffd18a
00008408
000045b0
000032ed
00003a37
ffffe7ac
ffffc11d
000007bb
ffffd097
00000a3b
ffffdb52
ffffef36
ffff9f1f
00000108
ffffd1de
ffffdab8
ffffe98b
ffffee9c
ffffef0c
00000c9c
00000f00
00000701
00001e86
000032d8
0000223e
00004da4
0000579b
00009ae6
00007e9b
0000beae
00009d6f
0000d36b
00001252
0000690b
00005780
00005fd9
00002dec
00003ad7
000006b3
0000a6f0
00004790
000086b6
0000858d
00015679
0000f6d2
00010679
00010280
0000c4a8
000119ff
0000500f
00004526
0000473d
00002dcc
00001dd8
00005f9e
00000ddc
00002202
000019c7
0000238c
0000425f
00002ed0
000010d5
00004904
000011a6
00003b4a
ffffec38
ffffad7a
ffffb380
ffffbaa0
ffff9a64
ffff94fe
ffffda23
ffffc879
ffffb3d1
ffffbc9d
ffffc7db
ffffb1e9
ffffebdd
ffffd04b
ffffef73
ffffdb79
000004ef
00000ac8
00001dd6
000037d9
0000500b
00009703
0000974e
000076b3
0000a52c
00007ba6
0000b0f0
00007fb8
0000a881
000089a4
000088ce
00005117
00005ad0
0000737d
000065f8
00008472
00008120
00004293
0000da02
000082d1
00008475
0000ed6c
0000fb2f
00010b57
0000e913
0000b3dd
0000d776
0000cc92
00005988
000011fe
00004946
000029df
00000460
000012b7
000001b7
fffff06c
00001a6c
0000017c
fffff2c4
00001545
ffffdec2
00003b94
fffff34c
00002d70
00001432
ffffd765
fffff3d9
ffffebc6
ffffb201
ffffc1d1
ffffdf83
ffffdbea
ffffd207
ffffda95
ffffb41b
ffffca0d
ffffbf92
ffffe6cf
ffffe686
ffffee83
ffffe43e
ffffe47a
fffffa83
fffffc1c
fffff0a9
ffffc667
ffffd997
ffffde0f
ffffbbe7
ffffef78
ffffd8a8
ffffcd48
ffffe129
ffffd92c
fffff427
ffff8598
ffffcfe3
ffffb007
ffffeb45
ffff9b8f
ffffaaac
ffffb79b
ffffbc9d
0000024c
ffffe44e
fffff7a1
fffff5c2
ffffe32b
fffff029
00001419
00003103
00005826
00002982
000000ef
fffffb96
ffffdb6a
00000859
00002043
fffffb4b
fffffbd7
fffff7c5
fffff66a
000009c8
fffff825
fffffaf2
fffff771
fffffc9c
fffff9b3
00003f27
fffff484
fffff663
fffff552
ffffc55f
ffffc577
ffffff8d
ffffe34c
ffffdf47
ffffed4f
fffffe3b
ffffd660
00000160
00001a7b
000014a1
00004d9c
00005243
000021cb
000052fe
00004f6e
0000201f
0000a99b
0000e9b9
0000b749
000093f0
0000f5f4
00010b54
0000c11d
0000ed5d
0000eda8
00014273
0000debd
000122cc
00010adf
00012069
000145ce
00010db1
0000cc69
0001324e
0001165a
00010fbe
00012fa0
000123ac
0000fd6e
00010a10
0000f4a1
0000c169
0000e723
00006c80
00005176
00002af5
00003563
0000321b
0000653b
0000100b
00001ef0
00002ea7
00001894
00003750
00002a78
00000554
000028e6
0000145d
00002d58
ffffc6f4
ffff6aa4
ffff9e57
ffffa8c8
ffff74e6
ffff4250
ffff6035
ffff75a6
ffff65d9
ffff65ad
ffff7415
ffff6796
ffffc18c
ffffc386
ffffbcbd
ffffbdb4
ffffb50a
ffffc766
ffff9a6d
ffffb35d
ffffb7cd
fffff150
ffffefd5
ffffcbf3
ffffe87d
00000f05
00000c61
fffff519
0000046a
fffff480
00004c74
00001b59
fffff287
fffffaa5
ffffdafa
00001a45
00000a86
ffffcf5f
ffffb95c
ffffe01d
ffff708e
ffffd86c
ffff2688
ffff3985
ffff3a67
ffff38a1
ffff4a96
ffff2eca
ffff497c
ffff4da8
ffff61b3
ffff4974
ffff74d8
ffff6eb6
ffff8e0f
ffffa1c1
ffff62f2
ffff937d
ffff93e0
ffff8284
ffff7d78
ffff83b7
ffff997e
ffff8c3e
fffff712
fffff273
ffffe674
ffffddb6
fffff2af
ffffe416
ffffc2f9
ffffac70
ffffbd40
ffff9fdd
ffffc9c1
ffff89a7
ffffdd0f
ffff8dcf
ffffad9e
ffffae76
ffffae68
ffff9256
ffffacd9
ffffa11c
ffffaed5
ffff65a5
ffff7916
ffff601c
ffffa814
ffff8aa1
ffff7ecb
ffff8751
ffff65b5
ffff75b8
ffff5fcc
ffff2cba
ffff2fc8
ffff02f0
ffff18e7
ffff0297
ffff1bb9
ffff612c
fffef4e2
ffff512a
ffff603a
ffff87f0
ffff72c5
ffff7e3e
ffffb33f
ffffa638
ffffc186
ffffb545
00000e7d
ffffcfe6
fffff3b2
ffffcee2
0000073b
ffff9997
fffffe97
ffffbad3
ffffca16
ffffc2f5
ffffd971
ffffa1e8
ffffccd8
ffff9dfb
ffffa5af
ffff98ed
ffffb945
fffffeea
ffffbaf6
ffffbc9f
ffffe51e
ffffdc70
fffff4b8
ffffa588
ffffff31
ffffc58d
00000196
ffff8226
00000e83
ffff994e
ffff9f96
ffffdd95
ffffd854
ffffe247
ffffe503
fffff28b
ffffc9c1
ffffb5f1
ffff7a6f
ffffb581
ffffedf6
ffffb696
fffff636
ffffed6c
00000528
ffffdc99
00000767
ffff8a1b
ffffa9dd
ffffac6c
ffffbc76
ffff8f96
ffffa276
ffffe71d
ffffe15e
ffffddd3
000048a6
00001925
00012290
0000e3bc
000121ff
0000dd2e
00009c49
00012192
00002efb
000034e7
0000638d
00002c96
ffffd00b
0000103f
00001197
fffffe98
ffffed8a
ffffdfd3
fffff1b8
ffffe3f0
ffffa740
00001d2f
ffff92df
0000032f
00000177
ffffcc4e
ffffcf83
ffffd39e
ffffb87b
ffffd0f9
ffffd7a1
ffffdf80
ffffee11
ffffe7f7
0000041e
fffffd6e
00001477
00003693
00004998
00003963
00003b45
00005359
0000472c
000040cd
000055bc
00002b03
000068b8
00008f42
000045a2
0000903d
00007548
0000f3d9
0000c0c2
0000a160
00012251
000160b2
00015002
000170b6
00017cbc
000111c2
00010364
00014889
00012461
00016911
000155b3
0000cf9c
0000c4e3
0000a7ff
0000c2f7
0000d074
0000aee4
000101f9
0000b00c
000097e7
0000aefa
0000855a
00006fd8
00008cfb
0000976d
00009f08
00005d23
00006bda
00004a65
00006e6d
00002732
000088ea
0000490d
000097cc
fffffa07
00000b0b
ffffbe17
ffffbfae
ffffd77e
ffffec24
ffffd827
ffffbe88
ffffe1c4
ffffcf1e
ffffe75e
ffffba23
0000038d
ffffde50
ffffe9a5
000027cd
00002fd1
000015a4
0000304d
0000326f
00000af5
00005921
0000953b
00009952
00007e13
0000c7ef
0000fdc5
0000d5bf
0000c925
00010994
00011213
0000d9ab
00015c34
0000ebcd
00010e6e
00010c18
0000a9e0
00011bf0
0000fb4e
00011f6d
00013ab9
000107c9
0001a006
000149aa
00016e3f
00016bd4
0000d686
00014e2e
00009b04
00009a1d
00007f1f
000074dc
00004585
000091d9
00006132
00007f6b
00003ad9
00002eae
000031bc
00002d29
ffffef5b
000053f3
fffffd8c
00004b83
00001e04
ffffe139
ffffda99
ffffe5bd
ffffc7bd
ffffb9cb
ffffafa9
ffffce44
ffffe36e
ffffd06b
ffffbdc5
ffffc19c
ffffdd90
ffffd7bf
fffff605
ffffd071
ffffccf6
ffffe665
ffffe9e9
ffffdae1
00000626
ffffe2b8
ffffc845
fffff22b
fffff13d
000014a4
00001e3d
000047b8
00003bc8
00002ab5
000041f9
ffffdb5f
ffffd7d2
ffffc2e8
00001f23
ffff9d40
ffffd931
ffffbde7
ffffb7dd
ffffd9a6
ffffaa43
ffffcbe1
ffff8782
ffff9307
ffff98a3
ffff964f
ffff8af4
ffff9b5a
ffffe137
ffffdbd1
ffffe120
ffffdf42
ffffe02b
ffffebd0
fffffa1c
00000769
ffffd3ae
00000ff2
000015de
fffff660
000004db
fffff040
00001181
ffffedce
fffff5bd
fffffb2b
ffffd12a
ffffdcd4
ffffc672
ffffe936
fffffc4d
00000894
000020ac
00001de7
0000415a
00001c03
00001e19
00002673
00004717
00000aac
00004922
00001ab7
0000461f
000024f6
000053d3
00004992
00003c17
00003e83
0000567b
000058b7
0000541f
00005f44
0000601f
00007810
00002a95
00005543
0000460f
00004bf2
00007add
000042dd
00006686
00002caf
000054da
00002791
00005c52
0000505c
00005f0c
00007a81
000083dd
000064a4
00006133
0000642a
0000a8dc
00008b5f
0000932e
00008641
000062bb
000078e3
00005f27
0000858b
00005ee6
00007fc2
00006bbf
00008431
0000640a
00008602
000071c4
000094b1
00001c0d
000018e9
00003d48
00001737
00001d9e
00007477
00004a4d
00006a56
000044f2
00004f42
00004b22
00003743
00005565
00001c54
00004ab6
00000204
00001d4e
fffff68a
00004130
0000360a
00005089
00005d11
00004b37
000038f7
00005684
00005306
000077cc
00004d9b
00006bf4
0000b0c9
0000288a
00004900
00005143
0000796e
00004d73
00004e02
00004cc0
00007fd3
00005da9
000063f2
0000471e
00007f48
000091ee
00007ba3
00007149
000070e0
00003d38
0000354c
0000138e
fffffacf
ffffdbb5
ffffd33f
00001891
0000193c
000019eb
00001380
0000043d
00000c63
00001ba0
fffff81e
0000461a
ffffe41d
000017c1
ffffe9b1
ffffca77
ffffbce1
ffffbaaf
ffffb285
ffffba1a
ffffc76d
ffffb97b
ffffd3d5
ffffcbad
ffffc34b
ffffaf20
ffffb47a
ffffdc9f
ffffd054
ffffc0de
fffff3b0
ffffe198
0000141a
0000085f
000040a2
000026b7
00008a78
0000a7ce
00009c59
00006e91
00009281
0000a39e
0000ce95
0000ba18
0000c302
0000e32b
00014e0f
00013066
00017292
00010dec
0001500f
00010833
0001364c
00011b46
0001169e
00013a55
0000b8dd
000134bd
0000ef4a
00013328
00010fdf
0000fb2a
000111cb
0000a6ca
000075c6
00009497
00007466
00004ffb
00004cc7
00007d58
00006026
00005205
00002337
00000bb8
00001cca
ffffef27
00003043
ffffe6c1
000036d6
00003beb
00005075
00002472
00003d37
00003a54
0000365a
ffffff01
fffffbbb
00001c8b
00000563
00000a65
fffff7a4
00002b1e
ffffe890
00000e71
fffff140
fffffa1b
00000aed
ffffee7b
ffffe4e2
00000c56
ffffddc5
ffffd924
00000450
ffffe103
fffffe91
00001209
0000649c
0000559e
000066ea
00004faa
0000c19f
0000c0d0
0000b87c
0000d811
000073f6
0000a093
0000ee2c
0000ce14
0000bcae
000101aa
00007e17
00010fa4
0000e4b6
000105e3
0000ead3
0000df19
0000fbb4
0000e161
0000ba47
0000c92d
0000d1bf
00005c3a
00008048
00007b46
0000838a
000065a6
00008c29
00005823
00007ef4
00004bef
0000d0ec
00005cb1
0000b6b6
ffffab73
ffffcba1
ffffc393
ffffb464
ffffd9c3
fffff568
ffffee34
ffffd96f
ffffed64
ffffe56a
ffffeed6
fffff431
ffffb7e2
ffffa9d0
ffffaa90
ffffdba7
ffffd6c1
ffffbf8b
ffffe434
ffffe7fe
ffffbe9a
ffffe326
ffffe6ca
ffffc555
ffffd71a
ffffb4ea
ffff53f3
ffff536e
ffff4e53
ffff513e
ffff1dfe
ffff60c4
ffff2eaf
ffff4268
ffff1bc4
ffff671a
ffff5c6f
fffef932
ffff165a
ffff1c45
fffef9de
ffff4674
fffebc13
fffeed57
ffff0d20
fffee3b4
fffecea7
fffe8530
fffedb84
fffef3f0
fffee395
ffff1475
ffff3170
fffeeb8b
ffff164f
fffed360
ffff109e
fffef56c
ffff1d7d
fffef815
ffff5826
fffeac99
ffff2bbe
fffed001
00000003
ffffd244
ffffb605
ffffbb31
ffffb951
fffff8b4
00000ed4
fffffb73
ffffd9e7
fffffb04
0000335e
000000fd
0000027a
ffffdc35
00002f9d
00001658
000018ef
fffff493
00004a8f
00004d62
00005c0f
0000b500
0000ac05
00009a10
0000a668
0000a8df
0000bb04
00008471
00007953
0000ced1
00004c08
0000490b
0000114b
000029b4
000026ce
00003e63
00005625
00000402
0000b085
00008006
0000544d
0000c845
00008cc9
0000e62b
00008f26
00006022
000036b2
0000106d
fffffa6e
ffffd417
ffffb1e9
ffffe26f
ffffdcc0
ffffbacf
ffff9721
ffff931f
ffffc08b
ffffca86
ffffd370
ffffbcb5
ffffd242
ffffba03
ffffc213
ffffc294
ffffa56a
ffff9591
ffffd20f
ffffc3e3
ffffcbcf
ffffd0da
fffff19d
ffffda82
ffffd98b
ffffd852
ffffda46
ffffebde
fffffc99
fffff532
ffffdbc4
000014e3
00000f7d
00002849
00002b79
000046c8
000016f2
00002bbb
0000372f
00004b8e
0000279e
000010ed
0000184a
00005047
00003133
0000050f
000066c2
0000aad8
00004f2c
0000782a
00003391
00008d61
00004ffd
0000a400
0000951f
000073ff
0000ce66
000020a6
0000e08d
000088d4
0000b081
0000b38f
0000d7c5
0000da2a
00007d61
00003ff1
000091d5
00008a60
000016d3
0000211e
000058ad
0000444d
00002d14
00000055
fffff4a5
fffffab7
ffffab1f
000029c7
ffffb632
00001e37
ffffd9b9
00000f86
000005be
fffffdd8
000006f8
00000c70
00002ffb
00002ef4
000037dc
00003de3
000024e8
00006865
00001dc9
00005433
0000379d
00004be3
0000416d
00004bab
00006385
0000668f
00004a97
00003044
0000399a
000051b5
00002df6
00002baf
fffff2c5
00003865
00001884
00001d74
00002537
000052dd
00003b9c
00005143
00003569
00000d62
00002030
00002b3f
000038a7
0000404f
00008b6d
000018f8
0000c0fc
00007d54
0000b58a
0000becb
0000b9b5
0000f42d
0000aef0
00009bcf
0000b51f
00008a68
00009625
000099cb
00009d2d
000092e2
0000a0a7
00008142
00007c07
000087e2
00006e7e
00007957
0000576b
000082dd
00001b5f
fffff5a1
00000274
0000029b
ffffe9a5
ffffdd8c
ffffd2d5
ffffc25c
ffffe164
ffffce69
ffffc80c
ffffd211
fffff7d8
fffffa9d
00000e16
00001545
00002a16
00004e43
000055ee
00008b1e
000089d6
00010336
00010dc6
00013f6e
00012244
00017579
000132ba
000184ef
000175a0
000172e8
0001baad
0001e62c
000186e7
0001b092
0001a5f9
00016575
0001619d
000135bf
000130f1
00013a93
00011b56
0000e1f7
0000bcf4
00006c9b
0000b379
0000a4de
000067bc
0000a466
000066c1
000044ed
00005bd9
00003123
00003f65
000045d2
00005f33
00005bd5
0000187c
000016b9
00000a82
00000bbd
fffff2db
0000123d
00000634
00002197
ffffacd1
ffffbe28
ffff9184
ffffa2e4
ffff9549
ffff90e5
ffffb583
ffff8dfc
ffffdada
ffffaa89
00000032
ffff9a52
ffffe319
ffffbc4b
ffffc547
ffffc9ba
ffffd5f6
ffffe3d8
ffffef5c
ffffe5a8
fffffd68
ffffb6ca
ffff98b6
ffffd822
ffffff41
ffffeb70
ffffdc69
00003251
fffffba7
fffff58c
000011a1
ffffb915
ffff9aac
ffff88c6
ffffce53
ffff654f
ffff9ad3
ffff9c53
ffff8002
ffff9c60
ffffc534
ffffa376
0000186c
000012be
00000fea
000031ee
000030e5
00008a85
000056da
00005648
00009626
0000679e
00002a2f
00003298
00003cee
000035b6
000024d8
000042d8
00004d8b
00003d84
00002515
00005974
00002397
00005048
ffffee99
ffffd4e3
00001dcc
000003bc
fffff5e2
00005a60
000033fe
0000750d
00004167
00006be9
00003a09
00006a7e
00005610
00004ed9
00006cac
000011ef
00004710
00003e59
00005bdf
00006680
0000a726
0000c412
0000a884
0000a46f
0000bf41
0000af9c
00008fcf
0000b649
0000c927
0000bab0
000077ff
00010081
00008261
0000f8e7
0000e4f5
0000cf47
0000f925
0000cc91
0000d7d6
00009dca
00008232
0000ba2b
00002d1e
00005611
0000628b
0000124a
00004798
fffff3a8
000065a8
00003fdf
0000373b
00003bf7
000060a8
0000191e
00005534
000037cf
00003b85
00002af9
00000d8f
0000359c
00004cd7
00002962
0000516f
00003313
00001add
000013e0
ffffe539
ffffeee4
ffffde98
ffffeb78
ffffcdd4
ffff9b6a
ffffe63f
ffffb6c1
ffffd8fb
ffffa408
ffffefe0
fffface8
ffffa4e3
ffffabed
ffffdc6a
ffffed41
ffffcf4c
ffffdfbe
ffffe694
ffffcf49
ffffb885
ffffedef
00000660
ffffd397
0000052e
00002483
000004c8
00000a5e
000011e7
000015c6
00003226
00000a1f
0000125e
ffffd003
ffffbb2c
00005f2b
fffff12e
00002072
00004ff8
fffffc4a
0000a7f4
00007eab
0000a406
00009227
00005080
0000a563
000053fa
00005cd4
0000675a
00006a8a
00000319
00003471
000039ef
00003bd4
000012d8
000028e7
00001a83
00002ba2
000006f4
000068d6
000016db
00004414
ffffcf45
ffffa9f9
ffffbb49
ffffc340
ffffba89
ffffd5d3
ffffd9c2
fffff6fe
000007b3
fffffd7b
000014b6
00001ea5
00000b7b
0000365e
00006b45
00004235
00006219
00005806
00008376
00006f68
00009504
0000b35e
0000e531
000105f7
0000cc74
0001575b
0001385d
00019547
000165ae
00018561
00018360
00019ad8
00017a73
000176d3
00018f72
00011ae0
00012412
0000e443
0000cf58
0000dbb0
00009707
00006df8
ffffa20a
ffff8df1
ffffb7cc
ffffd23a
ffff84e1
ffffa5b4
ffffec99
00000a5a
ffffd2ed
ffffdd60
00000ff8
00003477
00001675
00004a66
fffff0f9
0000458e
00003d56
000031e1
00003f50
00001742
00003ea1
00001f4c
ffffe532
ffffa614
ffffbfd7
ffffd02c
ffffad37
ffff8f37
ffffae14
ffffa77b
ffff9d38
ffffa40c
ffffb0cf
ffff9b1b
ffffbc30
ffffac74
ffffb327
ffffc4cc
ffffe915
fffffb98
ffffdcab
ffffe7c0
fffffccf
ffffcd3a
ffffe03a
ffffd3f5
fffff061
ffffe3eb
ffffc957
000009ce
00000c89
ffffc246
0000258b
0000110f
ffffeb09
000002bb
000025fd
fffff539
00001a9f
fffffc8d
0000284a
00002003
00003179
000038cf
00000c66
00000fb3
000038a5
ffffeeb9
000070b5
000053d4
00001e72
ffffdd41
00001907
00000f22
ffffbd25
ffffa168
ffffa226
ffff69f0
ffffb0ff
ffff94c9
ffffa7d7
ffffb0ec
ffff8df1
ffffbfbb
ffff8b1b
ffffa2f1
ffffa5e6
ffff9022
ffff917b
ffffb3ef
ffff9aa3
ffff654c
ffff8237
ffff7d39
ffffa198
ffff9150
ffffadeb
ffffa2aa
ffffd49f
ffffedd3
ffffd493
ffffd6ea
fffffff0
00001248
ffffdebe
fffff49c
fffff2a7
ffffd5b0
ffff9c64
ffffb2de
ffffb564
ffff75e9
ffff6496
ffff8305
ffff8574
ffff4d9b
ffff91be
ffffb82a
ffff612a
ffffa092
ffff9878
ffffa541
ffffb5bd
ffffb753
ffffb52d
ffffb0e6
ffffba15
ffffa51a
ffffad49
ffffbcdc
ffffae7a
ffffadc3
ffffe962
ffffe39c
ffffb3ed
ffffb8d3
fffff98c
ffffd1a0
ffffb759
ffffc293
ffffe7b6
ffffea24
ffffd88a
ffffe5fc
ffffb2d4
fffff5b4
ffffa741
000011f0
ffffb478
fffffffc
ffffb633
ffffbb7a
ffffbb3d
ffffbc5d
ffffc596
0000008d
fffff58d
00002cf4
00001fbf
0000332d
0000441d
00005d6c
0000008e
00003729
000033cc
ffffed9a
00003e5b
000005ed
000020a2
fffffea5
000043b6
00004919
00006c5b
000028dd
0000311b
00001f69
ffffeb56
00000525
ffffe0a4
000009a0
ffff93da
00004154
00001a82
00004546
000026d0
00002e55
00003c0a
00001f00
0000184e
00002bfc
ffffffc9
0000384f
ffffade7
ffffe02d
fffffa72
ffffd241
fffff303
ffffb4aa
000074b4
00006d8c
00005d3a
0000567c
00009714
00003008
0000693c
00005f01
00006b5b
000079d1
0000532d
00007ac4
0000901b
00003dec
0000874d
000060f6
00001ae7
ffffdba3
fffffd87
0000023d
ffffc336
ffffcf93
ffffee9d
ffffdf8a
ffffd271
ffffd62b
ffffe8c4
ffffb995
ffffcf57
ffffa4a6
ffffd874
ffffd073
fffff9e6
ffffeb27
000035af
00000bed
00004e05
000000d2
000009fd
fffff608
00002179
00003cea
00002813
00004a6e
00005c1c
00002f28
00003f46
ffffceb9
0000012b
ffffe236
00001e75
ffffa803
fffff2fa
ffffb62a
ffffe3c9
fffff096
000009a6
00002345
0000306d
00001268
00005a7b
00000cd6
00007027
00008524
000034c6
ffffd39f
0000058c
ffffe0d6
ffffe5c4
ffffc208
ffff9e1e
ffff617b
ffffb089
ffffa3fd
ffffd975
ffffb9c9
ffffdd06
ffffc76c
ffffc35a
ffffb163
000009f7
fffff3db
000018a2
00001414
00001651
00000c16
00000547
00000e3b
0000056f
00000491
00001051
fffff537
00002d31
00001e12
0000100b
00000bca
00000bb8
00002b80
0000075d
000027e9
000026c3
0000c11c
0000c46a
0000e5a2
0000cc90
0001088c
00013ee8
00012ad6
00015171
000145ab
0001840e
00016734
000153c1
00017bfb
00016f80
0001765e
00017d08
0000f348
000174a0
0000ff0f
00010294
0000f64a
00008ffd
00009bce
00006c59
000082bf
000034af
00003813
00000f17
0000089b
00001341
00000848
00000ded
00002c28
00000ee2
00002b50
000029d3
00001ae4
00000e9d
000024db
00000ed3
00001291
00000fd6
00001bb9
ffffb89b
ffffd84a
ffff9eec
ffff9c05
ffffb57a
ffffc7ba
ffffbbe4
ffffde56
ffffda5d
ffffdbe2
ffffa5e4
ffffb341
ffffcea6
ffffe897
ffffcdea
00001b18
ffffdad9
00001eb3
fffffe54
000011dd
ffffda20
ffffca38
ffff93ef
ffffefc2
ffffa1e5
ffffb60f
ffffcf9c
00000f95
ffffffea
00001405
00003ac3
00005000
000080dc
00008b49
00009406
00003867
00003d2b
00007506
00008b0f
00007901
0000c432
0000292f
00015093
00010c94
0001101a
00011ce6
0000dd28
00013f3c
000097ed
000075eb
00009dc5
00007bb2
000046fc
00007958
0000a141
0000a01c
00005ba9
00004866
0000159c
000038b4
ffffc61e
00006eff
fffff3d5
00007142
fffff00c
ffffe24b
ffffe28e
ffffe4e3
ffffdf72
ffffce53
00001c47
00000cc7
0000041f
00001833
00002dc2
00003e53
00003037
00007a7b
00005a1f
00005466
000079c0
00007da7
00009838
0000c173
0000ae16
00015ae1
00018549
000199e3
00016edb
0001e3b4
0001bd84
0001ea7d
0001eb95
0001f1f5
00022048
0001f1c7
0001be12
0001cc48
0001cf99
0001a23f
00019dc5
0001166d
0001996b
00010ae1
00015f57
00010024
00017f03
000120b4
00011768
000131ce
00013996
00015c96
00011c34
0000e2a4
00011f71
0000e4ac
0000f335
0001168e
0000e416
0000fc98
00010604
0000bd6e
0000a615
0000ccdc
00006f8d
00009642
00006c40
0000b242
ffff966d
fffff5ba
ffff8d90
ffff8e43
ffffbe4c
ffff9db7
ffff7aa9
ffff3cef
ffff9e37
ffff68e3
ffff8a1b
ffff20a5
ffffe280
ffff6806
ffff7a1e
ffff95ad
ffff9177
ffff7405
ffff82c9
ffff7808
ffff8c22
ffff6053
ffff1cf9
ffff0944
ffffac44
ffff013f
ffff7434
ffff5ef5
ffff27b8
ffff280a
ffff2ea1
ffff6269
ffff748a
ffff7e3f
ffff6375
ffff8527
ffff5e2d
000017ef
ffff71eb
ffffc3ad
ffffc600
0000044f
000066e6
00007148
00009630
0000281f
fffff9e1
00001f55
ffffaa1e
fffff76c
ffffc711
ffffea0a
ffff9472
ffff93a8
ffffc3dc
ffffa0dd
ffff8480
ffffce42
ffffe705
ffff9281
ffffb850
ffffd231
ffff8c40
ffffaa53
ffff801f
ffffc146
ffff556c
ffff7d9c
ffffa76a
ffff7ee9
ffff6361
ffff5c27
ffff6547
ffff4f96
ffff70fa
ffff2604
ffff6561
ffff38b7
ffff361b
ffff97f0
ffffb2b7
ffffc908
ffff87db
ffff8642
ffffaad5
ffff5ba8
ffff5612
ffff325c
ffff479f
ffff2ad7
ffff2ae6
fffeff3d
fffef0fb
ffff225d
fffed147
ffff0ebe
ffff5a67
ffff35cc
ffff61ae
ffff2db6
ffff2e41
ffffba3d
ffff4856
ffffa947
ffffaebc
ffffc164
ffffd38d
00000129
000009aa
ffffe0d7
000001cf
00000db4
00000007
ffffef69
ffffcf8b
ffffc1ae
ffffad8e
ffff94cf
ffff925d
ffff6ad3
ffffc238
ffffb3fe
ffffac71
ffffb28e
ffffa98b
ffffe3e6
ffff9677
ffffab2f
ffffc8e8
fffff373
fffff577
ffffd35a
ffffc519
ffffff31
000031cd
0000056e
00001425
0000190e
00000bcc
000003dd
00001f0f
00000319
fffff94d
000015da
000024e6
00001178
00002853
00002d13
00000500
00000c57
00000a98
00000338
00000186
ffffe4c8
00001682
ffffdae2
00001266
00000f78
00001187
ffffdc97
00001db6
000028ce
00000f62
00001645
ffffe9ab
00003d35
000071b3
000060b8
0000a844
00006e8b
000158a9
0000e415
0000fc40
00010990
0000cac8
0001137b
00003444
000028c4
0000224a
00003593
fffff656
00003130
ffffe9c0
fffff596
000006cb
ffffe69a
0000126b
fffff3a8
ffffe587
0000037d
ffffd656
fffffa62
0000296e
ffffea97
000012e9
00001238
000005f3
fffff86c
fffff682
fffff6ee
00000638
fffffb7a
00000acc
ffffe8e9
00002140
00000fcf
000012c5
ffffeed7
fffffe0e
00000fe8
0000093b
000006e5
00003cd2
00008069
00008029
0000910d
0000beb2
0000dcd8
0000fe3f
00014e15
00014efa
00010c06
0001810e
000146ab
00011c18
00014ed0
000164be
00012833
00015545
0000de65
00015399
0000c358
0000dfb1
0000ed34
00009497
00008eb2
0000b373
00003b9f
000066a3
00004d3a
0000228b
000001e3
00003b31
00002137
00000647
fffff770
00000b53
ffffe3a0
fffffdf0
ffffe773
fffff02d
fffffca2
ffffe26e
ffffd64f
ffffe23b
ffffd6a8
00009a72
000019d4
00002387
000036d3
00000521
00001574
ffffe876
00001d9d
000015c8
00001b4e
ffffe2d3
00002e36
ffffde21
00003359
00003c47
000021d9
0000164e
0000005d
00000441
00000e2b
00000f7f
000011fc
000023d0
00003bb4
ffffe523
00003248
000021ae
00009a63
00008b7c
000096ba
00007cc3
00013860
00010286
00014b5e
00017857
000122e9
00014cf2
0001317e
00012276
000111f6
0001254c
0000b4b1
00008d9f
00006877
0000bda0
0000785f
000093f4
00006040
0000da86
00008d64
00009f82
00009b69
00008599
0000692d
00009d75
0000a8ce
00005b7d
0000673e
00002a77
000058f2
00003079
0000652b
00004c37
00007535
00003c5c
000008d3
00001d8f
00001a49
000038ca
fffffeb1
ffffc075
fffff10c
ffffe4e2
ffffd5e3
ffffb77e
ffffc911
ffffeb8f
ffffe800
ffffc41f
ffffb388
ffffcb85
fffffda2
ffffc5ad
fffff84a
ffffe45a
00007e40
00005569
000097d7
00007fa9
0000b8b9
0000d54f
0000fc20
00012536
0000fd49
00015aaa
00015d3d
00011948
000167a0
00016e80
00017721
00017b6c
0000fa2d
0001402f
0000ab28
0000a69f
0000737c
000001b9
ffffd42d
fffffeec
ffffd243
ffffbcbf
ffff7c4a
ffffb168
ffff9fa8
ffffbd1f
ffffa4d4
ffffd08e
ffffcae4
00000b11
fffff3f7
ffffec9c
ffffc2a4
ffffb071
ffffbcf4
ffffaa32
ffff9e71
ffff9a4b
ffff994c
00005a45
00000bb1
000009a3
0000200c
ffffd4e2
ffffcdbc
fffff11a
ffffefa3
00000f1c
00000614
000018c0
00001691
fffff867
000019ed
00003782
ffffeebd
0000245e
00000ff5
00003448
00003677
00007490
0000da34
0000f9ab
000102b7
0000d167
000157b2
0001430e
00018527
00019b9d
0001a2cb
0001ae84
0001e620
0001e91f
0001e8c7
00020615
0001ae2e
0001e363
00016df0
0001ed55
00016470
0001b443
0001600a
00018fb6
00016aaf
000183f5
000155b2
0001575e
00014ccd
00018495
00012e1c
00014d41
00012d11
00011eca
0000fce8
000101aa
00010927
0000f4ed
0000d4c6
0000a712
0000de51
00008067
0000d089
0000958e
0000eac7
000016e8
000008b3
00002101
0000094c
ffffcd20
ffffeecf
000012ca
00000414
fffff80d
00000440
ffffe7cc
ffffd11e
0000053f
00000344
fffff154
fffff96b
fffff145
00000111
fffff07c
fffff9a8
00000dc8
00002a7b
0000328b
00001548
00003c0b
000053ef
00005c7d
00006a01
00007f0b
00005b73
000083de
00003008
00003393
00004956
00002aa0
00000cb8
00000bd0
fffff1a8
00003078
fffff4d4
00000d78
fffffdf9
00007d66
00001f00
00004349
00002092
00005038
00007a1c
ffffda4b
ffffefc1
000003bb
fffffc5c
ffffe287
00000ebc
ffffdc2e
ffffdde1
00000642
fffffa74
00001dea
00000838
000006fd
00001d4a
fffffdbf
00000829
00003f09
0000050a
00000bb0
0000199b
ffffeff5
fffffb6e
00001268
000000a5
00000a81
00000936
000011d7
ffffd53e
000000a8
ffffdd6b
fffffcc4
fffffc7e
00001a99
fffff901
000048ad
000012b1
00003936
00002c4a
00000fce
00002357
0000679b
000067df
000085d0
0000946f
0000b519
0000840f
0000a4ea
00003ce4
00005aff
000057c0
000088f0
00001cf9
00005bf3
00002382
000081a4
00003bd2
00008aec
000065e1
00010ac9
0000c7cc
0000ffe6
0000c34a
0000c770
00013095
0000a9c8
0000620b
00008c85
0000627e
00002570
00006964
00003158
00003dce
00001ef2
000016b1
00002e09
00003d36
00001d39
000074a3
00004152
00006a6a
000016dc
0000202f
ffffb3ba
ffffe268
ffffd0f4
ffff77fc
ffff5f0f
ffff4e24
ffff55a6
ffff34e2
ffff3217
ffff2217
ffff7aaf
ffff227f
ffff3200
ffff61c4
ffff7214
ffff9a55
ffff4eeb
ffff9597
ffffaecd
ffffb90c
ffff8eab
ffffa160
ffffc8d2
ffff8f3f
ffffa9bd
ffff6589
ffff76d8
ffff97b9
ffff53f2
ffff2469
ffff40d7
ffff0c7f
ffff6451
ffff23a4
ffff56b0
ffff9d7c
ffff9233
ffffb33d
ffffe5b2
000029c7
00007de1
0000a15f
000084e9
00006e5a
00008003
00008516
0000547b
0000083c
0000159f
fffffc4d
fffffa25
ffffcb3f
ffffcde3
ffffa03b
ffffead1
ffffd06c
ffffbabb
ffffc9de
ffffa60e
00000d0f
ffff99c2
ffffdf14
fffff7e5
ffffa1a6
ffffe154
ffffe642
ffff6ce4
ffff6e54
ffffb626
ffffaf56
ffffba86
ffffb3c2
ffffb77b
ffffb8b4
ffffc012
ffffec08
ffffe27f
fffff5ec
00001e6b
00001e3d
000009b6
00001249
00000260
0000122e
00004197
00001009
000009aa
000034e4
00001ad8
000027e9
00003b07
fffffe1d
00008d1d
00006833
00002c2a
00005db1
00005049
00004540
00004226
000015ab
000070ea
000064fc
000073e0
00005a97
0000411a
000004e1
00004333
0000317a
00004ecf
000095a1
00001656
000003b1
000004db
fffff4fe
ffffd6ee
000010c5
ffffbb04
ffffd67e
ffffd15e
ffffdc32
fffffe33
00000530
ffffbd86
000015e2
ffffe845
00000552
ffffdea5
ffff999e
ffffcaab
ffffc701
ffffafa0
ffffc242
ffffdf05
ffffc548
ffffce40
ffffcd6b
fffff4d8
ffffe143
fffff985
ffffeca1
00000114
ffffdef5
ffffde1a
ffffbb4f
ffffde71
ffffdc5e
fffff220
ffffdf75
ffffc52c
ffffd163
00000a77
fffff060
fffff13f
fffffeea
ffffff0e
00000ec6
fffff613
fffffae7
ffffe355
ffffedbc
000014f5
00000355
00003bf9
00003692
00002b59
00006a44
0000190f
00007e9d
ffffd88f
00001afe
00000455
ffffdb9c
fffffdaa
ffffd092
00000754
ffffd9e1
fffff374
ffffd853
000009a8
ffffcddb
fffff3ca
ffffe57e
ffffe5df
fffff8da
fffff1ec
ffffed6b
00000267
fffff7bb
fffff440
fffff7d3
