fffffe3f
fffffdc2
ffffffc6
00000287
00000287
00000287
00000287
00000287
00000287
00000287
00000287
00000287
00000287
00000287
00000287
00000287
00000287
00000287
00000287
00000185
000004e3
00000559
000002c1
0000006d
ffffffad
fffffd2d
fffffd47
fffffd03
fffffc2d
fffffb19
fffffa75
fffffc9f
ffffff05
ffffff03
ffffff8d
00000113
0000058d
00000581
00000555
ffffff01
fffffb39
fffffdeb
ffffffbd
00000075
000000e3
00000121
00000287
00000287
00000287
00000287
00000287
00000287
00000287
00000287
00000261
000002bf
000002d1
000002d5
00000255
000001c9
00000287
00000287
000004a7
0000053a
00000092
fffffea6
fffffd4b
fffffca1
fffffca1
fffffca1
fffffca1
fffffca1
fffffca1
fffffca1
fffffca1
fffffca1
fffffca1
fffffca1
fffffca1
fffffca1
fffffca1
fffffca1
fffffca1
fffffcf5
fffffd31
fffffc1b
fffffbab
fffffb0b
fffffc45
fffffd35
fffffe05
0000009f
00000531
00000833
000004fb
fffffe69
fffffaff
fffffa6d
fffffb25
fffffb17
fffffcb1
fffffe95
0000008b
fffffd85
fffffbf9
fffffbff
fffffb77
fffffbe3
fffffc37
fffffc75
fffffca1
fffffca1
fffffca1
fffffca1
fffffca1
fffffca1
fffffca1
fffffca1
fffffc4f
fffffc6b
fffffccf
fffffce9
fffffca9
fffffcaf
fffffca1
fffffca1
fffffc09
fffffbd6
000000e0
00000119
00000050
fffffdf4
fffffdf4
fffffdf4
fffffdf4
fffffdf4
fffffdf4
fffffdf4
fffffdf4
fffffdf4
fffffdf4
fffffdf4
fffffdf4
fffffdf4
fffffdf4
fffffdf4
fffffdf4
fffffc78
fffffb6e
fffff82e
fffff76e
fffff998
fffffc56
ffffff42
fffffffa
00000118
ffffffa0
fffffef0
ffffffae
000000e8
00000114
000000d2
0000011e
00000014
fffffef0
fffffb6c
fffffa70
fffffd4e
000002a8
000001bc
00000010
ffffff8a
00000024
ffffffae
fffffdf4
fffffdf4
fffffdf4
fffffdf4
fffffdf4
fffffdf4
fffffdf4
fffffdf4
fffffe5c
fffffde4
fffffe0c
fffffdd4
fffffe04
fffffe5c
fffffdf4
fffffdf4
fffffd63
fffffd9a
00000288
000001e7
00000071
fffffe64
fffffe64
fffffe64
fffffe64
fffffe64
fffffe64
fffffe64
fffffe64
fffffe64
fffffe64
fffffe64
fffffe64
fffffe64
fffffe64
fffffe64
fffffe64
fffffd7c
ffffff80
fffffff0
ffffff44
ffffff26
fffffdb0
fffffcea
fffffb62
fffffaca
fffffb88
fffffd60
fffffe82
fffffd4c
fffffe5c
ffffffe2
00000114
fffffffa
fffff9ae
fffff41e
fffff676
fffffc5c
0000019c
0000000c
00000010
00000110
0000006c
ffffffac
fffffe64
fffffe64
fffffe64
fffffe64
fffffe64
fffffe64
fffffe64
fffffe64
fffffe52
fffffdc2
fffffdea
fffffe36
fffffea4
fffffed4
fffffe64
fffffe64
fffffefe
fffffde2
ffffffc1
ffffff21
fffffeef
fffffef4
fffffef4
fffffef4
fffffef4
fffffef4
fffffef4
fffffef4
fffffef4
fffffef4
fffffef4
fffffef4
fffffef4
fffffef4
fffffef4
fffffef4
fffffef4
fffffef6
ffffffb4
ffffffd4
ffffff3a
ffffffe4
fffffedc
fffffc26
fffffb06
fffffb38
fffffae2
fffffc26
fffffce2
fffffd26
fffffc8c
fffffc8c
fffffd7e
fffffe0c
fffffe0c
fffffd98
fffffd64
ffffff4a
000000be
000000ae
ffffff84
ffffff8a
ffffff2a
fffffed2
fffffef4
fffffef4
fffffef4
fffffef4
fffffef4
fffffef4
fffffef4
fffffef4
fffffe54
fffffeda
ffffff18
fffffeee
ffffff2e
ffffff22
fffffef4
fffffef4
fffffef2
fffffeea
fffffe03
fffffea9
0000011d
000002e1
000002e1
000002e1
000002e1
000002e1
000002e1
000002e1
000002e1
000002e1
000002e1
000002e1
000002e1
000002e1
000002e1
000002e1
000002e1
00000309
000002e1
000001ef
000001df
000000e3
fffffcc7
fffffa55
fffffa03
fffffb1b
fffffa33
fffffb3f
fffffdc5
ffffff2d
ffffffef
ffffff85
ffffff47
0000046d
00000755
0000098f
000008a9
00000385
fffffe7b
ffffff7d
00000005
00000159
0000013d
0000019f
000002e1
000002e1
000002e1
000002e1
000002e1
000002e1
000002e1
000002e1
000002e5
00000335
0000030b
000002cb
000002bd
00000289
000002e1
000002e1
0000038a
0000041d
000000ad
fffffd4b
fffffce9
fffffe9b
fffffe9b
fffffe9b
fffffe9b
fffffe9b
fffffe9b
fffffe9b
fffffe9b
fffffe9b
fffffe9b
fffffe9b
fffffe9b
fffffe9b
fffffe9b
fffffe9b
fffffe9b
fffffdfb
fffffd49
fffffe1f
000000d5
0000011b
00000089
00000115
00000049
ffffff5f
0000027b
000003cb
00000269
ffffff33
fffffe5b
ffffff47
fffffe69
fffffd55
fffffd4d
fffffcc1
00000349
000002e1
fffffd2f
fffffee9
fffffe59
fffffebf
fffffe77
fffffd6b
fffffe9b
fffffe9b
fffffe9b
fffffe9b
fffffe9b
fffffe9b
fffffe9b
fffffe9b
fffffea7
fffffea3
fffffe83
fffffed3
fffffecf
fffffe49
fffffe9b
fffffe9b
fffffdf7
fffffe2b
000000ac
00000093
0000007c
00000025
00000025
00000025
00000025
00000025
00000025
00000025
00000025
00000025
00000025
00000025
00000025
00000025
00000025
00000025
00000025
00000051
ffffffe9
fffffbd3
fffff9a7
fffff69b
fffff46f
fffff63b
fffff829
fffff9bf
fffffc25
0000007b
0000032b
0000024d
00000239
0000017b
ffffff85
fffffce5
00000029
000002b9
000003b3
00000281
00000091
ffffffe7
fffffe8b
fffffe47
fffffebd
ffffffdb
00000025
00000025
00000025
00000025
00000025
00000025
00000025
00000025
00000007
0000002b
00000013
0000002b
ffffffdd
ffffffef
00000025
00000025
ffffff56
ffffff71
fffffea6
fffffe88
0000004c
000001c2
000001c2
000001c2
000001c2
000001c2
000001c2
000001c2
000001c2
000001c2
000001c2
000001c2
000001c2
000001c2
000001c2
000001c2
000001c2
000001ec
00000192
00000446
0000038e
0000019e
00000212
00000162
0000038c
000005e2
0000059a
0000017e
0000010c
00000404
000003d4
0000025a
ffffffb6
fffffefc
00000090
0000068a
00000a32
00000492
00000000
00000220
00000292
000000f2
ffffffb6
000000aa
000001c2
000001c2
000001c2
000001c2
000001c2
000001c2
000001c2
000001c2
000001a0
000001dc
00000224
00000236
000001ba
0000017a
000001c2
000001c2
000001cd
00000230
fffffe78
ffffffb0
000001cb
ffffffb6
ffffffb6
ffffffb6
ffffffb6
ffffffb6
ffffffb6
ffffffb6
ffffffb6
ffffffb6
ffffffb6
ffffffb6
ffffffb6
ffffffb6
ffffffb6
ffffffb6
ffffffb6
fffffe52
fffffed8
fffffee2
fffffee4
fffffd2a
fffffa42
fffffc56
fffffdee
fffffcfa
fffffcfa
fffffb60
fffffcd4
fffffb6a
fffffb50
fffffa3a
fffffc2e
0000001c
0000020c
0000021e
ffffff24
fffff7a6
fffff884
fffff91c
fffffc04
fffffdfa
fffffe90
ffffff80
ffffffb6
ffffffb6
ffffffb6
ffffffb6
ffffffb6
ffffffb6
ffffffb6
ffffffb6
ffffff74
ffffff4c
ffffff82
ffffff78
ffffff24
fffffffa
ffffffb6
ffffffb6
00000089
000000ef
00000613
00000514
00000426
000001a2
000001a2
000001a2
000001a2
000001a2
000001a2
000001a2
000001a2
000001a2
000001a2
000001a2
000001a2
000001a2
000001a2
000001a2
000001a2
00000066
fffffe7a
fffff9d6
fffff74e
fffff82c
fffffb5a
00000088
fffffe64
0000004c
000000b0
00000086
00000152
fffffed2
fffffe5a
ffffffb6
000000ea
000004e2
fffffce0
fffff918
fffffbfa
fffffe86
000001f6
00000164
000000d6
000000ec
00000154
000001e2
000001a2
000001a2
000001a2
000001a2
000001a2
000001a2
000001a2
000001a2
000001fa
00000140
00000124
0000013a
000001ba
00000214
000001a2
000001a2
00000116
fffffcc1
fffffbdc
fffffb62
fffffd82
ffffff75
ffffff75
ffffff75
ffffff75
ffffff75
ffffff75
ffffff75
ffffff75
ffffff75
ffffff75
ffffff75
ffffff75
ffffff75
ffffff75
ffffff75
ffffff75
000000bf
00000451
000006ed
00000783
000004c9
000000d7
fffffbbf
fffffc2f
fffffb99
fffffb0b
fffffc03
fffffb29
fffffe3b
fffffe7b
ffffffa5
fffffeff
fffffe2b
fffffdb5
0000015d
00000417
000003fb
00000327
0000040d
00000269
000000dd
00000061
ffffffd7
ffffff75
ffffff75
ffffff75
ffffff75
ffffff75
ffffff75
ffffff75
ffffff75
fffffec1
ffffff81
00000021
fffffff7
ffffffcd
ffffffe1
ffffff75
ffffff75
000001b1
00000297
000000e6
000001b5
00000165
0000001c
0000001c
0000001c
0000001c
0000001c
0000001c
0000001c
0000001c
0000001c
0000001c
0000001c
0000001c
0000001c
0000001c
0000001c
0000001c
ffffff0a
00000068
00000032
fffff9c0
fffff60e
fffff70c
fffff7ee
fffffa82
fffffe60
fffffe6e
fffffdea
fffffe20
fffffdb0
fffffcaa
fffffd16
fffffefc
0000010e
000002cc
000001f8
fffffe6a
fffffe50
fffffff4
ffffffea
ffffffce
ffffff50
ffffff82
00000020
0000001c
0000001c
0000001c
0000001c
0000001c
0000001c
0000001c
0000001c
0000003e
0000005c
00000058
0000002a
0000001a
0000002e
0000001c
0000001c
000000e9
0000014c
ffffffb6
ffffffcb
ffffffa3
fffffeeb
fffffeeb
fffffeeb
fffffeeb
fffffeeb
fffffeeb
fffffeeb
fffffeeb
fffffeeb
fffffeeb
fffffeeb
fffffeeb
fffffeeb
fffffeeb
fffffeeb
fffffeeb
ffffff2b
ffffffc5
fffffd93
fffffc89
fffffa7d
fffffa1d
fffffbf3
fffffb93
fffffd5f
fffffcad
fffffd35
fffffb5d
fffff921
fffff951
fffffa2f
fffffbe1
00000073
00000145
fffffd51
fffffad5
fffff9d9
fffffa09
fffffaf7
fffffc17
fffffcb7
fffffd63
fffffe4f
fffffeeb
fffffeeb
fffffeeb
fffffeeb
fffffeeb
fffffeeb
fffffeeb
fffffeeb
ffffff09
fffffea7
ffffff07
ffffff17
fffffed7
fffffeff
fffffeeb
fffffeeb
ffffffc1
ffffffc0
00000028
00000036
fffffed0
fffffd83
fffffd83
fffffd83
fffffd83
fffffd83
fffffd83
fffffd83
fffffd83
fffffd83
fffffd83
fffffd83
fffffd83
fffffd83
fffffd83
fffffd83
fffffd83
fffffe0b
fffffe1d
fffffd77
fffffcc7
fffffc9f
fffffd7d
fffffea9
fffffe95
fffffeb3
fffffeb3
fffffeab
00000041
ffffffbd
ffffff07
fffffea3
fffffe89
fffffe25
fffffd6b
fffffcb5
fffffc5d
fffffdcd
00000025
ffffff69
fffffed3
fffffee5
fffffe5d
fffffe27
fffffd83
fffffd83
fffffd83
fffffd83
fffffd83
fffffd83
fffffd83
fffffd83
fffffd75
fffffd8b
fffffda5
fffffd83
fffffd91
fffffda9
fffffd83
fffffd83
fffffdbe
fffffdba
000003d1
000003bb
0000017c
0000001e
0000001e
0000001e
0000001e
0000001e
0000001e
0000001e
0000001e
0000001e
0000001e
0000001e
0000001e
0000001e
0000001e
0000001e
0000001e
ffffff80
fffffee8
fffffd10
fffffce8
fffffda8
ffffff32
000000ba
fffffe66
fffffd04
fffffda6
ffffff7a
000001a2
00000200
00000338
0000041c
000003f4
000002f6
fffffaec
fffff84c
fffffac2
ffffffb8
00000360
000001b2
00000314
000002f4
00000284
00000188
0000001e
0000001e
0000001e
0000001e
0000001e
0000001e
0000001e
0000001e
0000004e
0000000c
ffffffce
0000002c
0000004c
00000090
0000001e
0000001e
00000080
fffffdb5
00000083
0000006b
00000232
00000277
00000277
00000277
00000277
00000277
00000277
00000277
00000277
00000277
00000277
00000277
00000277
00000277
00000277
00000277
00000277
000001c9
fffffeff
ffffff97
ffffffaf
fffffd57
fffff9f1
fffffa6b
fffffb53
fffffbf1
0000001f
00000333
0000029d
00000063
00000025
0000012f
000000c7
ffffff6b
00000317
0000073b
000007bd
000002df
0000009b
0000020d
00000199
000001cd
00000155
0000017f
00000277
00000277
00000277
00000277
00000277
00000277
00000277
00000277
0000022d
000002b3
000002a7
000002ad
00000281
00000237
00000277
00000277
00000031
00000114
00000605
0000047e
00000339
00000184
00000184
00000184
00000184
00000184
00000184
00000184
00000184
00000184
00000184
00000184
00000184
00000184
00000184
00000184
00000184
00000064
fffffd08
fffff916
fffffab0
fffffcf0
fffffd92
0000003a
fffffcd4
fffffcb6
fffffdca
ffffff78
00000212
0000015c
0000019a
00000176
0000016c
00000512
fffff914
fffff72c
fffffdaa
00000002
000001ec
00000106
0000026c
00000380
0000015c
00000158
00000184
00000184
00000184
00000184
00000184
00000184
00000184
00000184
0000018a
000000ea
0000010a
00000202
000001bc
00000140
00000184
00000184
000001ec
fffffb7f
000000d2
0000012a
000000f6
00000192
00000192
00000192
00000192
00000192
00000192
00000192
00000192
00000192
00000192
00000192
00000192
00000192
00000192
00000192
00000192
0000017a
000001aa
000002c8
000001e4
000000c6
fffffe92
fffffdd2
fffffd58
fffffafe
fffffb44
fffffe8c
000001a4
000002ac
000002fe
00000294
00000150
fffffde4
00000010
000001d8
00000344
00000322
00000094
00000076
0000003a
ffffff9e
00000024
0000004c
00000192
00000192
00000192
00000192
00000192
00000192
00000192
00000192
00000186
000001ae
0000013e
00000104
0000016e
00000126
00000192
00000192
00000103
000000fa
ffffff2c
fffffd96
fffffeff
ffffff3a
ffffff3a
ffffff3a
ffffff3a
ffffff3a
ffffff3a
ffffff3a
ffffff3a
ffffff3a
ffffff3a
ffffff3a
ffffff3a
ffffff3a
ffffff3a
ffffff3a
ffffff3a
fffffeec
fffffd76
fffffeba
00000534
00000810
00000800
00000858
000004b2
000000b4
fffffe26
fffffe8a
fffffde6
fffffd64
ffffff04
fffffd82
fffffe0e
ffffffc2
00000038
00000164
00000182
ffffff5e
fffffdaa
fffffcde
fffffe9e
fffffe38
fffffe7a
fffffee6
ffffff3a
ffffff3a
ffffff3a
ffffff3a
ffffff3a
ffffff3a
ffffff3a
ffffff3a
ffffff06
ffffff00
ffffff30
fffffef2
ffffff46
ffffff66
ffffff3a
ffffff3a
fffffdc0
fffffe2e
fffffcb5
fffffcba
fffffde4
fffffe58
fffffe58
fffffe58
fffffe58
fffffe58
fffffe58
fffffe58
fffffe58
fffffe58
fffffe58
fffffe58
fffffe58
fffffe58
fffffe58
fffffe58
fffffe58
fffffe9c
ffffff3a
00000150
000004a8
00000570
00000644
000006c0
000005f4
000004e6
ffffff38
fffffb20
fffff9c0
fffff9c4
fffffb8c
fffffbd0
fffffd34
00000066
fffffe58
fffffe62
fffffd2c
fffff9ea
fffff8b2
fffffad6
fffffd36
fffffdce
fffffe92
fffffe6a
fffffe58
fffffe58
fffffe58
fffffe58
fffffe58
fffffe58
fffffe58
fffffe58
fffffe94
fffffe82
fffffe9a
fffffe4a
fffffe6c
fffffe20
fffffe58
fffffe58
00000025
0000006f
ffffffde
ffffffa1
00000199
0000029a
0000029a
0000029a
0000029a
0000029a
0000029a
0000029a
0000029a
0000029a
0000029a
0000029a
0000029a
0000029a
0000029a
0000029a
0000029a
000002f4
000001d6
000001ea
00000384
00000430
0000011a
00000022
00000106
00000266
000003fe
0000062c
00000686
000005b2
0000035c
00000280
000001e6
0000024c
000003a2
000002ee
0000044e
00000386
00000288
00000372
00000272
000002b4
00000290
00000240
0000029a
0000029a
0000029a
0000029a
0000029a
0000029a
0000029a
0000029a
00000280
0000028e
00000284
000002aa
00000294
0000027e
0000029a
0000029a
0000026e
0000025c
fffffcac
000000ad
000001f2
0000009b
0000009b
0000009b
0000009b
0000009b
0000009b
0000009b
0000009b
0000009b
0000009b
0000009b
0000009b
0000009b
0000009b
0000009b
0000009b
00000171
00000543
00000609
000003e9
fffffec3
fffff9b5
fffffbcb
fffffde5
fffffe5d
00000047
fffffda5
ffffff3d
fffffea9
fffffec7
fffffe97
ffffff73
ffffff63
000005f7
00000527
0000013d
fffffecb
ffffffd7
fffffea9
fffffc39
fffffccd
fffffe63
ffffffd3
0000009b
0000009b
0000009b
0000009b
0000009b
0000009b
0000009b
0000009b
000000c9
0000012f
00000049
0000006b
00000023
0000006d
0000009b
0000009b
000000d8
000003c0
00000148
ffffffb8
fffffe7b
fffffff3
fffffff3
fffffff3
fffffff3
fffffff3
fffffff3
fffffff3
fffffff3
fffffff3
fffffff3
fffffff3
fffffff3
fffffff3
fffffff3
fffffff3
fffffff3
000000f9
0000005f
0000013b
000000ad
0000035b
000005bb
00000419
00000337
0000026f
00000209
000000a1
ffffff17
00000193
00000325
000002ef
0000032d
00000053
fffffdb7
fffffaf1
fffffc53
000000d9
000000c3
000000b5
00000121
000000c9
00000189
000000dd
fffffff3
fffffff3
fffffff3
fffffff3
fffffff3
fffffff3
fffffff3
fffffff3
ffffffb5
ffffffe1
ffffffb5
ffffff95
0000002f
0000003d
fffffff3
fffffff3
ffffff7d
ffffff67
0000000a
ffffffbe
ffffff9f
000000af
000000af
000000af
000000af
000000af
000000af
000000af
000000af
000000af
000000af
000000af
000000af
000000af
000000af
000000af
000000af
0000007d
ffffffbd
ffffff17
ffffff1b
00000061
000001fd
0000010d
fffffffb
fffffee7
fffffe07
fffffd89
fffffd07
ffffff45
0000014d
0000023b
00000263
0000026d
00000349
ffffff8b
fffffe99
00000083
00000143
0000007f
0000008f
000000fd
000001a5
000000fd
000000af
000000af
000000af
000000af
000000af
000000af
000000af
000000af
000000eb
000000e3
00000095
00000089
000000d9
00000085
000000af
000000af
000000a6
00000182
ffffff7e
00000034
ffffffaf
ffffffc6
ffffffc6
ffffffc6
ffffffc6
ffffffc6
ffffffc6
ffffffc6
ffffffc6
ffffffc6
ffffffc6
ffffffc6
ffffffc6
ffffffc6
ffffffc6
ffffffc6
ffffffc6
ffffffa2
fffffdd6
fffffe4e
ffffffc2
00000130
0000019c
00000514
000006ec
0000060c
0000044a
00000596
0000043a
00000326
00000140
00000082
00000086
000000a4
fffffffa
fffffe5a
fffffca2
ffffffa4
00000012
00000006
00000058
00000056
00000106
00000010
ffffffc6
ffffffc6
ffffffc6
ffffffc6
ffffffc6
ffffffc6
ffffffc6
ffffffc6
ffffffd6
ffffffca
ffffff82
ffffff8c
00000000
0000000a
ffffffc6
ffffffc6
00000004
00000025
fffffe7d
fffffec0
fffffefa
fffffff3
fffffff3
fffffff3
fffffff3
fffffff3
fffffff3
fffffff3
fffffff3
fffffff3
fffffff3
fffffff3
fffffff3
fffffff3
fffffff3
fffffff3
fffffff3
00000075
00000031
0000024b
0000080d
00000723
000006b7
000003ab
00000271
000002d5
00000265
00000307
000002af
0000052f
000003cb
0000023f
ffffffed
fffff93b
fffff725
00000079
00000411
0000046d
0000023d
000000d7
0000012b
ffffffab
fffffdb1
fffffe3b
fffffff3
fffffff3
fffffff3
fffffff3
fffffff3
fffffff3
fffffff3
fffffff3
ffffff8b
ffffff85
0000005f
0000003f
ffffffdf
ffffff2d
fffffff3
fffffff3
fffffe4d
fffffd9f
0000014c
00000278
00000265
00000174
00000174
00000174
00000174
00000174
00000174
00000174
00000174
00000174
00000174
00000174
00000174
00000174
00000174
00000174
00000174
00000138
000000ca
000000ba
0000017c
0000015e
fffffc82
fffffaee
fffff91a
fffff612
fffff60e
fffff8ac
fffffdb8
000001e4
000003f8
0000058e
00000478
ffffff0e
fffff870
fffff522
fffffaae
00000356
000007aa
00000594
00000436
00000352
000002b8
00000280
00000174
00000174
00000174
00000174
00000174
00000174
00000174
00000174
0000015e
00000142
00000128
000001a6
0000016e
000001c2
00000174
00000174
0000014f
000000bf
0000058c
0000050c
000002bc
0000000e
0000000e
0000000e
0000000e
0000000e
0000000e
0000000e
0000000e
0000000e
0000000e
0000000e
0000000e
0000000e
0000000e
0000000e
0000000e
fffffd7e
fffffa30
fffff6fa
fffff7ac
fffffba6
fffffc90
fffffd4e
fffffce2
fffffcb8
fffffdf0
0000009a
000002e8
000004a0
00000570
000004fe
00000518
fffffc42
fffff64c
fffff732
fffffac4
00000068
000004f4
000004dc
000005f8
000004ca
0000037c
0000016a
0000000e
0000000e
0000000e
0000000e
0000000e
0000000e
0000000e
0000000e
ffffffde
ffffffca
fffffffc
ffffffdc
00000056
00000022
0000000e
0000000e
fffffcce
fffffa70
ffffff58
ffffffed
0000005d
ffffff13
ffffff13
ffffff13
ffffff13
ffffff13
ffffff13
ffffff13
ffffff13
ffffff13
ffffff13
ffffff13
ffffff13
ffffff13
ffffff13
ffffff13
ffffff13
fffffe4f
fffffe93
fffffdc3
fffffd4d
fffffd07
fffffd33
ffffffd3
00000001
000000a7
fffffff9
ffffffd1
fffffea7
fffffd83
fffffe55
fffffe35
ffffff17
fffffed5
fffffec9
fffffe99
fffffcb3
fffffc5f
fffffde1
fffffd9d
fffffe7d
fffffec1
ffffff33
ffffff67
ffffff13
ffffff13
ffffff13
ffffff13
ffffff13
ffffff13
ffffff13
ffffff13
fffffef7
ffffff17
fffffef7
fffffecf
fffffefb
ffffff39
ffffff13
ffffff13
ffffff36
ffffff62
ffffff0d
ffffffcf
fffffffd
ffffff96
ffffff96
ffffff96
ffffff96
ffffff96
ffffff96
ffffff96
ffffff96
ffffff96
ffffff96
ffffff96
ffffff96
ffffff96
ffffff96
ffffff96
ffffff96
0000005e
00000194
000001ba
000000aa
0000010a
000001f2
000002bc
000002c8
000003c6
00000258
fffffff4
fffffe44
fffffec2
ffffff3e
fffffe3e
ffffff90
000001f4
0000019a
00000032
fffffdc6
fffffdae
fffffe7a
fffffe0c
ffffff1e
ffffff5a
fffffff0
ffffffea
ffffff96
ffffff96
ffffff96
ffffff96
ffffff96
ffffff96
ffffff96
ffffff96
ffffff7e
ffffff92
ffffff64
ffffff7a
ffffff68
ffffffaa
ffffff96
ffffff96
00000082
0000009e
ffffff9d
00000031
00000088
0000009f
0000009f
0000009f
0000009f
0000009f
0000009f
0000009f
0000009f
0000009f
0000009f
0000009f
0000009f
0000009f
0000009f
0000009f
0000009f
0000018d
00000367
000001af
00000141
0000017b
00000079
00000299
0000015f
000000f9
ffffff77
ffffff13
00000045
ffffff37
0000008f
00000147
00000259
0000052f
00000393
00000143
00000007
fffffd69
fffffd17
fffffd91
ffffff41
000000ad
0000013f
00000101
0000009f
0000009f
0000009f
0000009f
0000009f
0000009f
0000009f
0000009f
000000df
000000f9
0000006f
00000065
000000a7
000000bf
0000009f
0000009f
000002be
0000022b
0000024e
00000010
fffffea2
fffffe0e
fffffe0e
fffffe0e
fffffe0e
fffffe0e
fffffe0e
fffffe0e
fffffe0e
fffffe0e
fffffe0e
fffffe0e
fffffe0e
fffffe0e
fffffe0e
fffffe0e
fffffe0e
fffffce6
fffffd40
fffffc8e
fffffd72
000002ac
0000032a
000003ac
000002f6
0000016a
ffffffd2
fffffd48
fffffe6e
fffffec6
00000120
00000146
ffffffe6
fffffbc4
fffff66c
fffff1f0
fffff74e
ffffff40
00000024
ffffffa0
fffffe96
fffffe8e
fffffea0
fffffe34
fffffe0e
fffffe0e
fffffe0e
fffffe0e
fffffe0e
fffffe0e
fffffe0e
fffffe0e
fffffe16
fffffdb0
fffffde8
fffffe10
fffffe7e
fffffdea
fffffe0e
fffffe0e
fffffd46
fffffc3f
000001f5
000000be
ffffffe5
ffffff85
ffffff85
ffffff85
ffffff85
ffffff85
ffffff85
ffffff85
ffffff85
ffffff85
ffffff85
ffffff85
ffffff85
ffffff85
ffffff85
ffffff85
ffffff85
ffffff4d
fffffde3
fffffd4f
fffffdaf
fffffe4d
fffffdf5
00000113
000002b5
ffffffd7
ffffff53
ffffffc1
ffffff45
fffffd69
fffffe5b
ffffff73
ffffffdd
000000d1
fffffd95
fffff8a1
fffffc0b
fffffe25
fffffe4d
fffffe8b
ffffff95
00000095
fffffff3
ffffff4b
ffffff85
ffffff85
ffffff85
ffffff85
ffffff85
ffffff85
ffffff85
ffffff85
ffffffa1
ffffffb3
ffffff11
ffffff97
ffffffe1
ffffff8f
ffffff85
ffffff85
00000075
ffffff2e
ffffff19
ffffffbe
fffffe8f
fffffe50
fffffe50
fffffe50
fffffe50
fffffe50
fffffe50
fffffe50
fffffe50
fffffe50
fffffe50
fffffe50
fffffe50
fffffe50
fffffe50
fffffe50
fffffe50
fffffe0c
fffffeae
fffffe84
fffffe2c
ffffffae
0000029e
00000312
00000420
00000554
00000526
00000510
000005d2
0000067c
00000392
00000088
ffffff2c
ffffffe4
00000196
00000378
00000284
00000418
000004c4
000002f8
00000114
ffffff50
fffffeb4
fffffe86
fffffe50
fffffe50
fffffe50
fffffe50
fffffe50
fffffe50
fffffe50
fffffe50
fffffece
fffffeec
fffffe9c
fffffe5e
fffffe50
fffffe10
fffffe50
fffffe50
fffffeb0
ffffff06
ffffff82
ffffff68
ffffffa0
0000010b
0000010b
0000010b
0000010b
0000010b
0000010b
0000010b
0000010b
0000010b
0000010b
0000010b
0000010b
0000010b
0000010b
0000010b
0000010b
000000c5
000000f5
000000fb
00000193
000000df
000001b1
000000a9
00000069
ffffffe7
ffffffd1
fffffe97
fffffd41
fffffe07
ffffff83
ffffff7f
0000002b
0000031f
000003ad
00000273
00000107
00000023
fffffd4d
fffffd75
ffffffa5
ffffffc3
0000006f
00000077
0000010b
0000010b
0000010b
0000010b
0000010b
0000010b
0000010b
0000010b
00000123
000000ff
0000010d
000000e3
0000010d
000000d1
0000010b
0000010b
000001ae
000001c1
0000026e
00000211
000000db
fffffeb2
fffffeb2
fffffeb2
fffffeb2
fffffeb2
fffffeb2
fffffeb2
fffffeb2
fffffeb2
fffffeb2
fffffeb2
fffffeb2
fffffeb2
fffffeb2
fffffeb2
fffffeb2
fffffdbc
fffff97e
fffff692
fffff940
fffffe72
00000216
000006fe
000005e2
0000035a
00000112
0000002c
000000d8
000000b4
00000164
0000026a
000001f8
00000128
fffffdb2
fffffc82
fffffbe6
fffffc4a
fffffebe
000000bc
000000ea
000001ce
00000124
0000005a
fffffeb2
fffffeb2
fffffeb2
fffffeb2
fffffeb2
fffffeb2
fffffeb2
fffffeb2
fffffe30
fffffe9a
fffffed8
fffffec0
fffffece
ffffff50
fffffeb2
fffffeb2
fffffd38
fffffc15
fffffe8b
fffffe47
ffffff5c
00000146
00000146
00000146
00000146
00000146
00000146
00000146
00000146
00000146
00000146
00000146
00000146
00000146
00000146
00000146
00000146
000000b2
0000009c
00000304
00000428
00000484
00000306
000000f6
000001a0
00000204
0000009c
0000026a
000000a8
fffffffe
ffffff06
fffffefe
ffffff92
000001ae
00000336
00000378
000002f4
00000178
ffffff34
fffffe9a
ffffff26
ffffff20
ffffffdc
0000003e
00000146
00000146
00000146
00000146
00000146
00000146
00000146
00000146
0000015e
00000134
0000012c
000000fa
00000116
0000010a
00000146
00000146
00000148
00000253
000003c0
0000019e
ffffff93
fffffe97
fffffe97
fffffe97
fffffe97
fffffe97
fffffe97
fffffe97
fffffe97
fffffe97
fffffe97
fffffe97
fffffe97
fffffe97
fffffe97
fffffe97
fffffe97
fffffee9
fffffbeb
fffffaed
fffffb19
fffffca9
fffffc6b
fffffbd1
fffffd63
0000019b
0000062d
00000a1d
00000913
0000051b
0000015d
000000cf
00000019
fffff9bf
fffff8dd
fffffb33
00000017
0000046b
0000063f
000002ff
00000261
000001ff
00000037
ffffff99
fffffe97
fffffe97
fffffe97
fffffe97
fffffe97
fffffe97
fffffe97
fffffe97
fffffde3
fffffe51
fffffe3f
fffffeeb
fffffec1
ffffff27
fffffe97
fffffe97
fffffa87
fffff9cf
fffffe80
fffffe47
ffffff07
ffffff78
ffffff78
ffffff78
ffffff78
ffffff78
ffffff78
ffffff78
ffffff78
ffffff78
ffffff78
ffffff78
ffffff78
ffffff78
ffffff78
ffffff78
ffffff78
fffffffa
0000001a
ffffff64
0000019e
00000344
000002c0
00000376
0000036a
000002bc
00000056
ffffff90
fffffff6
0000030a
00000512
00000358
00000106
fffffe1a
fffffdbe
fffffffc
0000035a
00000460
00000482
000002ec
000000ca
ffffffae
ffffff7c
fffffeda
ffffff78
ffffff78
ffffff78
ffffff78
ffffff78
ffffff78
ffffff78
ffffff78
ffffff82
ffffff7e
ffffffb8
ffffff9e
ffffff56
ffffff32
ffffff78
ffffff78
ffffff37
ffffff26
00000200
000001f0
00000120
00000078
00000078
00000078
00000078
00000078
00000078
00000078
00000078
00000078
00000078
00000078
00000078
00000078
00000078
00000078
00000078
000000ca
00000202
00000230
fffffdaa
fffffb6e
fffffba4
fffffcfa
fffffcfe
fffffe02
00000168
000003a0
0000049a
00000364
0000033e
00000208
000001c2
0000012e
000001ae
00000178
00000184
00000140
00000320
0000032e
0000023e
00000154
000000ae
000000b6
00000078
00000078
00000078
00000078
00000078
00000078
00000078
00000078
000000a6
00000034
00000040
00000036
00000044
00000092
00000078
00000078
000000ea
0000006f
fffffcaa
fffffbc9
fffffbbc
fffffc92
fffffc92
fffffc92
fffffc92
fffffc92
fffffc92
fffffc92
fffffc92
fffffc92
fffffc92
fffffc92
fffffc92
fffffc92
fffffc92
fffffc92
fffffc92
fffffdc2
fffffe9e
ffffffa8
fffffff0
00000010
00000032
fffffe06
fffffd5e
fffffb94
fffff90c
fffff67a
fffff3ca
fffff202
fffff6de
fffff8da
fffffa26
fffff9c2
fffff818
fffffa86
fffffa9a
fffff7ba
fffff662
fffff700
fffffa20
fffffb50
fffffbfa
fffffc9a
fffffc92
fffffc92
fffffc92
fffffc92
fffffc92
fffffc92
fffffc92
fffffc92
fffffc92
fffffc4a
fffffc7e
fffffc42
fffffc6e
fffffcaa
fffffc92
fffffc92
fffffd96
fffffe2e
fffffef9
ffffffc1
0000008f
000000cf
000000cf
000000cf
000000cf
000000cf
000000cf
000000cf
000000cf
000000cf
000000cf
000000cf
000000cf
000000cf
000000cf
000000cf
000000cf
000000f1
00000191
00000223
0000032b
0000041b
000003bf
000004ef
000003ab
0000012b
00000087
ffffffdd
ffffffbb
ffffffc5
ffffff97
0000002d
00000027
000003bf
000004a9
000001d3
fffffe29
fffffbe3
fffffbaf
fffffc61
fffffc23
fffffd0d
fffffe39
ffffff17
000000cf
000000cf
000000cf
000000cf
000000cf
000000cf
000000cf
000000cf
00000129
000000bb
00000049
00000015
00000003
0000002f
000000cf
000000cf
00000236
00000200
fffffeca
fffffe04
fffffdc4
fffffe04
fffffe04
fffffe04
fffffe04
fffffe04
fffffe04
fffffe04
fffffe04
fffffe04
fffffe04
fffffe04
fffffe04
fffffe04
fffffe04
fffffe04
fffffe04
fffffe72
fffffea4
fffffe2a
0000014c
00000310
000002ee
000000f8
fffffea8
fffffb98
fffffbec
fffffcc4
ffffff22
ffffffb8
00000028
ffffff66
fffffe5e
fffffd6a
fffffc3a
fffffc36
fffffd68
fffffe2a
fffffcc6
fffffc56
fffffcbc
fffffe4a
fffffec8
fffffec6
fffffe04
fffffe04
fffffe04
fffffe04
fffffe04
fffffe04
fffffe04
fffffe04
fffffe10
fffffdf6
fffffdee
fffffdf0
fffffe4a
fffffe2e
fffffe04
fffffe04
fffffe00
fffffe10
00000040
000000bf
00000031
ffffffb3
ffffffb3
ffffffb3
ffffffb3
ffffffb3
ffffffb3
ffffffb3
ffffffb3
ffffffb3
ffffffb3
ffffffb3
ffffffb3
ffffffb3
ffffffb3
ffffffb3
ffffffb3
ffffff4f
000001c7
000002d9
0000046b
0000038f
000001fb
fffffa4d
fffff7bb
fffff889
fffff777
fffff9cf
fffffca1
00000009
0000007d
000000f1
000000c9
00000053
ffffff8f
fffffd79
fffffc79
00000167
00000381
00000307
00000181
0000004f
ffffffe5
000000a7
ffffffb3
ffffffb3
ffffffb3
ffffffb3
ffffffb3
ffffffb3
ffffffb3
ffffffb3
ffffff87
ffffff87
ffffffa5
ffffff8f
ffffffa7
ffffffbd
ffffffb3
ffffffb3
ffffffc9
00000027
ffffffde
00000160
000000e9
00000159
00000159
00000159
00000159
00000159
00000159
00000159
00000159
00000159
00000159
00000159
00000159
00000159
00000159
00000159
00000159
00000103
0000030b
000002c9
0000031d
00000341
0000024f
00000139
ffffffb9
fffffbdb
fffff7af
fffff69d
fffff755
fffff97b
fffffb7d
fffffee5
00000087
00000331
00000079
fffff7bb
fffff5d5
fffff877
fffffaa3
fffffc13
fffffe27
000000cb
000001a5
00000123
00000159
00000159
00000159
00000159
00000159
00000159
00000159
00000159
00000161
0000014f
00000085
000000eb
00000161
0000013b
00000159
00000159
0000043d
00000451
fffffb47
fffffb7f
fffffccb
fffffe62
fffffe62
fffffe62
fffffe62
fffffe62
fffffe62
fffffe62
fffffe62
fffffe62
fffffe62
fffffe62
fffffe62
fffffe62
fffffe62
fffffe62
fffffe62
000001b2
00000720
000007bc
00000772
00000668
000004e0
00000324
00000134
0000014e
ffffff40
fffffe22
fffffaf4
fffffaa2
fffffc36
fffffe22
ffffff5e
0000093e
0000070c
00000144
fffffe18
fffffce4
fffffcd6
fffffbfa
fffffc36
fffffdf2
ffffffbc
ffffff3e
fffffe62
fffffe62
fffffe62
fffffe62
fffffe62
fffffe62
fffffe62
fffffe62
ffffff60
fffffe8a
fffffe60
fffffe2e
fffffea8
fffffe7c
fffffe62
fffffe62
000004e6
00000455
ffffff81
fffffef5
ffffff93
ffffffd9
ffffffd9
ffffffd9
ffffffd9
ffffffd9
ffffffd9
ffffffd9
ffffffd9
ffffffd9
ffffffd9
ffffffd9
ffffffd9
ffffffd9
ffffffd9
ffffffd9
ffffffd9
000000a7
fffffee5
fffffea1
fffffd3f
fffffd67
fffffda3
000000b5
00000525
000008ab
000009b7
00000a5b
000006ff
000002d9
000000af
fffffed5
ffffff4d
00000083
0000016b
000002ad
0000024f
000001d1
000001d5
00000083
00000183
00000107
00000079
00000061
ffffffd9
ffffffd9
ffffffd9
ffffffd9
ffffffd9
ffffffd9
ffffffd9
ffffffd9
ffffffc7
ffffffdf
ffffffcd
ffffffdb
ffffffc3
00000009
ffffffd9
ffffffd9
00000062
00000078
000002a3
00000328
000001d0
fffffff8
fffffff8
fffffff8
fffffff8
fffffff8
fffffff8
fffffff8
fffffff8
fffffff8
fffffff8
fffffff8
fffffff8
fffffff8
fffffff8
fffffff8
fffffff8
0000008c
00000272
0000026e
000000e8
ffffff6c
fffffe74
fffffdce
fffffcf8
fffffadc
fffffa8a
fffffc8c
ffffffe2
ffffffb6
ffffff9a
ffffff32
0000005a
fffffe9a
fffffb04
fffff614
fffff75e
fffffcf8
00000188
00000062
00000116
000001a4
00000106
000000aa
fffffff8
fffffff8
fffffff8
fffffff8
fffffff8
fffffff8
fffffff8
fffffff8
ffffffb2
fffffffc
0000000c
ffffffe2
00000068
00000068
fffffff8
fffffff8
000000df
00000055
000004df
00000482
000002cd
0000004d
0000004d
0000004d
0000004d
0000004d
0000004d
0000004d
0000004d
0000004d
0000004d
0000004d
0000004d
0000004d
0000004d
0000004d
0000004d
fffffe8d
fffff859
fffff65f
fffff779
fffffabf
fffffe3d
000003ab
00000551
000005b9
000004ed
00000451
00000587
0000048d
00000521
00000485
00000483
fffffef3
fffffb73
fffffbf7
fffffc9f
ffffff1f
00000345
0000037d
0000052d
000004d1
000003bf
000002bd
0000004d
0000004d
0000004d
0000004d
0000004d
0000004d
0000004d
0000004d
ffffffeb
ffffffd5
00000047
0000006b
000000ab
0000014b
0000004d
0000004d
fffffcc5
fffffb7f
00000372
0000039a
00000205
000000bd
000000bd
000000bd
000000bd
000000bd
000000bd
000000bd
000000bd
000000bd
000000bd
000000bd
000000bd
000000bd
000000bd
000000bd
000000bd
00000155
000001c3
ffffff55
fffffa95
fffffa8b
fffffe03
000000fb
000001e9
ffffff4b
ffffff15
00000053
000000f7
fffffef5
fffffe43
ffffff15
000001ad
0000084f
000005a5
fffffd25
fffffaa1
fffffe57
000000e1
fffffe75
ffffff13
00000053
0000016b
00000135
000000bd
000000bd
000000bd
000000bd
000000bd
000000bd
000000bd
000000bd
00000173
000000dd
0000005f
0000004d
000000b1
000000a9
000000bd
000000bd
000003d2
0000023a
fffffeda
ffffffb4
0000004f
000000fa
000000fa
000000fa
000000fa
000000fa
000000fa
000000fa
000000fa
000000fa
000000fa
000000fa
000000fa
000000fa
000000fa
000000fa
000000fa
00000194
0000047e
000006d8
0000073c
00000880
000008d0
0000078a
0000062a
00000486
00000202
0000008c
ffffff7e
fffffe66
fffffdba
fffffe1c
0000009a
00000394
00000236
ffffff96
fffffcf8
fffffc58
fffffd30
ffffff8e
000000b4
00000154
0000018c
00000166
000000fa
000000fa
000000fa
000000fa
000000fa
000000fa
000000fa
000000fa
00000152
000000de
000000ba
000000d6
00000114
000000ea
000000fa
000000fa
00000296
0000032d
00000366
0000034f
00000101
ffffffa2
ffffffa2
ffffffa2
ffffffa2
ffffffa2
ffffffa2
ffffffa2
ffffffa2
ffffffa2
ffffffa2
ffffffa2
ffffffa2
ffffffa2
ffffffa2
ffffffa2
ffffffa2
fffffd62
fffff738
fffff1e4
fffff2de
fffff4da
fffff9c4
000000b0
000002b4
0000040a
000001e2
000001fc
0000024e
0000029e
000002e6
00000264
0000012e
0000004a
ffffffd4
ffffffd8
fffffffe
00000330
0000052c
00000410
000002fa
00000176
00000058
ffffffe6
ffffffa2
ffffffa2
ffffffa2
ffffffa2
ffffffa2
ffffffa2
ffffffa2
ffffffa2
ffffffdc
ffffffd0
ffffffc0
00000006
ffffffae
ffffffd8
ffffffa2
ffffffa2
fffffc27
fffffafe
fffffc56
fffffbd7
fffffed2
000000ec
000000ec
000000ec
000000ec
000000ec
000000ec
000000ec
000000ec
000000ec
000000ec
000000ec
000000ec
000000ec
000000ec
000000ec
000000ec
00000090
000000ba
0000037e
000007d2
00000802
000005ba
00000150
0000005e
00000046
fffffd6a
fffffc26
fffffcca
000000ae
000001d2
000000e2
ffffff1a
fffffdd6
fffffef6
000002c4
000004c6
00000290
ffffff8c
000000a0
fffffffe
ffffff8e
fffffe60
ffffff1c
000000ec
000000ec
000000ec
000000ec
000000ec
000000ec
000000ec
000000ec
000000d8
000000c0
000000fe
00000120
00000096
0000006e
000000ec
000000ec
000000a2
00000238
ffffff5a
ffffff5d
ffffff26
ffffffb3
ffffffb3
ffffffb3
ffffffb3
ffffffb3
ffffffb3
ffffffb3
ffffffb3
ffffffb3
ffffffb3
ffffffb3
ffffffb3
ffffffb3
ffffffb3
ffffffb3
ffffffb3
fffffeef
ffffff4d
fffffebf
fffffe2b
fffffd6b
fffffc99
fffffb2b
fffffe1b
ffffff3d
ffffff47
fffffe15
fffffafb
fffff6fd
fffff861
fffffb23
fffffd2f
fffffd0b
fffffe1f
fffffe2f
fffffcd1
fffffb7f
fffff979
fffffaab
fffffcd9
fffffda7
fffffecf
ffffff0b
ffffffb3
ffffffb3
ffffffb3
ffffffb3
ffffffb3
ffffffb3
ffffffb3
ffffffb3
00000003
ffffffb7
ffffff9f
ffffff7f
ffffff3d
ffffff15
ffffffb3
ffffffb3
ffffffe6
00000087
fffffd46
fffffe83
ffffff13
ffffff38
ffffff38
ffffff38
ffffff38
ffffff38
ffffff38
ffffff38
ffffff38
ffffff38
ffffff38
ffffff38
ffffff38
ffffff38
ffffff38
ffffff38
ffffff38
0000008a
0000026e
00000536
00000532
000002f6
00000074
fffffd48
fffffca2
ffffff1a
fffffffa
000000dc
ffffff78
ffffff18
fffffe06
fffffce0
fffffd9e
fffffe8a
ffffff08
ffffff66
fffffdae
fffffeac
fffffeba
fffffe16
fffffe64
fffffdf2
fffffe6e
ffffff36
ffffff38
ffffff38
ffffff38
ffffff38
ffffff38
ffffff38
ffffff38
ffffff38
fffffef2
ffffff22
ffffff48
ffffff30
ffffff68
ffffff84
ffffff38
ffffff38
00000009
000001f9
000000e0
00000122
0000011d
ffffff2c
ffffff2c
ffffff2c
ffffff2c
ffffff2c
ffffff2c
ffffff2c
ffffff2c
ffffff2c
ffffff2c
ffffff2c
ffffff2c
ffffff2c
ffffff2c
ffffff2c
ffffff2c
ffffff50
fffffd82
fffffdf6
fffffede
fffffd52
fffffb02
fffffc14
fffffd7a
000001c4
0000067c
000008d2
000008fc
000005b0
000001ea
000000b2
00000076
fffffd02
fffffd5e
fffffef0
fffffe7a
ffffffe4
000002cc
000002d6
000001b6
000001a4
00000120
0000006e
ffffff2c
ffffff2c
ffffff2c
ffffff2c
ffffff2c
ffffff2c
ffffff2c
ffffff2c
fffffeb4
ffffff2c
ffffff0e
ffffff4c
ffffff78
ffffffdc
ffffff2c
ffffff2c
fffffc86
fffffd42
00000102
ffffffb7
ffffff8c
00000064
00000064
00000064
00000064
00000064
00000064
00000064
00000064
00000064
00000064
00000064
00000064
00000064
00000064
00000064
00000064
ffffffe0
fffffef6
fffffe4e
fffffe6a
000001b6
000003a6
00000074
ffffff44
0000014c
000003bc
000004e2
00000394
000004d2
000003f0
00000330
0000023a
00000166
0000008c
000003fa
0000071a
00000632
00000312
000001e6
0000018c
0000017c
00000136
00000120
00000064
00000064
00000064
00000064
00000064
00000064
00000064
00000064
00000060
00000064
00000074
00000090
0000003e
0000005e
00000064
00000064
fffffefe
fffffe64
0000016e
0000020e
00000126
ffffffe3
ffffffe3
ffffffe3
ffffffe3
ffffffe3
ffffffe3
ffffffe3
ffffffe3
ffffffe3
ffffffe3
ffffffe3
ffffffe3
ffffffe3
ffffffe3
ffffffe3
ffffffe3
00000081
00000123
00000159
00000087
0000009f
0000003b
000000b1
000000cf
0000024d
00000463
00000579
00000713
00000793
00000737
000003a9
000001c5
ffffffad
ffffffaf
00000027
000001c3
00000653
0000050f
00000323
00000205
00000193
00000103
00000051
ffffffe3
ffffffe3
ffffffe3
ffffffe3
ffffffe3
ffffffe3
ffffffe3
ffffffe3
ffffffa9
fffffff5
ffffffcf
0000001b
ffffffd5
ffffffa1
ffffffe3
ffffffe3
ffffffaa
ffffff36
00000180
00000197
000001e5
00000113
00000113
00000113
00000113
00000113
00000113
00000113
00000113
00000113
00000113
00000113
00000113
00000113
00000113
00000113
00000113
00000181
00000035
fffffdc5
fffffea3
ffffffa5
00000079
00000055
00000035
00000131
00000053
ffffffa1
fffffe3f
fffffc7d
fffffcfb
fffffdcd
ffffff49
fffffe7b
fffffdbf
fffffda3
fffffd4d
fffffc9b
fffffe07
fffffd75
fffffd43
fffffe95
ffffffc3
00000107
00000113
00000113
00000113
00000113
00000113
00000113
00000113
00000113
00000135
000000df
000000d3
000000fd
000000e9
0000010f
00000113
00000113
0000002e
ffffff67
fffffe43
fffffdb1
fffffe51
ffffff90
ffffff90
ffffff90
ffffff90
ffffff90
ffffff90
ffffff90
ffffff90
ffffff90
ffffff90
ffffff90
ffffff90
ffffff90
ffffff90
ffffff90
ffffff90
ffffff70
ffffffb8
00000550
0000070a
00000778
00000524
00000004
fffffaee
fffffbc4
fffffcd4
fffffebc
fffffe52
fffffe8e
ffffff2a
ffffff3a
fffffd52
fffff9fe
fffffb0e
ffffffb6
00000200
0000017c
fffffe36
fffffe6a
fffffe9a
fffffee2
fffffe5e
fffffe80
ffffff90
ffffff90
ffffff90
ffffff90
ffffff90
ffffff90
ffffff90
ffffff90
ffffff0c
ffffff86
ffffffae
ffffffe4
ffffffb0
ffffff5e
ffffff90
ffffff90
fffffd85
ffffff8b
ffffff9d
fffffeba
fffffe97
fffffea8
fffffea8
fffffea8
fffffea8
fffffea8
fffffea8
fffffea8
fffffea8
fffffea8
fffffea8
fffffea8
fffffea8
fffffea8
fffffea8
fffffea8
fffffea8
ffffffc4
ffffffde
ffffff20
fffffeb6
fffffefa
fffffeec
fffffeb4
0000000e
000003f6
000009b8
00000ae8
00000778
0000011e
fffffd5e
fffffbfe
fffffd02
fffffe48
0000047a
00000708
0000056c
000000ec
ffffff0e
fffffe6c
fffffde8
fffffdd0
fffffda0
fffffe00
fffffea8
fffffea8
fffffea8
fffffea8
fffffea8
fffffea8
fffffea8
fffffea8
fffffe96
fffffed8
fffffed2
fffffecc
fffffea2
fffffe9a
fffffea8
fffffea8
fffffd33
fffffe56
ffffffd7
000000a2
00000092
ffffffa8
ffffffa8
ffffffa8
ffffffa8
ffffffa8
ffffffa8
ffffffa8
ffffffa8
ffffffa8
ffffffa8
ffffffa8
ffffffa8
ffffffa8
ffffffa8
ffffffa8
ffffffa8
fffffff6
0000013e
00000090
0000000c
0000010a
000001fa
0000039e
ffffff86
fffffcb2
fffff798
fffff620
fffff8ae
fffffb4e
fffffe24
fffffe4c
fffffed0
00000312
ffffff6e
fffffdfe
fffffcdc
fffffb9a
fffffcde
fffffae2
fffffba6
fffffc9c
fffffdd8
fffffed2
ffffffa8
ffffffa8
ffffffa8
ffffffa8
ffffffa8
ffffffa8
ffffffa8
ffffffa8
0000003c
ffffffb2
ffffff90
ffffff32
ffffff10
fffffef2
ffffffa8
ffffffa8
00000213
00000093
fffffa6a
fffffb93
fffffd1d
ffffff07
ffffff07
ffffff07
ffffff07
ffffff07
ffffff07
ffffff07
ffffff07
ffffff07
ffffff07
ffffff07
ffffff07
ffffff07
ffffff07
ffffff07
ffffff07
fffffdf1
fffffe1b
000000b5
0000041b
0000052d
0000051f
0000046f
000003ab
ffffffa5
fffffd0b
fffffd07
ffffff37
00000235
000001f9
000001b3
0000000d
000003c1
00000733
0000071d
0000055b
00000239
ffffff47
000000ff
000000d7
00000059
ffffff85
fffffeb3
ffffff07
ffffff07
ffffff07
ffffff07
ffffff07
ffffff07
ffffff07
ffffff07
ffffff7b
ffffffaf
ffffffa7
ffffff2b
ffffff31
fffffed3
ffffff07
ffffff07
00000111
0000037e
fffff9ad
fffff9c7
fffffdbe
ffffff8c
ffffff8c
ffffff8c
ffffff8c
ffffff8c
ffffff8c
ffffff8c
ffffff8c
ffffff8c
ffffff8c
ffffff8c
ffffff8c
ffffff8c
ffffff8c
ffffff8c
ffffff8c
000000d4
00000474
00000656
0000070e
000003f0
00000096
00000098
00000180
00000100
00000010
fffffbdc
fffff8a0
fffff808
fffff83a
fffff7ce
fffff91c
ffffffc2
00000774
00000796
000006ea
fffffe20
fffff926
fffffa2c
fffff9be
fffffa80
fffffbcc
fffffd46
ffffff8c
ffffff8c
ffffff8c
ffffff8c
ffffff8c
ffffff8c
ffffff8c
ffffff8c
ffffff3c
ffffffd0
ffffff7c
ffffffba
ffffff14
ffffff3e
ffffff8c
ffffff8c
000001bd
000004d2
0000046c
0000037d
000002a7
00000191
00000191
00000191
00000191
00000191
00000191
00000191
00000191
00000191
00000191
00000191
00000191
00000191
00000191
00000191
00000191
fffffed1
fffffacd
fffff737
fffffa87
fffffdcb
ffffffa7
0000010b
fffffff9
00000007
ffffff19
ffffff8f
000004ab
0000074d
0000085b
00000781
00000513
ffffff4f
fffffb57
fffffdad
000000cf
00000371
000005eb
0000052d
0000045b
000003db
00000311
0000019f
00000191
00000191
00000191
00000191
00000191
00000191
00000191
00000191
0000023d
0000013b
00000163
00000187
00000149
0000012d
00000191
00000191
fffffdfb
fffffc96
ffffffda
00000626
00000484
0000014b
0000014b
0000014b
0000014b
0000014b
0000014b
0000014b
0000014b
0000014b
0000014b
0000014b
0000014b
0000014b
0000014b
0000014b
0000014b
000003bd
00000711
000004eb
ffffff91
fffffa13
fffff7db
fffffbdf
fffffe6f
ffffffe3
fffffde1
fffffce5
ffffffcf
00000055
ffffff63
ffffff4b
00000121
000004f3
000003ad
fffffe3b
fffff769
fffffb1d
fffffff5
fffffde1
fffffe85
ffffffc5
00000147
000002a1
0000014b
0000014b
0000014b
0000014b
0000014b
0000014b
0000014b
0000014b
0000018f
00000121
00000121
000000e5
00000141
000001c1
0000014b
0000014b
00000482
0000049f
00000034
000000e8
ffffff61
fffffd20
fffffd20
fffffd20
fffffd20
fffffd20
fffffd20
fffffd20
fffffd20
fffffd20
fffffd20
fffffd20
fffffd20
fffffd20
fffffd20
fffffd20
fffffd20
fffffd5e
fffffd7c
fffffd84
fffffd9c
0000003c
000001e0
00000414
00000334
000001f4
00000044
00000182
0000035e
00000346
00000144
00000068
00000034
0000011e
fffffeb8
fffffcb2
fffff9d6
fffffcde
00000144
00000046
ffffffe4
ffffffc4
fffffef8
fffffe44
fffffd20
fffffd20
fffffd20
fffffd20
fffffd20
fffffd20
fffffd20
fffffd20
fffffd00
fffffd14
fffffcf6
fffffcea
fffffd40
fffffd84
fffffd20
fffffd20
fffffdd3
fffffd77
fffffa75
fffff993
fffff94b
fffff9a7
fffff9a7
fffff9a7
fffff9a7
fffff9a7
fffff9a7
fffff9a7
fffff9a7
fffff9a7
fffff9a7
fffff9a7
fffff9a7
fffff9a7
fffff9a7
fffff9a7
fffff9a7
fffffa6b
fffffd05
fffffc73
fffffed5
0000016b
00000415
00000421
00000207
0000016d
00000067
fffffce7
fffff935
fffff9a3
fffffab5
fffffb33
fffffbdf
00000049
fffffd6b
fffffc5d
fffff991
fffff98b
fffffac5
fffffb8b
fffffce9
fffffd4d
fffffcbb
fffffb37
fffff9a7
fffff9a7
fffff9a7
fffff9a7
fffff9a7
fffff9a7
fffff9a7
fffff9a7
fffff98f
fffff9a9
fffffa05
fffff9c3
fffffa2d
fffff9e7
fffff9a7
fffff9a7
fffffc4b
fffffd20
ffffffec
00000130
000002ca
000001ee
000001ee
000001ee
000001ee
000001ee
000001ee
000001ee
000001ee
000001ee
000001ee
000001ee
000001ee
000001ee
000001ee
000001ee
000001ee
000002a8
00000350
000002a0
0000010c
fffffec4
fffffc8a
fffffa1e
fffff91a
fffffab4
fffffba0
fffffd92
00000060
000003b0
000004c4
00000436
00000528
000001cc
ffffff30
fffffe74
fffffe8a
ffffff74
00000306
00000386
000003e6
00000414
00000498
000002da
000001ee
000001ee
000001ee
000001ee
000001ee
000001ee
000001ee
000001ee
000001b2
000001e8
000001fe
000001ca
00000218
00000224
000001ee
000001ee
000002e7
000002e7
00000061
fffffe8b
fffffe68
ffffff13
ffffff13
ffffff13
ffffff13
ffffff13
ffffff13
ffffff13
ffffff13
ffffff13
ffffff13
ffffff13
ffffff13
ffffff13
ffffff13
ffffff13
ffffff13
fffffe19
fffffd07
fffffc55
fffffe89
0000024d
00000485
000006a5
00000705
00000377
0000009b
fffffe63
fffffbed
fffffb25
fffffcad
fffffea1
fffffec7
fffffef3
fffffd95
fffffd03
fffffd73
fffffdb3
fffffc3b
fffffd69
ffffff49
fffffef3
fffffe67
fffffe7d
ffffff13
ffffff13
ffffff13
ffffff13
ffffff13
ffffff13
ffffff13
ffffff13
fffffeeb
fffffec3
fffffeed
ffffff29
ffffff4b
fffffeeb
ffffff13
ffffff13
fffffeeb
fffffe1a
ffffffb1
000000d3
000000c5
ffffff3a
ffffff3a
ffffff3a
ffffff3a
ffffff3a
ffffff3a
ffffff3a
ffffff3a
ffffff3a
ffffff3a
ffffff3a
ffffff3a
ffffff3a
ffffff3a
ffffff3a
ffffff3a
fffffee2
000000fa
ffffffbc
ffffff38
ffffffb0
fffffea2
fffffef2
00000068
000002b8
0000031a
00000216
00000360
0000046a
00000228
000000aa
000000d2
00000366
000005c6
000004a4
0000023a
0000027e
000004e0
000004d0
0000022a
0000006c
00000014
00000088
ffffff3a
ffffff3a
ffffff3a
ffffff3a
ffffff3a
ffffff3a
ffffff3a
ffffff3a
ffffffa2
ffffff78
ffffff26
ffffff6a
ffffff58
ffffffee
ffffff3a
ffffff3a
ffffff49
0000008e
fffffff0
ffffff12
0000006e
000002b4
000002b4
000002b4
000002b4
000002b4
000002b4
000002b4
000002b4
000002b4
000002b4
000002b4
000002b4
000002b4
000002b4
000002b4
000002b4
0000029c
00000292
00000120
000000d8
00000114
ffffffd6
fffffb2e
fffffd6a
ffffff0c
000002d0
0000075a
000007cc
00000786
00000682
000004ae
00000140
00000114
00000618
000008ac
00000b0a
00000b0c
00000744
00000574
00000292
00000148
0000008a
0000014a
000002b4
000002b4
000002b4
000002b4
000002b4
000002b4
000002b4
000002b4
000002d0
000002b8
000002c4
000002ec
000002bc
0000024e
000002b4
000002b4
00000220
00000299
000001ab
00000039
fffffd23
fffffa7c
fffffa7c
fffffa7c
fffffa7c
fffffa7c
fffffa7c
fffffa7c
fffffa7c
fffffa7c
fffffa7c
fffffa7c
fffffa7c
fffffa7c
fffffa7c
fffffa7c
fffffa7c
fffffad2
fffffc62
fffff95a
fffff47c
fffff358
fffff61a
fffff844
fffff8d6
fffffbae
fffffd4a
fffffcda
fffffa40
fffff6f4
fffff5d0
fffff622
fffff8a8
fffffb54
fffffa7a
fffff766
fffff70e
fffffaf0
fffffd0a
fffffae4
fffffa5c
fffffa20
fffffa0a
fffffa70
fffffa7c
fffffa7c
fffffa7c
fffffa7c
fffffa7c
fffffa7c
fffffa7c
fffffa7c
fffffa6e
fffffaa2
fffffabc
fffffac4
fffffa5a
fffffaca
fffffa7c
fffffa7c
fffffb58
fffff9f1
fffffe34
00000078
000001d4
00000056
00000056
00000056
00000056
00000056
00000056
00000056
00000056
00000056
00000056
00000056
00000056
00000056
00000056
00000056
00000056
00000208
00000660
000002a8
0000017a
00000044
00000040
0000031c
00000246
ffffff76
fffffabc
fffff918
fffffa98
fffff994
fffff9c4
fffffbda
fffffefc
00000a98
00000b42
00000400
fffffcdc
fffff90a
fffffa4a
fffffc0e
fffffc24
fffffd62
ffffff48
00000008
00000056
00000056
00000056
00000056
00000056
00000056
00000056
00000056
00000126
000000a0
00000012
ffffffe4
ffffffe8
00000018
00000056
00000056
000005e0
00000577
00000079
00000091
0000008a
000000c0
000000c0
000000c0
000000c0
000000c0
000000c0
000000c0
000000c0
000000c0
000000c0
000000c0
000000c0
000000c0
000000c0
000000c0
000000c0
00000158
0000033e
00000392
0000022a
000001ec
000000b6
fffffe36
fffffd4a
fffffbea
fffffae8
fffffb36
fffffb2e
fffffcf2
fffffd76
fffffea8
fffffee8
00000262
00000176
fffffeb4
fffffdda
fffffff0
00000000
fffffef2
ffffff28
0000007a
000000ec
000000b4
000000c0
000000c0
000000c0
000000c0
000000c0
000000c0
000000c0
000000c0
000000a2
000000b2
000000ec
000000e4
00000100
000000ae
000000c0
000000c0
0000025b
000001dc
000000e0
0000015a
000001e4
00000113
00000113
00000113
00000113
00000113
00000113
00000113
00000113
00000113
00000113
00000113
00000113
00000113
00000113
00000113
00000113
00000165
ffffffd9
fffffb93
fffffb47
fffff915
fffff60f
fffff931
fffffbb7
fffffd2b
fffffddd
000000f7
000001db
00000217
000000a9
0000010d
0000017b
0000015b
ffffff7b
fffffe9f
ffffff1f
fffffff3
000000b5
0000004f
0000002b
0000017f
00000197
000001c1
00000113
00000113
00000113
00000113
00000113
00000113
00000113
00000113
000000e1
00000147
00000111
00000189
000000f3
0000016f
00000113
00000113
00000201
0000011e
ffffff7c
ffffff2c
ffffff0b
0000001c
0000001c
0000001c
0000001c
0000001c
0000001c
0000001c
0000001c
0000001c
0000001c
0000001c
0000001c
0000001c
0000001c
0000001c
0000001c
ffffffc8
00000072
ffffffcc
fffffee4
fffffe00
fffffd2c
fffffc76
fffffeb4
0000004e
00000130
00000202
000001be
0000005e
fffffdd2
fffffea0
ffffff7e
00000254
0000033c
0000030c
0000025a
000002d8
000002b4
000003bc
0000033c
000002b0
00000102
00000018
0000001c
0000001c
0000001c
0000001c
0000001c
0000001c
0000001c
0000001c
00000030
0000003c
fffffff8
0000004a
00000042
00000028
0000001c
0000001c
0000005c
00000077
00000276
0000030d
000001ac
ffffff14
ffffff14
ffffff14
ffffff14
ffffff14
ffffff14
ffffff14
ffffff14
ffffff14
ffffff14
ffffff14
ffffff14
ffffff14
ffffff14
ffffff14
ffffff14
ffffff54
fffffe42
fffffc1a
fffffa6a
fffff9b8
fffffba2
fffffd5a
fffffed4
ffffff80
fffffe6e
fffffd9c
000000ba
00000362
000003d4
00000292
000002e6
fffffef0
fffffcf2
fffffc96
fffffcb8
fffffdc8
00000208
00000174
00000228
000001f8
00000252
0000017c
ffffff14
ffffff14
ffffff14
ffffff14
ffffff14
ffffff14
ffffff14
ffffff14
fffffe74
fffffe88
fffffeae
fffffeba
ffffff00
ffffffb8
ffffff14
ffffff14
fffffe32
fffffd51
00000122
000003a5
00000289
0000016a
0000016a
0000016a
0000016a
0000016a
0000016a
0000016a
0000016a
0000016a
0000016a
0000016a
0000016a
0000016a
0000016a
0000016a
0000016a
0000019c
00000346
00000412
0000042c
00000328
00000478
000003a2
0000036c
00000152
ffffffc0
ffffff3c
fffffeec
ffffff36
fffffef2
00000138
0000040e
000003ae
ffffff4c
fffff9e0
fffff522
fffff7e2
fffffec4
0000018e
00000208
000001ea
00000342
000002a6
0000016a
0000016a
0000016a
0000016a
0000016a
0000016a
0000016a
0000016a
00000180
00000156
000000fa
000000d2
00000166
000001e8
0000016a
0000016a
000001ea
00000194
000002bf
000001e3
ffffff51
fffffda3
fffffda3
fffffda3
fffffda3
fffffda3
fffffda3
fffffda3
fffffda3
fffffda3
fffffda3
fffffda3
fffffda3
fffffda3
fffffda3
fffffda3
fffffda3
fffffa7d
fffff875
fffff7f5
fffff7a3
fffff9a3
fffffbaf
fffffad5
fffff95d
fffffa85
fffffb55
fffffa73
fffffbd9
fffffe03
fffffeeb
fffffe91
fffffec5
fffff959
fffff62d
fffff60b
fffff7bd
fffffbf3
ffffffb1
ffffff1d
ffffffc9
ffffffd7
ffffffe1
ffffff7d
fffffda3
fffffda3
fffffda3
fffffda3
fffffda3
fffffda3
fffffda3
fffffda3
fffffd33
fffffd05
fffffd75
fffffd95
fffffdc7
fffffe37
fffffda3
fffffda3
fffff9b3
fffff9e1
0000006d
000000ef
00000009
fffffe92
fffffe92
fffffe92
fffffe92
fffffe92
fffffe92
fffffe92
fffffe92
fffffe92
fffffe92
fffffe92
fffffe92
fffffe92
fffffe92
fffffe92
fffffe92
ffffff32
fffffdaa
fffffe12
fffffde4
ffffffe8
ffffffea
00000050
fffffee8
fffffdd2
fffffcb0
fffffe36
00000310
000005e8
00000454
000001e8
00000138
fffffe7a
fffffc20
fffffd44
fffffdb4
fffffffc
00000172
000000b4
0000013e
000001a0
0000017a
00000068
fffffe92
fffffe92
fffffe92
fffffe92
fffffe92
fffffe92
fffffe92
fffffe92
fffffdd4
fffffe42
fffffe50
fffffe54
fffffeb2
ffffff60
fffffe92
fffffe92
fffffd07
fffffd25
000000bb
ffffff70
ffffff1d
ffffff59
ffffff59
ffffff59
ffffff59
ffffff59
ffffff59
ffffff59
ffffff59
ffffff59
ffffff59
ffffff59
ffffff59
ffffff59
ffffff59
ffffff59
ffffff59
ffffff41
ffffff85
ffffff9b
00000157
00000329
00000317
00000225
0000012d
00000063
000000fd
00000141
0000002b
0000017d
0000021f
0000027f
00000123
fffffe0b
fffffa81
fffff8ff
fffffe87
000002e3
00000253
00000181
000000ad
00000077
0000000d
ffffff23
ffffff59
ffffff59
ffffff59
ffffff59
ffffff59
ffffff59
ffffff59
ffffff59
ffffff2f
ffffff3d
ffffff4f
ffffff95
ffffff7d
ffffff19
ffffff59
ffffff59
ffffff5d
fffffe3f
000001cc
00000221
0000007a
fffffedf
fffffedf
fffffedf
fffffedf
fffffedf
fffffedf
fffffedf
fffffedf
fffffedf
fffffedf
fffffedf
fffffedf
fffffedf
fffffedf
fffffedf
fffffedf
fffffea9
00000009
fffffeab
fffffdcd
fffffbe1
fffffeb3
000004b5
000005cf
000003df
0000024f
ffffff39
fffffd0b
fffffbd5
fffffd2b
fffffdd7
ffffff2f
fffffdbb
fffffbb9
fffff817
fffff813
fffff92d
fffffcb5
fffffd73
fffffdff
fffffdfd
fffffeef
ffffff05
fffffedf
fffffedf
fffffedf
fffffedf
fffffedf
fffffedf
fffffedf
fffffedf
ffffff21
fffffec7
fffffe81
fffffecf
ffffff2f
ffffff2b
fffffedf
fffffedf
fffffee0
fffffe76
fffffecc
00000258
00000310
000001ea
000001ea
000001ea
000001ea
000001ea
000001ea
000001ea
000001ea
000001ea
000001ea
000001ea
000001ea
000001ea
000001ea
000001ea
000001ea
00000248
000004a0
000005d4
00000510
fffffdf8
fffff822
fffff8e6
fffffa90
fffffdb6
ffffff9e
00000132
0000015e
00000174
00000056
0000014e
00000166
00000096
0000013a
0000067c
000001ee
00000062
00000318
00000482
000002ea
000000f6
00000106
0000027a
000001ea
000001ea
000001ea
000001ea
000001ea
000001ea
000001ea
000001ea
00000230
000001c0
00000286
000001b8
000001bc
00000206
000001ea
000001ea
00000283
000001dd
fffffe07
fffffe1c
fffffe5c
fffffe0c
fffffe0c
fffffe0c
fffffe0c
fffffe0c
fffffe0c
fffffe0c
fffffe0c
fffffe0c
fffffe0c
fffffe0c
fffffe0c
fffffe0c
fffffe0c
fffffe0c
fffffe0c
fffffed8
0000018c
00000554
00000426
000001fc
0000008c
ffffff82
0000004a
00000080
00000074
000000e8
fffffe04
fffffaf8
fffffb14
fffffac2
fffffc48
fffffe10
fffffd0e
fffffadc
fffffa6e
fffffbfa
fffffd6e
fffffd76
fffffdee
fffffd20
fffffd44
fffffd8c
fffffe0c
fffffe0c
fffffe0c
fffffe0c
fffffe0c
fffffe0c
fffffe0c
fffffe0c
fffffe2a
fffffe1a
fffffe56
fffffe20
fffffe62
fffffe08
fffffe0c
fffffe0c
00000031
000000e9
00000014
fffffe04
fffffd15
fffffd5c
fffffd5c
fffffd5c
fffffd5c
fffffd5c
fffffd5c
fffffd5c
fffffd5c
fffffd5c
fffffd5c
fffffd5c
fffffd5c
fffffd5c
fffffd5c
fffffd5c
fffffd5c
fffffd04
fffffd18
fffffc50
fffffef4
fffffffc
0000006c
00000126
0000009e
fffffffa
ffffffe2
00000132
0000011c
ffffffd4
fffffef6
fffffe8a
fffffd16
fffffd14
fffffbea
fffffb9c
fffffeec
000000a4
fffffef2
ffffff58
fffffdd0
fffffd0a
fffffd18
fffffc9a
fffffd5c
fffffd5c
fffffd5c
fffffd5c
fffffd5c
fffffd5c
fffffd5c
fffffd5c
fffffd30
fffffd2c
fffffd42
fffffd7a
fffffd80
fffffcc0
fffffd5c
fffffd5c
fffffd72
fffffcd2
fffffdfc
fffffe73
ffffff96
0000001a
0000001a
0000001a
0000001a
0000001a
0000001a
0000001a
0000001a
0000001a
0000001a
0000001a
0000001a
0000001a
0000001a
0000001a
0000001a
000000cc
00000092
00000068
ffffffe0
00000006
0000004c
0000009a
000001d0
0000013e
fffffea0
fffffd2e
fffffd14
ffffff94
fffffeea
fffffecc
ffffff16
0000027a
000006cc
000006d0
00000240
ffffff28
fffffe74
ffffff7e
fffffe32
fffffecc
ffffff76
ffffffd2
0000001a
0000001a
0000001a
0000001a
0000001a
0000001a
0000001a
0000001a
fffffffa
00000072
00000000
00000010
0000002c
00000054
0000001a
0000001a
00000098
000001c6
00000015
000002d7
000001f0
00000100
00000100
00000100
00000100
00000100
00000100
00000100
00000100
00000100
00000100
00000100
00000100
00000100
00000100
00000100
00000100
00000240
0000033c
00000326
00000196
fffffd3c
fffffc02
fffffe48
ffffff5a
0000002e
ffffffaa
000000f2
00000354
0000037e
00000296
000000d8
00000118
0000023c
00000284
0000021e
000000f6
0000019e
00000224
0000011e
000000fc
00000108
000000fa
000000ea
00000100
00000100
00000100
00000100
00000100
00000100
00000100
00000100
00000122
000000e8
000000b8
000000d4
000000c8
000000ce
00000100
00000100
00000230
00000271
fffffca7
fffffdaa
fffffef6
ffffff39
ffffff39
ffffff39
ffffff39
ffffff39
ffffff39
ffffff39
ffffff39
ffffff39
ffffff39
ffffff39
ffffff39
ffffff39
ffffff39
ffffff39
ffffff39
000000e3
000002eb
0000061f
00000831
000005e5
0000061f
000006e3
00000521
00000475
00000029
fffffbcf
fffffa87
fffffacf
fffffcd7
fffffd15
fffffe05
ffffffeb
fffffebf
fffffe03
fffffc07
fffff8c3
fffff83d
fffff93f
fffffa97
fffffb51
fffffd63
fffffedb
ffffff39
ffffff39
ffffff39
ffffff39
ffffff39
ffffff39
ffffff39
ffffff39
ffffff05
fffffea9
fffffebf
fffffea5
fffffecb
fffffeeb
ffffff39
ffffff39
00000173
00000243
fffff96f
fffffac0
fffffe19
0000002b
0000002b
0000002b
0000002b
0000002b
0000002b
0000002b
0000002b
0000002b
0000002b
0000002b
0000002b
0000002b
0000002b
0000002b
0000002b
00000321
0000096f
00000a01
0000077d
000004b3
00000149
ffffff99
ffffff41
fffffe0f
fffffb45
fffff71d
fffff6c7
fffff7dd
fffff7f5
fffff8ab
fffffa37
00000291
0000094d
000005db
00000257
fffffc49
fffff959
fffffaaf
fffff975
fffffab7
fffffc81
fffffe05
0000002b
0000002b
0000002b
0000002b
0000002b
0000002b
0000002b
0000002b
0000003f
0000006b
0000004d
ffffffeb
ffffffd7
ffffff8f
0000002b
0000002b
00000586
000007e8
fffffb95
fffffdc9
ffffff62
ffffffe7
ffffffe7
ffffffe7
ffffffe7
ffffffe7
ffffffe7
ffffffe7
ffffffe7
ffffffe7
ffffffe7
ffffffe7
ffffffe7
ffffffe7
ffffffe7
ffffffe7
ffffffe7
0000023b
000005d5
0000071f
00000541
00000299
000001cb
0000012d
000000c1
fffffee9
fffffc1b
fffff8cd
fffff921
fffffc0d
fffffcd7
fffffd31
fffffd6f
000002d9
0000070d
0000042d
0000008f
fffffe53
fffffd8f
fffffdfb
fffffbdd
fffffd35
fffffe39
ffffff09
ffffffe7
ffffffe7
ffffffe7
ffffffe7
ffffffe7
ffffffe7
ffffffe7
ffffffe7
ffffffcb
0000002f
00000041
00000025
ffffffd7
ffffffbd
ffffffe7
ffffffe7
000003b6
00000579
fffffa05
fffffbef
fffffea9
ffffffe1
ffffffe1
ffffffe1
ffffffe1
ffffffe1
ffffffe1
ffffffe1
ffffffe1
ffffffe1
ffffffe1
ffffffe1
ffffffe1
ffffffe1
ffffffe1
ffffffe1
ffffffe1
00000083
000004a3
000006cb
000005c5
0000032b
00000305
000002b9
00000327
000000d9
fffffae1
fffff5f7
fffff3a5
fffff751
fffffc45
fffffe09
fffffe2d
00000293
00000615
000003f1
ffffff21
fffffc05
fffffbdf
fffffd4f
fffffd67
fffffbdb
fffffcef
fffffe05
ffffffe1
ffffffe1
ffffffe1
ffffffe1
ffffffe1
ffffffe1
ffffffe1
ffffffe1
fffffff9
0000003d
0000002b
0000000d
ffffffb5
ffffff2f
ffffffe1
ffffffe1
0000045e
00000652
000001be
fffffdd8
fffffb96
ffffff09
ffffff09
ffffff09
ffffff09
ffffff09
ffffff09
ffffff09
ffffff09
ffffff09
ffffff09
ffffff09
ffffff09
ffffff09
ffffff09
ffffff09
ffffff09
fffffea3
fffffd85
fffffd1b
0000013d
00000485
00000503
000002a1
00000153
ffffff57
0000002f
00000391
0000017f
00000035
00000137
000002db
0000011d
00000113
fffffdcf
fffffa2b
0000019f
00000687
000000b5
0000015f
000001b5
00000221
00000147
fffffe43
ffffff09
ffffff09
ffffff09
ffffff09
ffffff09
ffffff09
ffffff09
ffffff09
ffffff31
ffffff05
fffffef9
ffffff43
ffffffa9
fffffe6b
ffffff09
ffffff09
fffffeb1
fffffddc
fffffe2c
fffffec1
fffffe7a
fffffebd
fffffebd
fffffebd
fffffebd
fffffebd
fffffebd
fffffebd
fffffebd
fffffebd
fffffebd
fffffebd
fffffebd
fffffebd
fffffebd
fffffebd
fffffebd
ffffffa1
0000035f
000004b1
00000515
00000347
00000145
ffffff17
fffffe91
fffffd4d
fffffcd7
fffffe01
fffffea3
ffffff35
ffffffbb
00000089
00000027
0000007d
fffffecd
fffffd0d
fffffd43
ffffff11
00000003
ffffff9f
ffffff9b
ffffffd7
fffffff9
ffffff83
fffffebd
fffffebd
fffffebd
fffffebd
fffffebd
fffffebd
fffffebd
fffffebd
fffffec1
fffffe99
fffffead
fffffeb9
fffffef3
ffffff09
fffffebd
fffffebd
000001df
000001bb
00000037
0000004d
00000030
00000072
00000072
00000072
00000072
00000072
00000072
00000072
00000072
00000072
00000072
00000072
00000072
00000072
00000072
00000072
00000072
ffffffea
00000268
00000402
00000164
fffffd60
fffffa56
fffffa00
fffff980
fffffb00
fffffe72
000000c6
00000010
ffffff7e
ffffff70
fffffff4
ffffffd2
fffffff0
fffffe8a
fffffec0
00000124
00000202
0000015c
00000240
000001a8
0000011c
00000082
00000042
00000072
00000072
00000072
00000072
00000072
00000072
00000072
00000072
00000072
00000064
0000008c
000000ca
00000080
00000070
00000072
00000072
00000166
0000009a
fffffd5f
fffffe26
fffffef5
ffffff55
ffffff55
ffffff55
ffffff55
ffffff55
ffffff55
ffffff55
ffffff55
ffffff55
ffffff55
ffffff55
ffffff55
ffffff55
ffffff55
ffffff55
ffffff55
00000087
00000461
0000064d
00000503
000001fb
0000015b
fffffe43
fffffd2b
fffffb13
fffff8fb
fffff933
fffff935
fffffbab
fffffe8d
000000df
00000131
00000113
fffffdc1
fffffd39
fffffb61
fffffb35
fffffda5
ffffff71
0000014b
00000239
00000265
00000129
ffffff55
ffffff55
ffffff55
ffffff55
ffffff55
ffffff55
ffffff55
ffffff55
ffffff01
ffffff57
ffffff4f
ffffff35
ffffffad
ffffffc1
ffffff55
ffffff55
000002ed
000002a8
00000208
000002a8
0000016e
ffffff98
ffffff98
ffffff98
ffffff98
ffffff98
ffffff98
ffffff98
ffffff98
ffffff98
ffffff98
ffffff98
ffffff98
ffffff98
ffffff98
ffffff98
ffffff98
ffffff84
fffffcfa
fffffb92
fffffa9e
fffffba6
fffffe5e
000003b4
00000452
000003e2
00000420
000002be
00000350
000001e8
000000f8
ffffffd4
00000004
00000016
0000017e
000000e4
ffffff70
fffffe06
ffffff0a
fffffdbe
fffffdb2
fffffe38
ffffff02
ffffff48
ffffff98
ffffff98
ffffff98
ffffff98
ffffff98
ffffff98
ffffff98
ffffff98
ffffffce
fffffffe
ffffff6c
ffffff34
ffffff46
ffffff90
ffffff98
ffffff98
fffffdf7
fffffdd2
0000056f
00000334
fffffffa
ffffff2f
ffffff2f
ffffff2f
ffffff2f
ffffff2f
ffffff2f
ffffff2f
ffffff2f
ffffff2f
ffffff2f
ffffff2f
ffffff2f
ffffff2f
ffffff2f
ffffff2f
ffffff2f
fffffdff
fffffb3b
fffff9af
fffffaf3
fffffc81
fffffe6f
fffffd39
fffffbeb
fffffb4b
fffffcff
000000e3
0000040b
000003d7
00000455
00000565
000003e9
fffffeef
fffff509
fffff551
fffffc6f
00000413
0000067d
00000397
000003e3
000003af
000002c5
0000012f
ffffff2f
ffffff2f
ffffff2f
ffffff2f
ffffff2f
ffffff2f
ffffff2f
ffffff2f
ffffff61
fffffef9
fffffeb5
ffffff13
ffffff97
ffffffd7
ffffff2f
ffffff2f
fffffdb0
fffffa41
00000320
0000032e
000002c5
00000278
00000278
00000278
00000278
00000278
00000278
00000278
00000278
00000278
00000278
00000278
00000278
00000278
00000278
00000278
00000278
00000116
ffffff4c
fffffd32
fffffcb8
fffffdea
00000094
000002b8
000002be
000004dc
00000558
00000690
000005dc
000004f2
00000436
000004d8
0000052e
00000412
000002d6
000000c0
fffffec8
000000e0
0000037e
00000440
000003ce
000003d0
0000041c
00000336
00000278
00000278
00000278
00000278
00000278
00000278
00000278
00000278
00000244
0000025e
00000268
00000258
00000248
000002a0
00000278
00000278
000000c0
0000003f
0000074b
000006c6
00000566
000003c5
000003c5
000003c5
000003c5
000003c5
000003c5
000003c5
000003c5
000003c5
000003c5
000003c5
000003c5
000003c5
000003c5
000003c5
000003c5
0000036b
ffffff05
fffffb9b
fffff6e5
fffff66f
fffff9d1
fffffd47
00000077
000002f9
00000353
0000023b
0000043b
00000531
0000063b
000006f9
0000067d
0000034f
0000013d
ffffffe1
000001a5
0000063d
00000967
000008c9
000007c5
00000667
0000059b
000004a9
000003c5
000003c5
000003c5
000003c5
000003c5
000003c5
000003c5
000003c5
00000337
000003ed
000003af
000003eb
000003df
00000415
000003c5
000003c5
000000c9
fffffe7d
fffffce9
fffffd3b
fffffde4
ffffff6c
ffffff6c
ffffff6c
ffffff6c
ffffff6c
ffffff6c
ffffff6c
ffffff6c
ffffff6c
ffffff6c
ffffff6c
ffffff6c
ffffff6c
ffffff6c
ffffff6c
ffffff6c
00000080
0000021a
0000030a
0000041a
00000454
000004a6
00000618
0000085c
000005a4
000002dc
0000016c
ffffff10
fffffe9a
fffffe62
ffffff7c
ffffff7c
000007e8
00000982
0000037e
00000038
fffffde8
fffffc34
fffffe3c
fffffe60
ffffffbc
ffffffa2
ffffff9a
ffffff6c
ffffff6c
ffffff6c
ffffff6c
ffffff6c
ffffff6c
ffffff6c
ffffff6c
fffffff4
ffffffd8
ffffff06
ffffff3c
ffffff6c
ffffff58
ffffff6c
ffffff6c
00000370
000004c0
000000ac
000000ea
000000a5
00000012
00000012
00000012
00000012
00000012
00000012
00000012
00000012
00000012
00000012
00000012
00000012
00000012
00000012
00000012
00000012
00000024
000001f4
000000fa
fffffef6
fffffe6e
000000e8
ffffffd8
fffffdec
fffffc54
fffffb2c
fffff91a
fffffc1c
fffffed4
00000070
000000ce
ffffff7c
ffffffa0
fffffeec
ffffff64
ffffff44
fffffea8
ffffff2c
fffffec8
fffffdb4
fffffe32
ffffff08
00000000
00000012
00000012
00000012
00000012
00000012
00000012
00000012
00000012
00000062
00000028
0000000a
0000001e
ffffffd8
ffffffd2
00000012
00000012
000000dc
ffffffdb
fffffabf
fffffa75
fffffba8
fffffda1
fffffda1
fffffda1
fffffda1
fffffda1
fffffda1
fffffda1
fffffda1
fffffda1
fffffda1
fffffda1
fffffda1
fffffda1
fffffda1
fffffda1
fffffda1
fffffe81
00000147
0000054d
000007cb
000004e5
000001ad
fffffcdb
fffffc21
fffffb9d
fffffbe1
fffffcb5
fffffbd7
fffffb63
fffffac9
fffffa57
fffff9ed
fffffbb1
00000093
000002cb
00000269
fffffd49
fffff9c1
fffffa2d
fffff9df
fffffae5
fffffb61
fffffbf3
fffffda1
fffffda1
fffffda1
fffffda1
fffffda1
fffffda1
fffffda1
fffffda1
fffffd8b
fffffdd7
fffffdff
fffffdbd
fffffda7
fffffd05
fffffda1
fffffda1
fffffea8
0000022f
fffffdae
fffffc4d
fffffeb5
00000005
00000005
00000005
00000005
00000005
00000005
00000005
00000005
00000005
00000005
00000005
00000005
00000005
00000005
00000005
00000005
00000155
0000035b
00000477
00000227
fffffe45
fffffbb5
fffff6b3
fffff80b
fffffb07
fffffbdd
fffffc45
fffff855
fffffa03
fffffa89
fffffa2d
fffffa71
fffffad5
fffffc35
000001fd
0000064d
000003a9
ffffff19
ffffff07
ffffffd9
ffffff8f
ffffff71
ffffff89
00000005
00000005
00000005
00000005
00000005
00000005
00000005
00000005
fffffff1
ffffffaf
0000006d
0000005b
00000063
ffffffc7
00000005
00000005
000000ec
0000012b
000000c3
00000117
00000090
fffffe95
fffffe95
fffffe95
fffffe95
fffffe95
fffffe95
fffffe95
fffffe95
fffffe95
fffffe95
fffffe95
fffffe95
fffffe95
fffffe95
fffffe95
fffffe95
ffffff03
fffffe61
fffffcc9
fffffdbd
ffffffcd
0000021b
00000337
0000041d
00000353
0000018f
000001e1
00000275
0000033b
00000145
00000157
0000015f
0000035b
000001f7
fffffe67
fffffb83
fffffda5
00000191
00000193
0000015d
00000171
000000b9
fffffff3
fffffe95
fffffe95
fffffe95
fffffe95
fffffe95
fffffe95
fffffe95
fffffe95
fffffea7
fffffe89
fffffe61
fffffe49
fffffe97
ffffff25
fffffe95
fffffe95
fffffef8
fffffe6f
0000024e
00000276
00000201
0000010e
0000010e
0000010e
0000010e
0000010e
0000010e
0000010e
0000010e
0000010e
0000010e
0000010e
0000010e
0000010e
0000010e
0000010e
0000010e
000000d2
00000118
fffffff2
fffffed0
fffffe6c
fffffef2
fffffed2
ffffff8a
fffffe00
fffffdec
ffffff10
000000e6
000000f2
000000a4
0000009e
00000122
00000154
000000ca
00000044
0000002a
0000009a
0000019e
000000a4
0000014e
00000164
00000172
0000014c
0000010e
0000010e
0000010e
0000010e
0000010e
0000010e
0000010e
0000010e
0000012a
00000104
0000010a
00000116
00000100
00000112
0000010e
0000010e
000000f2
0000007e
fffffde9
fffffff2
00000015
fffffeb5
fffffeb5
fffffeb5
fffffeb5
fffffeb5
fffffeb5
fffffeb5
fffffeb5
fffffeb5
fffffeb5
fffffeb5
fffffeb5
fffffeb5
fffffeb5
fffffeb5
fffffeb5
ffffff97
0000018b
0000054b
00000773
000002ed
fffffd25
fffff8df
fffff6db
fffff44d
fffff48d
fffff675
fffffb2f
fffffe0f
fffffc1f
fffffbf9
fffffbd3
fffffd85
fffffd97
fffffc99
fffffba1
fffffda1
00000081
fffffe8d
fffffc17
fffffbbb
fffffcc7
fffffe95
fffffeb5
fffffeb5
fffffeb5
fffffeb5
fffffeb5
fffffeb5
fffffeb5
fffffeb5
fffffe9b
fffffe6b
fffffe83
fffffe3d
fffffe39
fffffe7b
fffffeb5
fffffeb5
0000003d
0000013a
00000610
000004d2
000003a9
000002cb
000002cb
000002cb
000002cb
000002cb
000002cb
000002cb
000002cb
000002cb
000002cb
000002cb
000002cb
000002cb
000002cb
000002cb
000002cb
000001d5
00000091
ffffff01
fffffd37
fffffd47
fffffd25
00000093
ffffff21
fffffb93
fffffdef
00000273
00000483
000002dd
00000289
000002df
00000299
000005b7
00000135
fffff9a5
00000019
00000295
00000377
000001a9
0000022b
000003d1
0000031f
0000024d
000002cb
000002cb
000002cb
000002cb
000002cb
000002cb
000002cb
000002cb
000002d1
000002af
000001df
000002f9
000002ed
0000028b
000002cb
000002cb
000003ad
00000018
ffffff50
ffffff74
ffffff1a
fffffef5
fffffef5
fffffef5
fffffef5
fffffef5
fffffef5
fffffef5
fffffef5
fffffef5
fffffef5
fffffef5
fffffef5
fffffef5
fffffef5
fffffef5
fffffef5
fffffe6d
ffffffe3
ffffff13
fffffd47
fffffce3
fffffe7b
000001c3
000004e7
00000801
00000713
000003c9
00000021
fffffe31
fffffe57
fffffe03
ffffff05
ffffffdf
00000161
00000189
ffffffcb
fffffd4d
fffffdb1
fffffe75
fffffeb9
fffffebd
fffffed1
fffffefd
fffffef5
fffffef5
fffffef5
fffffef5
fffffef5
fffffef5
fffffef5
fffffef5
fffffee3
fffffee3
fffffedd
fffffef5
fffffebf
ffffff29
fffffef5
fffffef5
ffffff19
ffffff37
000000e7
ffffff9a
fffffe69
fffffe0a
fffffe0a
fffffe0a
fffffe0a
fffffe0a
fffffe0a
fffffe0a
fffffe0a
fffffe0a
fffffe0a
fffffe0a
fffffe0a
fffffe0a
fffffe0a
fffffe0a
fffffe0a
fffffd4a
fffffb9e
fffffa0c
fffffa14
fffff93c
fffff786
fffff75e
fffff730
fffff722
fffff8b8
fffffe4e
0000011c
000000b4
fffffea0
fffffed8
fffffd36
fffff934
fffffba8
fffffd9a
00000026
00000218
0000022a
00000142
ffffff38
fffffdde
fffffcfc
fffffd12
fffffe0a
fffffe0a
fffffe0a
fffffe0a
fffffe0a
fffffe0a
fffffe0a
fffffe0a
fffffdf8
fffffdde
fffffe24
fffffe18
fffffe0a
fffffdc4
fffffe0a
fffffe0a
fffffd2f
fffffd10
00000065
0000005c
0000004d
00000097
00000097
00000097
00000097
00000097
00000097
00000097
00000097
00000097
00000097
00000097
00000097
00000097
00000097
00000097
00000097
fffffecf
fffffd1b
fffffdff
0000005d
00000349
0000055b
00000337
fffffff7
fffffcdd
fffffa87
fffff9df
fffffb33
fffffed1
0000002d
000001c3
000001fb
0000011d
00000007
fffffe5b
fffffda5
fffffded
fffffe9f
ffffff3b
ffffffe3
000000a5
00000145
00000169
00000097
00000097
00000097
00000097
00000097
00000097
00000097
00000097
00000091
000000af
00000047
0000005b
0000006b
000000cd
00000097
00000097
ffffffae
ffffffd7
00000265
00000261
00000282
000002e8
000002e8
000002e8
000002e8
000002e8
000002e8
000002e8
000002e8
000002e8
000002e8
000002e8
000002e8
000002e8
000002e8
000002e8
000002e8
0000033a
00000286
ffffff7c
fffffcb6
fffffa3e
fffffa5c
fffff964
fffff6ce
fffff93c
fffffbd6
fffffc5a
fffffd12
fffffe50
ffffffee
000000b2
0000012e
000002ca
fffffee0
fffffc42
fffffd4e
fffffe82
fffffefc
fffffeca
fffffffe
000001a6
0000028e
00000314
000002e8
000002e8
000002e8
000002e8
000002e8
000002e8
000002e8
000002e8
000002f6
000002be
000002c2
0000029a
000002fc
00000300
000002e8
000002e8
000002b2
00000136
fffff8bd
fffff8d9
fffffa44
fffffc5a
fffffc5a
fffffc5a
fffffc5a
fffffc5a
fffffc5a
fffffc5a
fffffc5a
fffffc5a
fffffc5a
fffffc5a
fffffc5a
fffffc5a
fffffc5a
fffffc5a
fffffc5a
fffffc50
fffffc96
00000010
00000660
000005d8
0000039c
fffffe92
fffffdc4
0000006c
fffffea6
fffffcf8
fffffa7e
fffffbe0
fffffd76
fffffcaa
fffffb64
fffff84a
fffffcc0
000005ba
00000456
ffffff92
fffffbf2
fffffcd6
fffffd82
fffffc80
fffffb70
fffffbd4
fffffc5a
fffffc5a
fffffc5a
fffffc5a
fffffc5a
fffffc5a
fffffc5a
fffffc5a
fffffbd2
fffffc56
fffffcf0
fffffc92
fffffc22
fffffc06
fffffc5a
fffffc5a
fffffac5
fffffe32
000005e1
0000055f
0000042c
00000376
00000376
00000376
00000376
00000376
00000376
00000376
00000376
00000376
00000376
00000376
00000376
00000376
00000376
00000376
00000376
000000ea
fffffaa8
fffff756
fffff90e
fffffc16
fffffcfa
00000188
00000140
00000062
00000148
00000480
00000660
0000085e
00000814
00000772
0000067c
0000030a
000000be
fffffed4
000000ae
00000352
0000049e
000006a6
0000070c
000006f6
00000556
000003f0
00000376
00000376
00000376
00000376
00000376
00000376
00000376
00000376
0000032e
0000031e
00000382
000003a6
000003c6
00000340
00000376
00000376
00000046
fffffe4e
fffffd91
fffffde6
fffffeb5
fffffed4
fffffed4
fffffed4
fffffed4
fffffed4
fffffed4
fffffed4
fffffed4
fffffed4
fffffed4
fffffed4
fffffed4
fffffed4
fffffed4
fffffed4
fffffed4
ffffff82
ffffff8e
00000060
00000236
00000338
00000458
0000044a
0000023a
00000050
fffffe4c
fffffe60
ffffff8e
000000b6
000002c0
00000100
ffffffc4
fffffe94
ffffff26
0000018e
00000360
00000396
00000298
000000a4
0000000a
ffffff9a
ffffff4a
fffffeca
fffffed4
fffffed4
fffffed4
fffffed4
fffffed4
fffffed4
fffffed4
fffffed4
ffffff14
ffffff32
ffffff2e
ffffff00
ffffff0e
fffffeea
fffffed4
fffffed4
fffffef6
0000000b
fffffe92
000000e9
ffffffe5
ffffff55
ffffff55
ffffff55
ffffff55
ffffff55
ffffff55
ffffff55
ffffff55
ffffff55
ffffff55
ffffff55
ffffff55
ffffff55
ffffff55
ffffff55
ffffff55
00000015
ffffff7d
fffffe75
fffffd53
fffffe37
0000011f
0000012d
000002ed
000003c1
0000021b
ffffff49
fffffead
00000023
fffffe83
fffffcf9
fffffea3
ffffff47
000002ad
0000001b
fffff9cb
fffffc6d
fffffecd
fffffdd1
fffffd47
fffffd73
ffffff49
ffffff9f
ffffff55
ffffff55
ffffff55
ffffff55
ffffff55
ffffff55
ffffff55
ffffff55
ffffff21
ffffffa1
ffffff69
fffffea3
ffffff15
ffffff81
ffffff55
ffffff55
fffffee5
00000128
000002b2
000002a1
000001c5
00000233
00000233
00000233
00000233
00000233
00000233
00000233
00000233
00000233
00000233
00000233
00000233
00000233
00000233
00000233
00000233
00000297
00000065
fffffe21
fffffd27
fffffd49
fffffdcd
000000ab
000001d5
0000035d
00000471
0000063f
000006b5
000005d1
000004f7
00000421
00000371
000002dd
00000141
000000bd
00000211
000004a3
000004cd
00000459
000003fd
0000034d
000002c9
0000026f
00000233
00000233
00000233
00000233
00000233
00000233
00000233
00000233
000001eb
00000211
00000249
00000247
00000287
000002b1
00000233
00000233
000000f5
00000021
ffffffee
fffffe1f
ffffff67
00000130
00000130
00000130
00000130
00000130
00000130
00000130
00000130
00000130
00000130
00000130
00000130
00000130
00000130
00000130
00000130
0000009c
000000ca
000000b4
000003a4
0000078a
00000720
000005a6
000005c8
00000470
0000063e
00000280
fffffeb8
fffffe5e
00000056
fffffffe
fffffff0
fffffe5a
00000020
ffffffe8
0000022c
000000f8
fffffce2
fffffe54
ffffffd8
ffffffbc
0000000e
fffffff4
00000130
00000130
00000130
00000130
00000130
00000130
00000130
00000130
000000ca
00000118
000000fa
0000012a
00000116
000000e6
00000130
00000130
ffffffe3
ffffff5d
000000af
000000cc
00000014
fffffecb
fffffecb
fffffecb
fffffecb
fffffecb
fffffecb
fffffecb
fffffecb
fffffecb
fffffecb
fffffecb
fffffecb
fffffecb
fffffecb
fffffecb
fffffecb
fffffd93
fffff91d
fffff8b9
fffffbef
fffffeeb
00000195
0000068b
00000661
00000503
000001ef
000000a5
00000239
ffffffc5
fffffe3d
fffffcb3
fffffe6f
fffffe4f
fffffe7b
fffffed5
fffffd3f
fffffb97
fffffc4b
fffffcdd
fffffe07
fffffdfd
fffffe17
fffffe53
fffffecb
fffffecb
fffffecb
fffffecb
fffffecb
fffffecb
fffffecb
fffffecb
ffffff49
ffffff3d
fffffed5
fffffe6b
fffffe87
fffffe8d
fffffecb
fffffecb
fffffd37
fffffd3c
ffffffed
ffffff91
fffffec9
ffffff37
ffffff37
ffffff37
ffffff37
ffffff37
ffffff37
ffffff37
ffffff37
ffffff37
ffffff37
ffffff37
ffffff37
ffffff37
ffffff37
ffffff37
ffffff37
ffffff03
ffffff0f
fffffe89
fffffe03
fffffdc7
00000089
00000201
0000025f
000002cf
00000347
000001a5
fffffd01
fffffacd
fffffb6b
fffffcc7
fffffe65
00000087
00000079
ffffffc5
fffffda9
fffffc1b
fffffb8b
fffffc51
fffffd9b
fffffe29
fffffefd
ffffff27
ffffff37
ffffff37
ffffff37
ffffff37
ffffff37
ffffff37
ffffff37
ffffff37
ffffff7f
ffffff3d
ffffff2b
ffffff05
ffffff65
ffffff39
ffffff37
ffffff37
ffffff12
fffffec4
00000339
000001dc
000000c6
00000073
00000073
00000073
00000073
00000073
00000073
00000073
00000073
00000073
00000073
00000073
00000073
00000073
00000073
00000073
00000073
ffffff8d
fffffbe9
fffff78d
fffff755
fffffa5b
fffffe37
00000231
0000047b
000005a7
00000551
00000259
00000339
00000307
00000275
000000b1
00000033
fffffe87
fffffe75
ffffffa1
000002b5
000001e5
00000075
000000bb
00000183
000000a5
00000075
00000025
00000073
00000073
00000073
00000073
00000073
00000073
00000073
00000073
0000009f
00000081
0000008d
000000c9
0000008b
00000037
00000073
00000073
fffffe51
fffffcea
0000065a
000004ce
0000022d
000000f3
000000f3
000000f3
000000f3
000000f3
000000f3
000000f3
000000f3
000000f3
000000f3
000000f3
000000f3
000000f3
000000f3
000000f3
000000f3
ffffff45
fffffd97
fffff8a9
fffff9fb
fffffc1b
fffffedd
ffffffdf
fffffd8b
00000099
000002a5
0000070f
0000077b
00000579
00000479
00000437
000003cd
00000265
fffff6eb
fffff75b
fffffca1
ffffff71
00000277
00000265
00000445
00000423
00000313
00000229
000000f3
000000f3
000000f3
000000f3
000000f3
000000f3
000000f3
000000f3
0000015d
00000047
00000101
0000008d
000000f5
00000137
000000f3
000000f3
ffffff53
fffffab1
000000bf
00000067
0000008b
000000f6
000000f6
000000f6
000000f6
000000f6
000000f6
000000f6
000000f6
000000f6
000000f6
000000f6
000000f6
000000f6
000000f6
000000f6
000000f6
000000e4
000000c8
000001ec
00000164
00000216
000001a2
fffffe5e
fffffe66
fffffe88
ffffff92
0000036e
000004d2
00000564
00000416
00000356
0000028a
000001f8
00000344
000002e2
000001b6
000001d0
00000276
00000044
ffffff80
ffffff46
000000aa
000000e4
000000f6
000000f6
000000f6
000000f6
000000f6
000000f6
000000f6
000000f6
0000011a
000000d2
0000005e
0000007a
00000110
000000ce
000000f6
000000f6
0000009f
0000006f
fffffdb3
fffffe95
ffffffd0
00000000
00000000
00000000
00000000
00000000
00000000
00000000
00000000
00000000
00000000
00000000
00000000
00000000
00000000
00000000
00000000
00000212
00000678
000009cc
00000990
000008a2
000006f2
00000094
ffffff7a
ffffff22
fffffdde
fffffcea
fffffd9a
0000001c
ffffff94
ffffff3a
000000e2
00000198
fffffdbe
fffffd58
fffffd56
ffffff48
000001c6
00000178
00000210
00000288
000001f4
00000206
00000000
00000000
00000000
00000000
00000000
00000000
00000000
00000000
ffffffae
ffffffde
ffffffc8
00000032
0000002a
000000fe
00000000
00000000
00000269
000002fe
fffffff7
ffffffa7
ffffff75
00000069
00000069
00000069
00000069
00000069
00000069
00000069
00000069
00000069
00000069
00000069
00000069
00000069
00000069
00000069
00000069
00000041
00000029
000000cd
000001db
000002ef
000005cd
000004e5
000004bb
000003d1
00000255
fffffdf5
fffffb5d
fffffc4f
fffffe11
fffffeb5
00000015
ffffff51
fffffefd
fffffeb9
fffffe69
fffffffb
fffffe6d
fffffea9
ffffff97
ffffff77
ffffffcd
ffffffeb
00000069
00000069
00000069
00000069
00000069
00000069
00000069
00000069
00000067
000000b1
0000007d
00000031
00000043
00000063
00000069
00000069
ffffffa8
ffffffd5
0000026b
00000292
0000031f
000002b1
000002b1
000002b1
000002b1
000002b1
000002b1
000002b1
000002b1
000002b1
000002b1
000002b1
000002b1
000002b1
000002b1
000002b1
000002b1
00000215
fffffeb9
fffffc05
fffffcd3
fffffde1
fffffe7d
000002d5
00000303
0000017f
ffffff9b
000001d5
00000369
000003f9
0000048f
000003ad
00000343
00000257
000002cf
000004a5
00000527
0000047f
00000461
000003df
00000383
00000309
000002d9
00000277
000002b1
000002b1
000002b1
000002b1
000002b1
000002b1
000002b1
000002b1
000002dd
000002af
000002b5
000002a1
000002b3
000002ab
000002b1
000002b1
00000129
ffffffa8
00000126
0000015c
00000136
000000c9
000000c9
000000c9
000000c9
000000c9
000000c9
000000c9
000000c9
000000c9
000000c9
000000c9
000000c9
000000c9
000000c9
000000c9
000000c9
0000000d
fffffdf1
fffffb3d
fffffb35
fffffbc9
fffffc95
fffffeff
00000073
ffffffa5
ffffff43
ffffff9b
ffffff4d
ffffff93
00000061
00000083
00000081
00000107
0000022b
00000115
0000007d
ffffffab
ffffffc9
fffffe1b
fffffe9b
ffffff5b
00000051
ffffffff
000000c9
000000c9
000000c9
000000c9
000000c9
000000c9
000000c9
000000c9
00000121
000000f5
000000b7
000000a5
00000089
0000009b
000000c9
000000c9
00000003
ffffff72
fffffe3f
fffffdc2
ffffffc6
00000287
00000287
00000287
00000287
00000287
00000287
00000287
00000287
00000287
00000287
00000287
00000287
00000287
00000287
00000287
00000287
00000235
000002af
0000016b
000000f3
00000181
00000143
ffffffd1
ffffffad
ffffffb5
ffffff8f
00000193
000004bb
00000179
ffffff11
fffffcf1
fffffc6b
fffffdd9
fffffeab
fffffd73
fffffbc9
fffffd49
fffffddf
00000091
000000d5
0000015d
0000005d
0000007d
00000195
00000287
00000169
00000439
00000477
00000321
00000185
fffffa59
fffffc2d
ffffff0b
000000f1
000001d1
000002fb
00000287
00000287
00000287
000004a7
0000053a
00000092
fffffea6
fffffd4b
fffffca1
fffffca1
fffffca1
fffffca1
fffffca1
fffffca1
fffffca1
fffffca1
fffffca1
fffffca1
fffffca1
fffffca1
fffffca1
fffffca1
fffffca1
fffffca1
fffffcbb
fffffc73
fffffdc9
fffffd17
fffffd0f
fffffd3d
fffffd81
fffffe03
fffffe39
fffffe7d
00000031
0000012b
00000087
ffffff15
fffffc4b
fffffe6d
000002fd
00000395
000004c1
0000064f
0000067b
0000043b
000001b9
fffffeef
fffffe31
fffffd17
fffffc13
fffffc61
fffffca1
fffffce9
fffffb4b
fffffe7f
000000a5
000000e5
fffffd0b
fffffaff
fffffa2f
fffffb57
fffffc3d
fffffc77
fffffca1
fffffca1
fffffca1
fffffc09
fffffbd6
000000e0
00000119
00000050
fffffdf4
fffffdf4
fffffdf4
fffffdf4
fffffdf4
fffffdf4
fffffdf4
fffffdf4
fffffdf4
fffffdf4
fffffdf4
fffffdf4
fffffdf4
fffffdf4
fffffdf4
fffffdf4
fffffdf2
fffffda0
fffffc2a
fffffa3c
fffff7f8
fffff6b4
fffff79a
fffff910
fffff8fc
fffff816
fffff8de
fffff9b4
fffffab0
fffffcc6
ffffff6e
fffffc8a
fffffbfc
fffffd5c
fffffec4
fffffdfe
fffffd44
fffffcc8
fffffbe4
fffffdc6
fffffdd2
00000084
000001a2
00000088
fffffdf4
fffffd30
fffffb0c
fffffa1c
fffff7ee
fffff91a
00000062
000001ea
000000aa
ffffff48
ffffff6c
fffffe70
fffffdf4
fffffdf4
fffffdf4
fffffd63
fffffd9a
00000288
000001e7
00000071
fffffe64
fffffe64
fffffe64
fffffe64
fffffe64
fffffe64
fffffe64
fffffe64
fffffe64
fffffe64
fffffe64
fffffe64
fffffe64
fffffe64
fffffe64
fffffe64
fffffe32
fffffdfc
fffffd9c
fffffd68
fffffc3c
fffffbce
fffffbc8
fffffbd2
fffffaec
fffffa1c
fffff9be
fffffa26
fffffc0c
fffffebc
000000be
fffffed4
fffffd2c
fffffc60
fffffc3a
fffffb88
fffffa16
fffff9cc
fffff8aa
fffffb5a
fffffe3c
000000ec
000000d8
ffffffa4
fffffe64
ffffff12
fffffce6
fffff7bc
fffff5b6
fffff954
ffffff90
00000122
00000020
0000007e
00000000
fffffe8a
fffffe64
fffffe64
fffffe64
fffffefe
fffffde2
ffffffc1
ffffff21
fffffeef
fffffef4
fffffef4
fffffef4
fffffef4
fffffef4
fffffef4
fffffef4
fffffef4
fffffef4
fffffef4
fffffef4
fffffef4
fffffef4
fffffef4
fffffef4
fffffef4
fffffe7a
fffffdc8
fffffeb2
fffffec4
fffffdee
fffffdc4
fffffc3a
fffffad8
fffffaee
fffffaca
fffffb6c
fffffca2
fffffda4
ffffff0e
0000004a
fffffeca
fffffcbc
fffffc50
fffffbea
fffffc28
fffffc46
fffffc42
fffffd72
ffffff20
ffffffc4
ffffff3e
fffffeb6
fffffde4
fffffef4
fffffea6
fffffe06
fffffe12
fffffd18
fffffcd0
fffffdd6
fffffd4e
fffffd12
fffffdf8
fffffe32
fffffef8
fffffef4
fffffef4
fffffef4
fffffef2
fffffeea
fffffe03
fffffea9
0000011d
000002e1
000002e1
000002e1
000002e1
000002e1
000002e1
000002e1
000002e1
000002e1
000002e1
000002e1
000002e1
000002e1
000002e1
000002e1
000002e1
000002f7
00000295
00000283
0000034d
000004e9
00000637
0000068d
0000044b
0000043f
00000517
00000667
00000507
000001f3
ffffff6f
fffffbaf
fffff969
fffffa25
fffff967
fffff9b3
fffffb69
fffffccf
ffffff37
00000165
000000a5
000000e5
ffffffb3
ffffff91
000000a3
000002e1
00000415
0000072f
000007bf
000007bb
00000597
fffffefb
fffffd37
fffffed9
000000e3
00000191
0000025f
000002e1
000002e1
000002e1
0000038a
0000041d
000000ad
fffffd4b
fffffce9
fffffe9b
fffffe9b
fffffe9b
fffffe9b
fffffe9b
fffffe9b
fffffe9b
fffffe9b
fffffe9b
fffffe9b
fffffe9b
fffffe9b
fffffe9b
fffffe9b
fffffe9b
fffffe9b
fffffe5d
fffffe25
fffffe65
fffffe9b
ffffff13
ffffff7d
000000ab
ffffff87
ffffffa5
000000b5
000000a7
ffffffb5
ffffff09
0000009b
fffffde9
000000a3
000001d7
00000217
00000135
0000036f
00000509
00000397
000002bb
ffffffc1
ffffffbf
fffffed5
fffffb59
fffffc67
fffffe9b
fffffef9
fffffebb
fffffe21
fffffe67
000004cf
fffffc93
fffffbf7
fffffea3
fffffe37
fffffdd3
fffffe45
fffffe9b
fffffe9b
fffffe9b
fffffdf7
fffffe2b
000000ac
00000093
0000007c
00000025
00000025
00000025
00000025
00000025
00000025
00000025
00000025
00000025
00000025
00000025
00000025
00000025
00000025
00000025
00000025
00000087
000000e9
fffffe93
fffffd99
fffffc73
fffffc67
fffffd8b
ffffff2d
ffffff17
ffffff75
000000f3
fffffff7
fffffc49
fffffb8d
fffff8f5
fffff8ab
fffff981
fffffa15
fffffca7
ffffff73
000002bb
0000038d
00000397
000001fd
000000dd
000000eb
000000d5
00000061
00000025
fffffe3b
ffffff59
0000000d
000000c3
000001c3
00000187
00000181
ffffff6d
fffffd6f
fffffe4d
fffffef3
00000025
00000025
00000025
ffffff56
ffffff71
fffffea6
fffffe88
0000004c
000001c2
000001c2
000001c2
000001c2
000001c2
000001c2
000001c2
000001c2
000001c2
000001c2
000001c2
000001c2
000001c2
000001c2
000001c2
000001c2
000001b4
00000120
000001ae
000001e8
00000206
00000456
000004e4
000004bc
000006aa
000005be
000002ac
0000048a
00000416
000001c6
ffffff2c
00000192
000001e0
00000354
00000278
000003a0
000002d2
00000494
00000622
000002d6
000001da
ffffffe0
fffffe60
00000084
000001c2
00000192
000000e2
000002b0
00000744
0000066a
00000200
000000cc
0000018a
0000009c
0000001a
00000122
000001c2
000001c2
000001c2
000001cd
00000230
fffffe78
ffffffb0
000001cb
ffffffb6
ffffffb6
ffffffb6
ffffffb6
ffffffb6
ffffffb6
ffffffb6
ffffffb6
ffffffb6
ffffffb6
ffffffb6
ffffffb6
ffffffb6
ffffffb6
ffffffb6
ffffffb6
ffffff32
fffffea0
ffffff7a
ffffffea
fffffefc
ffffff02
fffffbae
fffff900
fffff99a
fffffa0c
fffffb32
fffffc26
fffffbea
fffffa08
fffff7bc
fffffb96
fffffd1c
fffffe1e
fffffc96
fffffd0a
fffffbee
ffffff3c
ffffffda
ffffff4e
fffffe66
fffffd32
fffffdd8
ffffff88
ffffffb6
ffffffe4
000000ce
00000162
fffffff8
fffff86c
fffff6aa
fffffb6c
fffffac6
fffffe56
ffffff12
ffffff80
ffffffb6
ffffffb6
ffffffb6
00000089
000000ef
00000613
00000514
00000426
000001a2
000001a2
000001a2
000001a2
000001a2
000001a2
000001a2
000001a2
000001a2
000001a2
000001a2
000001a2
000001a2
000001a2
000001a2
000001a2
0000014c
00000072
00000180
000001b8
fffffe78
fffffca4
fffffb24
fffff8ce
fffff736
fffff6b2
fffff754
fffff322
fffff4b4
fffff8c2
fffffb56
fffffbd8
fffffca8
fffffa22
fffffbe0
fffffea4
fffffdca
fffffe24
fffffc9c
fffffd6e
000000f4
0000029e
000002ca
00000248
000001a2
0000046e
000000a6
fffff7f4
fffff9b0
fffffd78
ffffffe4
0000013e
ffffffe2
0000014a
0000018a
000001a6
000001a2
000001a2
000001a2
00000116
fffffcc1
fffffbdc
fffffb62
fffffd82
ffffff75
ffffff75
ffffff75
ffffff75
ffffff75
ffffff75
ffffff75
ffffff75
ffffff75
ffffff75
ffffff75
ffffff75
ffffff75
ffffff75
ffffff75
ffffff75
ffffffcf
0000002d
0000010b
0000004d
ffffffa5
ffffffc7
ffffffef
000000c5
00000069
0000000f
ffffff11
0000025d
000005f5
00000557
00000331
00000021
fffffda1
fffffd5b
fffffc6b
fffff90b
fffff7a5
fffff831
fffffc59
ffffff2b
0000007d
ffffffff
fffffe15
ffffff05
ffffff75
00000047
00000129
00000157
00000309
00000181
fffffffb
fffffedb
ffffff95
fffffedb
fffffe4f
fffffed3
ffffff75
ffffff75
ffffff75
000001b1
00000297
000000e6
000001b5
00000165
0000001c
0000001c
0000001c
0000001c
0000001c
0000001c
0000001c
0000001c
0000001c
0000001c
0000001c
0000001c
0000001c
0000001c
0000001c
0000001c
ffffff6e
fffffec2
ffffff88
fffffef4
fffffdfe
fffffb1a
fffff93c
fffff98c
fffffa8a
fffffaca
fffffb78
fffffc8c
fffffadc
fffff5a8
fffff57c
fffff8aa
fffff9b6
fffffb34
fffffb86
fffffb44
fffffb18
fffffed0
00000142
ffffff0c
fffffb98
fffffc72
fffffdc0
ffffff00
0000001c
ffffffba
00000030
000000ea
fffffd44
fffffb66
fffffcb2
fffffea2
fffffe3e
00000028
00000096
0000006e
0000001c
0000001c
0000001c
000000e9
0000014c
ffffffb6
ffffffcb
ffffffa3
fffffeeb
fffffeeb
fffffeeb
fffffeeb
fffffeeb
fffffeeb
fffffeeb
fffffeeb
fffffeeb
fffffeeb
fffffeeb
fffffeeb
fffffeeb
fffffeeb
fffffeeb
fffffeeb
ffffff33
ffffff39
0000001f
00000043
fffffe11
fffffa47
fffff7f9
fffff7ff
fffff911
fffffa0d
fffffa33
fffff5ed
fffff2b9
fffff4af
fffff813
fffff969
fffffd01
fffffbfb
fffffce3
fffffca5
fffffded
fffffd2b
fffffc93
fffff9b5
fffff8cf
fffff9fb
fffffb83
fffffe1d
fffffeeb
ffffffeb
000000c9
0000002b
fffffb53
fffff9b9
fffff91b
fffffacb
fffffb79
fffffd31
fffffddb
fffffe99
fffffeeb
fffffeeb
fffffeeb
ffffffc1
ffffffc0
00000028
00000036
fffffed0
fffffd83
fffffd83
fffffd83
fffffd83
fffffd83
fffffd83
fffffd83
fffffd83
fffffd83
fffffd83
fffffd83
fffffd83
fffffd83
fffffd83
fffffd83
fffffd83
fffffd83
fffffd9f
fffffd5d
fffffcad
fffffbdd
fffffb93
fffffb69
fffffd09
fffffda3
fffffd77
fffffd87
fffffd17
fffffc9f
fffffcc1
fffffea7
00000041
0000005f
00000055
00000027
00000053
0000025d
00000315
00000257
fffffed7
fffffd91
fffffe01
fffffe9d
fffffda5
fffffd83
fffffd75
fffffd95
fffffc9d
fffffb71
fffffbe3
fffffe5f
ffffff57
fffffea7
fffffe07
fffffdc1
fffffd7b
fffffd83
fffffd83
fffffd83
fffffdbe
fffffdba
000003d1
000003bb
0000017c
0000001e
0000001e
0000001e
0000001e
0000001e
0000001e
0000001e
0000001e
0000001e
0000001e
0000001e
0000001e
0000001e
0000001e
0000001e
0000001e
0000001a
ffffff5e
fffffeca
fffffe46
fffffcf6
fffffcd2
fffffde8
fffffe8c
ffffff20
ffffffc2
ffffffda
fffffe5a
fffffe70
ffffff66
000000de
0000009a
0000005c
ffffff04
fffffe50
ffffff4a
000000fc
000002d2
000000be
00000164
00000328
0000044a
000003c8
000000f4
0000001e
00000124
ffffff92
fffff93c
fffff99a
fffffdc4
00000406
0000047c
00000404
0000036c
000001ea
0000007a
0000001e
0000001e
0000001e
00000080
fffffdb5
00000083
0000006b
00000232
00000277
00000277
00000277
00000277
00000277
00000277
00000277
00000277
00000277
00000277
00000277
00000277
00000277
00000277
00000277
00000277
00000273
000002af
000002e9
00000299
00000319
000003db
00000341
00000175
000001e5
0000037b
000003fd
000003cf
00000357
000000b5
fffffb57
fffffb9b
fffffc81
fffffcbb
fffffded
000001dd
00000179
00000127
0000019f
000004b3
00000441
000001db
000000a3
000001cb
00000277
0000017d
0000020b
0000064f
0000081b
0000076d
0000028b
00000211
0000013b
000000b3
00000187
00000251
00000277
00000277
00000277
00000031
00000114
00000605
0000047e
00000339
00000184
00000184
00000184
00000184
00000184
00000184
00000184
00000184
00000184
00000184
00000184
00000184
00000184
00000184
00000184
00000184
000001a0
000000fc
00000030
fffffdf2
fffffb8c
fffffc64
fffffcbe
fffffbaa
fffffcae
fffffe08
fffffe2c
fffffda4
fffffd7c
ffffff06
fffffe76
fffffd38
ffffff12
fffffc82
fffffcfc
00000000
00000092
00000362
00000218
000004ec
000008d0
00000710
000003a4
00000158
00000184
0000047c
00000074
fffff51c
fffffb0a
ffffff7e
00000158
00000366
0000016a
00000162
00000150
00000166
00000184
00000184
00000184
000001ec
fffffb7f
000000d2
0000012a
000000f6
00000192
00000192
00000192
00000192
00000192
00000192
00000192
00000192
00000192
00000192
00000192
00000192
00000192
00000192
00000192
00000192
0000019c
000002a0
000001fa
00000214
000001dc
0000029e
00000266
000000d8
ffffffd4
00000096
00000018
00000020
ffffffee
ffffff62
fffffe18
fffffe26
fffffe00
fffffdb2
fffffc26
fffffd78
000000b4
00000376
00000216
0000020c
000001a0
0000005a
00000084
000000cc
00000192
00000066
0000004e
000000fc
000002d2
00000276
00000284
00000300
00000258
00000136
000000de
000001ac
00000192
00000192
00000192
00000103
000000fa
ffffff2c
fffffd96
fffffeff
ffffff3a
ffffff3a
ffffff3a
ffffff3a
ffffff3a
ffffff3a
ffffff3a
ffffff3a
ffffff3a
ffffff3a
ffffff3a
ffffff3a
ffffff3a
ffffff3a
ffffff3a
ffffff3a
ffffff4c
ffffffda
ffffffd0
00000174
0000034a
00000466
000002c6
fffffeae
fffffe86
0000009c
0000022e
00000262
0000042a
00000608
00000638
000003e2
00000334
0000017a
000001de
0000044a
0000040c
00000160
ffffff34
0000040e
000005f0
00000384
00000072
ffffff66
ffffff3a
ffffffc4
ffffff42
0000001a
000001e2
00000312
ffffffea
ffffff36
fffffd88
ffffff3a
fffffeea
ffffff2a
ffffff3a
ffffff3a
ffffff3a
fffffdc0
fffffe2e
fffffcb5
fffffcba
fffffde4
fffffe58
fffffe58
fffffe58
fffffe58
fffffe58
fffffe58
fffffe58
fffffe58
fffffe58
fffffe58
fffffe58
fffffe58
fffffe58
fffffe58
fffffe58
fffffe58
fffffe6a
fffffe32
ffffff40
ffffff42
fffffe2c
fffffdec
fffffc90
fffffc1a
fffffc82
fffffd04
fffffdb8
fffffd86
ffffff52
000000b6
000001ee
0000043e
00000646
000005d6
00000480
00000016
fffffe86
ffffff3c
fffffecc
fffffc12
fffffcfc
fffffc5a
fffffd30
fffffe4c
fffffe58
00000034
000000be
0000008c
fffffef4
fffffbe6
fffff86c
fffffa8e
fffffca8
fffffe6e
fffffdf8
fffffe2e
fffffe58
fffffe58
fffffe58
00000025
0000006f
ffffffde
ffffffa1
00000199
0000029a
0000029a
0000029a
0000029a
0000029a
0000029a
0000029a
0000029a
0000029a
0000029a
0000029a
0000029a
0000029a
0000029a
0000029a
0000029a
000002f2
00000334
00000302
000002f8
0000041e
00000574
00000674
000005b0
0000044c
00000346
00000192
fffffe40
fffffe36
000000d8
0000005c
ffffff4c
ffffff14
fffffe30
fffffebc
0000004e
ffffffaa
fffffcfa
fffffb3c
fffffbe2
fffffdaa
fffffe68
fffffeb8
00000188
0000029a
00000236
0000030c
00000346
000003fa
000004e4
000002ac
0000018a
0000024c
000001d0
000001f4
000002ae
0000029a
0000029a
0000029a
0000026e
0000025c
fffffcac
000000ad
000001f2
0000009b
0000009b
0000009b
0000009b
0000009b
0000009b
0000009b
0000009b
0000009b
0000009b
0000009b
0000009b
0000009b
0000009b
0000009b
0000009b
0000007b
000000e5
000001c1
000003fb
000003a5
00000159
ffffffd1
000000a3
00000297
00000301
00000065
000001a3
0000014d
00000111
fffffc2d
fffffbfb
fffffdcf
fffffe5f
fffffedf
fffffe0d
fffffd71
fffffe3b
00000215
ffffff4d
fffff89f
fffffa87
ffffff07
00000109
0000009b
00000023
0000033f
000007c9
000003ad
fffffb0b
fffffc77
fffffef3
fffffeeb
fffffeb1
ffffffd7
0000008d
0000009b
0000009b
0000009b
000000d8
000003c0
00000148
ffffffb8
fffffe7b
fffffff3
fffffff3
fffffff3
fffffff3
fffffff3
fffffff3
fffffff3
fffffff3
fffffff3
fffffff3
fffffff3
fffffff3
fffffff3
fffffff3
fffffff3
fffffff3
00000037
000000e3
ffffff39
ffffff99
000000e7
00000127
0000028d
00000519
000004b1
00000405
00000391
ffffffd7
fffffe6d
00000157
000005c9
000006b1
000002e1
0000037d
0000017b
000001eb
0000027f
00000009
fffffd99
fffffe97
ffffff93
00000081
00000085
ffffff7d
fffffff3
ffffff9f
000000a1
fffffdff
fffffce7
000000e3
00000287
0000015d
00000303
000001b3
0000007b
ffffffab
fffffff3
fffffff3
fffffff3
ffffff7d
ffffff67
0000000a
ffffffbe
ffffff9f
000000af
000000af
000000af
000000af
000000af
000000af
000000af
000000af
000000af
000000af
000000af
000000af
000000af
000000af
000000af
000000af
000000bb
0000008f
0000002d
00000005
ffffff03
fffffe07
ffffff43
000000f1
00000145
000001f5
0000027d
0000017d
000000ad
0000015d
000001e9
0000016f
ffffff51
ffffff17
ffffff0b
fffffff1
00000053
fffffff9
0000017d
0000021d
00000129
0000023f
000001f1
0000010d
000000af
00000135
00000225
00000131
fffffdc9
ffffff6f
0000008d
ffffffe7
000001a1
000001a1
00000131
000000d3
000000af
000000af
000000af
000000a6
00000182
ffffff7e
00000034
ffffffaf
ffffffc6
ffffffc6
ffffffc6
ffffffc6
ffffffc6
ffffffc6
ffffffc6
ffffffc6
ffffffc6
ffffffc6
ffffffc6
ffffffc6
ffffffc6
ffffffc6
ffffffc6
ffffffc6
ffffffe2
ffffffa8
ffffffde
ffffff82
ffffffd8
0000003a
00000104
000000ca
000000ba
000000d6
ffffff72
ffffff7a
00000066
000001b0
000001a2
00000364
00000406
00000322
00000216
0000009c
ffffff8a
fffffe2c
fffffebc
fffffe64
fffffeec
ffffff96
0000006a
fffffff0
ffffffc6
00000098
fffffffe
ffffffb2
fffffe1c
fffffec0
00000114
00000136
0000008c
00000088
00000032
00000026
ffffffc6
ffffffc6
ffffffc6
00000004
00000025
fffffe7d
fffffec0
fffffefa
fffffff3
fffffff3
fffffff3
fffffff3
fffffff3
fffffff3
fffffff3
fffffff3
fffffff3
fffffff3
fffffff3
fffffff3
fffffff3
fffffff3
fffffff3
fffffff3
00000015
00000007
ffffff05
fffffe09
0000015b
000004bf
0000057b
00000573
000003b7
000003a7
000002fb
000006d1
00000cb9
00000b95
00000661
00000575
0000058d
000003ef
00000499
0000029f
0000008b
00000049
000001fd
000004f9
0000064d
000002a7
00000015
ffffff07
fffffff3
ffffff75
fffff8b7
fffffd99
000004cd
00000651
0000038b
00000281
00000123
fffffedf
fffffea1
ffffff95
fffffff3
fffffff3
fffffff3
fffffe4d
fffffd9f
0000014c
00000278
00000265
00000174
00000174
00000174
00000174
00000174
00000174
00000174
00000174
00000174
00000174
00000174
00000174
00000174
00000174
00000174
00000174
00000134
00000168
ffffffaa
fffffd76
fffffad0
fffff91a
fffff9a2
fffffb26
fffffa5a
fffffa74
fffffae6
fffffbe0
fffffe6a
000002ac
0000043e
00000018
fffffb16
fffffaf4
fffffa26
fffff748
fffff66c
fffff970
fffffc62
0000001a
000002a4
00000356
0000039e
00000288
00000174
0000009c
fffffd6a
fffff866
fffff802
fffffc6e
000003e8
000006fc
00000540
000002fc
0000024a
00000186
00000174
00000174
00000174
0000014f
000000bf
0000058c
0000050c
000002bc
0000000e
0000000e
0000000e
0000000e
0000000e
0000000e
0000000e
0000000e
0000000e
0000000e
0000000e
0000000e
0000000e
0000000e
0000000e
0000000e
ffffffb0
fffffec4
fffffb24
fffff8d6
fffff7a0
fffff898
fffff934
fffff938
fffff8ea
fffff870
fffff816
fffffa20
fffffcb0
fffffee0
fffffefc
fffffd8a
fffffe5a
fffffe58
ffffff7a
00000016
00000264
000002a2
000000c2
000005ae
000006e6
000007b8
00000634
00000286
0000000e
fffffc92
fffff5a2
fffff45a
fffff904
fffffd4a
00000590
000006d8
000004e8
000003f6
00000296
0000010a
0000000e
0000000e
0000000e
fffffcce
fffffa70
ffffff58
ffffffed
0000005d
ffffff13
ffffff13
ffffff13
ffffff13
ffffff13
ffffff13
ffffff13
ffffff13
ffffff13
ffffff13
ffffff13
ffffff13
ffffff13
ffffff13
ffffff13
ffffff13
fffffec1
fffffebf
fffffdf5
fffffdcb
fffffcfd
fffffc6d
fffffbb7
fffffc39
fffffceb
fffffcdf
fffffca1
fffffca7
fffffce7
fffffc63
fffffd7d
fffffe09
000000a5
ffffffa7
ffffff6b
fffffeed
fffffd73
fffffcf7
fffffc19
fffffd57
fffffd7b
fffffde3
fffffec5
ffffffcd
ffffff13
fffffebb
ffffff6d
ffffff3f
fffffed7
fffffd21
fffffe89
ffffffe5
fffffe47
ffffff11
ffffff3d
ffffff4f
ffffff13
ffffff13
ffffff13
ffffff36
ffffff62
ffffff0d
ffffffcf
fffffffd
ffffff96
ffffff96
ffffff96
ffffff96
ffffff96
ffffff96
ffffff96
ffffff96
ffffff96
ffffff96
ffffff96
ffffff96
ffffff96
ffffff96
ffffff96
ffffff96
ffffffd4
fffffffe
00000060
000000ee
000000aa
00000002
ffffffb4
0000003e
0000011a
00000134
00000108
00000052
00000036
000000c8
000001f8
00000218
00000220
00000212
000001f2
00000102
ffffff94
ffffffc2
00000030
ffffff9c
fffffd30
fffffdea
ffffff6e
00000024
ffffff96
00000050
0000005e
ffffffca
ffffff72
fffffda0
ffffff56
ffffff2e
fffffeee
000000a0
000000a2
0000003e
ffffff96
ffffff96
ffffff96
00000082
0000009e
ffffff9d
00000031
00000088
0000009f
0000009f
0000009f
0000009f
0000009f
0000009f
0000009f
0000009f
0000009f
0000009f
0000009f
0000009f
0000009f
0000009f
0000009f
0000009f
000000b3
000000a9
000000e3
00000217
00000209
000001a7
00000277
000004cd
000004e1
0000052f
00000627
000003db
00000123
ffffffa7
ffffff03
fffffe03
0000014d
000000e1
000000eb
00000065
000000e1
000001dd
ffffff69
fffffd49
fffffcc7
fffffec9
ffffff95
000000ef
0000009f
0000023f
00000421
000000b3
fffffff3
000000b7
00000097
00000033
000001bf
00000247
00000221
000000f5
0000009f
0000009f
0000009f
000002be
0000022b
0000024e
00000010
fffffea2
fffffe0e
fffffe0e
fffffe0e
fffffe0e
fffffe0e
fffffe0e
fffffe0e
fffffe0e
fffffe0e
fffffe0e
fffffe0e
fffffe0e
fffffe0e
fffffe0e
fffffe0e
fffffe0e
fffffdb0
fffffd90
fffffcbc
fffffbe4
fffff9a6
fffff9ce
fffffbce
fffffd32
fffffcb8
fffffba8
fffffc6e
fffffcd2
00000000
000006a0
000007a4
000003b2
00000404
00000426
0000033a
000003c4
00000012
fffffd06
fffffb50
00000008
000001f4
000002d2
000000d0
ffffff0a
fffffe0e
fffffdf6
fffffa70
fffff612
fffff678
fffffdc0
00000214
00000196
00000030
fffffe0a
fffffd74
fffffdaa
fffffe0e
fffffe0e
fffffe0e
fffffd46
fffffc3f
000001f5
000000be
ffffffe5
ffffff85
ffffff85
ffffff85
ffffff85
ffffff85
ffffff85
ffffff85
ffffff85
ffffff85
ffffff85
ffffff85
ffffff85
ffffff85
ffffff85
ffffff85
ffffff85
ffffff7d
fffffebf
fffffe37
fffffd53
fffffc35
fffffb69
fffffc1d
fffffc31
fffffd25
fffffda7
fffffea9
fffffeaf
ffffff63
00000003
ffffff75
ffffff41
00000207
0000036f
00000055
0000003b
fffffe31
fffffe91
fffffdff
fffffec7
0000022d
00000249
000000b1
ffffffe9
ffffff85
ffffffbd
000000ed
fffffc07
fffffaa7
ffffff65
00000077
ffffffe7
ffffff41
ffffff9d
fffffef1
ffffff1b
ffffff85
ffffff85
ffffff85
00000075
ffffff2e
ffffff19
ffffffbe
fffffe8f
fffffe50
fffffe50
fffffe50
fffffe50
fffffe50
fffffe50
fffffe50
fffffe50
fffffe50
fffffe50
fffffe50
fffffe50
fffffe50
fffffe50
fffffe50
fffffe50
fffffe32
fffffe56
fffffd6c
fffffdde
ffffffaa
0000011c
0000034a
000003f4
00000340
000001dc
0000027a
0000043a
0000037e
0000028e
00000300
000003ec
00000338
000002f0
0000036e
0000040a
0000052a
00000556
00000526
000000e8
ffffff7a
ffffff68
ffffffbe
fffffe42
fffffe50
fffffeaa
ffffff46
0000003c
0000002c
00000136
0000027e
0000002e
fffffe82
fffffe60
fffffeb0
fffffe64
fffffe50
fffffe50
fffffe50
fffffeb0
ffffff06
ffffff82
ffffff68
ffffffa0
0000010b
0000010b
0000010b
0000010b
0000010b
0000010b
0000010b
0000010b
0000010b
0000010b
0000010b
0000010b
0000010b
0000010b
0000010b
0000010b
00000117
00000141
0000014d
000001f9
0000022f
000002e1
000002c3
00000315
000002ff
0000029f
0000025d
0000009f
ffffff51
fffffed5
fffffedb
fffffe43
fffffdcf
fffffd9d
fffffda7
fffffdab
fffffd41
fffffd5d
fffffce9
fffffdb9
fffffdbd
fffffec7
ffffff6f
00000027
0000010b
00000139
000003db
00000369
0000025b
00000297
000000a3
fffffe41
ffffffb7
00000143
000000e9
00000147
0000010b
0000010b
0000010b
000001ae
000001c1
0000026e
00000211
000000db
fffffeb2
fffffeb2
fffffeb2
fffffeb2
fffffeb2
fffffeb2
fffffeb2
fffffeb2
fffffeb2
fffffeb2
fffffeb2
fffffeb2
fffffeb2
fffffeb2
fffffeb2
fffffeb2
fffffe90
fffffe40
fffffd36
fffffb7c
fffffbc8
fffffd8e
fffffeec
fffffdd0
fffffd14
fffffd3a
fffffe60
fffffd68
fffffdf8
fffffe6c
000000ee
000000bc
00000286
0000013c
00000176
0000029a
000003e0
000002f8
ffffff90
000002f6
0000060a
00000750
000006f4
000001c8
fffffeb2
fffffe1a
fffffd9a
fffffaac
fffffae8
fffffc10
000000d4
0000041e
0000020e
000001ba
000000c2
fffffeb0
fffffeb2
fffffeb2
fffffeb2
fffffd38
fffffc15
fffffe8b
fffffe47
ffffff5c
00000146
00000146
00000146
00000146
00000146
00000146
00000146
00000146
00000146
00000146
00000146
00000146
00000146
00000146
00000146
00000146
000001a4
00000220
000002ee
0000045c
0000059a
0000055c
000004a6
00000148
ffffffc4
ffffff04
fffffec2
fffffea0
ffffff9a
00000048
00000002
fffffe4e
fffffe32
fffffef8
fffffd6a
fffffcb6
fffff9a6
fffff7e0
fffff7e4
fffffa80
fffffc9c
fffffd38
fffffd68
ffffff12
00000146
00000274
0000033c
0000045e
000004b8
00000396
fffffffc
fffffe58
ffffff74
000000b0
00000070
00000132
00000146
00000146
00000146
00000148
00000253
000003c0
0000019e
ffffff93
fffffe97
fffffe97
fffffe97
fffffe97
fffffe97
fffffe97
fffffe97
fffffe97
fffffe97
fffffe97
fffffe97
fffffe97
fffffe97
fffffe97
fffffe97
fffffe97
fffffe6b
fffffedb
fffffe3b
fffffd63
fffffe25
fffffe0b
ffffff6d
fffffeff
fffffeff
fffffe6f
fffffcd9
fffffaa1
fffffb4b
fffffcef
fffffdcf
000000cf
fffffef9
00000003
00000205
000004c9
000003ff
00000219
fffffe5d
ffffff33
fffffedd
fffffef7
fffffd2f
fffffd11
fffffe97
fffffae3
fffff73b
fffffb13
ffffffd7
00000363
000005cd
00000329
0000011f
0000004f
fffffed9
fffffe61
fffffe97
fffffe97
fffffe97
fffffa87
fffff9cf
fffffe80
fffffe47
ffffff07
ffffff78
ffffff78
ffffff78
ffffff78
ffffff78
ffffff78
ffffff78
ffffff78
ffffff78
ffffff78
ffffff78
ffffff78
ffffff78
ffffff78
ffffff78
ffffff78
ffffff58
ffffff6a
fffffeac
fffffe42
fffffeac
00000224
00000484
00000470
00000336
000002b0
00000188
0000048e
0000087e
000008aa
000005b2
000003e0
000002a0
000000ee
000001ce
00000170
00000008
ffffff4c
ffffffee
00000212
000002d0
00000246
00000086
ffffffac
ffffff78
ffffff04
ffffff18
fffffd40
00000190
0000024a
00000548
0000035c
000001fe
fffffeea
ffffff4e
fffffff6
ffffff78
ffffff78
ffffff78
ffffff37
ffffff26
00000200
000001f0
00000120
00000078
00000078
00000078
00000078
00000078
00000078
00000078
00000078
00000078
00000078
00000078
00000078
00000078
00000078
00000078
00000078
0000006e
0000009a
00000186
000001da
00000174
0000006e
00000052
000002a8
00000324
0000023e
00000258
0000007c
ffffff02
fffffb84
fffffc0a
fffffc86
fffffdda
fffffecc
fffffe46
0000007a
000001ce
000003d8
000002da
ffffffdc
ffffff08
fffffffa
00000068
000000cc
00000078
0000001a
000000f2
00000124
fffffffc
000000dc
0000037e
000003ba
000002b4
00000094
000000b2
00000024
00000078
00000078
00000078
000000ea
0000006f
fffffcaa
fffffbc9
fffffbbc
fffffc92
fffffc92
fffffc92
fffffc92
fffffc92
fffffc92
fffffc92
fffffc92
fffffc92
fffffc92
fffffc92
fffffc92
fffffc92
fffffc92
fffffc92
fffffc92
fffffcc2
fffffc3e
fffffb6c
fffff924
fffff588
fffff342
fffff160
fffff04e
fffff158
fffff276
fffff3d8
fffff92e
fffffb3c
fffffbae
fffffcd8
fffffe6c
0000005a
000000fa
000001e2
fffffd4e
fffffbe8
fffffada
fffffa22
fffffad0
fffffcbe
fffffb50
fffffb0e
fffffc66
fffffc92
fffffbde
fffff7d2
fffff774
fffff9dc
fffff882
fffff6ae
fffff816
fffff974
fffffc08
fffffc84
fffffc70
fffffc92
fffffc92
fffffc92
fffffd96
fffffe2e
fffffef9
ffffffc1
0000008f
000000cf
000000cf
000000cf
000000cf
000000cf
000000cf
000000cf
000000cf
000000cf
000000cf
000000cf
000000cf
000000cf
000000cf
000000cf
000000cf
000000dd
00000107
000001d3
000002e1
000003e5
000004a5
00000407
00000369
000001df
0000014d
000000e5
fffffea3
fffffd5f
fffffce3
fffffe51
0000000d
0000005b
ffffffdd
ffffff13
ffffff25
ffffffc5
fffffec9
fffffd2d
fffffad5
fffffb5b
fffffc47
fffffdc5
00000083
000000cf
000001f5
00000389
00000093
ffffff05
fffffdbf
fffffc51
fffffdab
ffffffe1
ffffffcb
000001a7
000001a5
000000cf
000000cf
000000cf
00000236
00000200
fffffeca
fffffe04
fffffdc4
fffffe04
fffffe04
fffffe04
fffffe04
fffffe04
fffffe04
fffffe04
fffffe04
fffffe04
fffffe04
fffffe04
fffffe04
fffffe04
fffffe04
fffffe04
fffffe04
fffffe4e
fffffe88
fffffd54
fffffc18
fffffb82
fffffc10
fffffd58
fffffffe
000001ba
00000426
0000040e
00000344
0000029a
0000038c
000002a6
00000346
0000036e
00000202
00000206
00000382
0000053a
000005aa
00000588
0000039c
000000ce
fffffebe
fffffde8
fffffe9c
fffffe04
fffffda4
fffffe0c
fffffd34
fffffde6
fffffec0
fffffe18
fffffdac
fffffea2
fffffe04
fffffe16
fffffda0
fffffe04
fffffe04
fffffe04
fffffe00
fffffe10
00000040
000000bf
00000031
ffffffb3
ffffffb3
ffffffb3
ffffffb3
ffffffb3
ffffffb3
ffffffb3
ffffffb3
ffffffb3
ffffffb3
ffffffb3
ffffffb3
ffffffb3
ffffffb3
ffffffb3
ffffffb3
ffffffad
ffffff8d
00000013
0000011d
000000ab
0000008b
00000061
00000225
00000309
00000515
000006c9
0000076b
00000607
000005dd
0000065d
00000299
fffffe21
fffffeaf
000001dd
000001d3
00000325
000004e9
000006b9
0000070d
000006ab
000004fd
00000309
0000002f
ffffffb3
ffffffeb
fffffebd
ffffff2b
fffffebf
ffffff23
0000026b
000001c3
000000f3
00000015
ffffff7b
ffffff1b
ffffffb3
ffffffb3
ffffffb3
ffffffc9
00000027
ffffffde
00000160
000000e9
00000159
00000159
00000159
00000159
00000159
00000159
00000159
00000159
00000159
00000159
00000159
00000159
00000159
00000159
00000159
00000159
00000109
000000a7
ffffff89
fffffd4b
fffffbf5
fffff8cf
fffff7c7
fffff8c5
fffff9c7
fffff9f7
fffffbb3
fffffc71
fffffcf3
ffffffe5
000002f7
000001b1
000000cb
0000006f
ffffffa3
fffffccf
fffffdc7
fffffdf3
fffffe73
fffffd2d
ffffff45
000002f5
000002f9
00000153
00000159
0000019b
0000037d
fffffbc9
fffff3e3
fffff6b7
fffff9e9
fffffc9f
fffffffd
00000113
000001b7
00000191
00000159
00000159
00000159
0000043d
00000451
fffffb47
fffffb7f
fffffccb
fffffe62
fffffe62
fffffe62
fffffe62
fffffe62
fffffe62
fffffe62
fffffe62
fffffe62
fffffe62
fffffe62
fffffe62
fffffe62
fffffe62
fffffe62
fffffe62
fffffec8
0000002c
00000394
00000586
00000422
00000388
000003e2
00000674
0000074c
000006fc
00000746
000003f0
00000044
00000096
000004c0
0000052e
0000042e
0000030c
000001be
00000096
00000056
ffffff34
fffffdf4
fffff662
fffff7a0
fffff9c8
fffffc76
fffffdfc
fffffe62
0000037c
00000ca4
00000508
ffffff32
fffffdd4
fffffa00
fffffaf6
ffffff02
ffffff6a
fffffeda
fffffe54
fffffe62
fffffe62
fffffe62
000004e6
00000455
ffffff81
fffffef5
ffffff93
ffffffd9
ffffffd9
ffffffd9
ffffffd9
ffffffd9
ffffffd9
ffffffd9
ffffffd9
ffffffd9
ffffffd9
ffffffd9
ffffffd9
ffffffd9
ffffffd9
ffffffd9
ffffffd9
ffffffd5
00000009
0000006b
0000009f
0000005b
00000075
00000053
00000027
fffffeff
fffffd19
fffffb41
fffffb17
fffffa95
fffffc0f
fffffce3
fffffebf
0000006d
00000113
0000003d
ffffffc9
fffffe5d
fffffc93
fffffae3
fffffa67
fffffb25
fffffcd5
fffffd85
ffffff09
ffffffd9
ffffffe5
000000fb
000001df
000001df
00000157
0000005b
ffffff65
ffffff25
ffffffa5
ffffffb9
ffffffd3
ffffffd9
ffffffd9
ffffffd9
00000062
00000078
000002a3
00000328
000001d0
fffffff8
fffffff8
fffffff8
fffffff8
fffffff8
fffffff8
fffffff8
fffffff8
fffffff8
fffffff8
fffffff8
fffffff8
fffffff8
fffffff8
fffffff8
fffffff8
00000014
00000050
ffffff2c
fffffde2
fffffb26
fffff998
fffff8c8
fffff93a
fffff92a
fffff768
fffff6be
fffff8e4
fffff8f0
fffffb9e
ffffff8c
ffffff22
fffffe2a
fffffe34
fffffd3e
fffffc12
fffffc82
fffffe14
fffffbb2
fffffbc8
fffffcba
ffffff58
00000046
ffffffae
fffffff8
ffffff02
fffffdc2
fffff90c
fffff5ca
fffffa28
00000150
00000228
ffffffe8
000000ce
00000050
ffffffcc
fffffff8
fffffff8
fffffff8
000000df
00000055
000004df
00000482
000002cd
0000004d
0000004d
0000004d
0000004d
0000004d
0000004d
0000004d
0000004d
0000004d
0000004d
0000004d
0000004d
0000004d
0000004d
0000004d
0000004d
ffffffed
00000013
fffffd4f
fffffb8f
fffffc8b
fffffd47
fffffea5
ffffff2b
fffffe1f
fffffd43
fffffbc7
fffff9a7
fffffc15
fffffc9b
fffffead
000000c5
ffffffcd
ffffff19
ffffff53
0000017b
0000015d
000000d5
fffffe31
000001b1
000004ff
00000681
00000627
00000361
0000004d
fffffdc9
fffffaed
fffffaf1
fffffc21
fffffd43
00000435
000006ed
00000491
000003a3
00000255
00000057
0000004d
0000004d
0000004d
fffffcc5
fffffb7f
00000372
0000039a
00000205
000000bd
000000bd
000000bd
000000bd
000000bd
000000bd
000000bd
000000bd
000000bd
000000bd
000000bd
000000bd
000000bd
000000bd
000000bd
000000bd
000000e7
00000059
00000075
00000183
ffffffaf
fffffdc7
fffffddb
ffffff09
fffffe53
fffffdf7
fffffe2f
fffffd9b
fffffbc9
fffff957
fffffccd
fffffe5f
fffffdd3
fffffee7
fffffd27
fffffdd1
00000007
00000111
0000001f
fffffc71
fffffd99
00000191
000002e7
00000141
000000bd
00000335
0000066d
fffffe51
fffff6ff
fffffca1
00000019
00000003
ffffff47
0000021d
0000026f
00000151
000000bd
000000bd
000000bd
000003d2
0000023a
fffffeda
ffffffb4
0000004f
000000fa
000000fa
000000fa
000000fa
000000fa
000000fa
000000fa
000000fa
000000fa
000000fa
000000fa
000000fa
000000fa
000000fa
000000fa
000000fa
0000010c
00000128
00000262
00000404
0000043c
0000031a
00000200
000000ec
000000e4
000000f8
ffffff58
000000e8
000001b2
000001c0
0000021e
000003e2
000005e4
00000406
00000198
ffffff2a
fffffd96
fffffd16
fffffe1a
fffffd18
fffffd86
fffffe58
00000012
0000007e
000000fa
000002e2
00000310
00000246
ffffff80
fffffdfe
fffffbb4
fffffd58
ffffff92
0000022a
000001a0
000000f0
000000fa
000000fa
000000fa
00000296
0000032d
00000366
0000034f
00000101
ffffffa2
ffffffa2
ffffffa2
ffffffa2
ffffffa2
ffffffa2
ffffffa2
ffffffa2
ffffffa2
ffffffa2
ffffffa2
ffffffa2
ffffffa2
ffffffa2
ffffffa2
ffffffa2
ffffff52
fffffe8c
fffffca6
fffffb46
fffffa84
fffffafe
fffffb2c
fffff912
fffff724
fffff6f8
fffff6ec
fffff56e
fffff4e6
fffff7de
fffff998
fffffb5c
fffffa3a
fffff9ae
fffffce4
ffffff48
000000aa
ffffffcc
fffffea2
000000c6
000002ba
0000026a
000001a8
ffffffae
ffffffa2
fffffe98
fffffaae
fffffae8
fffffb90
fffffe0c
00000380
00000300
0000020a
00000032
00000022
ffffffd0
ffffffa2
ffffffa2
ffffffa2
fffffc27
fffffafe
fffffc56
fffffbd7
fffffed2
000000ec
000000ec
000000ec
000000ec
000000ec
000000ec
000000ec
000000ec
000000ec
000000ec
000000ec
000000ec
000000ec
000000ec
000000ec
000000ec
000000d0
00000120
000000ec
000000cc
000001ca
000003de
0000038e
000002a2
000002b2
00000200
000000ce
00000090
0000021e
00000478
00000440
00000214
ffffffe0
fffffff4
00000030
ffffff1c
fffffc06
fffffae4
fffffd1c
ffffff64
fffffee2
fffffd24
fffffc1e
ffffff54
000000ec
ffffffe6
ffffff66
000001ca
00000486
000003f2
00000096
ffffffec
000000a8
ffffff0c
ffffff68
00000096
000000ec
000000ec
000000ec
000000a2
00000238
ffffff5a
ffffff5d
ffffff26
ffffffb3
ffffffb3
ffffffb3
ffffffb3
ffffffb3
ffffffb3
ffffffb3
ffffffb3
ffffffb3
ffffffb3
ffffffb3
ffffffb3
ffffffb3
ffffffb3
ffffffb3
ffffffb3
ffffff7b
fffffee5
fffffda3
fffffd3d
fffffc1d
fffffb95
fffff9f3
fffff891
fffff71b
fffff6a7
fffff77d
fffff961
fffffa37
fffffaf5
fffffcb3
fffffcbf
ffffff13
00000073
0000017b
ffffff41
fffffdd3
fffffaeb
fffff94f
fffff873
fffffc09
fffffdab
ffffff01
ffffffdd
ffffffb3
ffffff7d
fffffc45
fffffe27
fffffca1
fffffbcf
fffff8cd
fffff91f
fffffbdb
fffffe8d
ffffff13
ffffffcf
ffffffb3
ffffffb3
ffffffb3
ffffffe6
00000087
fffffd46
fffffe83
ffffff13
ffffff38
ffffff38
ffffff38
ffffff38
ffffff38
ffffff38
ffffff38
ffffff38
ffffff38
ffffff38
ffffff38
ffffff38
ffffff38
ffffff38
ffffff38
ffffff38
ffffff90
00000016
000000ba
0000010a
000000f2
ffffff44
fffffeee
ffffff16
ffffffce
ffffff6e
fffffede
00000004
000002c6
00000260
00000250
0000013a
ffffffce
000001d2
00000372
0000018a
fffffee2
fffffd58
fffffdb0
fffffc46
fffffbbe
fffffbbe
fffffd40
fffffe26
ffffff38
fffffff8
ffffff74
000001b8
ffffff52
fffffdf0
fffffd32
fffffcfe
fffffce8
fffffdda
fffffe52
fffffe8e
ffffff38
ffffff38
ffffff38
00000009
000001f9
000000e0
00000122
0000011d
ffffff2c
ffffff2c
ffffff2c
ffffff2c
ffffff2c
ffffff2c
ffffff2c
ffffff2c
ffffff2c
ffffff2c
ffffff2c
ffffff2c
ffffff2c
ffffff2c
ffffff2c
ffffff2c
ffffff18
ffffff3a
ffffff1e
fffffe98
ffffff4a
ffffff92
ffffff68
000000c8
00000312
00000218
ffffffee
fffffcba
fffffd66
fffffd72
fffffd58
fffffe18
00000034
00000146
0000049c
00000786
00000550
00000222
0000009a
ffffffec
fffffd76
fffffdea
fffffe12
ffffff1e
ffffff2c
fffffc56
fffffb7c
ffffff28
ffffffd6
fffffeaa
00000274
00000360
000000c0
000000de
ffffffa6
ffffff52
ffffff2c
ffffff2c
ffffff2c
fffffc86
fffffd42
00000102
ffffffb7
ffffff8c
00000064
00000064
00000064
00000064
00000064
00000064
00000064
00000064
00000064
00000064
00000064
00000064
00000064
00000064
00000064
00000064
0000007e
0000009c
0000006c
0000013a
0000038a
0000051c
000007a2
000008f4
0000085e
00000868
00000a16
00000a08
000009dc
000008f6
000004fa
00000168
ffffff2c
00000080
00000304
0000056e
0000050a
000003d8
00000450
000005e4
000005ca
00000546
0000033c
0000024a
00000064
00000014
fffffeee
00000070
000005ac
00000792
00000510
000002a2
000002d2
00000180
000001d6
00000050
00000064
00000064
00000064
fffffefe
fffffe64
0000016e
0000020e
00000126
ffffffe3
ffffffe3
ffffffe3
ffffffe3
ffffffe3
ffffffe3
ffffffe3
ffffffe3
ffffffe3
ffffffe3
ffffffe3
ffffffe3
ffffffe3
ffffffe3
ffffffe3
ffffffe3
ffffff9d
ffffff8f
00000079
000000fb
00000209
00000419
000006cb
00000a71
00000b5f
00000bc9
00000ac5
000008ed
00000813
000005bf
00000409
00000217
0000035d
0000036b
000003c5
000003a1
00000577
000007d3
0000091d
00000763
0000040f
00000363
00000257
00000065
ffffffe3
00000045
ffffffc3
00000095
0000025b
00000357
00000753
000005e5
0000027d
00000095
0000001d
00000007
ffffffe3
ffffffe3
ffffffe3
ffffffaa
ffffff36
00000180
00000197
000001e5
00000113
00000113
00000113
00000113
00000113
00000113
00000113
00000113
00000113
00000113
00000113
00000113
00000113
00000113
00000113
00000113
00000169
000001ab
00000177
fffffff3
fffffd63
fffffaa7
fffff951
fffff97b
fffff967
fffff947
fffff80b
fffff81d
fffff98b
fffffceb
fffffd3b
fffffea9
ffffff11
fffffec3
0000008d
ffffff6b
fffffec5
fffffd2d
fffffc45
fffffc71
fffffc6f
fffffdc1
fffffeef
0000011b
00000113
fffffffb
fffffd07
fffffd45
fffffe01
fffffd0d
fffffd1d
fffffe75
fffffe77
ffffff7f
000000bd
00000089
00000113
00000113
00000113
0000002e
ffffff67
fffffe43
fffffdb1
fffffe51
ffffff90
ffffff90
ffffff90
ffffff90
ffffff90
ffffff90
ffffff90
ffffff90
ffffff90
ffffff90
ffffff90
ffffff90
ffffff90
ffffff90
ffffff90
ffffff90
ffffff98
ffffff6a
00000008
ffffffa6
00000020
ffffffd6
0000006e
fffffe28
0000007c
000002ae
00000222
0000053e
00000790
000005c0
000002d6
00000310
000001c8
000001fc
000003f4
000003c0
000002c6
0000025c
000003f0
000006da
00000306
00000010
fffffd74
fffffeaa
ffffff90
fffffe78
fffffbd8
00000016
00000414
000002ce
ffffffcc
fffffe92
fffffe9e
fffffde6
fffffde0
ffffff12
ffffff90
ffffff90
ffffff90
fffffd85
ffffff8b
ffffff9d
fffffeba
fffffe97
fffffea8
fffffea8
fffffea8
fffffea8
fffffea8
fffffea8
fffffea8
fffffea8
fffffea8
fffffea8
fffffea8
fffffea8
fffffea8
fffffea8
fffffea8
fffffea8
fffffe9e
fffffea4
000000e6
0000030c
000003d4
000004e0
000004d6
000004a8
0000057e
0000061a
00000654
000004f2
00000496
000002c6
ffffffdc
0000001e
000001ec
0000039c
00000594
00000a40
000009ae
0000063a
00000368
00000040
fffffce6
fffffc4a
fffffc8e
fffffd9c
fffffea8
fffffed4
ffffff94
00000592
00000796
000003f8
000000a0
fffffdb6
fffffc3c
fffffdca
fffffe76
fffffefa
fffffea8
fffffea8
fffffea8
fffffd33
fffffe56
ffffffd7
000000a2
00000092
ffffffa8
ffffffa8
ffffffa8
ffffffa8
ffffffa8
ffffffa8
ffffffa8
ffffffa8
ffffffa8
ffffffa8
ffffffa8
ffffffa8
ffffffa8
ffffffa8
ffffffa8
ffffffa8
ffffff9c
ffffff8e
ffffffd4
ffffffd8
fffffeac
fffffd14
fffffcaa
fffffd42
fffffd98
ffffff9e
00000308
00000426
000004ec
00000344
00000322
000001a0
000001fe
0000004e
00000014
fffffedc
fffffece
000002b6
000003fa
00000258
000000f0
00000118
000000a0
000000b8
ffffffa8
00000236
000002aa
fffffda8
fffffcb6
fffffbba
fffffd4a
fffffe38
fffffe82
fffffe68
fffffffc
ffffffb8
ffffffa8
ffffffa8
ffffffa8
00000213
00000093
fffffa6a
fffffb93
fffffd1d
ffffff07
ffffff07
ffffff07
ffffff07
ffffff07
ffffff07
ffffff07
ffffff07
ffffff07
ffffff07
ffffff07
ffffff07
ffffff07
ffffff07
ffffff07
ffffff07
fffffee7
fffffe8b
fffffe1b
fffffea5
0000015f
000004b1
0000062d
00000575
000005c7
000007f3
00000a6f
00000ca3
00000b51
0000064b
000002cb
000001f1
000001e5
00000259
000000df
fffffff1
ffffffe9
00000199
00000373
00000403
000003bd
0000012f
0000004d
ffffff69
ffffff07
00000037
0000046d
0000057d
000004b3
00000285
ffffff77
ffffffcb
000000c1
00000011
ffffffcb
ffffff5f
ffffff07
ffffff07
ffffff07
00000111
0000037e
fffff9ad
fffff9c7
fffffdbe
ffffff8c
ffffff8c
ffffff8c
ffffff8c
ffffff8c
ffffff8c
ffffff8c
ffffff8c
ffffff8c
ffffff8c
ffffff8c
ffffff8c
ffffff8c
ffffff8c
ffffff8c
ffffff8c
ffffffb2
00000064
00000136
000003e2
0000046c
000003ce
000001c6
fffffe66
fffffe0a
fffffd80
ffffffa8
00000136
00000230
000002d4
fffffeac
fffffddc
ffffffba
00000130
0000012c
fffffec0
fffffa8e
fffff81c
fffffb3e
fffffba4
fffff960
fffff88a
fffff9fc
fffffe1a
ffffff8c
0000004e
0000056c
00000714
000005cc
0000029c
fffff7d4
fffff71e
fffff802
fffffaa4
fffffce6
ffffff2e
ffffff8c
ffffff8c
ffffff8c
000001bd
000004d2
0000046c
0000037d
000002a7
00000191
00000191
00000191
00000191
00000191
00000191
00000191
00000191
00000191
00000191
00000191
00000191
00000191
00000191
00000191
00000191
000000f5
0000002f
fffffd77
fffffc73
fffffc8b
fffffe3f
000000cf
000000ef
00000137
0000023b
00000275
ffffff81
ffffff15
fffffde5
fffffe6d
fffffe8b
ffffff05
fffffef5
ffffff8d
0000014f
000001f3
000004df
00000579
00000753
0000079b
000006fb
0000048d
0000029f
00000191
000000cf
fffffacf
fffffb3b
fffffe03
000002cf
00000641
0000062d
000005d1
00000363
00000229
000001cb
00000191
00000191
00000191
fffffdfb
fffffc96
ffffffda
00000626
00000484
0000014b
0000014b
0000014b
0000014b
0000014b
0000014b
0000014b
0000014b
0000014b
0000014b
0000014b
0000014b
0000014b
0000014b
0000014b
0000014b
00000237
000002e5
0000037b
000001f1
fffffee1
fffffd8b
fffffc59
ffffff8d
000000a5
fffffdd7
fffffb87
fffffe69
00000047
ffffff59
fffffe59
fffffde9
ffffff8d
ffffff1b
00000037
fffffd35
fffffd43
ffffff6b
000000cd
fffffb97
fffffac9
00000187
0000065f
0000039f
0000014b
00000337
000005c3
000002b9
fffff86b
fffff3f5
000000e3
000002a9
ffffff77
000000a5
000001ef
00000137
0000014b
0000014b
0000014b
00000482
0000049f
00000034
000000e8
ffffff61
fffffd20
fffffd20
fffffd20
fffffd20
fffffd20
fffffd20
fffffd20
fffffd20
fffffd20
fffffd20
fffffd20
fffffd20
fffffd20
fffffd20
fffffd20
fffffd20
fffffd16
fffffd32
fffffe22
fffffeb4
fffffeb8
fffffe3a
fffffe7e
fffffee4
ffffff74
0000007e
00000106
0000018e
0000018a
000000d8
00000284
000002a4
0000043e
0000029c
000002d6
00000362
00000416
000005a6
00000470
000002f6
0000012e
000001c0
0000010e
fffffdc8
fffffd20
fffffe2a
ffffff10
fffffd44
fffffb02
fffffac4
00000188
0000027e
00000098
ffffff78
fffffe7e
fffffd4a
fffffd20
fffffd20
fffffd20
fffffdd3
fffffd77
fffffa75
fffff993
fffff94b
fffff9a7
fffff9a7
fffff9a7
fffff9a7
fffff9a7
fffff9a7
fffff9a7
fffff9a7
fffff9a7
fffff9a7
fffff9a7
fffff9a7
fffff9a7
fffff9a7
fffff9a7
fffff9a7
fffff95f
fffff92b
fffff9fd
fffff9af
fffff983
fffffa31
fffffa97
fffffc7b
fffffd8d
ffffff31
000001d1
00000089
0000002f
ffffff7f
000001f7
00000309
000004d1
000003ed
0000038b
000000ad
ffffff7d
fffffd95
ffffff4b
fffffd2f
fffffc91
fffffbf1
fffffbb9
fffffabd
fffff9a7
fffffbad
fffffe31
fffffbf9
fffffb6d
fffff953
fffff7b3
fffff96d
fffffac7
fffffc81
fffffb8d
fffffa23
fffff9a7
fffff9a7
fffff9a7
fffffc4b
fffffd20
ffffffec
00000130
000002ca
000001ee
000001ee
000001ee
000001ee
000001ee
000001ee
000001ee
000001ee
000001ee
000001ee
000001ee
000001ee
000001ee
000001ee
000001ee
000001ee
0000019a
00000152
fffffff4
fffffe3e
fffffcba
fffffd18
fffffd30
0000010c
000002fa
0000035a
00000136
00000030
ffffff7c
fffffe8c
ffffff40
fffffd96
fffffd80
fffffd18
fffffc58
fffffbdc
fffffcca
fffffeee
0000010a
ffffffea
fffffeb0
ffffff52
0000022e
0000032e
000001ee
00000138
ffffffc4
fffffdc0
fffffca0
fffffd5a
000001e8
0000042a
00000408
000003ea
000003a4
000002ee
000001ee
000001ee
000001ee
000002e7
000002e7
00000061
fffffe8b
fffffe68
ffffff13
ffffff13
ffffff13
ffffff13
ffffff13
ffffff13
ffffff13
ffffff13
ffffff13
ffffff13
ffffff13
ffffff13
ffffff13
ffffff13
ffffff13
ffffff13
ffffff17
fffffea7
fffffda1
fffffe4d
fffffee3
fffffe79
fffffe35
fffffd41
fffffbaf
fffffbcd
fffffd91
fffffc83
fffffd7d
ffffffff
000002c3
0000037b
0000041b
000002fb
ffffff83
0000009f
00000103
ffffffb5
fffffe2d
ffffffd9
00000275
00000237
fffffedf
fffffee1
ffffff13
fffffee5
0000000d
fffffd3b
fffffceb
ffffff2d
fffffdb7
fffffc37
fffffefb
ffffff3b
fffffeaf
fffffec7
ffffff13
ffffff13
ffffff13
fffffeeb
fffffe1a
ffffffb1
000000d3
000000c5
ffffff3a
ffffff3a
ffffff3a
ffffff3a
ffffff3a
ffffff3a
ffffff3a
ffffff3a
ffffff3a
ffffff3a
ffffff3a
ffffff3a
ffffff3a
ffffff3a
ffffff3a
ffffff3a
ffffff42
ffffffae
00000052
000002e0
00000326
00000292
000001c6
0000013e
000001d0
000001e6
000001aa
00000068
000000c8
00000076
000000dc
ffffffd6
fffffd4a
ffffff00
00000090
0000018a
0000015a
00000280
00000296
0000010a
0000002e
00000036
0000014e
00000076
ffffff3a
000000de
00000186
0000026e
0000008e
ffffff1a
00000132
0000012e
000000da
00000094
ffffffc8
ffffff24
ffffff3a
ffffff3a
ffffff3a
ffffff49
0000008e
fffffff0
ffffff12
0000006e
000002b4
000002b4
000002b4
000002b4
000002b4
000002b4
000002b4
000002b4
000002b4
000002b4
000002b4
000002b4
000002b4
000002b4
000002b4
000002b4
000002b2
0000026c
000002f6
00000428
00000522
000007f2
00000adc
00000b76
00000ab8
00000a3a
000008ec
0000064c
00000430
000002d4
00000164
fffffdd8
fffffbc2
fffffc02
fffffbba
fffffd84
ffffffc6
fffffff0
ffffffdc
ffffff2e
0000004c
fffffffc
ffffff40
00000092
000002b4
0000034c
000003e4
000006ba
000008f2
00000bba
000007c6
0000037e
000001f2
00000034
0000012e
00000270
000002b4
000002b4
000002b4
00000220
00000299
000001ab
00000039
fffffd23
fffffa7c
fffffa7c
fffffa7c
fffffa7c
fffffa7c
fffffa7c
fffffa7c
fffffa7c
fffffa7c
fffffa7c
fffffa7c
fffffa7c
fffffa7c
fffffa7c
fffffa7c
fffffa7c
fffffa58
fffff976
fffffa7e
fffff84a
fffff514
fffff2d8
fffff1be
fffff4dc
fffff5d0
fffff640
fffff80a
fffff712
fffff706
fffff738
fffffbd0
fffffc08
fffffcf6
fffffd70
fffffea8
000000d6
00000276
000002be
ffffffd8
fffffc7e
fffff9ce
fffffabe
fffffb94
fffffab2
fffffa7c
fffffad4
fffff9dc
fffff82c
fffff582
fffff742
fffffd20
fffffa64
fffff6e8
fffff8b6
fffffa14
fffffab8
fffffa7c
fffffa7c
fffffa7c
fffffb58
fffff9f1
fffffe34
00000078
000001d4
00000056
00000056
00000056
00000056
00000056
00000056
00000056
00000056
00000056
00000056
00000056
00000056
00000056
00000056
00000056
00000056
0000004a
ffffff96
0000020c
0000054e
000002fa
000001be
fffffe5a
fffffe70
fffffe8e
ffffff0e
000001f2
000001e4
fffffe90
fffffc86
ffffff22
fffffd74
00000152
00000086
ffffff36
fffffd02
fffffed4
00000290
0000032c
fffffe58
fffffdb4
00000092
000002b2
000001e2
00000056
000004a8
00000a9a
00000466
fffffcfc
fffff864
fffff8de
fffffb38
fffffce4
fffffffe
000000ec
00000158
00000056
00000056
00000056
000005e0
00000577
00000079
00000091
0000008a
000000c0
000000c0
000000c0
000000c0
000000c0
000000c0
000000c0
000000c0
000000c0
000000c0
000000c0
000000c0
000000c0
000000c0
000000c0
000000c0
000000ba
00000086
000002a6
000002c2
0000012a
000000dc
000000b2
ffffff54
ffffff0c
fffffeb6
00000006
000001b6
00000402
00000494
00000338
00000178
fffffe4e
ffffff08
fffffd7a
fffffb98
fffffbd0
fffffdc4
000000b0
000000f8
000001c2
00000298
00000196
000000be
000000c0
00000262
00000370
00000222
ffffff6e
ffffff02
fffffeb0
fffffdf0
fffffe44
ffffff9a
00000024
000000de
000000c0
000000c0
000000c0
0000025b
000001dc
000000e0
0000015a
000001e4
00000113
00000113
00000113
00000113
00000113
00000113
00000113
00000113
00000113
00000113
00000113
00000113
00000113
00000113
00000113
00000113
00000133
000000d9
ffffff0f
fffffc23
fffffb35
fffffbc3
fffffe05
00000193
000002bd
000001bb
000001ad
fffffd79
fffffb21
fffffa37
fffff971
fffff9e7
fffffbe3
fffffae1
fffffa99
fffffae9
fffffca7
fffffd21
fffffc8d
fffff931
fffff963
fffffbeb
fffffe17
00000155
00000113
00000029
0000015f
ffffff0b
fffffed5
fffffdfb
00000069
000000b9
00000119
0000019f
0000020f
00000155
00000113
00000113
00000113
00000201
0000011e
ffffff7c
ffffff2c
ffffff0b
0000001c
0000001c
0000001c
0000001c
0000001c
0000001c
0000001c
0000001c
0000001c
0000001c
0000001c
0000001c
0000001c
0000001c
0000001c
0000001c
fffffff8
ffffff8c
fffffff4
0000014e
0000029c
0000023c
000000b0
fffffecc
fffffeca
fffffee2
ffffffa2
ffffff06
fffffde0
fffffcca
fffffcba
fffffe9c
fffffe5c
fffffe6e
fffffed6
fffffedc
fffffe6c
ffffffa6
00000240
00000170
00000282
0000016a
00000038
ffffff5a
0000001c
000000a8
00000250
000003ba
000002f0
00000174
fffffe2c
fffffdb0
ffffff3a
00000146
000000b6
00000074
0000001c
0000001c
0000001c
0000005c
00000077
00000276
0000030d
000001ac
ffffff14
ffffff14
ffffff14
ffffff14
ffffff14
ffffff14
ffffff14
ffffff14
ffffff14
ffffff14
ffffff14
ffffff14
ffffff14
ffffff14
ffffff14
ffffff14
fffffed4
fffffed4
fffffe14
fffffc56
fffffb2e
fffffb44
fffffc2e
0000007e
000001b8
00000226
000002a0
000002e4
000002c4
000001d2
00000190
00000172
000000b0
000001a0
000002ec
000002fc
00000446
00000728
000007e6
000006c8
00000584
000005c6
00000632
0000028a
ffffff14
fffffd7a
fffffc80
fffffcf8
fffffbd4
fffffc02
000002f0
00000492
00000230
000001cc
000000d8
ffffff36
ffffff14
ffffff14
ffffff14
fffffe32
fffffd51
00000122
000003a5
00000289
0000016a
0000016a
0000016a
0000016a
0000016a
0000016a
0000016a
0000016a
0000016a
0000016a
0000016a
0000016a
0000016a
0000016a
0000016a
0000016a
000001c8
000001e8
000001c4
00000212
00000110
ffffff94
fffffdee
ffffff12
fffffef2
fffffe56
fffffc62
fffffb00
fffffb60
fffffd86
00000152
00000490
00000402
0000036e
0000022a
00000096
fffffe86
fffffc66
fffff958
fffff98a
fffffa94
fffffdd2
0000026c
000001f0
0000016a
00000300
00000198
fffffdb2
fffff898
fffff75a
fffffed6
000000cc
000002ea
00000338
000002d4
00000212
0000016a
0000016a
0000016a
000001ea
00000194
000002bf
000001e3
ffffff51
fffffda3
fffffda3
fffffda3
fffffda3
fffffda3
fffffda3
fffffda3
fffffda3
fffffda3
fffffda3
fffffda3
fffffda3
fffffda3
fffffda3
fffffda3
fffffda3
fffffd3f
fffffccb
fffffb05
fffff7d3
fffff719
fffff54f
fffff595
fffff44b
fffff559
fffff4b9
fffff537
fffff5cf
fffff8fb
fffffaf7
fffffd87
fffffc21
fffffb97
fffffc83
fffffd57
fffffdad
fffffc59
fffffbcb
fffffae9
00000123
00000263
0000024d
000001f9
ffffff7b
fffffda3
fffffb3f
fffff601
fffff803
fffff7d9
fffff929
00000011
fffffff9
fffffdff
fffffe7b
fffffe57
fffffd15
fffffda3
fffffda3
fffffda3
fffff9b3
fffff9e1
0000006d
000000ef
00000009
fffffe92
fffffe92
fffffe92
fffffe92
fffffe92
fffffe92
fffffe92
fffffe92
fffffe92
fffffe92
fffffe92
fffffe92
fffffe92
fffffe92
fffffe92
fffffe92
fffffeb6
ffffff08
ffffff1c
fffffd3a
fffffd32
fffffdb6
fffffec8
0000002c
00000322
00000482
00000372
000002d8
00000294
00000204
00000286
00000374
00000350
0000018c
000001b6
00000316
00000588
000007f6
00000860
000006d6
00000356
000001f6
0000011a
ffffff86
fffffe92
fffffdee
fffffd2c
fffffdb4
fffffdf8
fffffd04
0000030a
00000444
000001fc
00000108
fffffff6
fffffeae
fffffe92
fffffe92
fffffe92
fffffd07
fffffd25
000000bb
ffffff70
ffffff1d
ffffff59
ffffff59
ffffff59
ffffff59
ffffff59
ffffff59
ffffff59
ffffff59
ffffff59
ffffff59
ffffff59
ffffff59
ffffff59
ffffff59
ffffff59
ffffff59
ffffff79
ffffff4b
fffffe1b
fffffde3
fffffda5
ffffff0f
0000022b
000003b5
0000030b
0000029b
000001f5
0000030b
0000044f
000007a3
000006a1
0000045d
00000299
00000277
000002cb
00000135
0000008f
fffffde1
fffffec1
0000009d
00000205
00000239
0000007f
ffffffaf
ffffff59
ffffff55
fffffd91
fffffaa5
fffffce7
000002e3
000003dd
00000211
00000181
ffffff83
ffffff45
ffffff49
ffffff59
ffffff59
ffffff59
ffffff5d
fffffe3f
000001cc
00000221
0000007a
fffffedf
fffffedf
fffffedf
fffffedf
fffffedf
fffffedf
fffffedf
fffffedf
fffffedf
fffffedf
fffffedf
fffffedf
fffffedf
fffffedf
fffffedf
fffffedf
fffffec5
fffffec9
fffffe29
fffffdd1
fffffb57
fffff983
fffff7c9
fffff713
fffff7f7
fffff78f
fffff80d
fffff89f
fffffa37
fffffbc9
ffffff3f
000002d9
00000381
00000557
00000579
00000363
0000025d
00000239
ffffffb5
ffffff93
fffffdd5
fffffed9
00000027
ffffff8b
fffffedf
fffffec5
fffffdcb
fffff9df
fffff787
fffff829
fffffd77
fffffe2d
fffffee9
fffffeaf
fffffdd3
fffffe61
fffffedf
fffffedf
fffffedf
fffffee0
fffffe76
fffffecc
00000258
00000310
000001ea
000001ea
000001ea
000001ea
000001ea
000001ea
000001ea
000001ea
000001ea
000001ea
000001ea
000001ea
000001ea
000001ea
000001ea
000001ea
00000222
000001ba
00000304
0000026e
00000550
000004d6
0000023e
00000362
000002ce
0000014a
000000e8
000000b0
ffffff14
fffffda0
fffffa8e
fffff9e4
fffffb66
fffffb04
fffffd64
fffffe28
fffffdf6
fffffc64
fffffe4a
ffffff92
fffffec0
fffffe34
ffffffd6
00000240
000001ea
000002de
ffffffa8
000003b4
00000486
ffffffb0
00000150
000002ba
00000242
000000a2
0000018c
00000160
000001ea
000001ea
000001ea
00000283
000001dd
fffffe07
fffffe1c
fffffe5c
fffffe0c
fffffe0c
fffffe0c
fffffe0c
fffffe0c
fffffe0c
fffffe0c
fffffe0c
fffffe0c
fffffe0c
fffffe0c
fffffe0c
fffffe0c
fffffe0c
fffffe0c
fffffe0c
fffffde4
fffffe32
ffffff46
000000b8
ffffffec
fffffef2
fffffd6c
fffffec8
fffffea4
fffffde4
fffffe4c
ffffffe4
0000047a
00000590
0000056c
000003f8
00000530
00000650
0000071c
00000596
00000228
ffffff44
fffffd6e
fffffc32
fffffcd6
fffffda2
fffffd98
fffffd84
fffffe0c
ffffff14
00000004
fffffea8
fffffbc8
fffffbe2
fffffda2
fffffcec
fffffb5e
fffffcc4
fffffd2a
fffffdf8
fffffe0c
fffffe0c
fffffe0c
00000031
000000e9
00000014
fffffe04
fffffd15
fffffd5c
fffffd5c
fffffd5c
fffffd5c
fffffd5c
fffffd5c
fffffd5c
fffffd5c
fffffd5c
fffffd5c
fffffd5c
fffffd5c
fffffd5c
fffffd5c
fffffd5c
fffffd5c
fffffd1e
fffffcf6
fffffe30
fffffdea
fffffd5a
fffffdb6
fffffdce
fffffd6c
fffffca0
fffffc62
fffffbdc
fffffa4a
fffffb74
fffffe36
ffffff40
00000072
0000019e
00000004
ffffffa4
ffffffaa
00000114
000000a4
ffffff6e
fffffdfe
fffffd5c
fffffcc4
fffffb6e
fffffc5a
fffffd5c
fffffdea
fffffce6
fffffb80
fffffd6c
000000e8
fffffc7c
fffffbd2
fffffdcc
fffffc54
fffffc32
fffffd32
fffffd5c
fffffd5c
fffffd5c
fffffd72
fffffcd2
fffffdfc
fffffe73
ffffff96
0000001a
0000001a
0000001a
0000001a
0000001a
0000001a
0000001a
0000001a
0000001a
0000001a
0000001a
0000001a
0000001a
0000001a
0000001a
0000001a
0000005c
00000116
000001ac
000002e4
00000412
00000420
000002d8
0000017a
000000d8
00000090
00000030
ffffff58
ffffff08
fffffe86
fffffeb6
ffffffbe
fffffe2a
fffffda0
fffffcc6
fffffcf2
fffffd30
fffffd14
ffffff02
fffffe40
fffffe54
fffffed2
ffffff90
ffffffca
0000001a
00000104
0000053a
000006b0
0000042a
000000ba
fffffdc4
fffffd7a
fffffed4
ffffff4e
ffffffc2
00000044
0000001a
0000001a
0000001a
00000098
000001c6
00000015
000002d7
000001f0
00000100
00000100
00000100
00000100
00000100
00000100
00000100
00000100
00000100
00000100
00000100
00000100
00000100
00000100
00000100
00000100
0000012e
0000016c
000001d4
000001d8
0000013e
00000184
00000156
000001ee
00000256
0000013c
ffffff9a
fffffff4
00000120
ffffff52
fffffd3c
fffffe9e
fffffe9c
fffffe76
ffffff2c
fffffd70
ffffffba
00000342
000004b0
00000078
fffffe00
0000000a
00000184
00000154
00000100
0000015c
000001d6
000001b4
00000054
fffffd58
0000017a
0000016a
000000ea
0000009e
00000146
00000172
00000100
00000100
00000100
00000230
00000271
fffffca7
fffffdaa
fffffef6
ffffff39
ffffff39
ffffff39
ffffff39
ffffff39
ffffff39
ffffff39
ffffff39
ffffff39
ffffff39
ffffff39
ffffff39
ffffff39
ffffff39
ffffff39
ffffff39
ffffffcf
0000008d
000001dd
00000379
0000024d
000000cd
ffffffa3
ffffff61
fffffe01
fffffdbb
fffffd0b
fffffd27
ffffffb7
0000018d
000002d1
00000437
0000055d
00000465
0000039b
fffffed9
fffffb5d
fffffb1f
fffffb65
fffff9ff
fffff97f
fffffa77
fffffc13
fffffebf
ffffff39
00000111
0000032d
000000ed
ffffff5b
fffffb03
fffff9a9
fffffa7d
fffffe07
fffffdd3
fffffded
fffffe77
ffffff39
ffffff39
ffffff39
00000173
00000243
fffff96f
fffffac0
fffffe19
0000002b
0000002b
0000002b
0000002b
0000002b
0000002b
0000002b
0000002b
0000002b
0000002b
0000002b
0000002b
0000002b
0000002b
0000002b
0000002b
000000b1
000001d1
0000033d
000005b1
00000483
00000275
000000c5
0000000f
fffffed9
fffffe8d
ffffffad
000003ef
00000511
000003d3
00000123
ffffff43
ffffffeb
00000089
fffffe65
fffffadb
fffff745
fffff87d
fffffb05
fffff9f5
fffff885
fffffa71
fffffd63
ffffff01
0000002b
000001f1
00000973
000007b9
000003e1
00000055
fffff773
fffff823
fffff875
fffffac1
fffffd23
ffffff61
0000002b
0000002b
0000002b
00000586
000007e8
fffffb95
fffffdc9
ffffff62
ffffffe7
ffffffe7
ffffffe7
ffffffe7
ffffffe7
ffffffe7
ffffffe7
ffffffe7
ffffffe7
ffffffe7
ffffffe7
ffffffe7
ffffffe7
ffffffe7
ffffffe7
ffffffe7
ffffffe1
00000081
00000203
00000345
00000207
00000187
000000c1
000000e7
00000113
000000fb
00000181
00000443
00000487
00000461
00000263
000000c1
00000015
ffffffe1
ffffff15
fffffbe7
fffffac3
fffffca1
000000fd
fffffec1
fffffc51
fffffe2b
ffffffa9
0000002b
ffffffe7
00000097
000006cd
000005d3
000001d5
fffffe21
fffffbbb
fffffc25
fffffd51
fffffd3b
fffffe9d
ffffffe9
ffffffe7
ffffffe7
ffffffe7
000003b6
00000579
fffffa05
fffffbef
fffffea9
ffffffe1
ffffffe1
ffffffe1
ffffffe1
ffffffe1
ffffffe1
ffffffe1
ffffffe1
ffffffe1
ffffffe1
ffffffe1
ffffffe1
ffffffe1
ffffffe1
ffffffe1
ffffffe1
ffffffd9
ffffff3f
00000043
0000021f
0000021f
0000006b
fffffea3
ffffff3f
fffffdb7
fffffd49
ffffff75
0000031d
000001df
00000119
00000067
fffffedf
00000099
0000000b
fffffd29
fffff749
fffff577
fffff7ef
fffffc8b
fffffd9f
fffffcb3
fffffd35
fffffee9
00000087
ffffffe1
00000281
000006c7
000004bf
ffffff19
fffffa07
fffff863
fffffad9
fffffe1f
fffffd87
fffffef3
ffffffff
ffffffe1
ffffffe1
ffffffe1
0000045e
00000652
000001be
fffffdd8
fffffb96
ffffff09
ffffff09
ffffff09
ffffff09
ffffff09
ffffff09
ffffff09
ffffff09
ffffff09
ffffff09
ffffff09
ffffff09
ffffff09
ffffff09
ffffff09
ffffff09
fffffe9f
fffffe55
ffffffbb
ffffff73
ffffffad
00000137
000003ef
0000036d
000003b3
000004bd
0000057b
000002ed
000001d1
0000049b
000002a9
00000321
00000231
0000026f
00000283
000003e9
000005c5
0000038b
0000032f
000002ab
00000343
000002df
fffffd99
fffffc67
ffffff09
00000043
ffffff6b
fffffc49
fffffcc5
0000085d
00000289
fffffe5f
00000223
000001f7
ffffff7d
ffffff3b
ffffff09
ffffff09
ffffff09
fffffeb1
fffffddc
fffffe2c
fffffec1
fffffe7a
fffffebd
fffffebd
fffffebd
fffffebd
fffffebd
fffffebd
fffffebd
fffffebd
fffffebd
fffffebd
fffffebd
fffffebd
fffffebd
fffffebd
fffffebd
fffffebd
fffffed9
ffffff0b
ffffffa5
00000063
0000007f
00000037
0000013f
00000459
000004db
0000044d
00000443
000005b3
000004f1
00000511
00000547
0000036b
000002ad
00000253
000000d5
fffffed5
fffffecd
ffffff25
ffffffcf
fffffe35
ffffff33
00000027
00000037
ffffff09
fffffebd
ffffff9f
00000297
00000075
fffffe11
ffffff9d
000000ed
000000cb
00000007
ffffffed
ffffff27
fffffe85
fffffebd
fffffebd
fffffebd
000001df
000001bb
00000037
0000004d
00000030
00000072
00000072
00000072
00000072
00000072
00000072
00000072
00000072
00000072
00000072
00000072
00000072
00000072
00000072
00000072
00000072
00000060
0000000a
0000002e
00000078
00000082
000000aa
ffffffb8
ffffffae
ffffffae
ffffffa2
ffffffde
0000010e
ffffffaa
fffffcf8
fffffb90
fffffb22
fffffcc8
fffffd62
ffffff0c
fffffe5c
fffffdaa
fffffd54
fffffe6c
fffffedc
0000008e
ffffff16
fffffeb8
ffffff2c
00000072
000000ba
00000002
fffffe92
00000014
000001bc
000000dc
00000034
00000044
0000007c
ffffffe8
00000048
00000072
00000072
00000072
00000166
0000009a
fffffd5f
fffffe26
fffffef5
ffffff55
ffffff55
ffffff55
ffffff55
ffffff55
ffffff55
ffffff55
ffffff55
ffffff55
ffffff55
ffffff55
ffffff55
ffffff55
ffffff55
ffffff55
ffffff55
ffffff83
ffffffbb
0000009b
00000027
ffffff13
fffffe81
fffffe87
000000cf
ffffff87
fffffe85
fffffdf3
0000011d
0000038d
00000381
00000321
00000231
00000047
ffffffe9
fffffe31
fffff98b
fffff97f
fffff93f
fffffae9
fffffb8f
ffffff5b
0000012d
0000027d
0000012d
ffffff55
0000006f
000001d5
00000017
fffffe81
fffffd3b
fffffda1
000000a1
00000121
0000016d
0000005b
ffffff87
ffffff55
ffffff55
ffffff55
000002ed
000002a8
00000208
000002a8
0000016e
ffffff98
ffffff98
ffffff98
ffffff98
ffffff98
ffffff98
ffffff98
ffffff98
ffffff98
ffffff98
ffffff98
ffffff98
ffffff98
ffffff98
ffffff98
ffffff98
ffffffba
fffffffe
ffffffc2
ffffff06
ffffff92
ffffff86
fffffee6
fffffe3a
fffffe5e
fffffe66
fffffdce
fffffcec
fffffcaa
fffffc38
fffffbcc
fffffebe
0000011c
000000f0
00000196
000003ca
000003f6
000004c4
000002f6
0000020e
ffffffb2
fffffffa
000000e4
000000a0
ffffff98
fffffef2
fffffe84
00000010
fffffeb6
fffffece
000000b0
000000b2
ffffffb2
ffffffb2
00000068
0000002e
ffffff98
ffffff98
ffffff98
fffffdf7
fffffdd2
0000056f
00000334
fffffffa
ffffff2f
ffffff2f
ffffff2f
ffffff2f
ffffff2f
ffffff2f
ffffff2f
ffffff2f
ffffff2f
ffffff2f
ffffff2f
ffffff2f
ffffff2f
ffffff2f
ffffff2f
ffffff2f
ffffff2f
fffffee1
fffffced
fffffaa3
fffffa1b
fffffae7
fffffd1f
fffffef7
ffffff3f
ffffff07
fffffe5d
fffffde5
ffffff63
000001a1
0000035f
000001f7
fffffe67
fffffe25
fffffee5
000001c9
00000381
00000455
0000012b
000002d9
00000723
000007ab
000003b7
ffffffcd
ffffff2f
fffffe45
fffffa2f
fffff53d
fffff955
00000115
00000817
00000587
00000407
000002d1
000000a1
ffffff33
ffffff2f
ffffff2f
ffffff2f
fffffdb0
fffffa41
00000320
0000032e
000002c5
00000278
00000278
00000278
00000278
00000278
00000278
00000278
00000278
00000278
00000278
00000278
00000278
00000278
00000278
00000278
00000278
0000020a
000001a8
0000017c
000002b6
000003a6
000004e8
000005c6
000004ee
00000354
000001ea
fffffff4
fffffdec
fffffca4
fffffd40
ffffffe6
00000080
ffffffa8
ffffffbc
00000040
000000a6
ffffffb0
fffffda8
fffffc38
fffffe40
ffffffc8
00000238
0000037a
0000035e
00000278
00000252
0000011c
00000226
0000014a
0000016a
00000462
000004fa
0000046a
00000484
0000044e
00000382
00000278
00000278
00000278
000000c0
0000003f
0000074b
000006c6
00000566
000003c5
000003c5
000003c5
000003c5
000003c5
000003c5
000003c5
000003c5
000003c5
000003c5
000003c5
000003c5
000003c5
000003c5
000003c5
000003c5
000003c9
0000040d
0000032d
00000223
0000030b
0000037f
000003ef
0000028d
fffffef7
fffffd23
fffffa91
fffff8ef
fffffa7b
fffffb15
fffffc99
fffffd15
fffffa67
fffff8eb
fffffa25
fffffd7b
fffffd61
fffffef7
fffffefb
0000035d
00000745
00000a6b
0000098b
000005d7
000003c5
00000277
00000165
ffffffff
00000003
000003e7
00000931
00000911
0000064f
00000559
000004eb
00000441
000003c5
000003c5
000003c5
000000c9
fffffe7d
fffffce9
fffffd3b
fffffde4
ffffff6c
ffffff6c
ffffff6c
ffffff6c
ffffff6c
ffffff6c
ffffff6c
ffffff6c
ffffff6c
ffffff6c
ffffff6c
ffffff6c
ffffff6c
ffffff6c
ffffff6c
ffffff6c
ffffffac
fffffffa
00000262
0000040a
0000051a
000005aa
000005d0
000006fa
00000732
00000642
000006e0
00000408
00000192
00000248
00000350
000002e6
0000036e
00000496
00000254
0000008c
0000007e
ffffff36
fffffeb4
fffff90c
fffff94a
fffffc90
fffffdf2
ffffff30
ffffff6c
00000288
000007fa
00000498
000000c0
00000056
fffffe14
fffffcc8
00000062
000000e0
000000f8
00000016
ffffff6c
ffffff6c
ffffff6c
00000370
000004c0
000000ac
000000ea
000000a5
00000012
00000012
00000012
00000012
00000012
00000012
00000012
00000012
00000012
00000012
00000012
00000012
00000012
00000012
00000012
00000012
ffffffd8
fffffff6
ffffffe8
fffffff8
fffffefa
fffffe78
ffffff1e
00000110
000000d2
00000184
000002ca
0000041e
00000304
0000015e
00000098
000000fa
00000094
00000082
ffffffd8
ffffffba
000001b6
0000056c
0000074c
0000056c
00000442
000003ac
000002f6
0000017c
00000012
00000048
00000156
ffffffc0
0000001e
ffffff60
fffffdd4
00000040
00000042
fffffeba
ffffff06
ffffff7a
00000012
00000012
00000012
000000dc
ffffffdb
fffffabf
fffffa75
fffffba8
fffffda1
fffffda1
fffffda1
fffffda1
fffffda1
fffffda1
fffffda1
fffffda1
fffffda1
fffffda1
fffffda1
fffffda1
fffffda1
fffffda1
fffffda1
fffffda1
fffffdc9
fffffe3b
fffffedf
00000045
0000010f
0000012b
000000e9
00000235
00000463
00000577
000006e3
00000885
00000853
000004fb
000001d1
000001d7
00000273
00000541
000004a9
00000317
0000021f
00000171
00000109
fffffec5
fffffb55
fffff9d5
fffff987
fffffb65
fffffda1
fffffd69
00000141
0000063d
00000489
0000028d
fffffbd9
fffff98b
fffffa99
fffffb55
fffffbcb
fffffd1f
fffffda1
fffffda1
fffffda1
fffffea8
0000022f
fffffdae
fffffc4d
fffffeb5
00000005
00000005
00000005
00000005
00000005
00000005
00000005
00000005
00000005
00000005
00000005
00000005
00000005
00000005
00000005
00000005
00000001
ffffffbf
ffffff23
fffffc6b
fffffb83
fffffb25
fffffb67
fffff9d7
fffff9fb
fffff991
fffff7c3
fffffa77
ffffff59
ffffffef
fffffe83
fffffcd7
fffffb3b
fffffbc9
fffffbe1
fffffa57
fffffaeb
fffff8e9
fffffb07
fffffcab
fffffd89
fffffc5b
fffffc59
00000001
00000005
ffffff33
fffffce5
00000171
000004e5
0000044f
fffffa0b
fffffa1d
fffffa29
fffffb75
fffffd67
ffffff77
00000005
00000005
00000005
000000ec
0000012b
000000c3
00000117
00000090
fffffe95
fffffe95
fffffe95
fffffe95
fffffe95
fffffe95
fffffe95
fffffe95
fffffe95
fffffe95
fffffe95
fffffe95
fffffe95
fffffe95
fffffe95
fffffe95
fffffe91
fffffe37
ffffff5b
ffffffc3
00000001
00000093
00000097
000000a7
00000133
00000183
00000229
00000189
ffffff8b
ffffff61
0000022b
0000028d
000002cf
00000215
0000031b
0000036b
00000425
000004ab
000003f5
00000295
0000028b
0000044b
000002a5
ffffff8f
fffffe95
fffffff5
000000fd
ffffffc3
fffffc15
fffffb87
000001c3
0000027d
00000149
000000f9
ffffffe9
fffffef9
fffffe95
fffffe95
fffffe95
fffffef8
fffffe6f
0000024e
00000276
00000201
0000010e
0000010e
0000010e
0000010e
0000010e
0000010e
0000010e
0000010e
0000010e
0000010e
0000010e
0000010e
0000010e
0000010e
0000010e
0000010e
000000fc
0000010a
000000d0
000000fe
00000172
00000166
00000180
000000b6
00000040
fffffffc
0000007e
0000010a
000001dc
0000001e
ffffff0a
fffffe7a
fffffea6
fffffefc
fffffdae
fffffda4
fffffea6
000000c0
000000dc
0000016e
00000216
000002b0
00000256
00000208
0000010e
00000138
000000d4
0000009e
00000072
000001c2
00000232
000001e8
000000ca
00000188
000001e0
0000014c
0000010e
0000010e
0000010e
000000f2
0000007e
fffffde9
fffffff2
00000015
fffffeb5
fffffeb5
fffffeb5
fffffeb5
fffffeb5
fffffeb5
fffffeb5
fffffeb5
fffffeb5
fffffeb5
fffffeb5
fffffeb5
fffffeb5
fffffeb5
fffffeb5
fffffeb5
ffffff1f
ffffff65
00000129
0000019b
ffffffeb
fffffe49
fffffd8d
fffffcc7
fffffe07
fffffe7b
fffffeff
000000cb
000004c3
00000555
0000034b
0000017d
fffffdcf
fffffe11
fffffda7
fffffd89
fffffc4b
fffffee3
0000010f
0000009d
fffffe8d
fffffdab
fffffe39
fffffe87
fffffeb5
ffffff45
000000b9
000000f3
fffffd75
fffffc13
fffffe7b
ffffff21
fffffb9f
fffffc87
fffffcf7
fffffda7
fffffeb5
fffffeb5
fffffeb5
0000003d
0000013a
00000610
000004d2
000003a9
000002cb
000002cb
000002cb
000002cb
000002cb
000002cb
000002cb
000002cb
000002cb
000002cb
000002cb
000002cb
000002cb
000002cb
000002cb
000002cb
000002a9
00000289
00000211
0000027d
000000c9
00000061
0000024d
0000014b
00000117
00000099
000001b1
ffffff99
ffffff9d
00000051
ffffff2b
fffffd43
fffffdc5
fffffd6f
fffffb5f
fffffde5
00000055
000000ed
ffffffad
00000103
000003ff
000005c5
00000395
00000249
000002cb
00000499
00000705
fffffaa5
fffffc2d
00000475
000005e7
00000523
000002ad
0000026b
000001c7
00000299
000002cb
000002cb
000002cb
000003ad
00000018
ffffff50
ffffff74
ffffff1a
fffffef5
fffffef5
fffffef5
fffffef5
fffffef5
fffffef5
fffffef5
fffffef5
fffffef5
fffffef5
fffffef5
fffffef5
fffffef5
fffffef5
fffffef5
fffffef5
fffffec1
fffffee9
ffffff7f
00000161
000002cd
0000039f
000001d3
ffffff3d
fffffd7f
fffffb87
fffffacb
fffffd7b
fffffd73
fffffcb3
fffffd47
ffffff51
0000013f
000001bd
00000321
0000012d
fffffdd7
fffffb05
fffff97b
fffffb19
fffffd47
fffffedf
ffffff7b
ffffff73
fffffef5
fffffee7
ffffffbd
000001c1
00000195
fffffe97
fffffecb
fffffe95
fffffe89
ffffff77
ffffffa9
ffffff51
fffffef5
fffffef5
fffffef5
ffffff19
ffffff37
000000e7
ffffff9a
fffffe69
fffffe0a
fffffe0a
fffffe0a
fffffe0a
fffffe0a
fffffe0a
fffffe0a
fffffe0a
fffffe0a
fffffe0a
fffffe0a
fffffe0a
fffffe0a
fffffe0a
fffffe0a
fffffe0a
fffffd6c
fffffc9c
fffffaf8
fffff99a
fffff922
fffff98e
fffffa8a
fffffac6
fffffa02
fffffb5c
fffffd34
fffffe5c
fffffcd0
fffffbc8
fffffc0c
fffffbfe
fffffaf6
fffffb54
fffffc3a
fffffe6a
000001a2
00000296
0000024a
0000017c
000001c4
00000056
fffffe86
fffffc94
fffffe0a
fffffbc4
fffffa44
fffffb4e
fffffd82
00000032
00000050
00000064
fffffdd6
fffffc2a
fffffc2c
fffffd74
fffffe0a
fffffe0a
fffffe0a
fffffd2f
fffffd10
00000065
0000005c
0000004d
00000097
00000097
00000097
00000097
00000097
00000097
00000097
00000097
00000097
00000097
00000097
00000097
00000097
00000097
00000097
00000097
000000b7
00000113
fffffee5
fffffedb
0000004f
0000005d
0000008d
ffffff71
ffffff59
00000101
000001c5
0000029d
0000028f
0000039f
00000371
00000291
ffffffbb
fffffe3d
fffffdfd
fffffe47
ffffff1d
fffffdef
ffffffeb
0000020b
000003cd
000003bd
000002f5
000001ab
00000097
ffffffdb
0000000b
fffffdf9
fffffe5b
ffffff7d
00000061
00000081
000001ab
0000019b
0000016d
000000b9
00000097
00000097
00000097
ffffffae
ffffffd7
00000265
00000261
00000282
000002e8
000002e8
000002e8
000002e8
000002e8
000002e8
000002e8
000002e8
000002e8
000002e8
000002e8
000002e8
000002e8
000002e8
000002e8
000002e8
000002fe
00000364
000002ac
00000110
fffffdb2
fffffb36
fffffb1c
fffffbb0
fffffdb6
ffffff2e
ffffff7a
fffffb2a
fffff6bc
fffff696
fffff8d4
fffffa7a
fffffc32
fffffb3c
fffffac2
fffffbb2
fffffd80
ffffff86
000000b6
fffffdc6
fffffcf8
fffffd4e
ffffff48
0000018e
000002e8
00000350
0000027e
fffffe96
fffffdde
fffffecc
fffffe42
0000004a
00000122
00000270
00000252
000002a4
000002e8
000002e8
000002e8
000002b2
00000136
fffff8bd
fffff8d9
fffffa44
fffffc5a
fffffc5a
fffffc5a
fffffc5a
fffffc5a
fffffc5a
fffffc5a
fffffc5a
fffffc5a
fffffc5a
fffffc5a
fffffc5a
fffffc5a
fffffc5a
fffffc5a
fffffc5a
fffffc5a
fffffcbe
fffffc7e
fffffcde
fffffe98
00000006
00000008
ffffff3c
0000012e
00000316
00000366
0000047e
00000606
0000053e
0000015c
00000168
000002c0
00000266
000005fe
000003de
000001a2
ffffffb2
00000122
00000292
fffffe96
fffffa24
fffff9d4
fffffb4a
fffffc5a
fffffa02
fffffa16
00000376
000008b0
000001a4
fffffbe6
fffffa5e
fffffc56
fffffc32
fffffbb4
fffffbb2
fffffc5a
fffffc5a
fffffc5a
fffffac5
fffffe32
000005e1
0000055f
0000042c
00000376
00000376
00000376
00000376
00000376
00000376
00000376
00000376
00000376
00000376
00000376
00000376
00000376
00000376
00000376
00000376
000002ea
0000024e
00000110
ffffff60
00000012
0000016a
00000314
000000b2
fffffed8
fffffda4
fffffc56
fffff8f8
fffff8ae
fffffafc
fffffabc
fffffb30
fffffc62
fffff9fc
fffff9e6
fffffbf4
ffffff24
fffffeaa
fffffea0
00000212
00000476
000005fa
00000598
00000368
00000376
00000118
fffffe84
fffffcde
fffffe04
00000262
00000588
00000792
00000720
00000694
0000052c
000003d4
00000376
00000376
00000376
00000046
fffffe4e
fffffd91
fffffde6
fffffeb5
fffffed4
fffffed4
fffffed4
fffffed4
fffffed4
fffffed4
fffffed4
fffffed4
fffffed4
fffffed4
fffffed4
fffffed4
fffffed4
fffffed4
fffffed4
fffffed4
ffffff14
ffffff40
fffffe1e
fffffc4c
fffffc96
ffffff54
0000014a
0000023e
0000023a
000002ce
00000358
000007a0
00000a5c
00000864
000006c0
000003e6
0000032c
00000274
000001e6
0000022e
00000214
00000346
00000340
000005a0
000004ae
00000386
00000276
00000010
fffffed4
fffffe82
fffffee4
ffffff38
00000124
0000024a
000003e6
000002c2
ffffff72
fffffeb8
ffffff60
ffffff96
fffffed4
fffffed4
fffffed4
fffffef6
0000000b
fffffe92
000000e9
ffffffe5
ffffff55
ffffff55
ffffff55
ffffff55
ffffff55
ffffff55
ffffff55
ffffff55
ffffff55
ffffff55
ffffff55
ffffff55
ffffff55
ffffff55
ffffff55
ffffff55
ffffff59
ffffff63
fffffecb
fffffe95
fffffdd9
fffffc8f
fffffcb5
fffffe17
ffffff9f
00000043
ffffffc1
ffffff01
fffffd75
fffffd93
00000069
0000027f
000001a7
000002ef
000003a1
00000209
0000007d
ffffffa7
00000139
000000f5
fffffd39
fffffddd
00000151
ffffff95
ffffff55
fffffebb
0000000b
000001c7
fffffb95
fffffa4b
ffffff0d
fffffeef
fffffcf3
fffffe89
ffffff51
ffffff79
ffffff55
ffffff55
ffffff55
fffffee5
00000128
000002b2
000002a1
000001c5
00000233
00000233
00000233
00000233
00000233
00000233
00000233
00000233
00000233
00000233
00000233
00000233
00000233
00000233
00000233
00000233
0000023f
0000025d
000002cd
000003a1
000003f7
00000497
000004ad
0000047f
000003a7
000001f3
ffffffc7
fffffbfd
fffffaab
fffffc3b
fffffef5
00000029
ffffff5b
fffffea5
ffffff3b
00000085
000000fb
0000002b
fffffedb
fffffe91
ffffff93
0000005b
000000a1
00000155
00000233
00000223
000001e9
0000022b
0000032d
000004df
000006c1
000004bd
00000435
0000031b
0000027b
00000211
00000233
00000233
00000233
000000f5
00000021
ffffffee
fffffe1f
ffffff67
00000130
00000130
00000130
00000130
00000130
00000130
00000130
00000130
00000130
00000130
00000130
00000130
00000130
00000130
00000130
00000130
0000012e
00000190
000001b4
00000376
000003ee
000004e6
000004de
0000029a
0000022a
00000294
00000180
ffffff0e
fffffd54
000001ac
0000050c
000003ec
000004b8
000003c2
000002e4
0000031e
000002ee
ffffff1e
fffffdc8
000000a0
0000018c
00000024
fffffede
ffffff4e
00000130
000000b0
000000c8
0000017c
0000035e
00000470
ffffff2a
fffffe54
00000042
000000a8
ffffff9a
000000d2
00000130
00000130
00000130
ffffffe3
ffffff5d
000000af
000000cc
00000014
fffffecb
fffffecb
fffffecb
fffffecb
fffffecb
fffffecb
fffffecb
fffffecb
fffffecb
fffffecb
fffffecb
fffffecb
fffffecb
fffffecb
fffffecb
fffffecb
fffffeab
fffffdfd
fffffbe5
fffffbb3
fffffc8b
fffffccb
fffffc45
fffffbb5
fffffc05
fffffd07
fffffd39
fffffb11
fffffa1d
fffffbe5
ffffff29
0000036b
00000351
000002fb
00000409
00000519
00000565
00000619
0000023d
ffffffc1
fffffe3d
fffffde1
fffffe77
fffffe89
fffffecb
fffffdd5
fffffd25
fffffd67
fffffd6d
fffffce3
ffffff13
fffffdaf
fffffdb3
fffffe9d
fffffeff
fffffedd
fffffecb
fffffecb
fffffecb
fffffd37
fffffd3c
ffffffed
ffffff91
fffffec9
ffffff37
ffffff37
ffffff37
ffffff37
ffffff37
ffffff37
ffffff37
ffffff37
ffffff37
ffffff37
ffffff37
ffffff37
ffffff37
ffffff37
ffffff37
ffffff37
ffffff8f
ffffffc5
ffffffa7
ffffffdf
000000c7
ffffffcb
ffffff33
ffffff17
ffffff51
ffffff75
ffffff95
fffffe6d
fffffcdf
fffffcff
fffffe23
00000087
000001cd
00000213
0000018f
000000c7
000000d9
fffffe3d
fffffc83
fffffbe7
fffffcab
fffffd39
fffffe53
ffffff03
ffffff37
ffffffc3
000000c5
000001e3
0000015b
000000a1
fffffd27
fffffbbd
fffffe13
ffffff37
ffffff7f
ffffff41
ffffff37
ffffff37
ffffff37
ffffff12
fffffec4
00000339
000001dc
000000c6
00000073
00000073
00000073
00000073
00000073
00000073
00000073
00000073
00000073
00000073
00000073
00000073
00000073
00000073
00000073
00000073
0000006f
00000067
fffffe65
fffffccb
fffffb91
fffffc15
fffffbeb
fffffb07
fffff973
fffff893
fffff985
fffff73b
fffff7eb
fffff9bf
fffffaf9
fffffd9f
0000002f
00000097
00000145
00000301
00000301
000003f5
000002ff
00000007
000000a9
000000d9
00000055
00000039
00000073
fffffedb
fffffbed
fffffb31
fffffdc3
ffffff81
ffffff49
00000029
0000006f
0000001f
ffffffe9
00000085
00000073
00000073
00000073
fffffe51
fffffcea
0000065a
000004ce
0000022d
000000f3
000000f3
000000f3
000000f3
000000f3
000000f3
000000f3
000000f3
000000f3
000000f3
000000f3
000000f3
000000f3
000000f3
000000f3
000000f3
000000cd
ffffff7f
ffffff87
fffffda1
fffffc97
fffffe43
fffffe99
fffffffd
000000fd
000001d7
00000287
00000009
fffffe77
ffffff35
ffffff9f
00000031
0000034d
000001bb
00000383
00000667
00000887
000007db
0000035b
00000203
0000057d
000004e1
000003a1
00000119
000000f3
000002db
fffffad5
fffff683
fffffaa5
00000099
0000055b
0000052b
0000040b
00000409
000002f9
000001ad
000000f3
000000f3
000000f3
ffffff53
fffffab1
000000bf
00000067
0000008b
000000f6
000000f6
000000f6
000000f6
000000f6
000000f6
000000f6
000000f6
000000f6
000000f6
000000f6
000000f6
000000f6
000000f6
000000f6
000000f6
00000118
000001a2
000001b4
00000382
000005b0
0000075e
000009aa
00000cc2
00000d28
00000cd0
00000c4a
00000980
000007dc
000005b6
000003ac
0000014a
fffffe72
fffffe46
ffffff28
0000014e
00000182
00000162
0000018c
000001f6
000001a8
00000258
0000028e
000001bc
000000f6
0000014c
000002a8
000003cc
00000410
00000494
0000054e
000003ba
0000027e
000001d0
00000132
00000114
000000f6
000000f6
000000f6
0000009f
0000006f
fffffdb3
fffffe95
ffffffd0
00000000
00000000
00000000
00000000
00000000
00000000
00000000
00000000
00000000
00000000
00000000
00000000
00000000
00000000
00000000
00000000
0000006a
0000016a
00000328
0000038e
000003c0
000003cc
000002f0
000002fe
000002b8
000001e4
00000018
00000220
000004b0
00000548
00000554
00000518
000001d4
00000062
fffffec8
fffffaba
fffff934
fffffb32
fffffd34
fffffe1a
ffffff70
0000003e
0000010e
0000001e
00000000
0000013c
00000204
00000110
fffffee0
fffffe82
fffffebc
0000002c
00000014
000001ac
0000009a
ffffff20
00000000
00000000
00000000
00000269
000002fe
fffffff7
ffffffa7
ffffff75
00000069
00000069
00000069
00000069
00000069
00000069
00000069
00000069
00000069
00000069
00000069
00000069
00000069
00000069
00000069
00000069
0000006f
0000001f
ffffff3d
ffffffcb
ffffff99
ffffff89
fffffef3
fffffe8f
fffffe7b
fffffe5d
fffffe25
fffffe95
ffffff9f
000001b7
000002fb
00000399
00000203
000002a1
0000015b
00000031
ffffff19
fffffeaf
ffffffaf
00000057
00000047
ffffffed
00000063
00000035
00000069
fffffff5
ffffff3f
fffffe77
ffffff25
ffffff0b
fffffdd1
fffffd89
fffffeff
0000007b
00000073
000000a1
00000069
00000069
00000069
ffffffa8
ffffffd5
0000026b
00000292
0000031f
000002b1
000002b1
000002b1
000002b1
000002b1
000002b1
000002b1
000002b1
000002b1
000002b1
000002b1
000002b1
000002b1
000002b1
000002b1
000002b1
000002ab
0000029b
000001d7
00000161
000001d1
00000263
000002d9
fffffff7
fffffee9
fffffed3
fffffe71
fffffea3
fffffd3d
fffffe1b
fffffdd7
fffffdb9
fffffcd9
fffffb07
fffffb15
fffffc45
fffffef5
ffffff65
ffffff91
0000035b
000004b7
00000431
0000032d
000002b9
000002b1
00000245
00000107
000000f1
00000307
00000437
0000052f
000005bf
00000331
000002ad
00000263
000002df
000002b1
000002b1
000002b1
00000129
ffffffa8
00000126
0000015c
00000136
000000c9
000000c9
000000c9
000000c9
000000c9
000000c9
000000c9
000000c9
000000c9
000000c9
000000c9
000000c9
000000c9
000000c9
000000c9
000000c9
0000008b
0000003f
ffffffa7
ffffff57
ffffff1f
0000007f
00000101
0000021b
0000030b
00000413
00000427
00000035
fffffc43
fffffc61
fffffd73
ffffff2d
ffffff4b
fffffecd
fffffdc1
ffffff01
000001a3
00000177
000000e9
ffffff93
fffffe3b
fffffe73
ffffffd5
000000af
000000c9
00000127
000001d5
0000029b
00000187
00000125
00000107
00000141
00000047
00000045
000000a1
00000151
000000c9
000000c9
000000c9
00000003
ffffff72
