00000000
00000000
00000000
00000007
00000002
00000000
00000014
00000005
00000021
00000004
0000002c
00000002
00000016
00000013
0000001d
00000026
0000002a
0000002b
0000003b
00000048
00000045
00000056
0000003c
0000004f
0000007b
0000007d
00000085
000000ab
000000ce
0000009f
000000cb
000000a0
000000b6
00000089
000000b6
00000089
000000a8
000000ca
000000ce
000000a5
000000ba
0000006d
00000024
00000052
00000047
00000034
00000000
0000002f
00000000
0000000e
00000000
00000000
00000000
00000000
00000000
00000000
00000000
00000000
00000000
00000000
00000000
00000000
00000000
00000000
00000000
00000000
00000000
00000012
00000014
0000000e
0000003f
00000033
0000006a
0000003a
0000007e
00000066
00000047
00000068
00000062
00000069
0000002f
00000039
00000063
00000049
0000005c
00000052
0000006b
00000063
000000c4
000000ba
000000d2
00000103
00000116
00000106
000000f4
00000107
000000f6
000000c4
000000ef
000000b6
000000ea
000000d7
000000d6
0000009c
000000b3
00000061
00000010
00000026
00000000
00000000
00000000
00000000
00000000
00000000
00000000
00000000
00000003
00000000
00000000
00000000
00000005
00000003
00000008
0000000c
0000002c
0000001c
00000000
00000000
00000000
00000000
00000000
00000000
00000018
00000051
0000000f
00000037
00000015
00000039
00000000
00000007
0000001a
00000018
00000019
0000000f
00000000
00000026
00000000
00000026
00000028
0000004f
0000009d
00000085
000000a6
00000063
000000ae
000000b3
000000d9
000000a9
000000d9
000000dd
000000b8
0000008e
0000008d
0000006a
00000085
00000077
0000006e
00000050
0000005e
0000003d
00000000
00000000
00000000
00000000
00000000
00000000
00000000
00000000
00000000
00000000
00000000
00000002
00000000
00000000
00000004
00000003
00000006
00000000
00000031
00000003
00000013
00000000
00000000
00000000
00000000
00000000
00000000
00000000
00000003
00000000
00000026
00000000
0000003e
00000020
0000001d
0000002e
00000033
00000039
00000033
00000028
0000003e
00000051
0000005f
0000006f
0000007d
00000060
0000008a
000000b1
000000b8
000000e5
000000dd
000000b6
000000f9
000000c6
00000101
00000084
000000b1
00000076
00000095
00000089
00000078
0000004c
00000063
00000000
00000000
00000029
00000000
00000000
00000000
00000000
00000000
00000000
00000000
00000000
00000000
00000000
00000000
00000000
00000000
00000000
00000000
00000000
00000000
00000000
00000000
00000000
0000000a
00000000
00000025
0000004c
00000070
0000008b
000000b5
00000091
0000008d
000000aa
00000099
000000b0
000000a5
000000a3
00000084
000000ca
0000009f
000000cd
000000af
000000f6
000000ca
000000de
000000c1
000000c0
000000ca
000000f8
000000c9
000000fa
000000e6
0000010d
000000fa
00000104
00000108
000000f7
000000f2
000000fc
000000fe
00000118
00000126
000000f6
000000f7
00000098
0000003f
00000033
00000055
00000024
00000016
0000000a
0000000a
0000000f
0000000f
00000001
0000004c
00000050
00000012
00000012
00000026
00000082
00000009
00000048
0000000b
0000001c
00000014
00000019
00000000
00000000
0000002d
0000002a
0000005c
0000002a
00000026
00000041
00000041
0000003c
00000046
00000011
0000003e
00000039
0000002e
0000002d
00000000
0000002a
00000049
0000003f
0000005a
00000084
00000061
0000006d
00000072
000000a8
000000a1
000000ba
000000af
000000b3
00000104
000000e2
000000fc
000000b6
000000a0
000000a9
00000096
000000a5
0000007b
00000075
0000007a
00000000
00000000
00000000
00000016
00000011
00000000
00000019
00000000
00000027
00000012
00000044
00000026
0000000b
0000003b
0000004f
0000005c
0000004b
00000042
00000050
00000014
00000043
00000000
00000000
00000000
00000000
00000000
00000000
00000000
00000000
00000004
00000000
00000020
00000000
00000009
00000000
00000017
00000000
00000000
00000000
00000000
00000000
00000000
00000000
00000000
00000000
00000000
00000000
00000000
00000000
00000000
00000000
00000000
00000000
00000000
00000000
00000000
00000000
00000000
00000000
00000000
00000000
00000000
00000000
00000000
00000000
00000000
00000000
00000000
00000000
00000000
00000000
00000000
00000000
00000000
00000000
00000000
00000001
00000000
00000000
00000003
00000035
00000000
00000001
00000009
00000000
00000000
00000000
00000000
00000000
00000000
00000017
00000029
00000032
00000026
00000052
0000003c
00000053
00000037
00000033
00000032
0000002a
00000026
0000002d
00000000
0000002c
0000003a
00000037
00000041
0000001f
0000001d
0000002a
0000006d
00000082
0000007f
00000073
00000083
00000087
0000008c
0000007f
00000095
0000008c
000000a7
000000ab
000000c7
000000e8
000000de
000000ac
000000a8
00000016
00000000
0000004d
00000019
00000016
00000046
0000000e
00000016
00000045
00000030
00000039
00000058
0000003c
00000021
00000037
00000058
00000055
0000003d
00000056
00000034
00000043
0000002f
0000002f
00000000
00000000
00000000
00000000
00000000
00000000
00000000
00000001
00000000
00000000
00000000
00000000
00000000
00000000
00000000
00000000
00000000
00000000
00000000
00000000
00000000
00000000
00000000
00000000
00000058
0000002d
00000054
0000005c
0000007d
0000005c
0000006e
00000067
00000055
00000040
00000065
00000036
0000005d
00000039
0000002d
00000022
0000003c
00000035
00000000
0000000b
00000000
00000000
00000000
00000000
00000000
00000000
00000000
00000000
00000000
00000000
00000000
0000000c
00000000
00000000
00000004
00000000
00000000
0000000e
00000002
00000000
00000000
00000000
00000008
00000000
00000000
00000000
00000000
00000000
00000000
00000000
0000001c
00000000
0000000f
00000000
0000000e
00000002
0000003b
00000000
00000000
00000024
00000010
00000000
00000010
00000000
00000000
00000000
00000000
00000000
00000000
00000000
00000000
00000000
00000000
00000000
00000000
00000000
00000000
00000000
00000000
00000000
00000000
00000000
00000029
00000012
00000000
00000000
00000000
00000000
00000000
00000000
00000000
00000000
00000000
0000000a
00000000
00000000
00000000
0000003a
00000000
00000001
0000001e
00000000
00000000
00000000
00000000
00000000
00000000
00000000
00000000
00000000
00000000
00000000
00000000
00000000
00000023
00000000
00000001
00000000
00000009
00000000
00000029
00000000
00000026
00000011
00000023
00000015
0000000f
00000000
00000000
00000038
0000000d
0000001b
00000012
00000018
0000004a
00000024
00000049
0000001d
0000000d
00000025
00000010
00000026
00000003
00000011
00000000
00000000
00000000
00000000
00000000
00000000
00000000
00000000
00000000
00000000
00000000
00000000
00000000
00000000
00000000
00000000
00000000
00000000
00000000
00000000
00000000
00000000
00000000
00000000
00000000
00000000
00000000
0000000d
00000000
00000000
00000000
0000000a
00000000
00000005
0000000b
00000001
00000000
00000006
00000002
00000005
00000000
00000000
00000004
00000000
00000012
00000015
0000003f
00000056
000000d0
000000ca
000000db
000000ee
00000103
0000010d
000000f8
00000111
000000f8
000000e2
00000103
000000d6
000000ff
000000f3
000000ea
000000ad
000000b5
0000006a
00000033
0000003e
0000001f
0000000d
0000000f
00000000
0000000d
00000004
00000007
00000000
00000002
00000000
00000000
00000000
00000000
00000000
00000000
00000000
00000000
00000000
00000000
00000000
00000000
00000000
00000000
00000000
00000000
00000000
00000001
00000000
00000007
00000000
0000001b
00000000
00000015
00000000
00000000
00000000
00000000
00000000
00000014
00000000
00000012
00000029
0000005b
0000004e
00000078
00000082
0000007f
00000080
00000062
00000087
00000087
00000098
000000ab
00000079
00000068
00000068
0000006a
0000004d
00000038
00000029
00000018
00000000
00000000
00000000
00000000
00000000
00000000
00000000
00000000
00000000
00000000
00000000
00000000
00000000
00000000
00000000
00000001
00000009
00000000
00000000
00000009
00000000
00000000
00000000
00000000
00000000
00000000
00000000
0000002d
00000040
00000021
00000032
00000040
0000002e
00000020
00000020
00000048
0000001c
0000003c
00000027
0000002b
0000004f
0000003f
0000001b
0000003d
0000004c
00000065
00000058
00000081
00000064
00000076
00000086
000000a4
000000b1
000000b8
000000cd
000000c5
000000c6
000000be
000000d3
000000d0
00000101
000000e9
000000e2
000000c3
00000094
00000024
00000025
00000022
00000000
00000000
00000000
00000000
0000000f
00000000
00000000
0000001c
00000000
00000000
00000000
00000000
00000034
00000000
00000004
00000014
00000001
00000000
00000000
00000000
00000000
00000000
00000000
00000000
00000000
00000000
00000000
00000000
00000000
00000000
00000000
00000000
00000003
00000003
00000021
0000001f
00000010
0000005f
0000002f
00000047
00000032
00000000
00000000
00000000
00000000
00000000
00000000
00000000
00000000
00000000
00000000
00000000
00000000
00000000
00000000
00000000
00000000
00000000
00000000
00000000
0000003e
0000000f
00000000
0000001d
0000003a
00000000
00000012
00000000
00000006
00000000
00000000
00000000
00000000
00000000
00000000
00000000
00000000
00000000
00000000
00000000
00000000
00000000
00000000
00000000
00000000
00000014
00000042
00000054
00000096
00000076
0000007e
00000092
00000081
00000084
000000b0
000000af
00000089
00000097
00000096
0000007f
0000008c
00000061
0000005b
00000051
00000061
00000057
00000069
00000079
0000007e
00000080
000000ad
000000be
000000bd
000000cb
000000c7
000000b9
00000097
000000ae
000000ab
000000ae
000000c6
000000cc
000000a6
000000a4
00000052
00000009
0000001c
00000000
00000000
00000000
00000000
00000007
00000016
00000011
0000000e
00000035
0000004e
00000000
00000016
00000016
0000006b
0000001d
00000032
0000005a
00000041
00000031
00000038
00000000
00000000
00000001
0000001b
00000011
0000000c
0000001e
0000001b
00000020
00000012
00000020
00000043
00000021
00000064
00000060
00000082
0000007e
00000080
0000004c
00000074
00000078
00000052
00000044
00000053
00000062
00000074
00000044
00000064
00000078
0000006b
00000057
0000004c
00000037
0000005f
0000007a
00000074
00000084
00000086
000000ab
00000099
000000a0
000000a7
0000005a
00000044
0000005a
00000015
00000018
00000009
00000000
00000000
00000000
00000000
00000000
00000000
00000000
00000000
00000000
00000000
00000000
00000000
00000000
00000003
00000000
00000000
00000003
00000000
00000000
0000001f
00000036
00000023
00000058
00000031
0000004e
00000039
00000051
00000038
0000006c
0000002a
00000032
00000034
00000061
0000005e
0000002c
0000004a
0000004d
0000000f
00000000
00000000
00000000
0000002e
00000000
00000000
00000000
0000001f
00000017
00000018
00000009
0000003a
0000003b
00000069
0000005d
0000008c
0000008b
00000083
0000007b
0000002c
00000013
0000001e
00000012
00000000
00000016
00000000
00000000
00000005
00000001
00000000
0000002c
0000002b
00000000
00000004
00000016
0000004e
00000002
00000034
00000000
00000003
00000000
00000005
00000000
00000000
0000002f
0000002c
0000003b
00000059
0000006b
00000030
00000050
00000071
00000057
00000081
0000005e
00000087
0000005f
000000a6
0000008f
00000090
00000050
000000af
00000099
000000bb
000000ba
000000b7
000000be
000000c0
000000e5
000000f1
00000161
00000106
0000017e
0000012f
00000154
000000fc
00000126
000000f6
0000010e
0000010e
000000ed
000000c7
000000df
0000008b
0000004a
00000042
00000042
00000024
00000006
00000020
00000004
00000004
00000000
00000014
00000031
00000041
0000001c
00000023
00000022
0000005a
00000013
00000047
00000023
00000024
0000000e
00000021
00000000
00000000
00000000
00000000
00000000
00000000
00000000
00000000
00000000
00000000
00000000
00000000
00000000
00000000
00000000
00000000
00000000
00000000
00000000
00000000
00000000
00000000
00000000
00000000
00000000
00000000
00000000
00000000
00000000
00000000
00000000
00000000
0000000e
00000000
00000000
00000001
00000000
00000018
00000014
00000007
00000000
00000000
00000000
00000000
00000000
00000000
00000000
00000000
00000000
00000000
00000000
00000000
00000000
00000000
00000000
00000000
00000000
00000000
00000000
00000000
00000000
00000000
00000000
00000000
00000000
00000000
00000000
00000000
00000000
00000000
00000000
00000000
00000000
00000000
0000000b
00000000
00000000
00000020
0000001b
00000010
00000006
00000000
00000000
00000006
00000013
00000000
00000004
00000000
00000014
00000014
0000000d
0000001c
00000000
00000000
00000000
00000000
00000000
00000000
00000000
00000000
00000000
00000000
00000000
00000000
00000000
00000000
00000000
00000000
00000000
00000000
00000000
00000000
00000000
00000000
00000000
00000000
00000000
00000000
00000000
00000000
00000000
00000000
00000000
00000000
0000000a
00000003
00000000
00000000
00000000
00000000
00000015
00000025
0000002a
00000032
00000034
00000040
00000038
00000049
0000004f
00000052
00000038
0000006d
00000057
00000077
00000056
0000004e
00000073
00000086
00000073
000000b7
000000d5
000000bf
000000f6
000000fe
0000010d
00000131
00000145
00000126
0000013e
00000123
00000136
000000e5
0000011b
000000e6
00000113
0000010d
00000108
000000bb
000000d6
00000055
0000004a
0000006b
00000018
00000013
00000012
00000005
00000017
0000000e
0000000c
00000000
00000011
0000000b
00000000
00000000
00000000
00000010
00000000
00000007
00000000
00000000
00000000
00000000
00000000
00000000
00000000
00000000
00000000
00000000
00000000
00000000
00000000
00000000
00000004
00000001
00000007
00000028
00000038
00000023
0000003b
00000000
00000000
00000013
00000007
00000000
00000026
00000000
00000000
00000000
00000000
00000010
00000022
00000009
00000024
00000024
00000000
00000000
00000001
00000000
00000000
00000000
00000000
00000000
00000000
00000000
00000054
00000041
00000000
00000000
00000000
00000000
00000000
00000000
00000000
00000000
00000000
00000000
00000000
00000000
00000000
00000000
00000000
00000000
00000004
00000000
00000000
00000000
00000000
00000000
00000000
00000000
00000000
00000000
00000000
00000000
00000000
00000000
00000000
00000000
00000000
00000000
00000000
00000000
00000000
00000000
00000009
00000000
0000000b
00000026
0000002e
00000023
0000004d
00000048
00000057
0000003f
0000003e
00000065
0000006e
0000007c
00000075
00000068
0000003d
0000005e
0000004f
00000073
00000058
0000004d
00000038
00000016
00000000
00000000
00000000
00000000
00000000
00000000
00000000
00000000
00000000
00000000
00000000
00000000
00000000
00000000
00000000
00000000
00000000
00000000
00000000
00000000
00000000
00000000
00000000
00000000
00000000
00000000
00000000
00000000
00000000
00000000
00000000
00000000
00000000
00000000
00000000
00000000
00000006
00000000
00000002
00000000
00000000
00000010
00000010
0000002c
00000000
0000000f
00000009
00000012
00000019
0000002c
0000003c
00000039
00000064
0000005b
0000004d
00000043
00000030
00000057
0000002d
00000062
00000049
00000060
00000036
00000045
00000000
00000000
00000000
00000000
00000000
00000000
00000000
00000000
00000000
00000000
00000000
00000000
00000000
00000000
00000000
00000000
00000000
00000000
00000000
00000000
00000000
00000000
00000000
00000000
00000000
00000004
0000000f
00000038
00000056
00000065
00000063
0000005c
00000068
00000063
00000052
0000006e
00000074
00000095
00000068
00000086
000000b1
00000093
000000ac
000000ac
000000d3
000000b4
000000c5
000000c9
000000b1
000000d8
000000d2
000000c2
000000b7
000000b2
000000c1
00000097
000000bd
00000097
000000c2
000000ab
000000b8
00000078
0000008a
00000056
00000000
0000001a
00000000
00000013
00000000
00000000
00000000
00000000
00000000
00000000
00000014
00000000
00000000
00000000
00000000
00000000
00000000
00000000
00000000
00000000
00000000
00000000
00000000
00000000
00000000
00000012
00000031
0000002b
00000035
00000024
0000002b
00000055
0000003b
00000061
0000002c
00000064
0000004a
00000073
00000054
00000072
00000043
00000090
00000082
00000075
00000080
0000007b
000000bf
000000ed
000000c1
000000e4
000000d6
0000010c
000000df
000000f8
0000010d
000000fb
00000115
00000110
0000012f
00000130
00000141
00000105
00000108
00000077
00000034
0000005b
00000040
0000001f
00000019
00000015
00000000
00000016
00000000
0000001f
00000032
0000003a
00000010
00000020
00000037
00000044
00000023
00000051
0000004e
0000005a
0000005a
0000006e
00000000
00000000
00000003
00000029
00000039
00000044
0000005c
00000067
0000007b
0000006e
00000089
00000083
00000065
0000008f
0000008f
000000ad
00000077
000000a2
000000c2
000000d8
000000e1
00000111
00000115
00000114
00000117
0000014d
00000136
00000176
00000164
0000013f
0000016c
00000147
00000172
000000fa
00000124
000000e2
0000010c
000000f0
000000e4
00000098
000000bd
0000001a
00000000
0000002f
00000000
00000015
00000000
00000000
00000000
00000010
00000000
00000000
0000000f
00000000
00000000
0000000c
0000000a
00000011
00000003
00000014
00000007
0000001f
00000000
00000000
00000000
00000000
00000000
00000000
00000000
00000000
00000000
00000000
00000000
00000000
00000000
00000000
00000000
00000000
00000001
00000000
00000000
00000000
00000000
00000000
00000009
00000000
00000000
00000000
00000000
00000000
00000000
00000000
00000000
00000000
00000000
00000000
00000000
00000000
00000000
00000000
00000000
00000000
00000000
00000000
00000000
00000017
00000000
00000000
00000000
00000000
00000000
00000000
00000000
00000000
00000000
00000000
00000000
00000000
00000000
00000000
00000000
00000000
00000000
00000000
00000000
00000000
00000000
00000000
00000000
00000000
00000000
00000006
00000016
00000058
00000010
00000042
00000008
00000039
00000000
0000000e
00000022
0000002e
00000015
00000023
00000000
0000001a
00000001
0000002d
00000031
0000001e
0000003a
00000032
00000017
00000008
00000019
0000001c
00000000
00000011
0000001b
0000002a
0000001c
00000000
00000000
00000000
00000000
00000000
00000000
00000000
00000000
00000000
00000000
00000000
00000000
00000000
00000000
00000000
00000000
00000000
00000000
00000000
0000000d
0000000f
00000022
0000002d
00000034
00000027
0000002e
00000029
00000022
00000027
00000032
00000021
0000002c
00000022
0000003c
0000002d
00000018
00000048
00000011
00000023
00000000
00000002
00000000
00000000
00000017
00000005
00000000
00000000
00000000
00000000
00000000
00000000
00000000
00000000
00000000
00000000
00000000
00000000
00000000
00000000
0000000c
00000000
00000034
00000024
00000000
00000000
00000000
00000000
00000000
00000000
00000000
00000000
00000000
00000000
00000037
00000006
00000000
00000000
0000002e
00000026
0000002b
00000007
00000038
00000049
0000003b
00000046
00000061
00000064
00000062
00000052
0000005e
0000004f
0000003f
00000040
00000053
0000003a
00000000
00000000
00000000
00000037
00000036
00000038
0000004f
00000051
00000077
00000063
00000075
0000005f
00000060
00000063
00000060
00000070
00000043
00000071
0000007a
000000a1
000000a5
000000cc
000000ed
000000fb
00000132
00000140
00000151
0000017c
00000183
00000183
00000191
00000191
00000195
00000134
0000014a
00000109
00000137
0000011f
0000010c
000000cc
000000ec
0000005a
00000024
00000056
00000037
00000015
00000000
00000025
00000000
0000001a
00000000
00000000
00000002
00000010
0000000d
00000018
00000018
00000012
0000000e
00000013
00000013
0000001f
00000005
00000000
00000000
00000000
00000000
00000000
0000001e
0000000b
00000051
00000007
00000025
00000000
0000003a
0000000e
00000048
00000000
00000004
00000000
0000002e
0000000f
0000000c
00000023
00000018
00000000
00000000
00000000
00000000
00000000
00000000
00000000
00000000
00000008
00000000
00000000
00000000
0000001a
0000000a
0000002f
0000001b
00000045
0000003b
0000002f
00000007
00000007
00000000
00000000
00000000
00000000
00000000
00000000
00000000
00000000
00000000
00000000
0000001c
0000002b
00000000
00000000
0000000c
00000055
00000003
0000002c
0000002a
00000001
0000001d
0000002f
0000000a
00000007
0000003b
00000044
0000001a
00000094
00000076
0000005e
00000050
0000005e
0000004b
00000075
0000006d
00000067
0000004d
0000006f
00000052
0000003e
00000016
0000005e
00000023
0000002f
00000044
0000000d
00000001
00000000
0000001a
0000000d
00000054
00000000
00000052
0000000c
00000010
00000000
0000001f
00000000
00000017
00000000
0000001d
00000000
00000007
0000003f
00000059
00000056
00000000
00000000
00000041
0000003e
00000053
00000008
00000043
00000016
00000027
00000071
00000028
00000000
00000000
0000005b
00000001
00000016
00000046
00000010
00000067
00000052
00000000
00000000
00000000
00000000
00000000
00000000
00000000
00000000
00000000
00000000
00000019
00000000
00000002
00000000
00000000
00000000
00000000
00000000
00000000
00000000
00000000
00000000
00000000
00000000
00000000
00000000
00000000
00000000
00000000
00000000
00000000
00000000
00000000
00000000
00000000
00000000
00000000
00000000
00000000
00000000
00000000
00000000
00000000
00000000
00000000
00000000
00000000
00000000
00000000
00000000
00000000
00000006
00000018
0000002d
0000001c
00000020
00000044
0000004e
00000045
0000003a
00000070
00000033
0000006c
00000061
00000000
00000000
00000000
00000026
00000000
00000010
00000026
0000003c
00000015
00000025
00000023
0000002c
00000018
0000001d
00000016
00000009
00000000
00000000
00000000
00000000
00000000
00000000
00000000
00000000
00000005
00000021
00000000
0000000b
00000005
00000013
00000000
00000000
0000000a
00000010
00000058
00000040
00000072
0000007d
00000081
0000004e
0000007a
00000013
0000000f
0000004a
00000000
0000000c
00000018
00000000
00000004
0000001b
00000018
00000021
00000039
0000003f
00000028
00000041
00000035
00000023
00000033
00000048
00000024
00000046
00000020
00000022
00000000
00000000
00000000
00000000
00000000
00000000
00000000
00000000
00000000
00000000
00000000
00000000
00000000
00000000
00000000
00000000
00000000
00000000
00000000
00000000
00000000
00000000
00000000
00000000
00000000
00000000
00000000
00000000
00000000
00000000
00000000
00000000
00000000
00000000
00000000
00000000
00000000
00000000
00000009
00000000
00000005
00000043
00000034
00000006
00000063
00000031
0000001c
0000004a
0000001e
00000000
00000019
00000016
00000007
00000017
0000001a
00000001
00000016
00000008
0000000f
0000000e
00000012
00000004
00000037
0000002a
00000000
00000000
00000000
00000000
00000000
00000008
00000000
00000000
00000000
00000004
00000000
00000000
00000000
00000000
00000000
00000000
00000000
00000000
00000000
00000000
00000000
00000000
00000000
00000000
00000000
00000000
00000000
00000000
00000000
00000000
00000000
00000000
00000000
00000000
00000000
00000000
00000000
00000000
00000000
00000000
00000000
00000000
00000000
00000000
00000000
00000000
00000000
00000000
00000000
00000000
0000000f
00000017
00000025
00000016
0000000d
00000001
00000030
00000027
0000001d
00000017
00000041
0000001a
00000041
0000001a
00000000
00000000
00000020
00000033
0000004f
00000060
00000078
0000006a
00000072
00000098
00000081
00000088
0000005f
000000a7
0000005f
000000ac
0000005d
00000071
0000006b
000000af
0000008f
00000062
00000085
0000003b
00000053
00000065
00000061
00000073
00000063
00000079
0000004e
0000005f
0000004f
00000056
0000006a
00000048
0000007b
0000005b
00000072
0000003a
00000061
00000035
00000006
00000001
00000000
00000000
00000000
00000000
00000000
0000000e
00000010
00000023
0000005e
00000057
00000031
00000034
00000053
0000006d
0000002d
00000060
00000072
00000063
00000068
00000064
00000000
00000000
00000000
00000022
00000000
00000003
00000000
0000000b
00000009
00000000
00000012
00000000
0000001c
00000009
00000034
0000002d
0000003f
00000000
0000006b
00000000
0000000f
00000000
00000000
00000000
00000000
00000000
00000000
00000000
00000000
00000000
00000000
00000000
00000000
00000000
00000000
00000000
00000000
00000000
00000033
00000000
0000000c
0000002a
0000001f
00000024
0000003a
00000026
00000020
0000004e
00000037
00000011
0000001f
00000000
00000000
00000000
00000000
00000000
00000000
00000000
00000000
00000000
00000013
00000018
00000020
00000034
00000000
00000000
00000000
00000037
00000000
00000045
00000027
0000002a
00000000
00000011
00000009
00000000
00000007
00000000
00000000
00000005
00000000
00000000
0000000b
0000000c
00000002
00000000
00000000
00000000
00000008
00000009
00000000
00000029
00000013
0000000e
00000000
00000000
0000000c
0000000c
0000003a
0000000e
0000003d
00000039
0000007a
0000002e
00000056
00000056
00000044
00000038
00000043
00000032
00000011
00000042
00000038
00000013
00000027
00000005
00000020
00000015
00000011
00000000
00000000
00000025
00000000
0000001c
00000000
00000000
00000000
00000000
00000000
00000000
00000009
00000000
00000020
00000011
0000003e
00000009
00000014
00000000
0000001c
0000000c
0000003d
0000002d
00000037
00000041
0000006c
0000006c
00000031
00000083
00000078
0000004f
00000038
0000001a
00000017
00000011
0000000f
00000000
0000002b
0000001f
00000060
00000046
00000032
0000002c
00000004
00000031
00000006
0000005d
00000033
00000039
00000018
0000000a
00000000
00000000
00000000
00000000
00000000
00000000
00000000
00000000
00000000
00000000
00000000
00000000
00000000
00000000
00000000
00000042
00000000
00000021
00000009
00000000
00000000
00000013
00000000
00000000
00000000
00000000
00000000
00000000
00000000
00000000
00000000
00000000
00000000
00000000
00000000
00000000
00000000
00000006
00000014
00000008
00000000
00000034
00000016
00000000
00000021
00000000
0000000f
0000001f
00000003
0000001c
00000000
00000006
00000000
00000000
00000000
00000000
00000011
0000000e
0000001f
00000009
00000026
00000012
00000014
00000000
00000000
00000000
00000000
00000000
00000000
00000000
00000000
00000000
00000000
00000000
00000000
0000000e
00000000
00000000
00000000
0000001d
00000000
00000000
00000012
00000000
00000000
00000000
00000000
00000000
00000000
00000023
0000000c
00000054
0000004e
0000004b
00000072
00000054
0000007d
00000073
00000061
00000072
0000007d
0000008e
00000048
0000004a
00000051
0000003a
00000055
00000021
00000074
0000004a
0000004c
0000000e
0000006c
00000073
000000b5
00000068
00000096
0000007c
00000083
00000033
00000063
00000015
0000004a
0000002e
0000001d
00000000
00000008
00000012
00000000
00000014
00000000
00000000
00000000
00000000
00000000
00000000
00000000
00000000
0000003b
00000020
00000000
00000016
00000011
00000031
00000018
0000001c
00000055
00000031
00000000
00000000
00000000
00000000
00000000
00000000
00000000
00000000
00000000
00000000
00000000
00000000
00000000
00000000
00000000
00000000
00000000
00000000
00000008
00000000
00000000
0000000b
00000005
00000028
0000005b
0000001f
00000000
00000000
00000000
00000010
0000000f
00000000
00000013
00000000
00000003
00000000
00000009
00000000
00000000
00000000
00000001
00000000
00000000
00000000
00000003
00000018
00000000
00000000
00000000
00000005
00000000
00000000
00000000
00000000
00000000
00000000
00000000
00000000
00000000
00000000
00000000
00000000
00000000
00000000
00000000
00000000
00000000
00000000
00000000
00000000
00000000
00000000
00000002
00000000
0000000a
00000000
0000001c
00000014
00000003
00000032
00000023
00000031
00000036
0000000c
00000000
0000001d
0000002c
00000000
00000000
00000000
00000000
00000000
00000000
00000000
00000000
00000000
00000000
00000000
00000000
00000000
00000000
00000000
00000000
00000000
00000000
00000000
00000000
00000000
00000000
00000000
00000000
00000000
00000000
00000000
00000000
00000000
00000000
00000000
00000000
00000000
00000000
00000000
00000000
00000000
00000000
00000000
00000000
00000000
00000000
00000000
00000000
0000001a
00000019
00000000
00000000
00000004
00000000
00000000
00000000
00000000
00000000
00000000
00000000
00000011
00000000
00000018
00000017
00000006
00000000
00000056
00000045
00000039
0000005d
0000001f
00000009
00000023
00000000
00000010
00000000
00000000
00000000
00000000
00000000
00000000
00000000
00000000
00000000
00000000
00000000
00000000
00000000
00000000
00000000
00000000
00000000
00000000
00000000
00000000
00000000
00000000
00000000
00000000
00000000
00000000
00000000
00000003
00000000
00000000
00000000
00000000
00000000
00000000
00000000
00000000
00000000
00000000
00000000
0000000a
0000001f
0000008f
00000042
00000055
00000020
0000004d
0000000f
0000002f
0000002f
00000022
00000010
00000037
00000000
0000002c
00000007
0000004b
0000004e
00000025
00000063
0000000c
00000000
00000000
00000000
00000000
00000000
00000000
00000000
00000000
00000000
00000000
00000000
00000000
00000000
00000000
00000000
00000000
00000000
00000000
00000000
00000000
00000000
00000000
00000000
00000000
00000000
00000000
00000000
00000002
0000002a
00000013
00000006
00000003
0000001a
0000003d
00000019
00000027
0000003e
0000001e
0000001a
0000001d
0000000d
00000000
00000000
0000002f
0000002e
0000007f
00000068
00000097
0000005b
00000070
00000041
00000044
0000004e
0000002b
0000002b
00000055
00000032
00000067
00000066
00000072
0000007a
0000003d
00000043
00000016
0000000f
0000001d
00000000
0000001a
0000000f
00000015
00000015
0000000e
0000000c
00000017
00000018
00000017
00000023
00000047
0000006f
00000048
0000005a
00000049
00000000
00000000
00000001
00000000
00000000
00000000
00000000
0000001c
0000000d
00000000
00000036
00000000
00000000
00000000
00000002
00000041
00000000
0000000d
00000000
00000000
00000000
00000000
00000000
00000000
00000004
00000058
0000003a
00000086
00000057
00000075
00000063
00000060
0000004b
0000006c
00000057
00000040
00000041
00000047
0000000e
0000002c
00000000
00000000
0000000d
00000000
00000000
00000026
0000003b
0000001a
0000004e
00000085
000000d2
00000086
000000c2
000000a0
0000008c
0000005e
000000a9
00000067
0000008f
0000008a
0000008b
00000067
00000088
00000052
00000011
00000031
00000000
00000000
00000022
00000000
00000026
00000021
00000028
00000011
00000033
00000033
00000010
00000025
00000019
00000036
00000027
0000001c
0000003a
0000004a
0000000a
00000007
00000000
00000000
00000000
00000002
00000000
00000019
00000000
00000036
00000000
00000000
00000000
00000000
00000000
00000000
00000000
00000000
00000000
00000000
00000000
00000000
00000000
00000000
00000000
00000000
00000000
00000000
00000000
00000000
00000000
00000000
00000000
00000000
00000000
00000000
00000000
00000000
00000000
00000000
00000000
00000000
00000000
00000000
00000000
00000000
00000000
00000000
00000000
00000000
00000000
00000000
00000000
0000000f
0000000c
00000000
00000000
00000000
00000000
00000000
00000008
0000001a
00000000
00000022
00000000
00000000
00000000
00000000
00000000
00000000
00000000
00000000
0000000c
00000000
00000011
00000000
00000025
00000000
00000015
00000000
00000000
00000000
00000005
00000000
0000000a
0000000d
00000017
00000000
00000000
00000000
0000000c
00000031
00000000
0000001c
00000000
0000001b
00000000
00000000
00000000
00000004
0000000f
00000002
00000019
00000000
00000022
00000000
00000002
00000000
00000000
00000000
00000000
00000000
00000000
00000000
00000000
00000000
00000000
00000000
00000000
00000000
00000000
00000000
00000000
00000000
00000000
00000000
00000000
00000000
00000000
00000000
00000015
0000001f
0000001e
00000016
00000028
00000008
0000002f
00000000
0000001a
0000001b
00000029
00000024
00000021
00000027
00000010
00000040
00000060
00000059
0000001b
0000006b
00000067
00000058
00000046
0000004d
0000007c
0000007a
0000005d
00000048
0000009b
00000083
000000af
00000091
000000af
00000094
00000096
0000009f
00000099
000000b6
00000097
00000093
000000ab
0000008d
0000003e
00000049
00000075
0000002a
00000033
00000045
00000025
0000000d
0000000a
00000010
00000016
0000002e
00000028
00000021
0000001c
00000023
0000000b
0000001f
00000008
00000000
00000017
0000001e
0000003f
00000018
00000007
0000000f
00000008
0000000b
00000000
00000009
00000000
00000009
00000000
00000000
00000004
00000000
00000000
00000013
00000020
0000001a
00000050
0000001c
0000003d
0000001d
0000003e
0000001f
00000041
0000002b
0000002d
0000002d
0000004c
00000043
00000000
00000010
00000000
0000003b
00000048
00000024
0000004a
0000004e
00000099
00000057
00000081
000000ea
00000083
0000005c
0000007b
00000040
00000048
0000004c
0000003d
0000003f
00000030
00000007
0000000c
00000000
00000000
00000000
00000000
00000000
00000000
00000000
00000000
00000000
00000000
00000000
00000000
00000000
00000000
00000000
00000000
00000000
00000000
00000000
00000000
00000000
00000000
00000000
00000000
00000000
00000000
00000000
00000000
00000000
00000000
00000000
00000000
00000000
00000003
00000000
00000010
00000022
00000022
0000001b
0000000a
0000002c
00000022
0000003b
00000013
00000017
00000008
0000000a
00000006
00000000
00000000
00000000
00000000
00000000
00000009
0000001a
00000000
00000000
00000000
00000000
00000000
00000000
00000000
00000000
00000000
00000000
00000000
00000000
00000000
00000000
00000000
00000000
00000000
00000000
00000000
00000000
00000000
00000000
00000020
00000015
0000004b
00000035
00000053
00000029
00000051
00000040
00000063
00000051
00000057
0000005e
00000048
0000006c
00000040
0000006d
0000005c
000000b4
000000a7
000000f1
000000e6
000000e6
000000f4
00000137
00000115
00000156
0000012b
00000145
00000174
0000015e
0000017b
00000116
0000010d
0000010d
00000106
000000fe
000000ce
000000af
000000b8
00000022
00000003
00000029
0000000b
00000015
00000000
00000003
00000000
00000000
00000000
00000000
00000003
00000009
00000011
0000001f
0000001a
0000002c
00000012
00000029
00000000
00000007
00000000
00000000
00000000
00000000
00000000
00000000
00000000
00000000
00000000
00000000
00000000
00000000
00000000
00000000
00000000
00000000
00000000
00000000
00000000
00000000
00000000
00000000
00000000
00000000
00000000
00000000
00000000
00000000
00000000
00000000
00000000
00000000
00000000
00000000
00000000
00000000
00000000
00000000
00000000
00000000
00000000
00000000
00000000
00000000
00000000
00000000
00000000
0000000f
00000000
00000000
00000000
00000009
00000000
00000000
00000002
0000000c
00000008
00000000
00000013
0000000e
00000017
00000007
00000024
0000000e
00000026
00000017
00000000
0000001d
00000048
0000004e
00000035
00000091
00000060
00000078
00000041
00000091
00000043
00000090
00000039
0000008e
00000046
0000008c
00000016
00000041
0000001c
0000007f
00000054
0000009b
0000009f
000000c6
000000cc
000000a9
000000ed
00000118
0000015c
00000121
00000164
00000142
0000013e
000000e3
0000011a
000000ca
00000102
000000d2
000000a8
0000008c
000000ae
00000090
0000007a
0000006c
0000002f
00000012
00000033
00000032
0000002e
00000008
0000003b
00000044
00000053
00000070
00000056
00000059
00000069
0000006a
0000004c
0000006d
00000070
00000060
00000070
00000062
00000000
00000000
00000000
00000020
00000022
00000048
00000029
00000064
00000048
0000005b
00000039
0000004c
0000005b
0000004b
00000055
0000004b
0000003d
00000059
00000079
00000047
00000062
00000044
0000004c
00000048
00000081
00000085
00000081
00000079
00000076
000000a0
0000006f
0000008c
0000008a
0000009a
0000008f
000000b9
000000b9
000000e3
000000dc
000000b9
000000b0
00000084
0000002c
0000002c
00000024
00000000
00000012
00000000
00000000
00000017
0000000a
00000000
0000002b
0000000f
00000000
00000000
00000000
00000020
00000000
0000001f
00000000
0000000c
00000000
00000001
00000000
00000000
00000000
00000000
00000000
00000000
00000000
00000000
00000000
00000000
00000000
00000000
00000000
00000000
00000000
00000000
00000000
00000000
00000000
00000000
00000000
00000000
00000000
00000000
00000000
00000000
00000000
00000000
00000000
00000000
00000000
00000000
00000000
00000000
00000000
00000000
00000000
00000000
00000000
00000000
00000000
00000000
00000000
00000000
00000000
00000000
00000000
00000000
00000000
00000000
00000000
00000000
00000000
00000000
00000000
00000000
00000000
00000000
00000000
00000000
00000000
00000000
00000000
00000003
0000000a
00000000
00000000
00000031
00000016
00000093
0000004f
0000005e
0000003a
0000005f
00000027
00000041
0000004b
0000001b
00000012
00000033
00000016
00000032
00000031
00000048
00000037
0000001e
00000044
0000000e
0000001f
00000030
00000025
00000046
00000051
0000005c
00000062
00000066
00000055
00000051
0000004f
00000057
0000005d
0000007e
000000a5
0000007a
00000089
0000005a
00000021
0000000f
0000001f
00000000
00000036
00000013
0000002f
00000001
00000032
00000009
00000037
00000039
00000006
00000000
00000011
0000004d
00000005
00000020
00000020
00000016
00000033
0000001c
00000000
00000000
00000000
00000000
00000000
00000000
00000000
00000000
00000000
00000000
00000000
00000000
00000000
00000000
00000000
00000000
00000000
00000000
00000000
00000000
00000000
00000000
00000000
00000000
00000000
00000000
00000000
00000000
00000000
00000000
00000000
00000000
00000000
00000000
00000000
00000000
00000000
00000000
00000000
00000000
00000000
00000000
00000000
00000000
0000000e
00000000
00000007
00000006
00000000
00000000
00000000
00000001
00000000
00000000
00000000
00000000
00000000
00000000
00000000
00000000
00000000
00000000
00000000
00000000
00000000
00000000
00000000
00000000
00000031
00000019
00000037
00000025
00000029
0000003f
00000036
0000000f
0000002c
00000003
00000000
00000013
00000000
00000010
0000003c
0000003e
0000003a
0000006d
00000070
0000009c
000000b2
000000c6
000000b6
000000c4
000000aa
000000ea
000000cf
000000e8
000000f3
000000cc
000000a5
000000be
000000a9
000000d6
000000cb
00000099
000000a1
00000024
00000000
00000008
00000026
00000004
00000000
00000000
00000000
0000002a
00000000
0000000e
00000011
00000005
00000000
00000013
0000003e
0000001a
00000028
0000001d
00000005
00000022
00000021
00000008
00000000
00000000
00000000
00000000
00000000
00000000
00000000
00000000
00000000
00000000
00000000
00000000
00000000
00000000
00000000
00000000
00000000
00000000
00000000
00000000
00000000
00000000
0000002c
00000016
00000033
00000031
0000002f
0000003c
00000023
00000039
0000004c
00000054
0000005b
0000003e
00000033
0000002b
0000002d
00000014
00000011
00000015
00000000
00000000
00000000
00000000
00000000
00000000
00000000
00000000
00000000
00000000
00000000
00000000
00000000
00000000
00000000
00000000
00000000
00000000
00000000
00000000
00000000
00000000
00000000
00000000
00000000
00000007
00000009
00000000
00000000
00000016
00000000
00000000
00000000
00000000
00000000
00000000
00000000
00000000
00000000
00000019
0000000e
0000002a
00000000
0000002a
00000028
00000000
0000000d
00000000
00000000
00000000
00000000
00000000
00000000
00000000
00000000
00000000
00000000
00000000
00000000
00000000
00000000
00000000
00000000
00000000
00000000
00000012
00000000
00000000
00000008
00000000
00000018
0000000b
00000000
00000000
00000000
00000002
00000004
00000012
00000000
00000000
00000000
00000003
00000000
00000000
00000000
00000000
00000017
00000016
00000000
00000000
00000000
00000000
00000005
00000043
00000005
00000027
00000000
00000022
00000000
00000000
0000000c
0000000f
00000000
00000016
00000000
00000018
00000000
00000035
0000002a
00000000
00000023
00000000
00000000
00000000
00000000
00000000
00000000
00000000
00000000
00000000
00000000
00000000
00000000
00000000
00000000
00000000
00000000
00000000
00000000
00000000
00000000
00000000
00000000
00000000
00000000
00000000
00000000
00000000
00000000
00000000
00000026
00000017
00000016
00000020
00000033
0000003b
00000021
00000028
0000001a
00000000
0000001f
00000004
00000000
00000000
00000000
00000000
00000000
00000000
00000000
00000000
00000000
00000000
00000000
00000000
00000000
00000000
00000000
00000000
00000000
00000009
00000005
00000018
0000002c
00000037
0000002b
00000026
0000002b
0000003b
00000020
0000006a
0000006a
00000027
00000070
00000032
0000004e
0000001d
0000003e
0000000d
0000001e
0000001f
0000002f
0000001d
0000002b
00000008
00000000
0000000e
0000001a
00000005
00000000
00000028
00000000
00000000
00000000
00000000
00000000
00000000
00000000
00000000
00000000
00000000
00000000
00000000
00000000
00000000
00000000
00000000
00000000
00000000
00000000
00000000
00000000
00000000
00000000
00000000
00000000
00000000
00000000
00000000
00000000
00000000
00000000
00000000
00000000
00000000
00000000
00000000
00000000
00000000
00000000
00000000
00000000
00000000
00000000
00000000
00000000
00000000
00000000
00000000
00000000
00000000
00000000
00000000
00000000
00000009
00000016
00000012
00000000
00000000
00000000
00000000
00000000
00000000
00000000
00000000
00000000
00000000
00000000
00000000
00000000
00000000
00000000
00000000
00000000
00000000
00000000
00000000
00000000
00000000
00000000
00000000
00000000
00000000
00000003
00000000
00000000
00000000
00000003
00000000
00000000
00000000
0000000c
00000011
00000000
00000046
0000001a
00000044
00000027
00000011
00000000
0000005a
00000040
00000024
00000049
0000001f
00000000
0000000e
0000001b
00000034
00000025
0000001c
0000004f
0000004c
00000042
00000009
0000000b
00000000
00000005
00000000
00000000
00000000
00000000
00000000
00000003
00000000
00000000
00000000
00000006
00000000
00000000
00000000
00000000
00000000
0000000b
00000029
00000011
00000018
00000009
00000021
00000000
0000001b
0000000a
00000002
00000002
00000000
00000000
00000021
0000002e
0000003b
00000030
00000065
00000038
00000054
00000039
00000072
00000037
0000004f
00000026
00000076
0000003a
0000006e
00000018
00000035
00000030
00000063
00000061
00000078
000000b5
0000009b
000000bb
0000009e
000000ef
000000f1
0000013d
00000114
00000150
0000015a
00000127
000000df
000000d9
000000a9
000000c6
000000b2
00000090
00000074
00000090
00000075
00000058
00000047
00000024
00000000
0000000c
00000013
00000002
00000000
00000004
00000000
0000000b
0000000a
00000006
00000005
00000010
00000002
00000000
00000008
0000000f
0000000e
00000008
00000000
00000000
00000000
00000000
00000022
00000000
00000000
00000000
00000016
00000019
00000000
00000015
00000000
00000000
00000000
00000009
00000003
00000009
00000018
00000012
00000000
00000016
00000000
0000000e
0000000c
00000064
0000004d
0000005b
0000008b
000000ac
00000081
0000008c
0000008a
00000094
00000068
00000093
00000047
00000073
0000006b
00000086
00000053
00000073
00000059
00000027
00000036
0000003b
0000000d
0000001e
0000003d
0000000f
0000000c
00000012
00000000
0000000e
00000009
0000000e
0000000d
00000013
00000007
00000008
0000000e
00000000
00000000
00000016
00000009
00000000
00000000
00000000
00000035
0000001a
00000022
00000000
00000051
0000001a
00000045
00000014
00000052
00000011
0000007e
0000007c
0000006c
00000024
00000043
00000034
00000020
00000035
00000029
00000000
0000004f
0000005e
0000004f
00000063
00000085
00000092
0000006c
00000089
00000078
00000067
00000051
00000072
0000005f
00000063
00000065
0000006a
0000006e
00000066
0000002e
00000016
00000022
00000017
00000002
0000000c
0000001c
00000000
00000009
00000006
00000020
00000017
00000015
0000002f
00000049
00000047
00000007
0000004b
0000004a
00000057
00000084
0000006c
00000070
00000000
00000020
00000010
00000003
0000000e
00000000
00000000
00000000
00000009
0000000d
00000018
00000008
00000006
0000000e
00000001
00000000
00000000
00000000
00000000
00000000
00000000
00000000
00000000
00000000
00000000
00000000
00000000
00000000
00000000
00000000
00000000
00000000
00000000
00000000
00000000
00000000
00000000
00000000
00000000
00000000
00000000
00000000
00000000
00000000
00000000
00000020
00000000
00000000
00000000
00000000
00000000
00000019
0000002c
0000002f
00000034
00000044
0000004a
0000002e
00000047
0000004b
0000004e
00000036
00000057
00000059
00000000
00000000
00000000
00000000
00000000
00000000
00000000
00000000
00000002
00000019
00000005
0000000d
00000007
0000001b
00000010
00000021
0000001b
00000025
00000022
00000028
00000034
00000045
00000077
00000070
000000a1
000000a9
000000a6
000000b8
000000a4
000000e2
000000b4
000000ef
000000cb
000000c6
000000b4
000000b8
000000c2
000000c3
000000c6
000000a7
000000a3
0000006e
00000036
00000038
00000031
0000000d
00000017
00000000
00000000
00000000
00000000
00000000
00000000
00000000
00000000
00000000
00000000
00000000
00000000
00000000
00000000
00000000
00000000
00000000
00000000
00000000
00000001
00000000
0000000d
0000001e
0000001e
00000004
00000007
00000003
0000000c
0000002c
00000017
0000003c
00000032
00000062
0000005e
00000068
0000001f
00000091
00000065
000000af
000000b0
0000009d
0000006d
00000093
00000090
000000dc
000000e1
0000009a
000000eb
0000009c
000000d0
0000007f
000000c1
0000008a
000000aa
00000093
000000b6
0000007e
0000009a
00000042
0000002a
0000002f
00000012
00000000
00000000
00000006
00000000
00000000
00000000
00000000
00000000
00000000
00000000
00000000
00000000
00000005
00000000
00000000
00000000
00000000
00000000
00000000
00000000
00000000
00000000
00000000
00000000
00000000
00000000
00000000
00000008
00000000
00000023
00000000
0000000d
00000000
00000000
00000000
00000000
00000000
0000000c
00000000
00000000
00000000
00000013
00000000
00000010
00000017
0000001b
0000000d
00000000
00000022
0000000f
00000039
0000001f
00000021
00000006
0000001c
00000009
00000007
00000000
00000000
00000000
00000000
00000000
00000000
00000000
00000000
00000000
00000000
00000000
00000000
00000000
00000000
00000000
00000000
00000000
00000000
00000000
00000000
00000000
00000000
00000029
00000000
00000001
00000000
00000015
00000000
00000000
0000000b
00000021
0000006e
00000034
00000040
0000002a
00000040
0000000b
00000028
00000041
00000026
00000033
00000045
0000003c
0000005f
00000022
00000056
0000005a
0000005b
00000099
00000068
0000007d
0000005b
0000007d
0000007c
000000b2
0000008c
000000d6
000000bd
000000c8
00000088
00000086
00000070
0000007d
0000009f
0000007b
00000057
0000005a
00000034
00000000
00000000
0000000a
00000000
00000000
00000003
00000012
00000000
0000000f
00000014
0000002a
0000001b
00000000
00000000
0000000b
0000004c
00000005
0000000f
00000014
0000000a
0000000a
0000000b
00000000
00000000
00000000
00000000
00000027
00000024
0000002c
00000032
00000040
00000056
0000003d
00000031
00000043
00000062
00000069
00000071
00000055
0000007b
00000082
00000082
0000009a
000000c8
00000109
000000e2
00000108
000000f3
00000125
00000114
00000146
0000012d
0000016a
0000016c
00000181
0000012c
0000011f
00000105
00000118
0000011f
000000f6
000000d5
000000c8
00000067
00000014
00000028
00000030
0000000b
00000002
00000000
00000000
00000000
00000000
00000000
00000023
00000000
00000000
00000000
0000000f
0000002e
00000000
0000000e
00000012
00000010
00000000
00000000
00000000
00000000
00000000
00000000
00000000
00000000
00000000
00000000
00000000
00000000
00000000
00000000
00000000
00000000
00000000
00000000
00000000
00000000
00000000
00000000
00000000
00000000
00000000
00000000
00000000
00000000
00000000
00000000
00000000
00000000
00000000
00000000
00000000
00000000
00000000
00000000
00000000
00000000
00000000
00000000
00000000
00000000
00000000
00000000
00000000
00000000
00000000
00000000
00000000
00000000
00000000
00000000
00000003
0000001b
00000012
00000008
00000015
0000003e
00000016
0000001e
00000038
00000004
00000012
0000000f
00000000
00000000
00000000
00000000
00000000
00000000
00000000
00000011
00000001
00000000
00000000
00000000
00000000
00000000
00000000
00000000
00000000
00000000
00000000
00000000
00000000
00000000
00000000
00000000
00000020
0000001e
00000016
00000011
00000022
0000000f
00000019
00000009
00000008
00000005
00000037
00000028
0000004e
00000042
0000003c
00000027
00000020
0000000e
00000000
00000003
00000000
00000000
00000006
00000000
00000000
00000004
00000002
00000011
00000015
00000000
00000000
00000009
0000000e
00000000
00000011
0000001a
00000000
0000001a
00000000
00000000
00000000
00000000
00000000
00000000
00000000
00000000
00000000
00000000
00000000
00000000
00000000
00000000
00000000
00000000
00000000
00000000
00000000
00000000
00000000
00000000
00000000
00000000
00000000
00000000
00000000
00000000
00000000
00000000
00000000
00000000
00000000
00000000
00000000
00000000
00000000
00000000
00000000
00000000
00000000
00000000
00000000
00000000
00000011
00000000
00000000
00000000
00000000
00000000
0000001a
00000001
0000002b
0000002a
00000028
00000044
00000042
00000031
00000043
0000004b
0000004b
00000036
00000042
0000001c
0000004a
00000038
00000000
00000000
00000018
00000044
00000041
00000074
00000080
0000005d
00000055
00000048
00000057
0000005f
0000006b
00000044
00000053
0000006c
00000063
00000072
0000002a
00000068
00000060
0000003c
0000005e
0000004d
00000052
0000003d
00000057
00000070
00000080
00000044
0000007c
0000004a
00000052
00000010
00000050
00000000
0000003f
00000000
00000000
00000000
00000004
00000003
00000000
00000000
00000000
0000000e
00000000
00000005
00000000
00000013
00000000
00000017
0000001e
0000001e
00000005
0000001a
00000009
0000003c
0000000e
00000024
00000013
0000002b
00000000
00000000
00000038
0000001a
00000015
00000000
00000000
00000033
00000022
00000038
00000024
00000000
0000001d
0000000c
00000020
00000000
00000000
00000000
00000000
00000000
00000000
00000000
00000000
00000000
00000000
00000000
00000000
00000000
00000000
00000000
00000000
00000000
00000000
00000000
00000000
00000000
00000000
00000000
00000000
00000000
00000000
00000000
00000000
00000000
0000000c
00000019
00000000
00000000
00000000
00000000
0000002f
0000000b
00000032
0000001b
0000001b
0000003b
00000033
00000024
0000001a
0000002e
00000034
00000000
00000052
00000000
0000002d
00000001
00000000
00000000
00000000
00000011
00000000
00000000
00000000
00000000
00000019
00000000
0000002a
00000000
0000001f
0000000d
0000002b
00000030
00000054
0000002f
00000045
0000002b
0000004a
00000018
00000032
00000007
00000038
0000003d
00000028
0000003a
0000006f
00000046
00000068
00000042
00000058
00000052
00000069
00000038
00000057
0000006c
00000086
0000005f
00000081
00000075
00000036
00000038
00000075
00000041
00000005
00000059
0000000d
00000011
00000000
00000000
00000000
00000000
00000000
00000000
00000000
00000000
00000000
00000000
00000000
00000000
00000000
00000000
00000021
00000026
00000027
00000028
0000003e
00000035
00000029
00000019
0000003b
00000055
0000002f
00000033
0000002a
00000033
00000020
00000036
0000003e
00000043
00000011
00000032
00000032
00000030
00000033
00000027
00000033
00000034
00000014
00000007
0000003c
00000038
00000044
00000044
00000029
00000066
00000060
00000086
00000078
00000097
00000097
0000009a
00000084
000000a5
00000043
00000041
0000005d
00000029
00000064
00000042
00000032
00000025
0000003a
00000035
0000004f
0000004a
00000023
00000025
0000002f
00000030
0000000e
0000002e
00000010
0000001a
0000003e
00000030
0000000e
00000000
00000000
00000013
0000000a
0000003c
00000047
0000003c
0000001a
00000008
0000000d
00000007
00000037
00000000
00000003
00000000
00000000
00000000
00000000
00000000
00000000
00000000
00000000
00000000
00000000
00000000
00000000
00000000
00000000
00000000
00000000
00000000
00000000
00000000
00000000
00000000
00000000
00000000
00000000
00000000
00000000
0000003b
00000008
00000000
00000000
00000000
00000000
00000000
00000003
00000000
00000000
00000000
00000000
00000020
00000000
00000000
00000000
0000001a
00000000
00000000
00000000
00000000
00000000
00000000
00000000
00000000
00000000
00000018
00000000
00000000
00000000
00000000
00000000
00000000
00000000
00000000
00000000
00000000
00000000
00000000
00000000
00000000
00000000
00000000
00000000
00000000
00000000
00000000
00000000
00000000
00000000
00000000
00000000
00000000
00000000
00000000
00000000
00000002
00000025
00000033
00000036
00000053
00000058
0000005b
00000053
00000000
00000000
00000047
00000034
0000005c
00000000
0000004b
00000000
0000001f
00000000
00000000
00000000
00000000
00000001
00000005
00000000
00000000
00000000
00000000
00000000
00000000
00000000
00000000
00000000
00000000
00000000
00000000
00000000
00000000
00000000
00000000
00000000
00000000
00000000
00000000
00000000
00000000
00000000
00000000
00000000
00000000
00000000
00000000
00000000
00000000
00000000
00000000
00000000
00000000
00000000
00000000
00000000
00000000
00000000
00000000
00000000
00000000
00000000
00000000
00000000
00000000
00000000
00000000
00000000
00000000
00000000
00000000
00000000
00000004
00000000
00000000
00000000
00000002
00000000
00000006
00000000
00000000
00000000
0000000d
00000009
00000000
0000000e
00000006
0000002a
0000002d
00000021
00000025
00000000
00000000
00000026
0000003c
00000045
00000035
0000002b
0000003f
0000004e
00000030
0000004e
00000056
0000004b
00000031
00000033
0000001e
00000000
0000000b
00000004
00000002
0000000a
00000032
00000000
00000052
0000006a
00000074
00000093
000000c5
000000f4
000000bf
0000010a
000000db
000000f8
000000a1
000000d5
000000b0
000000b1
000000c5
000000a1
0000008e
0000009a
0000002b
0000000f
0000003d
00000000
00000000
00000000
00000011
00000000
0000002b
0000000b
00000038
0000001d
0000003b
00000049
00000065
00000060
00000047
0000006d
0000005c
0000005d
00000069
00000044
0000003d
00000000
00000000
00000000
00000004
00000000
00000000
00000000
0000000a
00000000
00000000
00000000
00000017
00000000
0000000a
00000000
00000000
00000000
00000000
00000000
00000000
00000000
00000000
00000000
00000000
00000000
00000000
00000000
00000000
00000000
00000000
00000000
00000000
00000000
00000000
00000000
00000000
00000000
00000000
00000000
00000000
00000000
00000000
00000000
00000000
00000000
00000000
00000000
00000000
00000000
00000000
00000000
00000009
00000000
00000009
00000008
00000026
00000010
00000000
0000001b
0000001e
00000000
0000002d
00000002
00000017
00000000
00000000
00000000
00000000
00000000
00000000
00000000
00000000
00000000
00000000
0000000e
00000000
00000000
00000000
00000000
00000000
00000006
00000000
00000000
00000014
00000002
0000000d
0000000a
00000000
00000013
00000065
00000010
00000030
00000000
0000002a
00000001
00000010
00000012
0000001d
00000015
0000002e
00000022
00000000
00000003
00000009
00000000
00000000
00000000
00000000
00000000
00000000
00000000
00000000
00000000
00000000
00000000
00000000
00000000
00000000
00000000
00000000
00000000
0000000f
00000000
00000000
0000001b
00000010
00000000
0000001b
00000000
00000000
00000000
00000000
00000012
00000000
00000018
00000000
00000008
00000004
0000001b
00000000
00000008
00000000
00000000
00000000
00000000
00000000
00000015
00000037
0000001e
0000002e
00000023
00000012
0000003b
00000069
00000045
0000003f
0000001c
0000006e
00000035
00000052
0000005c
00000073
0000004d
0000007f
00000066
00000087
00000089
00000072
0000004b
00000000
00000000
00000000
00000000
00000000
00000000
00000000
00000000
00000011
00000000
00000000
0000000f
00000009
00000000
00000000
00000021
0000002c
00000003
0000001c
00000012
00000000
00000013
00000013
00000000
00000000
00000000
00000000
00000000
00000000
00000000
00000000
00000006
00000000
00000000
00000000
00000000
00000002
0000001c
00000024
0000004a
0000002b
00000050
00000041
00000059
00000054
0000005c
00000043
00000047
0000005b
00000037
00000073
0000007f
00000023
00000075
00000028
0000004d
00000012
00000044
00000006
0000001b
00000025
00000030
00000015
00000020
00000000
00000000
00000000
00000000
00000000
00000000
00000000
00000000
00000000
00000000
00000000
00000000
00000000
00000000
00000000
00000000
00000000
00000000
00000000
00000000
00000000
00000000
00000000
00000000
00000000
00000000
00000022
00000011
0000002d
00000023
00000028
0000004a
00000038
00000051
00000064
00000030
0000007c
00000070
0000008c
00000064
00000067
00000056
00000095
00000097
000000c4
000000c5
000000c3
000000b8
000000bb
000000e8
00000118
0000015f
000000fc
0000016e
00000129
00000155
000000da
0000010a
000000c5
000000ef
000000e6
000000c4
00000099
000000c2
00000053
0000002f
00000066
0000003c
00000020
00000000
00000014
00000000
00000000
00000000
00000000
00000000
00000000
00000000
00000000
00000000
00000000
00000000
00000000
00000000
00000000
00000000
00000000
0000003c
00000044
00000000
00000000
00000000
00000000
00000000
00000000
00000000
00000000
00000000
00000000
00000000
00000000
00000000
00000000
00000000
00000000
00000000
00000000
00000000
00000013
00000020
0000001f
00000008
0000002c
00000000
00000000
00000000
0000000e
00000000
00000000
00000000
0000003f
0000001d
0000005c
0000003c
00000043
0000004a
0000006d
0000006a
00000058
00000071
00000051
000000b0
00000048
0000004c
0000005e
00000013
00000005
00000000
00000000
00000000
00000000
00000000
00000000
00000000
00000000
00000000
00000000
00000000
00000000
00000000
00000000
00000000
00000000
00000033
00000051
00000062
0000005e
00000078
0000007d
0000008d
00000092
00000099
000000cc
00000094
000000e2
000000c5
000000e9
000000c3
000000c3
000000a3
000000af
000000ab
0000009a
00000073
00000086
00000093
000000b1
0000009c
000000c4
000000ee
000000dc
000000f3
000000db
000000da
000000c3
000000ef
000000e3
000000ec
00000111
00000107
000000eb
00000104
00000089
00000056
0000006b
00000053
00000025
0000002f
00000014
0000000f
0000002c
00000013
00000019
00000042
00000046
0000001a
0000003c
00000035
00000057
00000026
00000057
00000052
00000071
00000039
0000004e
00000000
00000000
00000004
00000004
00000000
0000001c
00000007
00000002
00000000
00000000
00000000
00000004
00000000
00000005
00000000
0000000c
00000015
00000000
00000000
00000000
0000000b
00000000
00000000
00000000
00000000
00000000
00000000
00000000
00000000
00000000
00000000
00000000
00000000
00000000
00000000
00000000
00000000
00000000
00000003
00000000
00000018
0000003b
00000018
0000000a
00000000
00000000
00000000
00000000
00000000
00000000
00000000
00000005
00000004
0000000b
00000000
00000004
00000000
00000000
00000000
00000002
00000000
0000000a
00000000
00000000
00000000
00000000
00000006
0000002d
00000009
0000002c
00000043
0000002c
00000000
00000000
00000010
00000000
00000016
00000000
00000000
00000000
00000000
00000000
00000006
00000000
00000000
00000000
00000000
00000000
00000000
00000000
00000000
00000000
00000000
00000000
00000000
00000000
00000000
00000000
00000000
00000000
00000000
00000000
00000000
00000000
00000000
00000000
00000000
00000000
00000000
0000001c
00000000
00000011
00000013
0000000b
00000004
00000000
00000010
00000004
0000000e
00000000
00000000
00000030
00000000
00000018
00000000
00000000
00000000
00000000
00000006
00000000
00000000
00000007
0000001f
00000050
00000010
00000040
0000002b
00000054
00000005
0000000b
00000026
00000010
0000001a
00000002
00000000
0000001d
0000000d
00000012
0000001f
00000040
0000007e
00000066
00000082
0000004c
0000006c
00000071
0000005d
00000064
0000006f
00000091
0000005e
00000049
00000031
00000025
0000002b
00000035
00000026
00000017
0000001f
0000001c
00000000
00000000
00000000
00000000
00000000
00000000
00000000
00000000
00000000
00000005
00000019
00000001
00000000
0000000a
00000019
00000004
0000000d
00000009
00000012
0000000b
00000014
00000000
00000056
0000005b
00000035
0000001f
00000004
00000000
00000000
00000000
00000000
00000000
00000000
00000000
00000000
00000000
00000000
00000000
00000003
00000000
00000000
00000000
00000000
00000000
00000000
00000000
00000000
00000000
00000000
00000000
00000000
00000000
00000000
00000000
00000000
00000011
00000000
0000001f
00000011
00000021
00000026
00000037
00000046
00000073
00000085
00000068
000000af
0000005f
0000006a
00000084
0000004e
00000036
0000003e
0000002a
00000000
0000001c
0000002a
00000015
00000005
00000000
00000000
00000000
00000000
00000000
00000008
0000000f
00000000
00000000
00000000
00000000
00000000
00000000
00000000
00000000
00000000
00000000
00000000
00000000
00000000
00000000
00000000
00000000
00000000
00000000
0000000b
0000001c
00000023
00000015
00000021
00000005
00000015
0000002f
00000009
00000000
00000000
00000017
0000000b
0000001e
00000016
00000034
00000000
0000003f
00000022
00000038
00000020
0000002e
00000006
00000006
00000000
00000000
00000000
00000000
00000000
00000000
00000000
00000000
00000000
00000000
00000000
00000000
00000000
00000000
00000000
00000000
00000000
00000000
00000000
00000000
00000000
00000000
00000000
00000000
0000000a
0000000b
0000001a
0000005a
00000014
00000031
00000000
0000000b
00000000
0000001c
00000028
0000002d
00000019
0000002e
00000007
00000003
00000000
00000015
00000009
00000000
00000000
00000000
00000000
00000000
00000000
00000000
00000000
00000000
00000000
00000000
00000000
00000000
00000000
00000000
00000000
00000000
00000000
00000000
00000000
00000000
00000000
00000000
00000000
00000000
00000000
00000000
00000000
00000000
00000000
00000027
00000045
00000042
00000040
0000004c
00000053
0000006a
00000053
0000005f
00000040
00000036
0000003c
00000047
00000010
00000000
00000000
00000000
00000019
00000000
00000007
00000000
00000006
00000000
00000008
00000000
00000007
00000000
00000000
00000000
00000000
00000000
00000000
00000000
00000000
00000000
0000001b
00000000
00000008
00000016
0000001a
00000000
00000000
00000025
0000001e
00000046
00000036
0000004b
0000000b
00000039
00000022
0000002b
0000001b
0000002e
0000000e
00000008
00000000
00000000
00000000
00000000
00000000
00000000
00000000
00000000
00000000
00000000
00000009
00000000
00000000
00000000
00000014
00000015
00000000
00000000
00000000
00000000
00000000
00000000
00000000
00000000
00000000
00000000
00000000
00000048
00000009
00000037
00000009
00000037
00000002
00000012
0000000f
00000022
00000018
00000019
00000000
00000004
00000000
0000001c
0000001f
00000034
0000006a
00000055
0000005b
0000004c
00000062
00000080
0000006c
00000060
0000007f
0000008b
00000081
00000043
00000042
0000002f
00000037
00000032
00000025
00000014
00000020
00000000
00000000
00000000
00000000
00000000
00000000
00000000
00000000
00000000
00000000
00000000
0000002e
00000019
00000014
00000024
0000002e
0000001c
0000002c
00000022
00000048
00000037
00000030
0000000c
00000000
0000000b
0000001d
00000000
00000013
00000000
00000015
00000000
00000005
00000000
0000002d
00000011
0000001a
0000002f
00000023
00000037
0000002c
0000000c
0000000c
00000048
00000031
0000004d
00000061
00000047
00000039
00000070
0000006a
00000084
00000063
00000077
0000009a
0000008f
00000091
0000004b
00000060
0000004a
0000005a
00000026
00000000
0000000b
0000001a
00000000
00000000
00000000
00000000
00000000
00000000
00000000
00000000
00000000
00000000
00000000
00000000
00000011
00000000
00000010
00000009
00000024
00000000
0000000d
00000000
00000000
00000000
00000000
0000002e
00000060
00000031
00000017
00000000
00000000
00000000
00000000
00000000
00000000
00000000
00000000
00000000
00000020
00000004
00000002
00000022
0000000f
00000000
00000000
00000000
00000000
00000000
00000006
00000000
00000000
00000000
00000000
00000000
00000000
00000000
00000000
00000000
00000022
0000000a
00000040
0000001d
00000024
0000001e
0000004e
00000042
0000005c
0000008a
00000071
0000008d
00000052
00000050
00000066
00000019
00000004
00000008
00000012
00000000
00000007
00000028
00000021
00000004
00000000
00000010
00000009
00000019
00000016
0000003c
00000047
00000003
00000000
00000019
00000000
00000000
00000002
00000000
00000000
00000000
00000000
00000000
00000000
00000000
00000000
00000000
00000000
00000000
00000000
00000000
00000000
00000000
00000000
00000000
00000000
00000000
00000000
00000000
00000000
00000000
00000000
00000000
00000000
00000000
00000000
00000000
00000000
00000000
00000000
00000000
00000000
00000000
00000023
0000001e
00000000
00000000
00000000
00000000
00000000
00000000
00000000
00000000
00000001
00000000
00000000
00000000
00000000
00000000
0000000d
00000000
00000007
00000000
00000000
00000000
00000000
00000019
0000001a
0000001f
00000028
00000029
0000000e
00000000
00000019
00000019
0000004b
00000016
0000001a
00000019
0000006e
00000054
0000005e
0000006b
00000068
0000003f
00000046
0000004f
0000002a
0000001c
00000022
00000000
00000002
00000000
00000000
00000000
00000000
00000000
00000000
00000000
00000013
00000026
00000021
00000035
00000035
0000004d
0000003e
0000004f
00000083
0000006f
0000004e
0000008d
00000037
00000085
0000005f
00000049
0000001c
00000044
00000037
0000003c
00000037
00000034
00000033
0000003a
00000014
00000029
00000041
00000030
00000046
0000005e
00000057
00000000
00000000
00000002
0000000c
00000026
00000034
0000002c
0000002e
00000042
0000003a
00000045
00000058
00000050
00000067
0000006b
0000007a
0000004c
00000060
00000041
0000006d
00000076
00000099
0000009c
000000b8
000000c1
000000d1
000000da
00000125
00000122
000000fc
0000012c
00000116
00000115
000000b9
000000ec
000000bb
000000cf
000000bf
000000b6
00000092
000000a1
00000047
00000000
00000014
00000000
00000000
00000000
00000000
00000000
00000000
00000000
00000000
00000009
0000000a
00000000
00000023
00000016
0000001c
00000022
0000001f
0000002c
00000038
00000006
00000006
00000000
00000000
00000000
00000000
00000000
00000000
00000000
00000000
00000000
00000000
00000009
00000000
00000000
00000000
00000008
00000000
00000002
00000000
00000000
00000000
00000000
00000000
00000000
00000000
00000000
00000000
00000000
00000000
00000000
00000000
00000000
00000000
00000000
00000000
00000000
00000000
00000000
00000000
00000000
00000000
00000000
00000000
00000000
00000000
00000000
00000000
00000000
00000000
00000000
00000000
00000000
00000000
00000000
00000000
00000000
00000000
00000000
00000000
00000000
00000000
0000001e
00000000
0000000e
00000015
00000000
00000000
00000000
00000000
00000000
00000000
0000002c
00000007
00000035
0000001a
00000057
0000004b
00000027
00000051
00000034
00000049
00000028
0000000a
00000033
00000031
00000037
0000001b
0000003e
00000011
00000009
0000000b
00000025
00000022
0000002c
00000015
0000000d
00000017
0000000a
00000000
0000000f
00000000
00000010
00000000
00000000
00000000
00000000
00000000
00000000
00000018
00000000
00000000
00000000
00000000
00000000
00000000
00000000
00000000
0000000a
0000000c
00000000
00000000
00000000
0000000e
00000000
00000000
0000004d
0000001d
00000006
00000004
00000000
00000000
00000000
00000000
00000000
0000000e
00000000
00000000
00000000
00000000
00000000
00000000
00000000
00000000
00000000
00000000
00000000
00000000
00000000
00000000
00000000
00000000
0000001e
00000000
00000000
00000000
00000000
0000000a
00000000
00000000
00000000
00000000
00000000
00000000
00000000
00000000
00000000
00000000
00000005
00000000
00000002
00000000
00000000
00000000
00000000
00000000
00000000
00000000
00000000
00000000
00000000
00000000
00000000
00000000
00000000
00000000
00000000
00000000
00000000
00000000
0000001e
00000000
00000016
00000000
00000000
00000000
00000000
00000000
00000000
00000000
00000000
00000017
00000000
00000000
00000000
00000000
00000000
00000007
00000004
00000012
00000000
00000000
00000018
00000000
00000010
00000000
0000000c
0000000e
00000031
00000008
00000021
0000004e
0000005f
00000001
0000003d
00000003
0000001f
00000000
00000029
00000000
0000000b
00000000
00000007
00000000
00000003
00000001
00000000
00000000
00000000
00000000
00000000
00000000
00000000
00000000
00000000
00000000
00000000
00000000
00000000
00000000
00000000
00000000
00000000
00000000
00000000
00000000
00000000
00000000
00000000
00000000
00000000
00000009
00000000
00000003
00000039
0000001d
00000033
0000001e
00000053
0000004a
00000017
0000001d
00000014
00000014
00000000
00000000
00000000
00000007
00000000
00000000
00000000
00000000
00000000
00000000
00000000
00000000
00000000
00000000
00000000
00000000
00000000
00000000
00000000
00000000
0000000a
00000000
00000000
00000000
00000000
00000000
00000000
00000000
00000000
00000000
00000000
00000000
00000000
00000000
00000000
00000023
0000003c
00000040
0000003e
00000054
00000061
00000049
00000064
00000051
00000050
00000040
00000029
0000002a
00000073
0000006b
00000049
00000040
00000018
0000000d
00000007
00000000
00000000
00000020
00000000
00000003
00000000
00000001
00000000
00000000
0000001a
00000010
0000000f
0000002a
00000013
00000060
00000037
0000005d
0000003b
00000050
00000019
0000000e
00000016
00000019
00000003
00000000
00000015
0000003d
0000003f
0000004e
00000044
00000065
00000073
00000068
00000089
00000089
00000099
0000008c
000000d3
0000007f
0000007c
000000ad
00000060
0000003d
0000004a
0000002c
00000000
00000021
00000043
00000025
00000008
00000000
00000000
00000000
00000000
00000000
0000000d
0000000b
00000000
00000002
0000000d
00000000
0000000a
00000020
00000022
0000000a
00000001
00000006
00000010
00000034
00000012
0000002c
0000000f
0000001a
00000000
00000000
00000000
00000013
00000000
00000000
00000000
00000000
00000000
00000003
00000000
00000026
00000015
00000019
00000067
00000030
00000051
0000000d
00000020
00000023
00000015
00000000
00000000
00000000
00000000
00000000
00000000
00000000
00000000
00000000
00000000
00000000
00000000
00000000
00000000
00000006
00000007
00000021
0000002a
0000002b
00000023
00000040
0000001a
00000028
0000000e
00000006
00000000
00000000
00000014
0000000a
00000022
00000000
00000001
00000000
00000000
00000000
00000000
00000000
00000000
00000000
00000000
00000000
00000000
00000000
00000000
00000000
00000019
00000017
00000026
00000013
00000000
00000000
00000000
00000000
00000000
00000000
00000000
00000000
00000000
00000000
00000000
00000000
00000000
00000000
00000000
00000000
00000000
00000000
00000000
00000011
00000000
00000000
00000000
00000000
00000000
00000000
00000000
00000000
00000000
00000000
00000000
00000000
00000000
00000000
00000000
00000000
00000000
00000000
00000000
00000000
00000000
00000000
00000009
00000013
00000000
00000000
00000000
00000000
00000000
00000000
00000000
00000000
00000000
00000000
00000000
00000000
00000000
00000000
00000000
00000000
00000000
00000000
00000000
00000000
00000000
00000000
00000000
00000000
00000000
00000000
00000000
00000000
00000000
00000000
00000000
00000000
00000000
00000000
00000000
00000000
00000000
00000000
00000000
0000000f
0000000a
00000009
0000003c
00000011
0000003b
0000002d
0000000a
00000017
0000001c
00000028
00000028
00000032
00000027
00000023
00000038
0000002d
0000002e
00000039
00000037
00000036
00000070
00000076
00000000
00000000
00000000
00000000
00000000
00000000
00000000
00000000
00000000
00000000
00000000
00000000
00000000
00000000
00000000
00000000
00000000
00000000
00000000
00000000
00000000
00000000
00000000
00000000
00000000
00000000
00000000
00000015
00000000
00000000
00000028
00000000
0000001a
00000000
00000005
00000000
00000000
00000000
0000000d
0000000e
0000001b
00000000
00000000
00000000
00000000
00000000
00000000
0000000c
00000000
00000011
00000000
0000000e
00000000
00000000
00000015
00000025
00000027
00000002
0000001f
00000025
00000001
0000003e
0000000a
00000013
00000000
00000000
00000000
00000000
00000000
00000000
00000010
00000004
00000026
00000000
0000002e
00000028
0000001b
0000001b
00000034
00000048
00000029
00000045
00000043
00000059
0000004e
0000005d
0000005d
00000063
000000a1
000000a1
000000ae
000000f7
000000f6
000000e3
000000c4
000000cd
000000c7
0000009f
000000c2
0000007d
000000a6
0000008f
000000b9
00000074
00000082
0000006b
0000001a
00000028
00000000
00000000
00000000
00000000
00000000
00000000
00000000
00000000
00000000
00000000
00000000
00000000
00000000
00000000
00000000
00000000
00000007
00000000
00000000
00000000
00000008
00000000
0000000a
00000017
00000019
00000060
00000027
0000002f
0000000f
00000032
00000003
0000000a
0000002f
0000001e
00000013
00000023
0000001d
0000002a
00000000
00000037
00000033
00000016
00000053
0000000d
00000019
00000000
00000016
00000005
00000019
00000011
00000038
0000003d
0000001c
00000018
00000000
00000000
00000004
0000000e
00000013
00000000
00000006
00000019
0000001e
00000002
0000000b
00000000
00000016
00000021
00000015
00000000
00000017
00000011
00000027
00000021
00000010
00000003
00000021
00000045
00000017
00000031
0000003b
0000001f
00000038
00000035
00000000
00000000
00000000
00000026
0000003e
00000054
0000005f
0000005f
00000057
0000008e
00000062
00000060
00000042
00000058
00000036
0000006c
00000037
00000068
0000007d
0000008d
00000083
000000a8
000000cf
000000bf
000000f8
00000116
00000107
00000120
0000011e
0000013b
0000012f
0000013a
00000151
00000121
0000012c
00000111
00000133
00000137
0000012f
000000eb
000000f7
00000067
00000024
00000044
00000043
00000021
00000030
00000019
00000016
0000001e
00000020
0000001d
00000050
00000042
0000001c
0000001c
00000039
00000046
00000015
00000048
0000002c
0000003c
00000027
00000023
00000000
00000008
0000001c
00000000
0000000a
00000022
0000000b
00000010
00000000
0000001a
00000000
00000033
00000000
00000037
00000000
00000038
00000015
00000015
00000000
0000003b
00000032
00000040
00000046
00000042
0000001c
00000020
0000004b
00000068
000000a2
0000004c
000000af
0000006d
0000008d
0000003e
00000070
00000039
00000053
00000032
00000028
00000025
0000004c
00000025
00000020
0000001c
00000000
00000000
00000000
00000000
00000000
00000000
00000000
00000000
00000000
0000000c
00000003
00000019
0000000c
0000000a
00000000
0000000e
00000000
00000000
00000000
00000000
00000000
00000000
00000000
00000000
00000000
00000000
00000000
00000000
00000000
00000000
00000000
00000000
00000000
00000000
00000000
00000000
00000000
00000000
00000000
00000000
00000000
00000000
00000000
00000000
00000000
00000000
00000000
00000000
00000000
00000000
00000000
00000000
00000000
00000000
00000000
00000000
00000000
00000000
00000000
00000000
00000000
00000000
00000000
00000000
00000000
00000000
00000000
00000000
00000000
00000000
00000000
00000003
00000000
00000000
0000000b
00000002
00000007
00000000
00000008
00000006
00000000
0000000d
00000000
00000000
00000000
00000000
00000000
00000000
00000000
00000000
00000000
00000000
00000000
00000000
00000000
00000000
00000000
00000002
00000008
00000000
00000000
00000000
00000000
00000000
00000000
00000000
00000000
00000000
00000000
00000000
00000000
00000000
00000000
00000000
00000003
00000000
00000000
00000000
00000000
00000000
00000000
00000000
00000000
00000000
00000000
00000000
00000000
00000000
00000000
00000000
00000000
00000003
00000000
00000000
00000000
00000000
00000000
00000000
00000000
00000000
00000000
00000000
00000006
00000002
00000004
0000001d
00000014
0000001f
00000000
00000005
00000005
00000000
00000012
00000000
0000000d
00000000
00000017
00000000
0000001f
0000000b
0000001d
0000001e
00000012
00000010
00000004
00000000
00000000
00000000
00000018
00000000
00000000
00000000
00000000
00000000
00000000
00000000
00000000
00000000
00000000
00000000
00000000
00000000
00000000
00000000
00000000
00000000
00000000
00000000
00000000
00000000
00000000
00000000
00000000
00000000
00000000
00000000
00000000
00000000
00000000
00000000
00000000
00000000
00000000
0000000e
00000002
00000000
00000012
00000004
0000001e
0000000e
00000008
00000011
00000000
00000000
00000000
00000000
00000000
00000000
00000000
00000000
00000000
00000000
00000000
00000000
00000000
00000000
00000000
00000000
00000000
00000000
00000000
00000000
00000000
00000000
00000000
00000000
00000000
00000000
00000000
00000000
00000000
00000000
00000014
00000000
0000000f
00000000
00000009
0000000a
00000002
00000002
00000000
00000007
00000000
00000000
00000000
00000026
00000000
00000000
00000000
00000000
00000000
00000008
00000000
0000000a
00000000
00000001
00000011
00000025
00000019
00000000
0000001a
00000005
00000008
0000000a
00000003
00000000
00000000
00000000
00000000
00000000
00000000
00000000
00000000
00000000
00000000
00000000
00000000
00000000
00000000
00000000
00000000
00000000
00000000
00000000
00000000
00000000
00000000
00000000
00000000
00000000
00000000
00000000
00000000
00000000
00000000
00000000
00000000
00000000
00000000
00000003
00000000
0000000a
00000000
00000000
00000007
00000009
00000000
00000000
00000000
00000000
00000000
00000000
00000000
00000000
00000000
00000000
00000000
00000000
00000000
00000000
00000000
00000000
00000000
00000010
00000000
00000000
0000000e
00000000
00000007
0000000d
00000000
00000000
0000002e
00000000
00000000
00000023
0000001b
0000001d
00000000
00000000
00000000
00000000
00000000
00000000
00000000
00000000
00000000
00000000
00000000
00000000
00000000
00000000
00000000
00000000
00000000
00000000
00000000
00000000
00000004
0000005e
0000002d
00000028
00000059
00000061
0000006a
0000007a
000000a5
00000082
000000ad
0000009f
0000008f
00000081
00000049
0000007f
00000083
00000069
0000005d
0000003d
0000007c
0000002c
0000003a
00000048
00000027
0000004e
00000027
0000007c
0000001b
00000038
00000032
00000026
0000002a
0000000e
0000001c
00000018
00000000
00000000
00000000
00000000
00000000
00000000
0000001f
0000000f
00000000
0000000b
0000006a
0000005e
00000064
0000006d
000000a2
00000079
00000087
00000082
00000074
0000008e
00000076
00000098
0000009e
000000c2
00000097
0000008c
000000c7
000000bb
000000ed
000000f9
000000e3
00000096
000000df
00000102
0000013c
0000010c
0000013c
000000ed
00000129
0000010d
000000e5
000000c7
00000073
000000a8
000000ac
0000007f
00000081
0000003a
00000058
0000001e
00000015
0000001d
00000000
00000004
00000000
00000011
00000000
00000010
00000000
00000000
00000000
00000000
00000000
00000000
00000000
00000000
00000000
00000000
00000000
00000000
00000010
00000000
0000000c
00000002
00000000
00000000
00000000
00000000
00000002
00000000
00000000
00000000
00000000
00000000
00000000
00000000
00000000
00000000
00000000
00000000
0000000a
00000000
00000010
00000020
00000018
00000018
00000029
00000063
0000004c
00000074
0000006c
00000061
00000064
0000005a
00000053
00000084
0000003c
00000092
00000040
0000008e
00000051
0000005b
00000015
00000042
00000000
0000002b
00000000
0000003f
00000011
00000027
0000000c
00000018
00000000
00000001
00000000
00000000
00000002
00000000
00000000
00000000
00000005
00000000
00000020
00000005
00000000
00000000
00000000
00000000
0000004a
00000050
0000004a
00000056
0000005e
00000052
00000053
0000007c
00000059
00000071
00000063
00000084
000000a0
000000af
000000a7
00000080
000000bb
000000b8
000000cd
000000b5
00000092
00000052
000000af
000000c5
00000107
000000cc
00000101
000000a0
000000f3
000000f8
000000bf
000000b0
00000086
000000b9
00000098
00000067
00000052
00000035
00000056
00000000
00000000
00000011
00000000
00000000
00000000
00000000
00000000
00000000
00000000
00000000
00000000
00000000
00000000
00000000
00000000
00000000
00000017
00000000
00000000
00000004
0000002e
00000008
00000019
00000019
0000002b
00000028
0000002f
0000001a
0000005a
0000003c
00000040
0000002f
00000096
00000051
00000094
00000036
00000045
0000003a
00000050
000000a8
0000005d
0000008f
0000005d
00000084
00000053
00000065
0000008d
0000006d
00000071
0000008f
00000097
0000008c
000000ad
000000b3
000000b1
0000008c
0000009a
000000bc
0000008a
000000b5
000000a9
00000082
00000094
0000009f
00000081
000000ab
00000069
0000008c
0000006d
000000ac
00000067
00000070
00000076
00000082
0000008c
0000004b
0000003f
0000007d
00000006
00000000
0000001c
00000000
0000003c
00000025
0000004c
00000018
00000043
0000001d
00000063
00000065
0000004d
00000071
00000086
00000065
00000047
00000064
00000049
0000003c
00000041
00000036
00000000
00000019
00000000
00000000
00000000
00000000
00000000
00000000
00000000
00000000
00000000
00000000
00000010
00000000
00000062
00000000
0000005d
00000093
00000084
00000055
00000094
0000008a
0000009c
00000074
0000006a
00000057
00000058
0000004d
00000019
0000003d
00000017
00000036
0000001f
0000003c
00000037
00000008
00000027
00000008
0000002b
0000001c
0000001a
0000002b
00000000
00000000
0000000c
00000000
00000009
00000000
00000003
00000000
0000001c
00000000
00000000
00000000
00000000
00000000
00000000
00000000
00000000
00000000
00000000
00000008
00000000
00000000
00000000
0000000e
00000000
0000001a
00000000
00000000
00000000
00000000
00000000
00000000
00000000
00000000
00000000
00000000
00000000
00000000
00000000
00000000
00000000
00000000
00000000
00000000
00000000
00000000
00000000
00000000
00000000
00000000
00000000
00000000
00000000
00000013
00000006
0000001d
00000014
00000027
0000004a
00000025
00000045
0000003c
0000002c
00000032
00000010
00000000
00000000
00000020
0000000d
00000026
00000036
00000011
0000001a
00000019
00000033
0000002b
00000019
00000049
00000055
00000035
00000028
00000020
00000027
00000005
00000014
00000000
00000000
00000000
00000000
00000029
00000000
00000000
00000000
00000086
00000024
00000056
0000005c
0000006d
000000b1
00000053
0000009b
00000067
0000008d
000000c3
0000007d
00000077
0000009d
0000005a
00000075
00000052
0000003c
00000034
0000005f
0000003e
00000031
0000003b
00000017
00000040
00000031
00000061
00000052
00000000
00000029
00000025
0000004b
00000018
00000002
00000055
00000007
00000000
00000001
00000000
0000000f
00000003
00000017
00000000
00000015
0000000e
00000012
0000000f
00000000
00000016
00000001
00000000
00000000
00000000
00000000
00000000
00000000
00000000
00000000
00000000
00000000
00000000
00000000
00000000
00000000
00000056
0000002b
00000048
0000002f
00000067
0000007e
00000066
0000009c
00000085
00000077
0000004e
00000053
00000061
00000019
00000025
00000048
0000001f
00000035
00000000
0000000d
00000000
00000000
00000000
00000000
00000000
00000000
00000000
00000000
00000000
00000000
00000000
00000000
00000000
00000000
00000000
00000000
00000006
00000005
00000000
00000000
00000000
00000000
00000000
00000000
00000000
00000000
00000010
0000000f
00000000
0000001e
00000002
0000002b
00000012
0000004d
00000078
00000064
0000006a
000000af
000000c5
000000b6
0000009e
000000cd
000000e3
000000b8
00000025
00000033
00000030
0000006a
00000064
00000070
00000071
0000000c
00000007
00000000
00000000
00000000
0000001e
00000012
00000032
0000001a
00000000
00000012
00000028
00000000
00000000
00000000
00000000
00000000
00000000
00000000
00000000
00000000
00000000
00000000
00000000
00000000
00000000
00000000
00000000
00000006
00000000
00000000
00000000
00000000
00000004
00000000
00000000
00000000
00000000
00000020
00000007
00000017
00000013
0000003f
0000001f
0000005b
00000038
0000003d
00000069
00000060
0000006f
0000009e
000000ca
0000009c
000000a6
00000082
00000095
0000007d
00000015
00000000
00000005
00000029
0000002f
00000048
00000030
00000032
00000000
0000002e
00000063
00000024
0000002d
00000065
00000065
00000029
0000002f
00000040
00000025
00000055
0000000a
00000011
00000029
00000003
00000000
00000000
00000001
00000000
00000000
00000000
00000000
00000000
00000017
00000000
00000014
00000000
00000000
00000000
00000000
00000009
00000000
0000000e
00000000
00000000
00000000
00000004
00000012
00000004
0000001d
00000011
00000013
0000000b
00000012
0000000a
00000013
00000005
0000000e
00000018
00000030
0000000a
0000004d
00000030
00000061
0000005e
000000d6
0000008b
0000008b
000000c1
000000d2
00000134
000000cc
00000109
000000c3
000000f1
000000f3
000000cc
000000bf
0000007b
00000088
00000096
0000006a
0000006e
00000032
00000045
0000001d
00000010
00000028
00000005
0000001d
00000006
00000021
0000000d
0000000b
00000000
00000000
00000000
00000000
00000000
00000000
00000000
00000000
00000000
00000000
00000000
00000000
00000000
00000000
00000000
00000000
0000001a
00000006
0000000e
0000001e
0000003c
00000027
00000034
00000020
0000001c
0000003d
00000028
0000003b
0000004e
00000084
00000042
00000032
0000005d
00000078
0000005c
0000002d
0000002b
0000000a
00000025
0000003e
0000005d
00000042
00000047
00000022
00000057
0000008c
00000052
0000004f
0000003f
0000006a
0000003d
0000004e
0000002c
0000001f
00000001
00000009
00000000
00000000
00000000
00000000
00000000
00000000
00000000
00000000
00000000
00000000
00000002
00000013
00000005
00000020
00000000
00000000
00000000
00000000
00000000
00000000
00000012
00000000
00000031
00000017
00000021
00000000
00000000
00000000
00000030
00000006
00000021
00000000
0000002e
0000001f
0000002e
00000000
00000003
00000003
00000000
0000001e
00000000
00000000
00000000
0000001a
00000000
00000053
00000039
00000075
0000003b
00000077
00000059
0000005b
00000065
0000008f
00000067
00000086
00000075
00000095
0000005a
00000098
00000099
0000008c
0000007c
0000007d
00000055
00000078
00000033
0000006b
00000042
0000007e
00000049
00000028
0000004e
0000003d
00000058
00000032
00000021
0000002d
00000024
00000019
00000028
0000001c
00000000
00000040
00000010
00000032
00000000
00000000
00000001
00000003
00000000
00000012
00000000
00000001
00000006
00000011
00000009
00000024
00000000
00000013
00000010
00000013
00000020
00000012
00000021
00000026
00000039
0000000a
00000024
0000000c
00000000
00000000
00000000
00000000
00000000
00000000
00000000
00000000
00000000
00000000
00000000
00000000
00000000
00000000
00000003
00000000
00000033
00000013
0000003d
00000035
0000004f
00000037
0000003c
00000068
00000032
00000066
0000004a
00000058
00000030
00000029
00000030
0000002b
00000000
00000000
0000000e
00000008
00000029
00000000
0000003e
00000008
00000049
00000036
00000055
00000039
0000003a
0000003d
00000076
0000004e
00000041
0000003b
0000007c
00000052
00000071
00000021
0000002c
00000027
0000001e
0000005c
00000019
0000001b
00000026
00000022
00000013
00000016
0000004d
00000063
00000055
0000006e
00000075
0000005e
00000086
0000007d
00000079
00000073
0000004c
00000088
00000038
00000054
00000052
00000050
0000001e
0000002c
00000000
00000012
00000000
00000000
00000000
00000000
00000000
00000000
00000000
00000000
00000000
00000000
00000000
00000000
00000000
00000000
00000016
00000004
00000001
0000000d
00000022
0000001a
0000001f
00000022
0000003e
00000041
0000003a
00000044
00000044
0000003d
0000004b
00000060
00000068
0000003f
00000059
00000020
0000003f
00000025
00000048
0000004a
00000020
00000029
00000038
0000007e
0000006f
00000086
00000070
00000077
00000066
00000083
00000075
00000099
00000064
0000004f
00000063
0000006d
00000029
0000004a
00000033
00000036
0000003c
00000036
00000010
0000001a
00000018
0000001f
00000000
0000000b
00000005
00000026
00000000
0000002f
0000000c
00000010
00000002
00000002
00000000
00000000
00000000
00000000
00000006
00000000
00000000
00000000
00000011
00000008
00000022
00000021
00000015
0000000b
00000000
00000000
00000007
00000000
00000010
00000000
0000002c
00000000
0000001e
00000000
00000000
00000000
00000000
00000052
00000000
00000000
00000000
00000000
00000000
00000031
00000000
00000000
00000000
00000001
00000000
00000000
00000000
00000006
00000000
00000016
00000049
00000033
00000000
00000033
0000004a
00000033
00000056
00000034
0000003a
0000003f
0000002a
0000000e
0000000a
00000030
00000000
00000007
00000016
00000029
00000040
00000016
00000000
00000039
00000000
00000000
00000000
00000000
00000000
00000009
00000000
00000000
00000000
00000000
0000000d
00000019
0000003c
00000001
00000047
0000002a
00000045
00000038
0000008a
00000059
0000009a
0000003f
00000050
00000036
00000047
00000074
00000029
0000003d
00000031
00000045
0000002a
0000003f
00000068
00000068
00000079
00000093
000000c9
00000094
000000bd
000000b8
000000d6
000000c7
000000c3
000000ef
000000db
000000d3
000000d8
0000009c
000000c9
0000008a
0000008a
000000a0
00000067
00000063
00000050
0000009a
00000039
00000047
0000004d
0000004f
00000040
0000002c
0000002c
00000052
00000000
00000000
0000000e
00000000
00000000
00000008
00000000
0000000b
00000000
00000000
00000000
00000000
00000000
00000000
00000000
00000000
00000000
00000000
00000000
00000000
00000000
00000000
00000000
00000000
00000000
00000000
00000000
00000000
00000000
00000000
00000000
00000000
00000000
00000000
00000000
00000000
00000000
00000000
00000000
00000000
00000000
00000000
00000000
00000000
00000000
00000000
00000000
00000000
00000000
0000000b
00000002
00000037
0000000d
0000002d
00000007
0000003c
00000020
00000023
0000001d
00000016
0000000d
00000020
00000024
0000002a
00000000
00000000
00000000
00000000
00000000
00000000
00000000
00000004
00000000
00000007
00000036
00000049
0000002f
00000052
00000046
0000003c
00000023
0000005b
0000000c
00000025
00000006
00000043
00000042
00000048
00000045
00000039
00000042
0000003f
00000051
00000032
0000004f
00000009
00000014
00000016
00000035
00000039
00000041
00000039
00000024
00000000
0000000d
00000006
00000000
00000000
00000000
00000000
00000000
00000000
00000000
00000000
00000000
00000000
00000000
00000000
00000000
00000000
00000000
00000000
00000000
00000000
00000000
00000000
00000000
00000000
00000000
00000000
00000000
00000009
00000006
00000003
00000007
00000008
00000000
0000001e
00000036
00000035
0000003f
00000047
0000005a
0000004d
00000052
0000005e
0000006e
0000007b
0000007d
000000a6
000000c8
000000b8
000000d4
000000b9
0000010c
00000117
0000011e
000000f5
000000e0
000000a0
00000120
00000136
00000146
00000137
00000129
000000fb
0000011a
0000012a
000000e4
000000ed
000000bd
000000ef
000000bf
000000b1
000000aa
00000085
00000086
00000067
00000047
0000007c
0000002b
0000003a
00000031
0000005e
00000036
00000034
00000014
0000000c
0000000c
00000018
00000000
0000001d
00000000
0000002a
0000000a
00000008
00000012
00000000
00000004
00000000
00000000
00000010
0000000d
0000002a
0000000f
00000000
00000011
00000006
00000012
0000002b
0000002e
0000004f
00000034
00000060
00000085
0000008b
00000086
00000066
00000092
0000009b
0000007a
00000000
0000001c
00000000
00000038
00000050
00000051
00000050
0000000b
00000019
00000000
00000004
00000000
00000024
0000000c
0000003c
0000003d
0000001a
00000028
0000002b
00000017
00000000
00000000
00000001
00000000
00000000
00000000
00000000
00000000
00000000
00000000
00000000
00000000
00000000
00000000
00000000
00000000
00000000
00000000
00000000
00000000
00000000
00000000
00000000
00000000
00000000
00000000
00000000
00000000
00000000
00000000
00000000
00000000
00000000
00000000
00000000
00000000
00000000
00000000
00000000
00000000
00000000
00000000
00000000
00000000
00000000
00000000
00000000
00000000
00000000
00000000
00000000
00000000
00000000
00000000
00000014
00000000
00000003
00000010
00000018
00000000
0000001d
00000036
00000022
00000015
00000006
0000000d
00000020
00000018
00000035
0000000e
0000003d
00000009
00000016
00000000
0000000b
00000008
00000007
00000000
00000013
00000000
00000000
00000000
00000000
00000000
00000000
00000000
00000000
00000000
00000001
00000003
00000016
00000000
00000000
00000000
00000000
00000000
00000000
00000000
00000000
00000000
00000000
00000000
00000000
00000000
00000000
00000000
00000000
00000000
00000000
00000000
00000000
00000000
00000000
00000000
00000000
00000000
00000000
00000000
0000000c
0000000c
00000032
00000025
0000002f
0000001b
00000030
00000056
00000056
0000003d
00000022
0000001e
0000003f
00000000
00000002
00000000
00000018
00000000
0000000e
00000000
00000000
00000000
00000000
00000000
00000000
00000000
00000000
00000000
00000000
00000000
00000000
00000017
00000012
00000012
0000002e
00000064
00000047
00000050
00000063
0000008a
0000006d
00000083
00000081
0000006c
0000006d
00000068
00000068
0000009a
000000ac
000000a5
00000067
000000da
000000a9
000000eb
000000f6
000000ef
000000cc
000000e4
0000010d
000000f7
00000107
000000e5
000000eb
000000fd
000000ed
000000d1
000000ab
00000092
000000c3
00000097
000000af
00000077
0000006c
00000066
00000076
00000047
00000050
00000022
00000033
00000014
0000003e
00000015
0000002e
00000015
00000018
00000030
0000001b
00000000
00000021
00000000
00000000
00000000
00000000
00000000
00000000
00000009
00000000
00000000
00000000
00000010
00000017
0000001f
00000024
00000041
00000028
00000027
00000028
0000003a
00000025
00000034
0000001d
0000001f
00000017
0000001d
0000006e
0000003b
00000059
0000006a
000000be
00000086
00000068
000000a6
000000a0
000000e2
000000a5
000000da
000000ad
000000ce
000000f6
000000c2
000000b1
000000b3
00000091
000000a0
00000083
00000085
00000061
00000083
0000004d
00000037
0000004f
00000000
00000026
0000001f
00000063
00000024
00000007
00000019
0000000c
0000001e
00000000
00000000
0000002f
00000000
00000000
0000001f
00000011
00000019
0000002f
0000003e
00000031
00000024
00000032
00000087
00000075
0000007f
0000008c
000000ae
0000008d
000000a0
000000a8
00000090
00000098
0000008c
000000a4
000000b5
000000c8
000000bf
0000008d
000000fe
000000d5
0000011d
00000119
00000105
000000b3
00000117
00000128
0000015f
00000134
00000152
00000113
00000155
00000147
0000012b
000000d8
000000de
00000106
00000105
000000d7
000000a1
0000007b
0000009b
00000073
0000003f
0000004f
00000016
00000015
00000003
00000034
0000000e
00000018
00000001
00000000
00000008
00000000
00000000
00000008
00000000
00000000
00000000
00000000
00000000
00000000
0000000a
00000000
00000000
00000000
00000000
00000010
00000000
00000005
00000000
00000000
00000000
00000000
00000000
00000000
00000000
00000000
00000000
00000000
00000000
00000000
00000000
00000000
00000000
00000000
00000000
00000000
00000000
00000000
00000000
00000000
00000000
00000000
00000000
00000000
00000000
00000000
00000000
00000015
00000000
0000001e
0000001b
0000002a
0000001e
00000023
00000009
00000033
00000000
00000013
00000000
0000001e
00000000
00000028
00000000
00000000
00000000
00000000
00000000
00000000
00000000
00000000
00000000
00000000
00000000
00000000
00000020
00000016
00000008
00000022
00000015
00000034
00000003
00000036
00000029
00000016
00000000
0000001a
00000000
00000000
00000000
00000000
00000000
00000000
00000000
00000000
00000000
00000000
00000000
00000000
00000000
00000000
00000000
00000000
00000000
00000000
00000000
00000000
00000000
00000000
00000000
00000000
00000000
00000000
00000000
00000000
00000000
00000000
00000000
00000000
00000000
00000000
00000000
00000027
00000000
00000007
0000001a
0000000f
00000000
00000001
0000001f
00000000
00000014
00000000
00000000
00000000
00000000
00000000
0000002c
00000000
00000016
00000000
00000015
00000029
00000000
00000047
00000000
0000000d
00000000
00000000
00000000
00000000
00000000
00000000
00000000
00000000
00000000
00000000
00000000
00000000
00000000
00000000
00000000
00000000
00000000
00000000
00000000
00000000
00000000
00000000
00000000
00000000
00000000
00000000
00000000
00000003
00000000
0000000c
00000000
00000021
00000016
0000001e
00000012
00000022
0000000b
0000001a
00000006
0000002a
00000031
00000019
00000042
00000033
0000000c
00000017
00000021
00000009
00000023
00000000
00000000
00000000
00000011
00000000
00000038
0000000e
00000037
0000000a
00000024
00000018
00000054
00000054
00000052
00000052
00000077
0000005a
00000051
00000051
00000056
00000052
00000048
00000047
0000003f
0000004e
00000047
0000001c
00000094
0000007b
000000be
000000e9
000000d9
00000091
000000e0
00000101
00000146
000000f0
00000143
000000dd
00000132
0000012a
000000f7
000000c7
00000092
000000b4
000000b8
00000087
0000007b
00000043
00000043
00000028
0000001d
00000010
00000000
00000020
0000000e
00000028
00000000
00000000
00000000
00000000
0000000a
00000000
00000000
00000006
00000000
00000000
00000018
00000000
00000000
00000000
00000000
00000009
00000011
00000012
00000000
00000000
00000000
00000000
00000000
00000000
00000000
00000000
00000000
00000000
00000000
00000000
00000000
00000000
00000000
00000030
00000000
00000000
00000000
00000000
00000000
00000000
00000000
00000000
00000000
00000000
00000000
00000000
00000000
00000000
00000000
00000000
00000024
00000010
00000000
00000026
00000022
00000024
00000040
00000033
0000002a
00000040
00000029
00000023
0000000c
0000003a
00000000
00000029
00000014
0000001e
00000028
00000018
00000000
00000029
00000000
00000001
00000009
00000000
00000025
00000000
0000000f
00000000
00000000
00000007
00000000
0000001e
00000001
00000000
00000010
00000000
00000000
00000004
00000062
0000002a
0000005a
00000026
0000002f
0000000f
0000002f
0000003c
0000002c
00000023
0000001c
00000000
00000000
00000000
00000006
00000018
00000000
00000031
00000000
00000009
00000000
00000000
00000000
0000003c
0000002a
00000066
0000000e
00000041
00000042
00000041
00000021
0000001a
00000000
00000034
00000000
00000014
00000037
0000003f
00000027
00000040
00000011
00000024
00000003
00000004
0000001a
00000007
00000000
00000000
00000000
00000000
00000000
00000000
00000000
00000000
00000000
00000000
00000000
00000000
00000000
00000000
00000012
00000000
00000001
00000000
00000003
00000039
00000018
0000001b
00000023
0000003b
00000007
00000033
00000000
0000000c
00000000
00000000
00000000
00000000
00000000
00000000
00000000
00000000
00000000
00000000
00000000
00000000
00000000
00000000
00000000
00000000
00000000
00000000
00000000
00000000
00000000
00000000
00000000
00000000
00000000
00000000
00000000
00000000
00000000
00000000
00000000
00000000
00000000
00000000
00000000
00000000
00000035
00000002
00000047
00000035
00000060
00000046
00000061
00000033
00000046
0000004b
0000004a
00000061
00000045
00000061
00000055
00000051
00000025
0000002c
0000000a
00000000
00000000
00000000
00000000
00000000
00000000
00000000
00000000
00000000
00000003
00000052
00000045
0000003f
0000004c
0000003d
0000007e
0000002c
00000056
0000004d
00000041
0000003a
0000002e
0000002a
00000024
00000000
0000001c
00000000
0000000b
00000000
00000022
00000000
00000000
00000000
00000000
00000000
00000000
0000000a
00000000
00000000
00000000
00000000
00000000
00000000
00000000
00000008
00000000
00000000
00000006
00000000
00000000
00000000
00000000
00000000
00000000
00000000
00000000
00000000
00000000
00000000
00000000
00000000
00000000
00000000
00000000
00000000
00000000
00000000
00000000
00000000
00000000
00000000
00000000
00000000
00000000
00000000
00000000
00000000
00000000
00000000
00000000
00000000
00000000
00000000
00000000
00000000
00000000
00000000
00000000
00000000
00000000
00000000
00000000
00000000
00000000
00000000
00000019
00000032
00000025
00000050
00000052
00000065
0000003c
00000067
0000008c
00000083
0000006f
00000052
00000078
0000005b
00000000
00000000
00000000
00000000
00000000
00000000
00000000
00000000
00000000
00000000
00000000
00000000
00000000
00000000
00000000
00000000
00000000
00000000
00000000
00000000
00000000
00000000
00000000
00000014
00000000
00000000
00000000
00000000
00000000
00000000
00000000
00000000
00000000
00000000
00000000
00000000
00000000
00000000
00000000
00000000
00000000
00000000
00000000
00000001
00000000
00000000
00000000
00000000
00000000
00000000
00000000
00000000
00000000
00000001
0000000f
00000009
0000002a
00000000
0000002c
00000037
0000003e
0000002b
00000040
00000046
00000000
00000000
00000000
00000000
00000000
00000000
00000007
00000000
00000000
00000000
00000031
00000036
0000003a
0000003e
0000007b
0000004e
00000077
00000063
0000008b
00000082
00000095
000000a0
000000c1
000000d4
000000c1
000000e8
000000c8
000000ef
000000e2
000000cb
000000b9
00000085
0000009a
0000009b
000000b5
000000c1
00000092
0000007b
0000007e
0000006e
00000068
0000005a
0000005a
00000070
0000004e
00000060
00000068
00000034
00000055
00000039
0000003f
0000003f
00000038
00000049
00000044
00000072
0000004c
0000003c
0000003d
00000054
00000053
00000043
0000003d
00000066
00000006
00000000
00000040
00000000
00000000
0000001b
00000025
0000004c
00000000
00000000
00000000
00000000
00000000
00000001
00000000
00000000
0000000d
00000016
00000017
00000046
00000007
00000033
00000059
00000068
00000054
00000054
00000055
00000032
00000074
00000072
00000051
00000037
0000006e
00000067
00000081
0000007a
0000003e
0000003f
0000003d
00000000
00000000
00000000
00000000
00000000
00000000
00000000
00000000
00000000
00000000
00000000
00000000
0000000c
00000001
00000026
00000005
0000004f
00000021
00000048
0000001e
0000003b
00000016
00000000
00000000
00000000
00000001
00000000
0000005b
00000011
00000023
00000031
0000002f
00000037
00000000
0000000f
00000000
00000006
00000000
00000000
00000000
00000000
00000000
00000000
00000003
00000000
00000000
00000000
00000000
00000002
00000002
00000024
00000037
00000049
00000048
0000006a
00000039
0000003d
00000063
0000003c
00000063
00000072
00000046
0000004a
00000053
00000021
00000032
00000016
00000030
0000003e
0000002a
00000026
00000038
00000008
0000004f
00000024
00000042
00000053
00000049
00000052
0000004a
00000076
0000003d
00000080
00000049
0000004d
00000034
00000027
00000024
0000004d
00000000
00000000
00000000
00000000
00000000
00000000
00000000
00000000
00000000
00000000
00000000
00000005
00000000
00000000
00000000
00000000
00000000
00000000
0000001a
00000000
00000019
00000000
00000000
00000000
00000000
00000041
00000000
00000000
00000000
00000000
00000000
00000000
00000000
00000000
00000000
00000000
00000000
00000000
00000000
00000000
00000000
00000012
00000039
0000004f
00000000
00000055
00000044
00000050
00000067
00000060
0000003c
0000007e
00000037
00000056
00000010
00000061
00000005
0000002f
00000011
0000001b
00000012
00000000
00000000
00000000
00000000
00000000
00000000
00000000
00000000
00000000
00000000
00000000
00000000
00000000
00000000
00000000
00000000
00000000
0000000b
00000000
00000006
00000000
00000015
00000017
00000023
00000009
0000005d
0000006a
00000070
00000088
000000bd
000000ca
000000c7
00000086
00000072
00000065
00000099
00000087
00000080
000000a1
00000046
0000005b
00000051
0000002c
00000030
0000002c
00000017
00000043
0000000d
00000010
00000000
00000010
00000000
00000000
00000000
00000000
00000000
00000000
00000000
00000000
00000000
00000000
00000000
00000000
00000000
00000000
00000000
00000000
0000003f
0000005a
0000003f
00000044
00000042
0000002d
00000049
00000043
00000042
00000034
00000086
00000069
0000007a
00000077
000000ce
00000090
000000aa
00000098
000000b0
000000b1
000000c1
000000a1
000000ea
00000106
000000d2
000000a2
000000e6
000000c6
000000e1
000000b7
0000009e
0000008d
000000db
0000010d
000000e6
0000010a
000000c2
000000ad
000000c2
000000b4
00000093
000000aa
00000056
000000ce
0000007f
000000a5
0000005f
0000006e
00000043
00000053
00000017
0000005c
00000013
00000041
00000000
00000023
00000002
0000004e
00000000
00000000
00000000
0000000d
00000000
00000000
00000000
00000000
00000000
00000000
00000000
00000000
00000000
00000000
00000000
00000000
00000000
00000000
00000000
00000000
00000000
00000000
00000005
00000000
00000007
0000003d
00000013
00000052
0000007d
00000096
0000008d
00000050
00000090
00000083
00000081
00000000
00000035
00000016
00000045
0000003c
0000002f
00000050
00000000
00000016
00000000
00000000
00000015
0000000b
0000002d
00000066
0000002e
00000029
0000000c
00000009
00000008
00000000
00000000
00000014
00000000
00000000
00000000
00000000
00000000
00000000
00000000
00000000
00000000
00000000
00000000
00000000
00000000
00000000
00000000
00000000
00000000
00000000
00000000
00000012
00000000
00000000
00000018
0000002a
0000000a
00000011
00000013
00000003
00000013
00000026
00000000
00000000
00000000
00000000
00000000
00000000
00000000
00000000
00000000
00000000
00000000
00000010
0000001e
0000001f
00000000
00000000
00000011
00000027
00000018
0000001f
00000000
00000000
00000000
00000013
00000000
00000000
00000000
00000000
00000000
00000000
00000000
00000000
00000000
00000000
00000000
00000000
00000000
00000000
00000000
00000000
00000000
00000000
00000000
00000000
00000000
00000000
00000007
00000000
0000001a
00000000
00000019
00000015
00000006
0000000b
00000003
00000008
00000000
00000018
00000000
00000000
00000000
00000000
00000000
00000000
00000000
00000000
00000000
00000000
0000001d
00000000
0000002a
00000000
00000025
0000002d
00000026
00000000
0000001d
0000000e
00000000
00000005
00000000
00000022
00000000
0000001e
00000000
00000000
00000000
0000000c
00000000
0000001a
00000000
0000000d
00000000
00000000
00000000
00000000
00000000
00000000
00000000
00000000
00000000
00000000
00000000
00000000
00000000
00000000
00000000
00000000
00000000
00000000
00000000
00000000
00000004
00000000
00000000
00000000
00000019
0000000b
00000004
0000000b
00000000
00000000
00000000
00000000
00000003
00000000
00000000
00000000
00000000
00000000
00000000
00000000
00000000
00000000
00000000
00000000
00000000
00000000
00000000
00000000
00000000
00000000
00000000
00000000
00000000
00000000
00000000
00000000
00000000
00000000
00000000
00000012
00000005
00000030
00000000
00000043
00000000
00000025
00000000
0000004d
00000000
00000051
00000000
00000072
00000028
0000006b
00000040
00000060
00000037
00000035
00000038
0000003a
00000042
00000038
00000000
00000000
00000026
00000000
00000010
00000015
00000042
0000001d
00000040
0000002e
00000025
00000003
00000000
00000000
00000002
00000000
0000000e
00000000
0000002d
00000000
00000016
00000000
00000000
00000000
00000000
00000019
00000000
00000000
00000000
00000037
00000000
0000007b
00000032
00000033
00000000
00000045
00000018
00000021
00000023
0000001d
00000017
0000002e
0000003f
00000050
0000000d
0000006d
00000047
00000037
00000064
0000008a
00000081
0000008f
00000098
000000a3
00000086
000000ac
00000092
00000088
000000a3
000000a7
000000b4
0000005a
00000051
0000007f
0000004d
00000011
00000058
00000047
00000079
00000039
0000007a
00000036
0000006a
00000041
0000004c
00000041
0000003f
0000004e
00000067
00000046
00000035
00000024
00000054
00000004
00000038
00000000
00000000
00000000
00000000
00000000
00000000
00000000
00000000
00000044
00000015
0000004d
00000055
0000006c
0000008c
00000071
000000a2
00000076
0000008e
00000067
00000082
00000076
00000035
00000061
0000006c
00000041
00000043
00000021
0000002e
00000012
00000000
00000000
00000000
00000001
00000000
00000027
0000000c
00000024
00000000
00000000
00000000
00000000
00000000
00000000
00000001
00000025
00000000
00000010
00000017
00000000
00000020
00000000
00000039
00000022
0000002c
0000001d
00000002
00000042
00000014
00000023
00000000
0000001c
00000000
00000000
00000000
00000000
00000000
00000000
00000000
00000000
00000000
00000000
00000000
00000000
00000000
00000000
00000000
00000000
00000000
00000000
00000000
00000000
00000000
00000000
00000000
00000000
00000000
00000000
00000000
00000000
00000000
00000000
00000000
00000000
00000000
00000000
00000000
00000000
0000000a
00000002
00000000
0000004d
00000017
00000005
0000001e
0000003a
00000025
00000027
00000000
00000000
00000000
00000000
00000000
00000000
00000000
00000008
00000000
00000000
00000003
0000000b
00000000
00000000
00000009
00000000
0000000c
00000004
00000000
0000001b
00000000
00000007
00000037
0000005c
0000003b
0000004f
0000004e
00000084
00000061
00000088
00000057
00000068
0000006b
0000006e
0000008e
0000006d
00000063
00000067
00000067
00000064
0000003f
0000002c
0000001f
00000000
0000001a
00000000
00000000
00000000
00000000
00000000
00000000
00000000
00000000
00000000
00000000
00000000
00000000
00000000
00000000
00000000
00000000
00000000
00000000
00000000
00000000
00000000
00000000
00000000
00000000
00000000
00000000
00000001
00000000
00000000
00000000
00000000
00000001
00000000
00000000
00000000
00000000
00000000
0000001a
00000000
0000001e
00000000
00000000
00000000
00000000
00000017
00000000
00000000
00000000
00000000
00000000
00000000
00000000
00000000
00000000
00000000
00000031
0000003e
00000018
0000003a
0000005a
00000059
00000062
0000005e
00000061
00000062
0000006d
00000044
00000070
00000044
00000064
0000005d
00000056
00000040
0000003f
00000056
00000017
0000000e
00000043
0000006b
00000066
00000049
0000004f
00000056
0000002a
00000020
00000001
00000000
00000000
00000016
00000019
00000050
00000000
00000000
00000000
00000000
00000000
00000000
00000000
00000000
00000000
00000000
00000000
00000000
00000000
00000000
00000000
00000000
00000000
00000000
00000007
00000000
00000010
00000067
00000042
00000099
00000078
00000093
00000053
00000090
0000006b
00000091
00000073
0000005b
0000004c
0000005c
00000008
00000034
00000018
00000047
0000004f
00000058
00000058
00000062
0000009a
0000008c
000000a5
000000d3
000000be
000000cd
000000c7
00000094
000000c4
000000e9
000000cd
0000006c
00000093
00000070
00000000
00000000
00000000
00000000
00000007
00000000
00000000
00000000
00000000
00000000
00000000
00000000
00000000
00000000
00000000
00000000
00000000
00000000
00000000
00000021
00000000
0000001e
00000046
0000006f
0000004a
00000036
00000050
0000007a
0000004e
0000001c
00000009
00000011
0000001d
00000038
00000064
00000030
00000021
00000000
00000006
0000003a
00000000
00000020
00000005
0000000e
00000007
00000002
00000008
00000012
00000001
00000000
00000000
00000000
00000000
00000000
00000000
00000000
00000000
00000000
00000000
00000000
00000000
00000000
00000000
00000000
00000000
00000000
00000009
00000000
00000013
00000010
0000001f
00000008
00000013
00000015
00000047
00000057
00000062
0000004d
0000007a
0000005f
0000004d
00000068
0000005a
0000004e
0000005b
0000005b
00000058
00000067
0000005d
00000051
0000008b
00000087
00000091
0000007c
00000071
00000042
00000082
00000098
000000c2
000000ad
000000e7
000000b4
000000ea
00000113
000000f4
000000bf
000000dd
000000ee
000000f3
000000c3
000000ad
0000008a
00000084
0000005e
00000028
00000055
00000000
0000001c
0000000c
0000003e
00000004
00000019
00000000
00000000
00000000
0000000f
00000010
00000021
0000002a
00000023
0000002a
0000001b
00000015
0000001a
00000006
00000000
00000000
00000000
00000000
00000000
00000000
00000000
00000000
00000000
00000000
00000000
00000000
00000000
00000000
00000000
00000000
00000000
00000000
00000000
00000000
00000000
00000000
00000000
00000000
00000000
00000000
00000000
00000000
00000000
00000000
00000000
00000000
00000000
00000000
00000000
00000000
00000000
00000000
00000000
00000000
00000000
00000000
00000000
00000000
00000000
00000000
00000000
00000000
0000000e
00000015
00000012
00000012
00000000
00000000
00000006
00000000
00000019
00000003
00000000
0000000a
00000005
00000011
00000014
0000002e
00000009
00000000
00000017
0000001f
0000004e
0000003b
0000003d
00000059
00000042
00000019
00000037
0000005b
0000000c
0000004a
0000002f
0000000f
00000000
0000000c
00000009
00000038
0000002b
00000032
00000057
0000005b
00000033
00000078
0000009e
000000ae
000000b2
000000ea
000000d4
000000c2
000000ce
000000dc
000000ef
000000b8
000000fc
00000114
000000ee
000000d2
00000093
0000009d
0000007d
0000006b
00000081
0000004a
00000072
0000007a
0000009a
00000082
00000065
0000004b
00000050
00000053
00000035
0000005d
0000003c
00000000
00000000
00000000
00000005
00000009
00000000
0000002b
0000000f
00000022
0000002d
00000039
0000001f
0000001c
00000037
00000045
00000039
00000027
00000025
0000003d
00000029
00000024
00000000
00000000
00000000
00000000
0000000d
00000000
00000006
0000001a
00000030
0000000a
00000010
0000001c
00000025
00000052
00000013
00000049
00000018
00000054
00000086
00000042
0000004e
0000003b
00000042
00000012
00000042
00000054
0000004b
0000001d
00000036
00000023
00000035
00000029
0000004e
0000003a
00000055
00000037
0000002c
0000001d
00000022
00000044
00000019
00000001
00000032
00000000
00000000
00000000
00000000
00000000
00000000
00000000
00000000
00000000
00000000
00000000
00000000
00000000
00000000
00000000
00000000
00000000
00000000
00000000
00000000
00000000
00000000
00000000
00000000
00000000
00000000
00000000
00000000
00000000
00000000
00000000
00000000
00000000
00000000
00000000
00000000
00000000
00000000
00000000
00000000
00000000
00000000
00000000
00000000
00000000
00000000
00000000
00000000
00000000
00000000
00000000
00000000
00000001
0000001d
00000000
0000000c
00000000
00000000
00000000
00000000
00000000
0000000b
00000000
00000000
00000000
00000000
0000000b
00000000
0000000c
00000000
00000029
00000000
0000000a
00000000
00000000
00000000
00000000
00000000
00000000
00000000
00000000
00000000
00000026
00000000
00000019
00000000
00000000
00000000
00000000
00000008
00000000
00000000
00000000
00000000
00000000
00000003
00000000
00000000
00000000
0000000b
00000000
00000000
00000000
00000006
00000005
00000020
00000013
0000004a
00000000
00000032
0000002a
00000012
00000017
00000039
00000018
0000004e
00000020
00000056
00000040
00000072
00000055
00000041
00000052
00000059
0000005f
00000024
00000026
00000055
00000000
00000000
00000000
00000000
00000000
00000000
00000000
00000000
00000000
00000000
00000000
00000000
00000000
00000000
00000000
00000000
00000000
00000000
00000000
00000000
00000000
00000000
00000000
00000000
00000000
00000000
00000000
00000000
00000000
00000000
00000000
00000000
00000000
00000000
00000000
00000000
00000000
00000000
00000000
00000000
00000000
00000000
00000000
00000000
00000000
00000000
00000000
00000000
00000000
00000000
00000000
00000000
00000000
00000000
00000006
0000000a
00000018
0000001e
00000033
00000021
00000018
0000000e
00000021
0000002c
00000000
00000000
00000000
00000000
00000000
00000000
00000009
00000003
00000000
00000000
00000005
00000000
00000000
0000001b
00000036
00000019
0000001a
00000000
0000000c
00000000
0000001a
0000000a
0000000b
0000001d
00000010
00000009
00000035
0000002f
0000002f
0000004c
0000003b
00000000
00000001
0000002b
0000001c
00000008
00000049
00000033
00000069
000000b7
00000060
0000004e
0000003f
00000046
0000003c
00000070
0000001c
0000002d
0000002f
0000006b
0000001c
00000047
00000025
00000059
0000004d
0000004e
00000061
00000010
00000045
0000002e
0000005b
00000025
00000026
0000004b
00000000
00000000
00000000
00000000
00000000
00000000
00000000
00000000
00000000
00000000
00000000
00000000
00000000
00000000
00000000
00000000
00000000
00000000
00000000
00000000
00000000
00000000
00000000
0000000d
00000000
00000000
00000001
00000017
0000000e
00000000
00000000
0000000f
00000019
0000002a
00000026
0000003d
00000010
00000016
0000001c
00000037
00000034
0000004a
00000040
00000078
00000030
00000058
00000041
0000002b
0000001a
0000001d
00000000
00000017
00000000
00000000
00000000
00000000
00000000
00000000
00000003
00000000
00000000
00000000
00000005
00000000
00000000
00000000
00000000
00000000
00000000
00000000
00000000
00000000
00000000
00000000
00000000
00000000
00000000
00000000
00000000
00000000
00000000
00000000
00000000
00000000
00000000
00000000
00000000
00000000
00000000
00000000
00000000
00000000
00000000
00000000
00000000
00000031
00000000
00000000
00000000
00000007
00000000
00000006
00000000
00000000
00000000
00000000
00000000
00000000
00000000
0000000f
00000003
00000016
00000000
0000001d
00000016
0000001c
0000000e
00000021
00000029
00000010
0000000e
00000008
0000004f
00000063
0000004c
00000023
00000041
0000002c
00000000
00000000
00000000
00000000
00000000
00000000
00000000
00000000
00000000
00000000
00000000
00000006
00000000
00000000
00000000
00000000
00000000
00000000
00000000
00000000
00000000
00000000
00000000
00000000
00000000
00000000
00000000
00000000
00000000
00000000
00000000
00000000
00000000
00000000
00000000
00000000
00000000
00000000
00000000
00000000
00000000
00000000
00000000
00000014
00000000
00000017
00000000
00000009
00000000
00000025
00000000
00000017
00000000
00000020
00000007
00000013
0000001e
00000007
00000011
0000001a
0000001e
00000008
00000020
00000018
00000000
00000000
00000000
00000000
00000000
00000000
00000000
00000007
00000000
00000000
00000007
00000018
00000000
0000000b
00000000
00000000
00000000
00000019
00000000
00000000
00000000
00000000
0000000e
0000001f
0000001c
00000004
0000003b
00000000
00000046
00000049
0000004d
0000005b
0000006c
00000081
00000080
0000009a
00000086
00000095
00000082
0000002b
0000006b
0000001a
00000024
0000003f
00000054
00000016
00000000
00000000
0000002b
00000000
00000000
00000000
00000000
00000000
00000000
00000014
00000000
00000000
00000000
00000000
00000000
00000000
00000000
00000000
00000000
00000000
00000000
00000000
00000000
00000000
00000000
00000000
00000000
00000000
00000000
00000000
00000000
00000000
00000000
00000000
00000000
00000000
00000000
00000000
00000000
00000000
00000000
00000000
00000000
00000000
00000000
00000000
00000000
00000000
00000000
00000000
00000000
00000000
00000000
00000000
00000000
00000000
00000000
00000000
00000000
00000000
00000000
00000000
00000000
00000007
0000000a
0000000c
00000006
00000013
00000015
00000039
00000017
00000029
00000007
0000003b
00000008
0000003f
0000001e
00000019
00000010
00000023
0000001a
00000030
00000000
00000000
00000000
00000000
00000000
00000000
00000000
00000000
00000000
00000000
00000008
0000002e
00000027
00000015
0000003e
0000002f
00000042
00000052
00000065
0000004d
00000076
0000007d
000000a9
000000a5
000000aa
00000084
0000009c
0000009a
00000076
00000000
00000016
00000000
00000033
00000048
0000004a
0000005b
00000009
00000018
00000000
00000000
00000000
0000001f
00000017
0000005b
0000003f
00000022
0000001c
0000001e
00000000
00000000
00000000
00000000
00000000
00000000
00000000
00000000
00000000
00000000
00000000
00000000
00000000
00000000
00000000
00000000
00000000
00000000
00000000
00000000
0000000d
00000000
0000001b
00000000
00000000
00000000
0000000a
00000023
00000025
00000025
00000048
00000032
0000002b
0000003e
00000058
00000033
0000004e
00000059
00000035
0000002c
00000032
00000001
0000003b
0000000d
0000003c
0000000c
00000036
00000000
0000002a
00000050
00000078
0000006e
00000092
0000005e
00000064
00000090
0000007c
000000a1
00000059
000000c1
00000098
00000098
0000008a
0000006b
0000003d
00000036
00000014
00000036
00000008
0000004c
0000003f
0000005b
0000003d
00000039
00000021
00000021
00000019
00000000
0000000a
00000000
00000000
00000000
00000005
00000000
00000000
00000000
00000004
00000000
00000000
00000000
00000000
00000000
00000000
00000000
00000000
00000000
00000000
00000000
00000000
00000000
00000000
00000000
00000000
00000000
00000000
00000000
00000000
00000000
00000006
0000004b
0000002b
00000050
00000054
0000007d
000000a2
0000009c
000000a2
00000082
00000094
0000004d
00000064
00000046
00000002
00000045
00000039
00000024
0000003d
00000000
0000002c
00000000
00000000
00000000
00000000
00000000
00000010
00000029
00000000
00000011
0000001e
00000034
00000023
00000000
00000000
00000000
00000000
00000000
00000000
0000000d
00000000
00000008
00000042
00000029
00000009
0000002b
00000077
0000008f
00000062
000000c9
0000008a
00000088
00000034
00000088
0000002c
00000020
00000000
0000001a
00000000
00000000
00000000
00000000
00000000
00000000
00000000
0000000f
00000006
00000000
00000000
00000000
00000027
00000000
0000005d
00000042
0000004d
0000002d
00000056
00000030
00000001
00000017
0000003e
00000001
00000003
00000000
00000007
00000000
00000000
00000000
00000000
00000000
00000000
00000007
00000000
00000000
00000000
00000000
00000000
00000000
00000000
00000000
0000003d
00000038
00000020
00000029
0000000a
0000003c
00000017
00000037
00000001
00000025
00000024
0000002a
00000029
0000001d
00000024
00000013
0000002e
0000001d
00000016
00000028
00000014
0000002e
00000029
00000020
0000001c
00000022
00000000
00000003
00000000
00000000
00000000
00000000
00000000
00000000
00000000
00000000
00000000
00000000
00000000
00000000
00000000
00000000
00000000
00000000
00000000
00000000
00000000
00000000
00000000
00000000
00000000
00000000
00000003
00000000
00000000
0000000a
00000000
00000000
00000000
00000000
00000000
00000011
00000001
0000001b
00000000
00000000
00000000
00000000
00000000
00000000
00000000
00000000
00000000
00000000
00000000
00000000
00000000
00000000
0000000f
00000001
00000019
00000000
00000021
00000022
00000026
00000028
00000049
0000003e
00000044
00000036
00000045
00000055
00000055
00000036
00000043
0000000f
00000036
0000004b
00000075
00000058
00000050
00000039
00000049
00000074
00000044
0000005d
00000023
0000004d
0000002a
0000003c
0000004e
00000038
00000001
00000000
00000000
00000000
00000000
00000013
00000006
0000000f
00000000
00000000
00000000
00000000
0000000e
00000000
00000000
00000000
00000000
00000000
00000000
00000000
00000000
00000000
00000000
00000000
00000000
00000000
00000006
0000001c
0000001d
00000000
00000023
00000015
00000017
00000025
0000004c
00000037
00000059
0000003f
0000007b
00000074
0000008f
0000008d
000000d6
000000d3
000000cc
000000aa
00000092
0000009f
000000f9
000000f0
000000c0
000000fe
000000bb
000000d0
000000d8
000000b1
000000c3
000000b3
000000a7
000000e6
000000ab
000000ab
00000084
0000007e
0000007a
0000006d
00000032
0000006f
00000000
00000000
00000000
00000013
00000000
00000008
00000000
00000000
00000000
00000000
00000000
00000000
00000000
00000000
00000000
00000000
00000000
00000000
00000000
00000000
00000000
00000000
00000002
00000000
00000010
00000000
0000003d
00000021
00000050
00000022
0000002e
00000085
00000054
0000008e
000000ba
000000ea
000000b8
00000088
000000ba
000000b4
0000009f
00000020
0000004e
00000001
00000032
0000002a
00000059
0000003e
0000001d
00000000
00000014
00000026
0000000f
00000000
0000000a
00000027
00000001
00000000
00000018
00000000
00000000
00000000
00000000
00000000
00000000
00000000
00000000
00000000
00000000
00000000
00000000
00000000
00000000
00000003
00000000
00000000
00000000
00000000
00000000
00000000
00000000
00000000
00000000
00000000
00000000
00000000
00000000
00000000
00000000
00000000
00000000
00000000
00000000
00000000
00000022
00000000
00000023
00000000
00000000
00000000
00000000
00000015
00000000
00000000
00000000
0000001c
00000000
00000023
00000019
0000004e
0000000c
00000049
0000003f
00000018
00000042
00000064
00000046
00000079
0000006e
0000009d
00000049
0000009c
0000006f
00000065
00000070
0000007a
00000040
00000091
0000003f
0000008b
00000051
00000086
00000062
0000004f
00000052
0000005a
0000005a
0000003d
00000040
0000003a
00000000
00000000
00000000
00000000
00000000
00000000
00000000
00000000
00000000
00000000
00000022
00000000
00000027
00000022
00000072
0000003d
00000066
0000005a
00000083
00000096
000000a4
00000092
000000bb
000000c2
000000b4
00000092
000000b2
00000085
000000b0
00000065
0000006f
0000003d
0000007b
000000a8
000000ab
000000ba
000000ba
0000007a
000000b4
000000e6
000000b1
000000a4
000000a2
000000e2
000000af
000000bf
000000ad
00000086
00000089
00000064
00000045
00000065
00000034
0000005e
00000049
00000069
0000004f
0000000b
0000003d
00000033
0000004c
0000002f
00000030
00000039
00000000
00000000
00000018
00000000
00000006
00000000
00000000
00000000
00000000
00000000
00000000
00000006
00000000
00000000
00000000
00000000
00000000
00000000
00000000
00000000
00000000
00000000
0000000b
00000034
00000009
00000034
00000029
00000054
00000011
00000000
00000000
00000000
00000000
00000000
00000000
00000000
00000000
00000000
00000000
00000000
00000000
00000000
00000000
00000000
00000000
00000000
00000000
00000000
00000000
00000000
00000000
00000000
00000000
00000000
00000000
00000000
00000000
00000000
00000000
00000000
00000000
00000000
00000000
00000000
00000013
0000001c
00000000
00000018
0000000a
00000000
0000001a
00000000
00000005
00000000
00000027
0000001d
0000000a
0000002f
00000018
00000019
00000001
00000010
00000000
00000000
00000000
00000000
00000000
00000000
00000000
00000000
00000000
00000000
00000000
00000069
00000021
0000004c
00000041
00000046
0000009e
00000052
0000008b
00000053
0000006c
0000006d
0000005f
00000074
0000004e
0000004c
00000037
00000023
0000003b
00000019
0000001e
00000000
00000006
00000000
00000000
00000000
00000000
0000000c
00000000
00000000
00000000
00000000
00000004
00000010
00000000
0000001a
00000000
00000000
00000000
00000000
00000015
00000000
00000000
00000000
00000000
00000005
00000000
00000011
00000000
00000000
00000000
00000000
00000000
00000000
00000000
00000000
00000000
00000000
00000000
00000000
00000000
00000000
00000000
00000000
00000000
00000000
00000000
00000000
00000000
00000000
00000000
00000000
00000000
00000000
00000000
00000000
00000000
00000000
00000000
00000000
00000000
00000000
00000000
00000000
00000000
00000000
00000000
00000000
00000000
00000000
00000010
00000000
0000001f
00000011
00000008
00000000
00000000
0000000d
00000014
00000010
00000032
0000000c
00000070
0000003d
00000063
0000005c
00000064
00000043
00000066
00000047
00000044
00000041
0000002f
0000002d
00000040
0000002c
0000002e
0000002a
00000056
00000014
0000004a
00000000
00000023
00000022
00000011
0000003e
0000001d
0000003e
00000029
0000005b
00000017
00000062
0000005e
00000083
00000050
000000a3
00000069
0000006b
00000066
00000042
00000044
00000064
00000037
0000006d
00000046
00000065
00000047
0000003a
00000044
0000003a
0000001f
0000001d
0000002d
0000002e
00000012
00000018
00000000
0000004e
0000000f
00000010
00000019
0000001f
00000000
00000005
00000020
0000002c
0000002b
00000013
0000006d
00000000
00000034
0000001f
00000049
00000068
00000041
00000058
00000032
0000002a
0000004c
00000044
0000000a
0000001e
00000000
00000000
00000000
00000000
00000000
00000000
00000000
00000000
00000011
00000000
00000000
00000000
00000000
00000000
00000000
00000000
00000000
00000000
00000000
00000000
00000000
00000000
00000000
00000000
00000000
00000000
00000000
00000003
00000000
00000008
00000006
00000000
00000000
00000000
00000000
00000000
00000000
00000000
0000001c
00000006
00000000
00000000
00000000
00000000
00000000
00000000
00000000
00000000
00000030
00000000
00000000
0000001d
00000002
00000023
00000000
00000000
00000000
00000000
00000000
00000000
00000000
00000000
00000000
00000000
00000016
00000025
0000000b
00000000
00000000
00000001
00000000
00000000
00000000
00000000
00000000
00000000
00000000
00000000
00000000
00000000
00000010
0000001e
0000002e
00000021
0000001c
00000000
00000024
00000000
00000000
00000015
0000000b
00000000
00000019
00000000
00000030
00000000
0000002e
00000017
00000039
00000048
0000002d
00000081
0000001c
0000004f
00000054
00000067
0000004c
0000002b
00000026
00000042
00000000
00000003
00000000
00000000
00000000
00000000
00000000
00000001
00000000
00000000
00000000
00000000
00000000
00000000
00000005
00000000
00000030
00000000
00000047
00000014
0000004a
00000009
00000015
00000000
0000001b
00000037
00000000
00000000
00000000
00000000
00000000
0000003e
00000011
0000001b
00000000
00000018
0000000f
00000035
00000000
0000000e
00000031
00000045
0000005a
00000059
00000026
0000004e
00000063
00000063
0000004a
00000054
0000005a
00000077
00000050
00000069
00000069
0000008e
00000055
00000036
00000087
000000a1
00000093
00000073
0000006f
00000094
00000000
00000000
00000051
00000004
00000031
00000000
0000002d
0000000c
00000026
0000000f
00000000
00000000
00000000
00000000
00000000
00000000
00000000
00000000
00000000
00000000
00000000
00000000
00000000
00000000
00000000
00000000
00000000
00000000
00000000
00000000
00000000
00000000
00000000
00000000
00000000
00000000
00000000
00000000
00000000
00000000
00000000
00000000
00000000
00000000
00000000
00000000
00000000
00000000
00000000
00000000
00000000
00000000
00000000
00000000
00000000
0000000a
00000000
00000037
00000013
00000022
00000024
0000000b
00000000
0000001b
0000002e
0000000c
0000005f
00000035
00000023
00000067
00000043
0000005c
00000000
0000000d
00000003
0000000f
00000001
0000000f
00000000
00000000
00000000
00000000
00000000
00000000
00000000
00000000
00000000
00000000
00000000
00000000
00000006
00000000
0000000a
00000000
00000005
00000000
00000025
00000000
00000033
00000002
00000019
00000019
00000011
00000012
00000030
00000013
00000072
00000035
00000058
00000005
00000035
00000010
00000075
00000017
0000003e
0000004e
0000001d
00000016
00000000
00000052
00000000
00000009
00000000
00000000
00000000
00000000
00000000
00000000
0000002d
00000025
00000037
0000003d
00000006
0000003c
00000031
0000002e
00000002
00000000
0000000b
00000000
00000000
0000000c
00000000
00000000
00000000
00000000
00000000
00000000
00000000
00000000
00000000
00000000
00000000
00000000
00000000
00000000
00000000
00000000
00000000
00000000
00000000
00000000
00000000
00000000
00000000
00000000
00000000
00000000
00000000
00000000
00000000
00000000
00000000
00000000
00000000
00000000
00000000
00000000
00000000
00000000
00000000
00000000
00000000
0000000f
00000000
0000000a
00000000
00000000
00000000
00000000
00000000
00000000
00000016
00000000
0000001a
0000000f
00000051
00000013
00000049
00000009
0000005d
0000003e
00000076
00000087
0000006a
0000007d
00000089
00000074
00000031
00000057
00000037
0000000b
00000013
00000000
00000000
00000000
00000000
00000000
00000000
00000000
00000000
0000000e
00000000
00000000
0000001d
0000001c
0000006c
00000011
000000a2
00000042
00000092
0000009e
00000086
0000005c
0000004b
0000003c
00000095
0000002a
0000004c
0000001b
00000056
00000000
00000000
00000000
00000000
00000000
00000000
0000000f
00000000
0000000a
00000000
00000000
00000000
00000000
00000000
00000000
00000000
00000000
00000000
00000000
0000000c
00000000
0000001d
00000000
00000023
00000014
00000032
0000004c
00000029
00000046
00000024
00000027
00000000
00000017
00000000
00000000
00000000
00000000
00000000
00000000
00000000
00000000
00000000
00000000
00000000
00000001
00000000
00000000
00000000
00000000
00000000
00000000
00000000
00000000
00000000
00000000
00000000
00000000
00000000
00000000
00000000
00000000
00000000
00000000
00000000
00000000
00000000
00000000
00000000
00000000
00000000
00000000
00000000
00000000
00000000
00000000
00000000
00000000
00000000
00000000
00000000
00000000
00000000
00000000
00000000
00000000
00000000
00000000
00000000
00000000
00000000
00000000
00000000
00000000
00000017
00000000
0000001b
00000000
00000006
00000022
00000025
00000016
0000007a
0000008b
00000083
000000b2
000000ab
000000c8
000000ac
000000b1
00000074
00000072
000000a0
00000098
0000009b
0000009d
0000006a
00000074
00000073
00000081
0000006d
0000003b
00000062
00000037
00000050
0000000c
00000008
00000009
00000012
00000000
00000000
00000000
00000000
00000000
00000000
00000000
00000000
00000000
00000000
00000000
00000000
00000000
00000000
00000000
00000000
00000000
00000000
00000000
00000000
00000000
00000000
00000000
00000000
00000000
00000000
00000000
00000000
00000000
00000000
00000000
00000000
00000000
00000000
00000000
00000000
00000000
00000000
00000000
00000000
00000018
00000000
00000029
00000007
00000025
00000000
0000000d
00000010
00000000
0000000f
0000000a
0000000c
00000000
00000020
00000056
0000001b
0000001f
00000051
00000042
00000017
00000047
0000003b
00000030
00000048
0000004b
00000031
0000004e
00000031
00000033
0000001b
0000004e
0000002e
0000000d
00000028
0000002a
00000039
00000024
00000013
0000004b
00000000
00000000
00000000
00000000
00000000
00000000
00000000
00000000
00000000
00000000
00000012
00000016
00000015
00000003
0000001a
00000013
00000049
00000048
0000003b
00000049
0000003e
00000042
00000080
000000a7
0000008a
00000065
000000b4
0000006f
000000c6
000000b1
000000a7
000000a6
000000b1
000000c7
000000d4
000000f0
000000bb
000000ac
000000b8
00000059
0000008c
0000002b
00000032
0000006b
00000059
0000002a
0000002e
00000000
00000049
00000000
00000000
00000000
00000000
00000000
00000000
00000000
00000000
00000000
00000000
00000000
00000000
00000000
00000000
00000000
00000000
00000007
00000022
00000017
00000019
0000001f
00000032
00000027
00000001
00000000
00000037
00000049
00000059
00000036
00000073
0000004f
00000059
00000063
0000006e
0000006b
0000007e
0000007f
00000092
0000008e
0000008f
00000065
000000c1
0000007f
000000c8
00000084
0000009e
00000067
000000d2
000000f0
0000010d
00000103
0000012f
000000e2
0000010e
000000fb
000000ff
000000da
000000c4
000000f7
0000010b
000000bf
000000a8
0000007a
0000008f
00000049
0000002f
00000062
00000008
00000041
00000015
0000006d
00000008
00000036
00000003
00000000
00000000
00000000
00000000
00000000
00000014
00000016
00000000
00000000
00000000
00000002
00000000
00000000
00000000
00000000
00000000
00000000
00000000
00000000
00000000
00000000
00000000
00000000
00000000
00000000
00000000
00000000
00000000
00000000
00000000
00000000
00000000
00000000
00000000
00000000
00000000
00000000
00000000
00000000
00000000
00000000
00000000
00000000
00000000
00000000
00000000
00000000
00000000
00000000
00000000
00000000
00000000
00000009
00000000
00000000
0000002f
00000022
00000036
0000001f
0000002f
0000001b
00000000
00000000
00000024
00000031
0000001c
00000000
00000011
00000004
00000000
00000000
00000000
00000006
00000009
00000000
0000002e
00000013
00000021
0000002c
0000008a
0000007a
00000087
00000096
000000b8
000000a0
000000a2
000000b6
000000c4
000000a1
000000bc
0000008c
00000077
00000064
00000071
00000096
0000003e
00000057
00000058
00000071
0000005e
0000003e
0000006f
0000005f
000000a1
0000007c
000000c2
00000085
000000ae
000000a8
000000b3
00000081
0000008b
00000093
00000099
0000006b
00000097
00000063
00000074
0000003b
0000003d
00000041
00000010
00000014
00000014
00000063
00000012
00000020
00000020
00000019
00000027
00000010
00000000
00000024
0000001f
00000029
00000032
00000023
00000019
00000024
00000032
00000033
00000015
0000001c
00000000
0000000b
00000004
00000000
00000000
00000000
00000000
00000000
00000000
00000000
00000000
00000000
00000000
00000000
00000000
00000004
00000000
00000000
00000000
00000021
00000018
00000044
0000002b
0000001e
00000019
00000036
0000000e
00000044
00000009
00000000
00000008
00000027
00000000
00000000
00000000
00000000
00000000
00000003
00000000
00000000
00000000
00000000
00000000
00000000
00000000
00000001
00000000
0000001c
00000000
00000008
0000000a
00000006
00000000
00000000
00000004
00000000
00000069
00000005
00000056
0000002e
00000047
0000001b
00000046
0000001e
00000008
00000029
00000000
00000000
00000000
00000000
00000000
00000000
00000008
00000000
00000000
00000000
00000000
00000000
00000000
00000000
00000000
00000009
00000000
00000000
00000000
00000000
00000000
00000000
00000000
00000000
00000000
00000000
00000000
00000000
00000000
00000000
00000000
00000000
00000000
00000000
00000000
00000000
00000005
00000000
00000027
00000000
00000051
0000002e
00000045
00000048
0000003c
00000096
00000057
00000053
0000004b
00000034
0000002d
00000057
00000000
00000000
00000000
00000000
00000000
00000000
00000013
00000000
00000006
00000000
00000000
00000000
00000000
00000002
0000000e
00000000
00000000
00000000
00000000
00000000
00000000
00000000
00000000
00000000
00000000
00000000
00000000
00000000
00000000
00000000
00000000
00000000
00000000
00000000
00000000
00000000
00000000
00000000
00000000
00000000
00000000
00000011
00000000
00000030
00000000
00000035
0000000c
0000001c
00000000
00000007
00000000
00000000
00000000
00000043
00000019
00000031
00000021
00000016
00000011
00000015
0000002e
00000020
00000025
0000001d
0000000e
00000010
00000004
00000000
00000000
00000010
00000000
00000012
00000000
00000000
00000000
00000000
00000000
00000000
00000000
00000000
00000000
00000000
00000000
00000000
00000000
00000000
00000000
00000000
00000000
00000000
00000000
00000000
00000000
00000000
00000000
00000000
00000000
00000000
00000000
00000000
00000000
00000000
00000000
00000000
00000000
00000000
00000000
00000000
00000000
00000000
00000000
00000000
00000000
00000000
0000002f
0000000f
00000039
0000003c
0000005d
00000051
00000035
00000033
00000053
00000067
0000004e
00000020
00000049
00000034
00000000
00000000
00000000
00000000
00000000
00000000
00000000
00000000
00000000
00000000
00000000
00000000
00000000
00000000
00000000
00000000
00000000
00000000
00000000
00000001
00000000
00000000
00000000
00000000
00000000
00000000
00000000
00000000
00000000
00000000
00000000
00000000
00000000
00000000
00000000
00000000
00000000
00000000
00000000
00000000
00000000
00000000
00000012
00000000
00000000
00000000
00000015
0000001e
00000008
00000005
00000018
0000001c
00000023
0000002f
0000001f
0000002f
00000009
00000009
00000012
00000027
00000018
00000016
00000012
00000023
00000000
00000000
0000000d
00000001
00000010
00000000
00000028
00000000
0000001e
00000023
00000009
0000003a
00000000
0000000b
00000015
00000000
00000000
00000000
00000000
00000000
00000000
00000000
00000000
00000000
00000000
00000002
00000000
00000000
00000000
00000000
00000000
00000000
00000000
00000000
00000000
00000000
00000000
00000000
00000000
00000000
00000000
00000000
00000000
00000000
00000000
00000000
00000000
00000000
00000000
00000000
00000000
00000009
00000000
0000001e
00000006
0000002f
0000001a
00000045
00000012
00000000
00000000
00000012
00000010
00000019
00000000
00000000
00000000
00000000
00000000
00000000
00000000
00000000
00000000
00000000
00000000
00000000
00000000
00000000
00000000
00000000
00000000
00000000
00000000
00000004
00000000
00000005
00000013
00000047
00000007
00000006
00000000
00000000
00000000
00000000
00000000
00000000
00000000
00000000
00000000
00000000
00000000
00000000
00000000
00000014
00000000
00000000
0000000b
00000013
00000000
0000002b
0000001f
00000033
00000012
0000002c
00000017
0000001f
00000011
00000038
0000001b
00000013
00000035
00000000
0000001f
0000002c
00000041
00000020
0000002e
0000002f
00000000
00000000
00000000
00000000
00000000
00000000
00000014
00000000
00000009
00000000
0000001d
0000001d
00000013
00000037
00000055
0000002d
00000013
00000014
0000000a
00000000
00000000
00000000
00000000
00000002
00000000
00000000
0000001c
00000004
0000001a
00000027
00000018
0000001e
0000003f
00000067
00000044
00000065
0000004d
00000050
00000061
00000057
0000005e
0000006f
00000030
0000009b
00000036
00000073
0000002a
00000039
00000000
00000036
00000000
00000011
00000000
00000008
00000000
00000000
0000000a
00000000
00000000
00000000
00000000
00000000
00000003
00000000
00000000
00000000
00000000
00000000
00000000
00000000
00000000
00000000
00000000
00000000
00000007
00000019
00000022
0000000d
0000004e
00000026
0000003d
00000040
00000066
0000006a
0000007a
0000007f
000000a3
0000009f
0000009d
000000b0
0000007d
000000b5
0000006b
0000000a
00000005
0000000f
0000003c
0000005e
00000067
00000068
00000044
0000003b
00000035
0000005f
00000046
0000005f
0000003f
0000006b
0000005d
0000002d
0000002b
0000001c
0000000a
00000000
00000000
00000000
00000000
00000000
00000000
00000000
00000000
00000000
00000000
00000000
00000000
00000000
00000000
00000000
00000025
00000039
00000000
00000005
00000000
00000000
00000000
00000011
00000000
00000011
00000000
00000012
00000018
00000018
00000000
00000000
00000000
00000016
00000000
00000000
00000000
00000000
00000000
00000000
00000000
00000000
00000000
00000000
00000000
00000000
00000000
00000000
00000000
00000000
00000000
00000000
00000000
00000000
00000000
00000000
00000000
00000000
00000000
00000000
00000000
00000000
00000000
00000011
00000000
00000000
00000000
00000000
00000000
00000000
00000000
00000000
00000000
00000000
00000000
00000000
00000000
00000000
00000008
00000000
00000000
00000000
00000000
00000000
00000019
00000000
0000000a
00000000
0000001c
00000007
00000000
00000016
00000000
00000000
00000000
00000000
00000000
00000000
00000000
00000000
00000000
00000000
00000000
00000000
00000000
00000000
00000000
00000000
00000000
00000000
00000000
00000000
00000000
00000000
00000000
00000000
00000000
00000000
00000000
00000000
00000000
00000000
00000000
00000000
00000000
00000000
00000000
00000000
00000000
00000000
00000000
00000000
00000000
00000002
00000014
00000014
0000000c
00000065
0000002f
0000001d
00000018
00000015
00000035
00000008
00000000
00000000
00000000
00000000
00000000
00000000
00000000
00000002
00000000
00000000
00000000
00000002
00000013
0000002d
00000009
0000000f
00000030
00000033
00000035
00000029
00000031
0000003c
0000001c
00000004
00000018
0000003b
00000000
00000000
00000000
0000001b
00000024
0000005e
00000024
0000002a
00000008
0000001f
00000000
00000039
00000000
00000000
0000001e
00000015
00000023
00000000
00000005
0000000b
0000000d
0000001b
00000013
0000001b
00000048
00000040
00000040
00000059
00000056
0000005f
00000046
0000001b
00000063
00000087
00000078
00000039
00000059
0000005f
00000000
00000000
00000000
00000000
00000011
00000000
00000035
00000005
00000037
0000002a
00000073
0000006c
00000067
0000007b
00000096
00000076
00000064
00000072
00000060
00000039
00000051
00000031
0000004a
0000004b
00000046
00000042
0000006b
00000058
00000085
0000009e
00000094
0000007f
000000ce
000000da
000000d9
000000e5
000000f1
000000e3
00000100
000000e6
000000ed
000000c7
0000007d
000000cd
000000b9
00000096
00000074
0000005a
0000005c
00000041
00000000
00000021
00000000
00000000
00000000
00000000
00000000
00000000
00000000
00000000
00000000
00000000
00000000
00000000
00000000
00000000
00000000
00000000
00000000
00000000
00000000
00000000
00000000
00000000
00000000
00000002
00000005
00000000
00000017
0000000c
00000032
00000023
00000019
0000007e
0000002d
0000007a
0000007a
0000008b
00000064
0000004f
00000014
00000017
00000013
00000000
00000000
00000000
00000000
00000000
00000000
00000000
00000000
00000000
00000000
00000000
00000000
00000000
00000000
00000000
00000000
00000000
00000000
00000000
00000000
00000000
00000000
00000000
00000000
00000000
00000000
00000000
00000000
00000000
00000000
00000000
00000000
00000000
00000000
00000000
0000000c
00000028
00000007
0000000e
00000000
00000005
00000000
00000010
00000000
00000011
0000004c
0000003b
00000061
00000043
00000083
00000067
0000008a
00000080
00000083
000000b7
000000a3
000000d9
0000010c
00000123
0000010e
000000d2
00000123
00000115
00000112
0000009d
000000bd
00000053
0000009d
000000a2
000000b4
000000a8
0000007c
00000061
0000006d
0000006c
00000040
0000003f
00000034
00000051
00000056
00000038
00000029
00000032
0000000b
00000000
00000000
00000000
00000000
00000000
00000000
00000000
00000000
00000000
00000000
00000000
00000000
00000000
00000000
00000000
00000000
00000000
00000000
00000000
00000000
00000000
00000000
00000000
00000000
00000000
00000000
00000000
00000000
00000000
00000000
00000000
00000000
00000000
00000000
00000000
00000000
00000000
00000000
00000000
00000000
00000000
00000016
00000015
0000001e
00000000
00000000
00000000
0000000d
00000004
00000000
00000016
00000000
00000003
00000000
00000000
00000000
00000017
00000000
00000034
00000000
00000017
00000000
00000004
00000000
00000008
00000000
00000005
00000000
00000000
00000000
00000000
00000000
00000000
00000000
00000000
00000000
00000000
00000000
00000000
00000000
00000000
00000000
00000000
00000000
0000000a
0000000d
00000002
0000000e
0000001b
0000003a
00000031
0000001f
00000058
00000030
00000037
00000031
0000005a
0000001c
0000000b
0000000a
0000000c
00000036
0000004c
00000038
00000014
0000004b
00000024
0000005f
0000009e
0000007a
00000085
00000080
000000a0
000000ac
000000be
000000af
0000009f
000000a0
00000040
0000006f
0000003d
00000011
0000004b
00000046
0000002a
00000018
00000000
00000036
00000000
00000004
00000000
00000007
00000000
00000000
00000000
00000000
00000000
00000000
00000000
00000000
00000000
00000000
00000000
0000004c
00000010
0000005a
0000003e
00000044
0000005d
0000004a
00000041
00000026
00000025
00000053
00000067
00000053
0000003f
00000078
0000004c
00000032
00000027
00000013
0000001d
0000000a
00000012
00000000
00000032
00000000
00000023
0000003a
00000066
0000003e
0000005b
00000033
00000026
0000004b
00000029
00000067
00000000
00000021
00000000
0000001a
0000000a
00000000
00000000
00000014
00000000
00000013
00000000
00000000
00000000
00000000
00000000
00000000
00000000
00000000
00000000
00000000
00000000
00000000
00000000
00000000
00000000
00000000
00000000
00000000
0000000d
00000000
00000000
00000000
00000000
00000000
00000000
00000000
00000009
00000000
00000000
00000000
00000000
00000000
00000000
00000000
00000000
00000000
00000000
00000000
00000000
00000000
00000000
00000000
00000000
00000000
00000000
00000000
00000000
00000000
00000000
0000001f
00000000
00000000
00000000
00000000
00000000
00000000
00000000
00000000
00000000
00000000
00000000
00000000
00000000
00000000
00000000
00000001
00000000
0000001b
00000000
00000040
00000037
00000042
0000003c
00000064
00000077
00000050
00000042
00000056
00000078
0000004b
00000016
0000005b
00000047
00000000
00000000
00000007
00000000
00000000
0000000a
00000002
00000000
00000000
0000000e
00000021
00000057
00000034
00000023
00000042
0000002e
00000005
00000040
00000034
00000019
00000036
00000023
0000001b
00000034
00000013
00000048
0000000b
00000044
00000000
00000000
00000000
00000000
0000000f
0000000f
0000001b
00000013
0000002a
00000018
00000015
00000033
00000033
00000049
0000005f
00000050
0000005b
00000020
0000002f
00000025
00000025
00000009
00000000
00000018
00000000
00000000
00000000
00000000
00000000
00000000
00000000
00000000
00000000
00000000
00000000
00000000
00000001
0000001d
00000000
00000000
00000000
00000000
00000000
00000000
00000000
00000000
00000000
00000000
00000000
00000000
00000000
00000000
00000000
0000000a
00000011
0000002f
00000016
0000001f
00000033
0000000b
00000039
0000002b
0000000b
0000001a
0000000a
00000000
00000002
00000000
00000000
00000000
00000000
00000000
00000000
00000000
00000000
00000000
00000000
00000000
00000000
00000000
00000000
00000000
00000000
00000000
00000000
00000000
00000000
00000000
00000001
00000000
00000008
00000000
00000000
00000000
00000012
00000019
00000022
00000031
00000036
00000025
00000000
00000000
00000000
00000000
00000000
00000000
00000000
00000000
00000000
00000000
00000000
00000000
00000000
00000000
00000000
00000000
00000000
00000000
00000000
00000000
00000000
00000000
00000000
00000000
00000000
00000000
00000000
00000000
00000000
00000000
00000000
00000000
00000000
00000000
00000000
00000000
00000000
00000000
00000000
00000000
00000000
00000000
00000000
00000000
00000000
00000000
00000000
00000000
00000000
00000000
00000007
00000000
00000014
00000011
00000035
0000003d
0000002d
00000000
00000046
0000005c
0000004b
00000030
0000003d
00000057
00000000
00000000
00000002
00000000
0000001a
00000000
00000034
00000000
00000011
00000000
00000026
0000002b
0000000b
00000058
0000001b
0000001c
00000000
00000014
00000000
00000000
00000000
00000000
00000000
00000000
00000000
00000000
00000000
00000000
00000000
00000000
00000000
00000000
00000000
00000000
00000000
00000000
00000000
00000000
00000000
00000000
00000000
00000000
00000000
00000000
00000000
00000000
00000000
00000000
00000000
00000000
00000000
00000000
00000000
00000000
00000000
00000000
00000000
00000000
00000000
00000000
00000000
00000000
00000000
00000007
00000000
00000000
00000000
00000000
00000000
00000000
00000000
00000000
00000000
00000000
0000000b
00000002
00000015
00000000
00000037
00000016
00000032
00000016
00000022
00000040
00000030
0000002e
0000005c
00000098
0000006d
00000082
000000d9
000000be
000000ef
00000148
000000ef
00000103
00000133
00000152
0000012c
0000015f
00000134
00000128
0000013a
00000117
000000e6
000000e0
0000008c
000000c6
000000bd
000000c8
00000091
00000066
00000095
00000070
00000056
00000065
0000001f
00000025
00000013
00000011
0000001c
00000024
00000013
0000000c
0000000c
00000000
00000000
00000000
00000000
00000000
00000000
00000000
00000000
00000000
0000000a
00000000
00000006
00000000
00000000
00000000
00000000
00000000
00000000
00000000
00000000
00000000
00000007
00000000
00000000
00000000
00000000
00000000
00000000
00000000
00000000
00000000
00000000
00000000
00000000
00000000
00000000
00000000
00000000
00000000
00000000
00000000
00000000
00000000
00000000
00000008
00000000
0000002a
00000000
0000003f
00000011
00000028
0000000a
00000039
0000000e
0000004a
00000022
0000006d
0000004c
0000006b
0000004b
00000050
00000043
00000048
00000046
00000025
00000039
0000001f
00000000
00000000
00000000
00000000
00000000
00000000
00000000
00000000
00000000
00000000
00000006
00000000
00000015
00000027
00000046
00000032
0000003a
00000026
0000004e
0000004c
00000057
00000068
00000061
00000075
0000006d
00000089
00000087
000000a5
0000009c
000000ba
00000093
0000008b
000000bc
000000c8
000000f9
000000c3
000000e1
000000af
000000d9
000000fc
000000c9
000000ac
000000b7
000000ce
000000b1
000000be
000000a3
00000070
00000092
0000006b
00000069
0000007b
00000053
00000066
00000058
0000008e
0000005d
00000029
0000004e
00000068
00000073
00000042
00000032
0000008b
00000000
00000000
00000000
00000000
00000000
0000000a
00000000
00000000
00000000
00000001
00000009
0000002a
00000017
00000000
00000018
0000000b
00000004
00000020
00000026
00000000
00000024
0000000e
00000010
00000000
00000010
00000001
0000001e
00000006
00000016
00000000
0000000e
00000023
00000047
00000059
0000004f
0000006b
0000007a
00000077
00000063
00000050
0000006d
0000008d
0000007d
0000009c
000000ac
00000090
0000008a
00000074
00000066
00000050
0000003d
00000050
00000012
00000010
0000000d
00000021
00000000
00000006
0000000b
00000000
00000000
00000000
00000000
00000000
00000000
00000000
00000000
00000000
00000004
00000000
00000006
00000000
00000000
00000000
00000000
00000016
00000000
0000001a
00000000
00000000
00000000
00000000
00000000
00000000
00000000
00000000
00000000
00000000
00000000
00000000
00000000
00000000
00000000
00000000
00000000
00000000
00000000
00000000
00000000
00000000
00000000
00000000
00000000
00000000
00000000
00000000
00000000
00000000
00000000
00000000
00000000
00000000
00000000
00000000
00000000
00000000
00000000
00000000
00000000
00000000
0000000a
00000013
00000006
00000000
00000000
00000000
00000002
00000008
00000000
00000000
00000014
00000017
00000000
00000035
0000001b
00000052
00000000
00000000
0000001c
0000002c
00000012
00000062
0000000d
0000001c
00000000
00000033
00000000
00000000
00000000
00000000
00000000
00000000
00000000
00000000
00000000
00000000
00000000
00000000
00000000
00000000
00000000
00000000
00000000
00000000
00000000
00000000
00000000
00000000
00000000
00000000
00000000
00000000
00000012
00000000
00000000
00000000
00000019
00000000
00000000
00000000
00000004
00000000
00000000
00000006
00000000
00000000
00000000
00000000
00000000
00000000
00000000
00000000
0000002a
00000017
0000003a
0000001f
00000019
00000037
00000044
0000005f
00000006
0000001f
00000028
00000030
0000001f
0000001c
00000024
0000000c
0000001c
0000001c
00000000
00000000
00000000
00000000
00000000
00000000
00000000
00000018
00000000
00000001
00000000
00000020
00000028
00000035
0000000a
0000000d
00000015
0000000f
00000005
00000027
00000000
00000000
00000000
00000005
00000000
00000000
00000000
00000000
00000000
00000000
00000000
00000000
00000000
00000000
00000000
0000000f
00000000
00000007
00000000
0000000c
00000000
00000000
00000000
00000000
00000000
00000000
0000003a
0000003c
00000027
0000003b
0000003d
00000029
00000024
0000002a
00000017
00000012
00000031
0000003d
00000028
0000002b
0000002a
00000021
00000017
00000013
00000000
00000000
00000000
00000004
00000000
0000000f
00000000
00000000
00000000
0000000f
00000000
00000000
00000000
00000000
0000000a
00000000
0000003d
00000000
0000003b
00000019
0000002d
0000006c
00000036
00000056
00000052
0000002f
0000004b
00000009
0000000a
0000000e
0000002d
00000000
00000000
00000000
00000000
00000000
00000000
00000000
00000000
00000000
00000000
00000000
00000000
00000000
00000000
00000000
00000000
00000000
00000000
00000000
00000000
00000000
00000000
00000000
00000000
00000000
00000000
00000000
00000000
00000000
00000000
00000000
00000000
00000000
00000000
0000000b
00000000
00000000
0000000c
0000002d
0000000a
00000043
0000000d
00000043
0000000e
00000000
00000000
00000000
00000000
00000000
00000000
00000000
00000000
00000000
00000000
00000000
00000000
00000000
00000003
00000000
00000000
00000000
00000000
0000000e
00000000
00000009
00000000
00000010
00000000
00000000
00000000
00000000
00000000
00000000
00000000
00000000
00000000
00000000
00000000
00000000
