00000553
000004fc
0000046b
0000393d
00003340
00002b00
00004866
000036ca
00005724
0000358f
000063ce
000033d1
000049df
000046de
0000528e
00005d3d
00006107
0000624a
0000751f
00008431
00008043
00009489
000075d8
00008c42
0000beb0
0000c10b
0000ca5c
0000f675
00011e52
0000e85e
00011b4b
0000e8bf
000102ad
0000cf35
00010283
0000ceae
0000f302
00011940
00011e7f
0000ef00
000107b8
0000aef8
00005a36
00008fed
00008236
00006d1b
00000749
000067ac
0000067a
000040f9
00000763
000020db
00001bcf
0000188e
00001605
00002b3b
00002ba8
00002cc2
000016bc
00002a91
0000129b
00001d58
00001625
00001de0
ffffdbb3
ffffffb2
00001ca1
00005689
00005855
000050bd
00009426
000083da
0000d073
00008d76
0000ec75
0000ca66
00009fc9
0000cd47
0000c4f5
0000cf0d
00007e19
00008c76
0000c60f
0000a1ff
0000bd81
0000ae7e
0000d24e
0000c609
00014da4
00014026
000160bd
0001a5d9
0001c004
0001a95b
0001902a
0001ab57
00019303
00014de0
00018970
000139dc
00018289
000168b6
00016646
00011553
0001363a
0000c361
00005289
00007247
0000298d
00002ef0
ffffde7c
fffffd9f
fffff239
0000197d
fffff46e
fffffb1e
00004129
00002deb
00001a8f
00003a97
000043d0
00004197
000047c6
00004d3f
00007a97
00006425
00003131
00003620
00004783
00000ddf
00002b75
000041a2
000070c8
0000be5d
000064fa
00009acc
00006d66
00009d54
00003715
00005a25
000073c2
00007175
0000719a
0000653a
00003fe8
0000842c
00003d7d
00008492
000086f4
0000bb73
0001266d
0001057d
0001323a
0000d6b9
00013d07
00014440
000178bc
00013672
0001785b
00017d57
00014aee
000111db
0001111d
0000e051
000105a7
0000f30b
0000e5ab
0000bda2
0000cffe
0000a32d
00004b42
00004c0e
00003306
00001836
00001633
00003803
00001d9f
00002286
00002ce0
0000447f
00004f94
000052ed
0000365e
000042d6
00005591
00005486
00005802
000045c7
0000927a
000053bf
000069f5
00004b92
ffffee76
00001794
00001f9b
000047c8
0000442a
00001837
0000545b
000047de
000081a0
00003f0e
0000a177
0000792e
00007583
00008bf1
000092bf
00009aeb
000092a5
00008490
0000a184
0000b9b3
0000ccbf
0000e13c
0000f44f
0000cd86
000104a9
00013832
000140d4
00017cd9
0001726a
00013f21
00019735
0001532c
0001a11c
0000fcd6
000137ae
0000ea46
00011339
00010318
0000ece8
0000b408
0000d1fa
00002a57
000018f7
000085ed
00004037
00003c43
00001b1b
00004b21
000026df
00003c28
00000362
00000092
00000db7
00000f87
0000147e
0000206e
00000722
00001c49
0000056c
00001ed9
000002d0
00001bcb
ffffc46b
ffffd98b
00001dc9
fffffe9b
0000359b
00005915
00007983
0000922e
0000b811
00009732
000093c1
0000ade7
00009e7e
0000b2bf
0000a992
0000a711
00008bd2
0000ca86
0000a43b
0000cd6a
0000b1ed
0000f264
0000ca6c
0000dc46
0000c27d
0000c1d9
0000ca83
0000f3ca
0000c9b2
0000f5a4
0000e368
00010671
0000f61d
0000fe44
0001022c
0000f326
0000eec2
0000f741
0000f99f
00011050
00011d67
0000f1c6
0000f300
00009de7
00004d97
000042a9
0000615a
000034bc
000028fe
00001d5e
00001db1
000022a4
000021f5
000015a0
0000595b
00005ca6
00002511
000024c4
000036e7
000089b5
00001d42
000055b3
00001eb4
00002dd9
00002687
00002af3
ffffee01
ffffebb2
00001d94
00001ab0
0000464a
00001ae0
000016fb
00002f1a
00002f11
00002a2a
0000337a
00000565
00002c67
000027a2
00001e8b
00001d22
ffffe66a
00001b24
0000354d
00002d59
00004431
000068ed
00004a8a
000054e4
00005968
0000884a
00008228
000097e1
00008deb
0000911e
0000d768
0000ba3c
0000d0aa
00009431
0000814b
000088a3
00007817
00008505
000060cd
00005bd7
0000606d
fffff159
ffffe5b2
fffff053
0000091a
00000558
ffffef87
00000c5f
fffff3dc
00001843
0000063d
0000310b
000017c0
00000034
00002989
00003a89
000045ce
0000373e
00002fee
00003b8a
00000769
00003075
fffff0d8
fffff3e0
0000140a
ffffeb07
00001068
000006fb
00003114
000042c1
00004c7b
0000382e
0000706e
00000a29
00005302
0000240c
00006515
ffffec04
00002301
00001195
000021a2
00001774
00002124
fffffaa6
0000203d
ffffa9bb
ffff7fbc
ffff3cea
fffef707
fffedebf
fffecd35
fffec560
fffec6bb
fffebe64
fffe96ae
fffe9c7b
fffe7620
fffece9f
fffec409
fffee53a
fffed0f8
ffff2539
ffff4ae5
ffff5b1f
ffff5730
ffffc197
ffffd08b
ffffa565
ffffdb90
00000731
fffff62a
ffffff6f
0000015a
000036d2
000015c4
000039a4
000040ed
00004876
00001998
00002846
00004a7b
00008c3b
0000457f
0000485f
000052c8
00001241
00003265
00003a76
fffff820
ffffcc33
fffff769
00002805
00003a11
00004299
000036ec
000063b0
00004d66
000064ab
00004830
00004437
00004325
00003ad3
000036a6
00003db2
000009c3
00003d12
00004b61
00004793
00005285
00002faa
00002df2
00003b42
00007e4a
00009342
000090aa
00008419
000094c2
0000985b
00009d65
0000909b
0000a668
00009e32
0000b89f
0000bd82
0000d8de
0000fabe
0000f036
0000be63
0000b9e0
000026f7
00000c63
00005e5e
00002966
0000271a
00005749
00001eb9
00002715
0000561d
000040de
000049de
000069ac
00004d7b
00003223
000047dc
0000698e
00006628
00004e31
000067a9
0000455b
00005488
0000405a
00004014
0000043a
00001181
00000ee3
00002440
000025b2
00002245
00001f35
00004626
00002e73
00003229
00000cd8
00002705
0000184b
00001e26
000001e0
000004de
ffffd57a
fffff44b
ffffe40c
ffffef1d
0000162a
fffff9c1
00001e8c
00003c54
0000b5e9
00007ef0
0000b05d
0000ba99
0000e437
0000b9e3
0000d0f2
0000c848
0000b1a2
0000970c
0000c5c1
00008a28
0000bb71
00008d41
00007de2
000070ed
00009214
00008902
00002899
00005278
000024de
00002bd7
00001dc3
00001ac8
0000059b
000032d4
00001d6c
000044be
000037b0
00003870
00002f57
000054bc
00004032
0000164f
000049a9
000043d0
00003147
00005743
00004787
00004538
ffffeff2
00000b9d
00003e9b
ffffefa5
000005ec
ffffceed
000032c4
ffffdd80
000028a5
ffffc25b
000056b6
fffffbf6
00004665
0000265d
00004586
000036dd
00007d70
0000234d
00002799
00006067
0000486e
00000527
00004872
fffffa4c
ffffdd41
ffffdd87
00000c96
fffff12e
00001bc1
fffff123
000016c0
0000024c
00000237
fffff2c0
00002aa5
ffffe849
000023d2
ffffde47
ffffd1d7
ffffc2c6
ffffcb8a
000005f4
000066b2
00004a7b
ffffeb30
00002e37
ffffe33e
fffffaee
00000f6c
ffffe5b9
00000aaa
000021ce
00001e66
0000414e
00001eaa
00001109
00001954
00007bc5
0000127b
0000362a
000059aa
0000187c
00000da5
000027d8
ffffa767
ffffce70
ffffc74d
ffffc211
ffffe6ab
ffff9b13
fffffc81
ffffbff5
0000251a
ffffce81
00005238
fffffefc
00002a5f
ffffffa9
000033f3
00001d97
000058e4
0000207c
00005531
00003cf0
00005253
00004232
00003a7c
000018e6
00000d2f
00006b45
00003851
00004864
00003ecb
00004546
00007fe6
0000539e
00007eef
00004b32
0000382a
0000542c
00003bce
00005580
00002d0a
00003d73
00000aa5
ffff9564
ffffb3cf
00000747
ffffca57
000020a1
ffffc65b
ffffdcc9
ffffe01a
00000c68
ffffd4f1
ffffd966
00000524
ffffe298
ffffe5ac
ffffef4a
fffff859
00001644
ffffea77
000003a1
fffffd52
fffff875
ffffd05c
ffffe36d
00000e03
000001d2
000011c4
00003edb
00002bfd
00001795
0000205e
00003b5b
00002d4f
00003561
00003c2f
00002f2f
00001dae
0000367d
000030da
000034c9
00002110
000027cf
000033e7
00002bbf
0000461f
0000499d
00008130
00009ed9
00013f82
000136d1
00014d5f
00016614
0001815b
00018f81
000173bf
0001947b
000173b7
00015684
00018265
00014768
00017c83
00016d4e
00016073
000110f4
00011b32
0000b8ee
000071bd
00007f86
000056ed
00003fbe
00004259
00001a74
00003f54
000033b8
00003789
000027dc
00003070
000006d3
000026c4
00002665
00002c5e
00001c28
00002604
00002e87
00000c5e
000026c2
fffff772
00000801
ffffc561
ffffc117
ffffd372
ffffca81
00000939
ffffdb9f
00003428
00000fbd
00003d92
000009c8
00005c31
fffff4b0
0000526f
00000162
000023e2
00000a89
ffffef87
0000131a
000051fe
0000322e
00004f36
0000726d
0000bf8e
0000abbd
0000ece5
0000fb77
0000f7a8
0000f92b
0000ca2e
000102e9
000103ca
00011d55
00013ba4
0000ee5b
0000d38e
0000d2fa
0000d715
0000aa25
00008948
00007261
0000587f
ffffffec
ffffe449
00000798
fffff870
00001ee0
ffffd824
ffffe24b
ffffef2b
0000001b
fffff196
000007b6
00002773
0000166c
000015d6
00001c4c
0000342e
000040b8
00002b81
000025a6
00003ff3
00002872
00000d3e
ffffec5d
00000650
ffffdb3d
fffffa84
00000051
000037b1
00004a55
00002c61
00003cb6
000049a6
000038f0
00002b5c
00002b60
00005189
00002789
000045ea
00003196
00003603
000057d3
00004948
00002624
00004740
000054e3
00006d50
000060a9
00008839
00006be3
00007d7a
00008cae
0000a8f4
0000b57d
0000bc99
0000d0f8
0000c8a2
0000c99c
0000c283
0000d6ba
0000d342
000101be
0000eb6d
0000e420
0000c6c1
000099b4
00002f8c
00002fd5
00002cfc
fffffd81
00000544
ffffeb62
ffffeb13
00001b53
fffffa5f
00000133
000027d8
00000907
ffffd716
fffff5bc
000005f8
00003ec9
fffffbf7
000010fc
00001f83
00000e1b
fffffda1
fffffeee
ffffbf42
ffffb88d
ffffd548
ffffe7ec
ffffd7d0
ffffc97f
ffffb747
ffffef26
ffffccde
ffffbd58
ffffcf0d
ffffc853
ffffe2a4
fffff406
fffff3b5
00001788
0000155f
00000368
000061c7
00002804
000045ea
00002ccd
ffffc82b
ffffdb38
ffff964b
ffffa453
ffff6b20
ffff809f
ffff7d60
ffff3784
ffff463e
ffff0c8b
ffff2dbc
ffff595b
ffff7fbf
ffff943b
ffff97a4
ffffae28
ffffdb69
ffffe5d5
ffffe6d1
00003ae3
000001a8
ffffedb7
00001329
000035b1
ffffd07d
00000656
ffffdbbd
fffff75b
ffffcd40
ffffcd74
ffffcb5c
ffffbb9a
ffffd863
ffffd521
ffffc946
ffffc459
ffffbc7e
ffffdcb2
ffff920c
ffffaf59
ffff9112
ffffa142
000028da
00001709
00004c97
00007b7c
00008d80
0000cf59
0000af92
0000b7e5
0000cc4c
0000ba5a
0000bd6a
0000ea8d
0000e8a8
0000c257
0000d064
0000cfe9
0000b8bf
0000c62e
00009a13
00009474
00008a09
00009a89
00009031
0000a218
0000b2dc
0000b76e
0000b9bc
0000e785
0000f816
0000f71c
00010572
00010165
0000f2f5
0000d057
0000e7ae
0000e521
0000e885
0000ffe5
000106c1
0000e006
0000dd74
00008ae3
000041df
00005492
00002e81
00001082
000038c9
00002ca1
00003f95
00004e3c
00004a09
0000469d
00006db5
00008789
000037c1
00004eea
00004e64
0000a470
00005627
00006a87
00009347
000079d6
0000699e
0000712e
000015da
000019e5
00004057
00006d9e
00005c57
00005439
000072a3
00006cc0
00007649
00005e39
000076ae
0000b161
000077c3
0000eaa2
0000e349
00011ddd
000115fc
00011a99
0000c162
0001055e
00010bb1
0000caa0
0000b377
0000cc9c
0000e74b
00010639
0000b453
0000eaa8
00010c0b
0000f683
0000d379
0000c1e6
00009d4e
0000e10f
0001109e
0001063d
000120a5
0001248b
000163cc
00014537
00015041
00015bec
0000d912
0000b3c5
0000d909
000063c3
000067b2
00004eaf
00002264
0000120d
00000f76
ffffff33
00001dec
000020bd
ffffeb20
ffffff47
ffffe832
00002a35
ffffe5cc
00002237
fffffc9f
000044d3
fffff195
00002955
000016bc
ffffd40e
00001268
000036d5
000051e7
00003c00
0000788c
00004c1a
00006cd8
0000556c
00007110
000053fc
00009034
0000442a
00004cbd
00004f2c
000082f8
00008011
00004615
000068b2
00006bc8
000024b2
00000237
ffffeb1a
0000095b
0000483a
fffffb4a
fffff7fc
00001398
000037b0
00002e57
00002f69
00001e3b
00005659
000057a2
00008c18
00007eb3
0000b4d9
0000b330
0000aa68
0000a15c
000046ab
00002961
00003659
00002888
000004f9
00002cfa
00000c98
000005ee
000019c1
000014fe
0000120a
0000469d
000044dd
0000042e
0000181f
00002cab
00006ccf
00001584
00004f48
00000d30
0000174b
00000f17
000018f5
ffffe944
000019ad
0000523b
00004f1e
00005feb
000080d9
000093dd
000053ff
0000770a
000099fb
00007e2f
0000ac38
00008607
0000b272
000086ab
0000d46a
0000babe
0000bbcf
000076a3
0000dd7c
0000c5cb
0000ea78
0000e9a3
0000e6ab
0000edc9
0000f011
0001187c
00012555
00019e71
00013bc4
0001bec1
000168ec
0001906c
00013145
00015f41
00012af4
0001449e
00014499
0001211e
0000f761
0001119a
0000b715
00006f9d
00006707
000067d4
00004735
0000269a
000042ef
0000244e
0000242d
00001cb8
00003536
0000553b
000065c2
00003e54
00004530
000044de
000081ea
0000345f
00006c93
000045cf
000046ce
00002f58
00004318
000014b2
fffffdc5
00000c07
fffff21d
000024fb
00000973
00001a67
fffff998
fffff02a
ffffdddc
00000772
ffffc40f
00001b9c
ffffd5d7
ffffe90f
ffffcb84
ffffd748
ffffc911
0000257b
fffff94f
fffff7be
0000255c
00000ebb
ffffef05
00001ab7
000017c1
00001423
ffffefcb
ffffd9e3
000011eb
000011f6
0000055f
00003e3f
000023df
fffff7fb
00002d3d
00000c7e
00004b58
00004564
0000348c
000010a1
ffffe8ad
ffffd43d
ffffef52
00000931
00001b5d
ffffca32
0000105b
000004d1
00000faf
fffffcb4
0000070a
fffff4b2
fffffbe5
00000c42
fffffe6b
000012c3
00001b82
00000c55
0000060b
000000d4
fffff537
00000eb3
000008a7
ffffcd50
00001b92
0000232a
000004d6
00002865
ffffc925
0000365f
0000207d
00004348
00001bea
00007cbb
00005c28
00004acc
0000a5ee
00009c14
0000869e
00007243
0000477b
0000499a
00007400
00008c87
00005839
00006fbb
00003344
00008efb
00008df4
000080f8
00009daf
00005bc5
00003dc9
00004103
00003e0f
ffffe819
ffffe31d
ffffd914
ffffb6a5
ffffbf1a
ffff9d28
ffffb69e
ffffc0ba
ffffde90
ffffe7c9
ffffaf5b
ffffbc9e
ffff9dca
ffffa3ae
ffff8e6c
ffffa536
ffffb356
ffffbd72
ffffaa01
ffffba74
ffffda97
ffffc71f
000014db
00002245
000018c6
fffffb9e
000037bb
000031b8
00007b9f
00006d21
00003c51
00006210
00000073
fffff633
000043cd
00005831
00005e88
00006975
00006bbb
00007a3e
00007075
000086a1
00008e5a
00009287
000070aa
0000b49d
000097ec
0000c1be
00009779
00008d3d
0000bcf1
0000d447
0000bcd1
000112fc
00013a08
00011da3
00016432
00016e2e
00018288
0001afa1
0001c9bf
0001a25d
0001c0c3
00019ed5
0001b634
00014f25
00019403
00015027
00018a08
00018166
00017c32
00011880
00013aef
00009624
00008847
0000b2a5
00004753
0000415e
00003f79
00002f4f
000046be
00003af7
0000387e
00002156
00003f04
00003625
00001d26
00001bfe
00001e57
00003ca5
000008ff
000031d6
0000260e
00002377
000002e2
00000472
00000c75
00003313
000058da
000036a4
00000648
00003083
0000380e
00003836
00004de9
000015d1
00005f2d
00005b9e
00006307
000088f7
00009ba2
000082b4
00009e97
00003acb
00005060
00007029
0000626d
000049a4
0000870d
00004ad7
00004432
000033e0
0000573a
00006c90
000081cd
000064b7
000083be
000083d5
0000527d
00003d26
00005be9
000027ba
00003de2
000027c5
00000061
00000c7f
00000bcc
00003eeb
0000bbc9
0000a5ec
000023de
00005031
000029f4
0000440f
000047c0
00001ca3
00003a2b
0000363a
000025f3
00004b7c
00003256
00002cfc
000022f6
00005225
000027f8
00003331
00005e79
00002791
000034b8
00004637
00001033
ffffde31
ffffdfbc
ffffdfd4
00000949
ffffd4bc
fffff40d
ffffea69
fffff752
ffffe2fd
fffff098
ffffac4a
00001048
ffffcfba
ffffedf1
ffffbffb
ffffdae2
fffff1c1
000028ab
0000149c
00002bb2
00005086
00005c19
00004cf9
000085e1
00007eb2
000092b9
00007287
00007170
0000a695
0000b206
0000c47f
0000bb21
0000aa14
00007002
00009c17
000088d7
0000b84d
000093b9
000085ac
00006995
00003b12
fffff420
0000086c
00000e8a
00001757
ffffbbe6
fffffa74
ffffd331
fffff9c7
ffffcd54
ffffd549
ffffd0ed
ffffca11
ffffdf82
ffffdd31
ffffea9d
ffffe8d8
ffffdeb2
ffffe580
ffffe6c4
ffffeadc
ffffe7bf
ffffde2c
ffffd6c0
ffffefa8
00000547
ffffce00
ffffe8e7
ffffeb6a
00000821
ffffee0a
ffffeeab
ffffdc94
ffffe95b
00000d80
00000284
00001001
00001700
fffffc5f
0000121d
00001048
fffffee2
00002371
0000240a
0000453e
00000b7e
000021bb
00001a6b
00002634
00002dfe
00004588
0000587f
00005538
00008959
00007ec6
00006e2e
000061e3
00004a19
000079f0
00004763
000086fd
00006914
00008484
00005156
0000639e
00000371
fffff744
ffffda41
ffffd464
ffffa2ac
ffffae64
ffffb5ea
ffffbd01
ffffb03f
ffffd13a
ffffd8a2
ffffd6cb
ffffe5f2
ffffef69
ffffec2b
ffffffa0
000007bd
000007bb
fffff845
fffff242
ffffec04
fffff036
ffffa86a
ffff94d3
ffffd6c0
00000999
0000185c
00004c38
000072d4
000085d9
00008334
00007aa6
00008a36
0000841d
00006d2a
000091b6
000099af
0000c3ec
000089ad
0000b0e9
0000e799
0000c07e
0000e084
0000e10e
000112d6
0000eb9d
00010111
00010674
0000e73a
00011942
000111da
0000fd20
0000ef44
0000e919
0000fb85
0000c665
0000f712
0000c649
0000fd8b
0000e03e
0000f027
00009e48
0000b5c8
00007321
fffff783
000026a1
fffff668
00001d72
ffffb353
ffffc11d
ffffc571
fffffe05
ffffc94a
ffffc6cf
00001dea
ffffe939
ffffbf5e
ffffd2f6
ffffd306
fffff69a
ffffd5ac
ffffe88a
ffffe459
fffff10a
ffff99fc
ffff9b76
000018e3
00000cee
00003521
00004b70
00006b53
0000653c
00006f62
00005de2
00006599
000090dd
00007648
00009d14
00006631
0000a039
000084b8
0000af5f
00008fe3
0000adff
00007de6
0000cc78
0000beb6
0000b15f
0000bc8c
0000b7d1
0000fd32
00012bcf
0000feb5
000122cd
000114c5
00014b5e
00011d89
0001379a
00014cd2
00013a3c
00015532
00015056
00016fe8
000170af
00018249
0001446e
000147c9
0000b3b6
00006ed2
000096a8
00007a91
0000590b
000052d4
00004eaf
00002c1e
00004f6d
00003504
00005947
00006c70
00007533
00004a17
000059d6
0000715b
00007e88
00005db4
00008c76
00008943
000095e1
00009591
0000a98a
ffffb5e8
ffffc020
0000116d
0000492e
00006006
00007077
0000921f
0000a1db
0000bf21
0000abd3
0000d34c
0000ca36
00009fe5
0000db85
0000dca3
00010734
0000b96f
0000f790
0001260c
0001454f
000152d3
00019742
00019d1a
00019c1d
0001a0c0
0001ee90
0001cd48
00022a09
00020f41
0001da90
00021ba4
0001e52f
000223b0
00017686
0001b2b7
00015430
000190f0
0001683b
0001564a
0000e90c
00011f3d
00003346
ffffeac2
000050cd
00000387
00002bc5
ffffa8d7
fffffc9b
ffffc94f
00002459
ffffcfc2
ffffe7bd
00002360
000005d4
fffffbdf
00001e5d
00001ba2
00002674
000011fd
00002b19
00001735
00003ade
ffffd506
ffffdaa3
0000170e
fffff897
00002497
000018aa
000028f0
00004ea8
00003487
00005061
000028d0
00001f08
00000eed
00003ee9
0000377d
00004fed
00005468
00004732
00002a25
000050b7
0000192c
000049cd
00005e47
00003c30
000018a8
000005fa
fffff574
ffffdde4
ffffda74
fffff746
00001093
ffffe444
00001cfa
0000146e
ffffe040
fffff05f
ffffed01
000013ff
fffff186
00002ffd
00003097
00004003
00002b47
000071e1
00001ea0
00000c5b
fffffb0e
fffffce3
ffffe85e
ffffecf7
fffffd69
00000206
fffff468
00000927
00000af4
fffffc50
0000065c
00000f5b
00001f7f
00002ac2
00004119
000037c7
00003b1d
00003107
000019c2
00001374
00004cd3
000046e0
00004a94
00006177
000076f3
0000d2ba
00006f6d
0000b4bd
000063b9
0000a80e
000058fc
00006bd4
00008864
000098a7
00007635
000088d5
00003a09
00007d06
0000597b
000097f3
00009cbc
000081f2
0000a994
00009dd9
000078e2
00006338
00007bed
00007f46
000045d0
0000703e
00007eaa
00009331
00007f79
000040a8
ffffed61
fffff9cd
ffffec0a
ffffdd53
ffffd093
ffffd5fc
00000554
ffffce03
ffffe4e0
ffffe6ee
000014c5
fffffac4
0000138c
00003db7
000019c8
00002046
0000330f
00005017
00006a50
00006ce9
00008829
000097d0
0000a0f3
00008e7b
00009813
000091ff
000087c8
00008f70
00009ebd
000086d0
00006ee3
000065e4
00007e15
0000700e
00005cb9
00008915
00005651
00006709
00002d81
0000481b
00003b88
000023d0
00005b50
00004a5d
00003dc9
000042eb
000020d5
00001dd5
ffffe711
0000266a
00001e6c
00000cc9
0000234c
00001def
00001604
000009df
00003946
00002e09
0000510c
00003a1c
00007638
000067ea
00003fc4
000030a4
00001f6d
000012d6
000013ce
00000909
fffff071
fffff75b
00000de7
00003e7d
00007911
00004bc7
000025c5
00002555
00007136
00006902
00006e0c
00004c42
00007a7a
00008a34
00007cbe
000086bf
0000a018
0000a2ad
0000a0c4
00009298
00009d27
00008f6e
000080ac
00008112
000092ac
00007be9
000026b5
00001946
000035d4
000082d1
0000813f
000083d8
00009ff3
0000a2c6
0000d269
0000b9ca
0000cffc
0000b3f2
0000b559
0000b8f4
0000b51e
0000c9d4
00009191
0000cb44
0000d619
00010714
00010b47
00013c66
000165c5
000176e6
0001bc25
0001cd83
0001e1b5
000217ac
000220d5
000220f4
00023260
00023220
00023762
0001bded
0001d9de
00018873
0001c235
0001a433
00018bc9
00013bef
000163c5
0000ae3f
00006a8a
0000a9a3
00008271
000057ba
000032a9
00006c35
00002b92
00005e1b
00002b7c
00003198
00004020
0000522b
00004e97
00005c08
00005c31
00005418
00004f67
0000553a
0000550b
00006505
00004464
00003575
00001357
ffffe4f5
00001b21
000025eb
000048af
000033e7
00007ea4
00002f82
00004f3e
00002747
00006682
00003747
00007498
000009d6
00002c5b
00001abe
00005970
00003885
00003560
00004d13
00004188
000004e4
fffff53a
ffffe0b9
00000a6a
00000d2d
000004e3
ffffe64f
ffffff0a
00003098
00001a13
00002166
0000278e
00004431
000032c3
000059d6
000044f7
000071f3
000067ab
00005ab9
00002fe3
00002f2d
0000178a
00001a6f
00000d67
000013cf
ffffe740
fffffefb
000005de
00000e95
00000fc3
00001ea5
0000463f
00005660
000018ea
000014bf
000034c1
00008343
00002be1
00005770
00005546
000029b2
0000473c
00005a40
00005eef
00005c44
00008693
00008de2
00006beb
0000ceb7
0000b714
0000a2e8
000097e3
0000a356
00009401
0000b595
0000aefb
0000aab1
000095a3
0000b13c
0000993c
00008981
000068ce
0000a2d9
00007321
00007ce7
00008e3e
000061b5
000057c5
00003412
00006c3f
000060f9
00009ab3
00005224
000099b5
000060e8
000063f9
00004621
00007032
00004020
000069b0
000053fd
00006e10
00003c5b
00005cc1
00008a14
00009ec2
00009cac
00005673
000043ad
00008be4
0000893c
00009a8b
00005d52
00008d48
000068fb
00007649
0000b2e7
000076f1
000056fb
000056cf
0000a06e
0000573a
000068bd
00008f72
00006421
0000aa68
00009946
ffffea0e
00001337
00001f62
fffff15c
00000da6
ffffe16b
00002b99
ffffdd8c
00002ecf
fffff941
00004d94
0000226e
00003478
000014d1
00002579
fffffb1c
0000268e
ffffd29a
ffffcb43
ffffd17c
ffffd17a
ffff6dee
ffff7526
ffff5785
ffff4c7d
ffff33b1
ffff54f4
ffff1dba
ffff59a8
ffff6d20
ffff63f0
ffff6fc5
ffff4012
ffff8146
ffff6e3a
ffff9552
ffff7a44
ffff7f6a
ffff666c
ffffa22f
ffff716c
ffffb689
ffffdcd9
ffffbe3d
ffffaa8a
ffffedf7
ffffd34e
ffffd494
fffff0fc
ffffff25
00000f17
00003952
00004ca8
00006265
00005044
0000547c
00007ac2
0000851c
00007ba7
00007021
0000a8d6
0000693f
0000a4f9
000099c9
000007bf
fffffc2b
000013b1
00006e91
00003cec
000055ac
00006e3f
0000880d
00005b8d
00006d73
00006b02
0000753b
00005f06
000064ac
00005cc5
00004d4a
00001e89
000015cb
000033ac
00001fe1
00002071
ffffe06f
ffffe20f
fffffd6f
000048d7
0000687e
00003cc7
00004f54
000048e5
00005899
00003b9a
000041d8
00004ebe
00005538
0000a809
00008c0f
0000c60b
0000d1ee
0000d64d
00009be3
0000cf20
00005885
00005412
000097f9
0000344f
000050fb
00005f07
00003237
00004852
000061ff
00005f03
000068ed
00008425
00008b70
00007108
00008df8
00007fea
00006aad
00007d04
00009542
00006cb9
000093b5
00006797
00006a5f
0000231b
000018e0
00000fa0
000014a2
fffff001
00001395
00000ea9
ffffd874
ffffea34
ffffde6f
fffffa5f
ffffdda3
ffffffc2
ffffc172
ffffc19b
ffffe9f6
00001138
fffff25f
ffffd164
00000b5f
000000ac
ffffcfac
ffffc7e2
ffffb876
ffffa938
ffffae68
ffff7b43
ffff8221
ffff8bf5
ffff940e
ffff6f2c
ffff5438
ffff67bb
ffffb269
ffffb9f1
ffffbc1f
ffffcda3
ffffd90c
000036d3
00000d0f
00003323
00007a5a
000068ef
00003358
00009e18
00006532
00004d58
0000827b
00004f5d
00002a74
000049d3
00004663
0000350f
000046ec
00004a61
00002e46
000045e3
00003588
00003e52
00003d5a
00004208
000031a3
00006be3
00005d87
fffffcae
fffff02b
0000042d
ffffdd58
00001a1d
00003bf2
0000191f
000024b8
00001896
00003551
00001167
ffffd9a7
ffffff62
ffffb608
ffffb722
ffffa19b
ffffa779
ffffa82a
ffff9e90
ffff9f31
ffffa9e9
ffffb1e6
fffffce5
ffffce8e
ffffd31e
ffffce7c
ffffdd5a
ffffdbac
ffffd66f
fffffb45
00000d6b
00002504
fffffdb1
00001f87
00000174
000015f7
00000c82
ffffffe5
0000005e
00001e11
fffff87c
ffffefd0
fffff129
ffffd002
ffffd02d
ffffe73d
00001dd7
fffffe68
000014e1
00002089
000045b8
000052d9
000068be
00005047
0000427d
0000310b
000078bc
00006b46
00005c39
0000530e
00009390
00005766
00009393
00005792
00000c36
00001516
000049e0
0000606e
000080f5
000094b6
0000b10e
0000a0ae
0000aa7c
0000d707
0000bbca
0000c42b
000093dd
0000e820
0000939d
0000ee2e
0000913a
0000a977
0000a249
0000f166
0000cbbb
00009731
0000c0a8
00006a3f
00008580
00009aa0
00009686
0000abc5
000098e3
0000b2ff
0000806d
00009472
00008145
000089f8
0000a0c4
00007978
0000b4fe
00008fb7
0000aa04
000068f9
000096b4
0000628f
00002bd8
00002645
00000292
00001393
000020a0
0000219b
00001b95
00003531
0000375a
00004e6c
00009341
00008b00
00005e48
00006171
000085bd
0000a481
00005a17
00009573
0000a9f6
0000991f
00009e69
00009a5a
00001c0e
00001585
00001032
00007b0c
00002341
00005ce5
000030d1
0000643d
00006297
00004af4
00006b99
000048e6
000074f3
000062bc
00008d02
000085d8
0000978b
000056f0
0000c32d
00004622
0000689a
00001994
00002cc7
0000008d
00001c68
00000a3b
00000214
00001492
00003080
00000093
ffffe0cd
ffffc9c9
ffffe362
00000151
00003689
fffffea0
00003a67
00003ee2
00008b98
00004682
0000655a
00008316
00007840
00007d78
00009274
00007ed0
000078fa
0000a5fc
00008fcb
00006ac9
00007825
00004644
0000567e
000056b9
00004893
00003794
00003347
000037c9
00003216
00004d1b
00006c6f
00007148
00007916
00008d1c
000035b4
00001828
0000340f
000086d0
0000468a
0000968b
00007412
000077bf
0000400a
00005be4
00005201
0000367d
0000505e
00002368
000013ef
00004e3f
00004445
00003b6d
00005542
000055b1
00004a4d
0000293a
00003d68
00001833
000050fd
0000528a
00003da5
000076f3
00005e13
000057d3
00004827
000037f2
0000556d
0000556a
0000897d
000057b3
00008ccc
000088f7
0000d20d
00007c26
0000a996
0000a947
00009565
000087f2
0000940b
0000806e
00005bcd
000092e3
00008730
00005d4f
00007414
00004e58
00006c4f
00005f88
00005bff
00003f8c
00004149
0000717e
000027e0
0000684b
00001fc7
00003a99
00000dbd
0000236f
00000d34
ffffff4f
000023af
00001d4f
000032f7
000028ec
00004781
000023b0
00002b44
00001bfc
0000308e
00002590
0000466c
00003c41
00004273
00004938
0000666c
0000661f
00003e4d
000075c8
00006e3f
000052d5
00004355
00002f48
00002d22
00002946
0000277b
00001cf6
00003a5b
000032c7
00005e73
00004ce0
00003f12
00003af2
0000205c
00003e4e
000021e0
00005bf1
0000402c
000043c6
00002dc1
00002451
0000141b
00000518
000018bf
000010d7
ffffed2e
00001041
fffffd9d
000003a7
fffffc50
0000119f
000017eb
00001682
0000142b
000015cb
00001b4b
000049c3
00001a4d
0000342e
0000240e
0000162d
000019fd
00002a4f
ffffcf20
ffffc67d
ffffea62
ffffe199
ffffedf9
ffffe432
00002948
fffff8eb
000016e7
ffffef9e
000034e9
00002a0d
00003ca8
0000350c
0000364a
00004c07
00005f04
00004ed7
00002627
00008bb2
0000627e
00002dce
0000715f
00002269
00005799
00006e84
00004761
00006a18
00003038
00004c21
000022e2
000038b8
00003384
00004198
00005b2a
00005787
00006f53
00004f2c
000078fd
00005c1a
00005fc2
0000281f
000008f9
0000226f
fffff3e7
fffff25d
ffffe60f
ffffdc62
00000471
00000383
00001051
00000d3c
00003540
00005657
00001b02
00001002
000014b7
00006b8d
00001b2c
0000364b
00005be8
00002205
00001912
00003100
000003b6
00003987
00003319
000068e7
00005318
0000971c
000091b8
00008ed4
0000b38c
000097d3
0000be0b
0000b456
0000a424
0000b384
0000be4d
0000ce8a
00008c60
00008e18
000094d8
00007f2b
0000983c
00006723
0000b5f7
00008da4
00009021
00005506
0000ae08
0000b492
0000f373
0000aaab
0000d617
0000bda7
0000c44c
00007848
0000a54c
00005ba2
00008d96
00007375
000063e0
00003adf
00005015
00005915
00003fac
00005ae8
00001db5
00003bcf
000021c7
00001b8a
0000416d
00004849
0000419b
000040e7
00008023
00006626
00004492
00005d48
000057e5
000076aa
00005e49
000062f0
00009819
00007663
000038da
00003e9e
00001bf2
00000a06
00001186
00000fdd
00000d2b
00003044
000011b5
00002813
000029c7
00001ca2
000020b0
00001514
00002a0e
00002971
000035eb
000023a0
00004755
00003059
00003ae7
0000498d
000043bc
0000650c
00009619
00005d5c
000034ab
00003dd1
00003487
00004e8f
00004de5
0000199c
000051dc
00002f8b
0000422b
000022b9
0000484f
000025af
0000352a
00003184
0000403b
00002954
000031c2
00002186
000041ef
000055c3
0000314e
00003d75
00001f7c
000043f5
000031da
00000bfa
000024dc
00000731
000006ad
00001367
00000c7f
fffff33d
fffff5f0
000012a0
ffffee72
fffff124
00002bb2
0000005b
00001fca
fffffe63
fffff299
00002eaa
00003b88
00003033
0000264d
00001625
0000621d
00002df6
00006c29
0000497f
000084a1
000079e5
00006389
0000a292
00008e63
0000a0ef
0000a841
00006fa5
00004c2d
000085c8
00009a53
00001953
000054b0
ffffedac
000035ee
00003031
00001dcb
00001b1c
00002a5c
0000228d
fffffe71
00000ada
ffffba36
fffff1d7
fffff2e3
ffffca7b
fffff7a4
ffffc78f
fffff2c3
fffffed3
000018a4
0000536b
00002cab
00002512
00000a33
00000268
ffffdbc6
000007b8
ffffc948
ffffe80b
ffffcb3f
ffffeabe
000006b0
0000048c
00000906
00002225
00001c2f
0000158e
00001dc1
000027cb
0000570f
00004c93
000041f1
000059cd
000010e0
00004780
000045fd
00001804
00001536
00002827
00001e31
fffff49f
ffffeb17
000000dc
fffff2c8
0000121f
ffffee37
00003b73
ffffefdd
00004484
00004371
00002b58
ffffc760
00009e8f
0000869e
0000745e
0000a7f1
00004f38
00002f17
000054f4
0000181e
00003949
00000558
000003e1
00000a99
00001328
ffffcf3c
ffffd1f4
ffffbc3a
ffffb49e
ffffb3bc
ffff70ff
ffff7962
ffffa320
ffffd212
ffffd66e
ffffea0e
ffffccc9
ffffe37b
fffff09c
ffffb509
fffff4df
ffffbf2b
ffffc78c
ffffb804
fffff20b
ffffed4d
000005b0
000013ab
000026c3
fffff39d
fffff704
ffffe521
ffffe7c1
ffffbb8b
ffffbe7c
ffffcada
ffffc058
000062f7
00002705
0000714e
0000869d
0000a478
00013e88
0000d4e5
0000eed3
0000a4f7
0000e415
00008d92
0000ba06
0000ba94
0000a875
00008fa5
0000c58f
000079a4
0000b64c
000082be
0000e145
0000e471
0000ace2
00010218
000089bb
00006e66
0000449d
00004ed3
00003621
00003596
00002306
00004466
00004be7
000029a8
0000278a
ffffea44
000007d0
00000ac2
0000247f
00002f63
00001c25
00001ea6
000024ff
00000ee3
fffffe0c
0000344c
00002932
000029c1
000046a3
00005354
00003c7f
00005eee
00007bc5
0000b395
000093ec
0000814f
00007d70
00009cf0
0000cd72
00009b92
0000af89
0000cf74
0000a345
00009db2
0000a0ff
00001fe2
ffffc759
00000707
00004427
00004278
0000985c
000080ba
0000b2ad
0000724a
000088e7
0000569a
00005993
00006534
00003fcf
00003fc0
00006c12
00004715
00007f7a
00007eb7
00008aea
00009391
00005237
00005891
000028f4
000021a6
00003001
00000ef1
00002d4d
00002211
000027aa
00002872
0000210f
00001ed9
00002a7d
00002ac8
000029ae
00003667
00005cc2
000087b0
00005e41
00007131
00005ef6
00000b02
fffffec2
00001302
fffffd2f
00001217
fffffacc
00000edf
00002f08
00001fc9
000009b9
00004af9
00000c26
ffffe672
ffffeaa9
0000134e
000056fa
fffff0d0
00001f64
ffffdfb2
0000037f
ffffe38d
ffffe90e
00004837
000047e0
00005e13
0000b6cf
00009695
0000e6bd
0000b57f
0000d532
0000c21f
0000bed6
0000a89c
0000cc20
0000b5fc
00009cff
00009e93
0000a441
0000682d
00008803
000049bf
00004ef2
000067c8
00004b7c
00005183
00008255
000097d3
00007561
0000ac1d
0000e5a3
00013770
0000e789
00012667
000102ba
0000ecdf
0000bc68
00010c75
0000c66c
0000f08b
0000ebab
0000ebf5
0000c6aa
0000e94d
0000afe9
00006b39
00008dc9
00004f1d
000042a2
00007d71
000054b8
00008174
00007ca9
00008388
00006b3f
00008fc5
00008f1d
00006afc
000080b2
000073a2
00009252
000082c6
0000778f
00009716
0000a7a8
0000642a
000060db
fffff022
ffffe64a
0000087a
000019c4
000009e2
000034b7
fffff3e8
0000555f
ffffe33d
000009dc
ffffcda6
0000047c
fffff291
00000c4c
fffffc84
00000d19
ffffda0c
ffffe8b4
00001210
ffffd0c5
fffff67b
ffffc5d6
ffffafeb
ffffcc81
ffffb62d
ffff8f0d
ffff8b5e
ffff6927
ffff64eb
ffff4a58
ffff4744
ffff370c
ffff4c6e
ffff5181
ffff6232
ffff868b
ffff895a
ffff8d2c
ffffa35a
ffff9a66
ffffb24c
000007dc
ffffe99c
ffffc2a5
ffffdae9
ffffef04
000014a8
ffffd134
00000dd8
fffffe08
000017b5
000028bf
000024c3
ffffffab
00000626
00000c6f
00001154
000017e9
0000205e
00003585
00000532
00003eee
fffff861
00000719
fffff20f
ffffeb40
000008ac
fffffbe4
000023d7
ffffe13f
0000432e
0000001c
000048b2
fffff35d
0000617e
00000ab0
00004db9
00000c80
000023aa
00001f19
00003a06
000027bd
00004010
0000445f
0000504f
000013df
00002e53
fffffcf6
00004269
0000706d
0000329e
0000567e
00001463
00005500
00000e2b
00001c8d
00002c35
00003937
00004620
00003683
0000530c
000027d7
00005de8
00002a74
000035e3
0000177d
fffffbd1
00001455
ffffeed6
0000176a
ffffac49
fffff9f6
ffffd696
fffffec7
ffffd606
fffffce5
fffffbf9
fffff8ea
000007c5
00000613
00001637
00002c25
00001c3f
000015e3
00001fd8
000022dc
00001e18
00002b81
fffff2c8
fffffe24
fffffd4a
fffff462
00000864
ffffe4bc
00001061
ffffd2ff
fffff8f5
fffff97b
000008f2
0000041d
0000002a
00000758
ffffeddd
00002397
000046fe
00003edf
fffff9bc
000053e5
00004f1c
00003e5c
00002a0a
00003273
000066d2
00006494
000043dd
00002c04
0000894d
00006e3a
0000a02d
00007e6e
00009fd6
0000813f
00008423
00008e58
000087a8
0000a7aa
000084a2
000080c8
00009ba5
00007965
00002104
00002d4d
00005f3c
00000a60
00001537
000028fd
00000515
ffffea7f
ffffe686
ffffed4e
fffff3cc
00000f21
000008ae
00000101
fffffa81
000002dc
ffffe772
fffffecd
ffffe44c
ffffd99a
fffff4fc
fffffcc1
fffffeae
ffffd742
ffffc574
ffffcdf5
ffffc60b
ffffc9da
ffff96cb
ffffc7aa
ffffbc83
ffffc78f
ffffb12b
ffff7662
ffffc294
ffffa9f2
ffffb51d
ffffd1dd
ffffdef7
ffffd8a7
00000fb2
ffffda7d
fffffbd6
ffffdc54
fffffd9e
ffffde28
ffffffd9
ffffe9fb
ffffebad
ffffec41
00000b5f
00000274
ffffbd8f
ffffcf2a
ffffbeac
fffffa64
000007dd
ffffe2db
0000093e
00000d7b
0000599f
000016c6
000040bf
0000abf9
00004383
00001ba3
00003b36
ffffffa4
00000714
00000b0f
fffffcc4
fffffe90
ffffee9d
ffffc561
ffffca4a
ffff8c2b
ffff9818
ffff988e
ffff9a53
ffff7304
ffff7d3d
ffff7fd7
ffff4968
ffff855d
ffff7f3e
ffff76f9
ffffe73b
ffffd1bf
ffffdffc
ffffb6ce
ffffcb73
ffff5f34
ffffd5ac
ffffa544
ffffeff4
ffff8757
00001617
ffffa49c
fffff704
ffffaaee
ffffdfea
ffffade8
0000074c
ffffd164
ffffe23b
ffffe8fe
fffff974
ffffe708
00002546
ffffff78
000037d8
0000517e
0000517f
00004871
00002fde
00006022
0000520b
000075a8
00003c52
0000420b
00002c98
00002ebf
00002a43
00002047
fffff935
000009ad
ffffed75
ffffcccc
00002ddc
000045ea
ffffd919
000011c7
ffffe805
fffff09e
ffffd433
fffffb8f
ffffd6f5
ffffddcf
ffffc096
ffffcf83
ffffd995
ffffd8c3
ffffdc9c
ffffff20
ffffc94d
ffffd0c9
ffffc109
ffffbb06
ffffa4b3
ffffaf74
ffffe106
00000609
00002efd
00002183
000065d0
000049ea
00007054
00003adb
00006cd7
000057b0
0000843e
00006d02
000074b1
00007e22
0000621e
00008ef2
0000582c
00009062
00007b80
0000eaa2
0000da53
00013886
00012a71
00012b27
00013c0a
00019158
0001667f
0001b8cf
00018212
0001a3b4
0001df56
0001c311
0001e899
00016759
00015c82
00015be7
000152f8
000148ad
00010bb0
0000e4b3
0000f023
000031e3
000009bf
00003a5a
000014d3
00002062
ffffa9b5
000009fc
ffffc9dc
fffff10e
ffffc244
fffff452
00000a3f
000011ae
00001b88
00002d18
000027bf
00003e2e
00001d06
00003ac2
00000538
00000f21
ffffd7b4
ffffdca8
fffffbbf
00001944
fffff699
fffff89a
ffffefbd
fffff461
fffffd2a
ffffe6df
00000084
ffffc3ee
00001d2a
ffffdbe2
fffffbcd
ffffad84
ffffc359
ffffa596
ffffafa8
ffff74e3
ffffaac4
ffff8039
ffff8e35
ffff4759
ffff223b
ffff1674
ffff14e1
ffff44c2
ffff31c0
ffff4b9f
ffff2beb
ffff60f6
ffff3ad0
ffff44b4
ffff52d9
ffff8e60
ffff967a
ffffb32c
ffffa5de
ffffb7d4
ffffce03
ffffe0c9
ffffd7c7
fffff285
00001127
00003505
fffffb4a
0000514d
000009e8
00002e98
0000361a
00004af1
00003f87
00003f28
0000429a
00004e12
00004a15
00003f02
000055a5
000050bb
00005a46
0000480b
00006941
0000500a
00006c51
00005af3
0000236b
00003e67
00005f5e
0000638c
00005086
000096bb
0000712e
000083b6
00005a44
000096c2
00005bad
000095cd
000053d1
0000947e
00005dca
0000933d
000038fc
000059cf
00003df7
000088c8
000068ad
00009e9a
0000a120
0000bef3
0000c3b1
0000a8e5
0000dc38
0000fce9
0001311f
000103ba
00013697
00011d44
000119dc
0000d50f
0000fe86
0000c1b7
0000ecc7
0000c838
0000a86d
000092df
0000ac64
00009621
00008517
00007af1
00004c1a
00003627
00004f91
00004ea6
00004bc7
00002ea4
000055b5
00005c2a
00006798
00007dc9
000069cc
00006c08
000077fa
000078be
00006256
00007b3b
00007dfb
000071a6
00007db6
000072d0
000001fe
ffffd749
fffff39c
00003846
00003bad
000069ac
0000440e
00008b36
000068c2
00008002
00005730
00006e1a
00008010
00006c24
00007919
00006cf8
00005c01
00007d04
0000a3ea
000067ac
000088c8
000063ab
00006e67
0000687e
0000adb3
0000b2b4
0000ad5a
0000a3b2
0000a08c
0000d37e
00009816
0000bb71
0000b91d
0000cba2
0000be86
0000f143
0000f154
0001241a
00011c26
0000f1fa
0000e646
0000b14c
00004729
0000471b
00003d05
00000feb
00002850
fffff5df
00000c1f
00002d54
00001dc6
00000c91
0000463f
000023be
ffffecae
ffffff91
000010d1
00003878
0000028c
0000375d
00000327
00002043
fffff6d1
00001348
0000076a
00000112
ffffffde
ffffe299
00000590
ffffe159
00000af3
ffffedfb
0000158f
ffffff91
0000102d
fffff46c
00002152
0000083f
00001c2a
fffff6c1
00001534
ffffff52
00001eb3
0000024f
00001348
fffff003
000000b3
ffffd1de
fffff4e4
ffffe1ef
ffffe660
ffffb828
ffffb655
fffff963
ffffd30e
000005a3
ffffcc3e
00000d59
ffffc9d2
ffffffec
ffffe880
00000b3a
ffffe6dc
000007d8
ffffdba1
ffffff3c
00000a54
00000408
000001aa
00000dbf
ffffe825
fffffb71
ffffd690
ffffff12
ffffd701
fffff0c7
ffffe528
ffffdfeb
ffffdeeb
ffffea90
00000121
fffffa4e
00000066
000004bf
00001a83
00000d86
00002636
00002b92
0000802a
00001ad3
00005349
0000b3b6
00008ff2
000133c6
0000db21
0000ef35
0000bf15
0000f042
0000a5ec
0000c861
0000d56a
00009634
00008a97
0000b596
00009073
0000b4a5
0000b36b
0000d26a
0000bb89
00009a1c
0000cc51
00008501
00009c6c
0000b25d
0000a444
0000ce95
0000de0d
0000ebce
0000f447
0000f91f
0000e2f3
0000de26
0000da5d
0000e618
0000edf3
00011968
00014bf8
00011400
0001272a
0000e9fb
00009e7b
0000867a
00009c58
00004c38
0000ba65
00008bfd
0000b0d1
00007497
0000b4e6
00007e64
0000bbbe
0000be2c
00007adb
00005f85
00008976
0000d7e6
00007919
00009d1e
00009ce5
00009030
0000b5c4
00009864
fffff84b
fffff5a0
ffffecad
ffffe0a8
ffffc66c
ffffbdd1
ffff9f33
ffffc56c
ffffa83c
ffffb1ef
ffffb3be
ffffab65
ffffbbeb
ffffa708
ffff9d35
ffffa63b
ffff9abf
ffff7546
ffffc192
ffff9d82
ffff91e7
ffff8330
ffff4792
ffff635a
ffff5252
ffff8cf1
ffff3e26
ffff60bc
ffff3211
ffff47e3
ffff2562
ffff087c
ffff40cb
ffff5bcc
ffff710e
ffff8b29
ffff7ce5
ffff8df8
ffffe220
ffffd977
ffffeca5
000028ca
00001d81
fffff849
00003c60
00001d10
000032cd
0000312a
000026a5
000009e4
0000280d
00002ae8
0000034c
000017fb
00001c5b
00001297
000015a1
ffffe92a
00000a73
0000090d
ffffc1d8
fffff429
00000e42
000008ce
ffffeacb
ffffbcac
ffffe041
ffffda43
000025d0
00000f11
00002c1b
00001a74
00001eda
000033cd
00002b06
0000059e
0000217e
fffff9f0
fffff5c4
00000952
ffffc727
00000696
0000303a
00003254
00002e8a
00006008
0000625a
00008c85
0000a234
0000b4f4
0000a619
0000b36d
00009a02
0000d7e2
0000be02
0000d5e7
0000e0aa
0000bacb
000095f6
0000adff
0000995f
0000c491
0000ba6b
00008a73
000091b4
000019da
ffffedee
fffffec0
00001b60
fffffaf8
ffffe54d
ffffe97f
ffffdf73
00001fc6
ffffed85
0000044c
0000077d
fffffbdd
fffff715
000008df
000032b4
0000106a
00001d34
00001335
fffffc3e
00001811
0000169f
fffffebf
00001a04
00000cf9
00000e70
ffffe250
fffffbbf
fffffc26
ffffd25f
ffffe6ed
ffffd9b3
ffffc964
ffffd4cf
ffff92c6
fffff8a9
ffffb195
ffffe4e9
ffffaba2
ffffd720
ffffdc58
fffff00a
fffff19a
00000713
000043be
00008eaa
00006ed8
000098b0
000095c1
0000931c
0000a658
0000822d
0000a1f0
0000bd48
0000c873
0000d3eb
0000a8dd
0000985d
00008d93
00008f9b
00006bef
0000676e
00006d94
000043e4
00001ae3
00000975
000003c3
ffffed4a
00002221
ffffe8d3
00000c4e
000000b0
00000826
00000ff7
00001824
000008ed
ffffe9ff
fffffef4
fffff5ef
00000e82
00000d03
00000855
000001cc
000026ef
000013c2
00002bfd
0000087b
00002137
000029df
00002ca3
ffffed22
00001562
00003e5d
000007be
00000a8e
fffff957
00001ff5
ffffd6d6
0000150f
00000197
00002054
ffffedfb
000042a3
000033d2
00005928
ffffc612
000058ad
000056bb
000011a1
000032eb
00000474
ffffd951
ffffef47
ffffa3cf
ffffa888
ffffab54
ffffa578
ffffa592
ffffa4e6
ffff6f50
ffffb4ac
ffff8f36
ffffb4af
ffff99cb
ffff9913
ffffbfb3
ffffe721
ffffdf65
000039b2
00001157
ffffe052
00002c51
fffffe3a
000040d6
00002f65
00000927
ffffeef8
0000181a
0000243e
000025f6
0000391d
0000143b
00001a02
00001724
000024f7
00000333
0000153c
fffff89d
0000039f
00003ffd
00003de7
00004fc8
00005286
000051d5
00004efb
00007c4f
0000dd6a
00007cd3
0000b139
0000597b
0000a938
000053ea
000070a6
00008780
00008cb4
00006b71
000097b6
00005dfc
000099cf
00004053
0000c6f1
0000b6af
00007436
0000ab28
00005227
00002625
00002c89
000027f9
00003e31
fffff4c0
00000f7e
00002102
00003594
00002305
0000032e
ffffcea9
fffff0a0
ffffd8ad
ffffe268
fffffce7
00000c2c
00001153
fffff8d7
ffffd7e8
ffffd02d
fffff3f8
ffffec13
00001cd3
0000134d
0000263a
00001d7c
00004c5f
000063bb
0000af9d
000098f3
00009695
0000a708
0000c546
0000d13b
0000a833
0000b34e
00009e2b
00007562
0000a4a1
00007bb5
ffffddd7
ffffe76a
0000053b
00002ff7
000029e9
0000315e
00001d8c
000038a1
00004aca
000022d9
00004479
00001f13
00003018
00003285
0000452b
00004b47
0000492e
00005b57
00005507
00006e5d
00008870
00009765
00008752
0000800d
00008778
00009ba9
0000792d
0000d8be
0000d981
000081a4
0000e12c
00008fa0
0000b4fe
00007572
0000a041
0000604c
000076a5
000076fc
00008bb4
0000751d
00008725
000059e3
00003fdd
0000611b
0000712d
00005600
00000947
00008309
0000138b
00003e05
fffffe5e
fffffc93
ffffe824
fffff7ee
000014b3
000015a8
0000042a
0000012b
fffffe82
00000ed6
fffff0e9
fffff7b1
ffffe6ae
ffffea19
0000130e
fffff71c
00000583
ffffff01
00001139
000018e2
00001628
00000dcd
fffffb87
ffffeee9
fffff82b
ffffd5e4
0000111a
ffffca3a
ffffdfdb
ffffcb88
ffffd619
ffffd3ae
00000d43
000004d1
00000bea
0000259d
0000145d
fffffc5a
0000148e
0000288f
fffff7e0
fffffa21
ffffd85e
000001d8
000008f4
fffff87a
00001a64
00000e3c
ffffe974
00002fc5
ffffff6a
000048b8
000058c9
00005487
00003969
00001f86
fffff8d2
fffffe17
000013eb
00001465
ffffd206
0000074a
ffffeb00
00000237
ffffe8e5
ffffffb4
fffff388
ffffee8c
fffffb30
fffffb5b
000008a7
0000071d
00000d07
000009ba
ffffe718
ffffea33
ffffff38
ffffede4
fffff7d3
00003f12
00004b53
0000311f
00002c97
00004403
00004bbd
00003dc3
000038c5
00004688
000055df
00005ad8
00003d19
00009600
00006530
00009410
00007405
00005b1c
0000464e
0000ac8e
00009016
00007097
000099b3
00006b75
00002a78
00005862
000066ab
0000820f
00007160
000067f9
0000a038
00009d50
00009252
000052a6
0000547b
00003e69
00004e2d
00001e9a
fffff5c5
0000122f
0000345b
fffff6c1
00004b2b
00004709
000025e9
00002ce7
00004e9c
00002b0c
0000372c
00000a51
00003cdd
000046e3
000054ff
00007596
00005acf
00006304
0000528c
00006d4f
00003d07
000065f7
00005308
00004a22
00004a62
00004008
00004460
00006ad5
0000782b
0000864c
00007a53
0000b34b
00008373
0000a168
000083e9
0000c12e
00008283
00009c04
00007029
0000c55f
0000851e
0000bd35
0000607f
00008020
00007a6f
0000b178
0000ae9c
0000c73a
00010872
0000ecd5
00010f47
0000f021
000146f1
0001496a
000199f3
00016e59
0001ae72
0001b98a
00018338
00013561
00012f97
0000fbe3
00011ad4
000105f1
0000e13c
0000c3d5
0000e11b
0000c435
0000a53c
0000936b
00006d70
000040d7
000053a3
00005b63
000049cf
0000294d
00004bab
000043ac
00005371
00005191
00004ddf
00004cde
0000587a
00004902
000036b6
00004f64
000057a0
000055e8
00005049
0000407a
00003bf7
00004499
0000327d
0000bec3
00006dfe
00008f86
00007323
0000af3c
0000b377
00008996
0000adab
000074c3
00008ec0
00007796
00009e7e
0000978a
00009e78
0000b217
0000a9ca
00008f43
0000af66
000085fb
0000a4a5
0000a283
00011223
0000f50c
000106a0
00014397
00016d13
00013726
00014516
000141ec
00014eee
0001170d
00014dfc
0000ed40
0001251b
00011b50
00013d4d
0000fc8d
000124c8
00010460
0000c4d7
0000d7d2
0000ddfb
0000a3ad
0000b9d0
0000e020
0000a5b0
0000a26a
0000a995
00008e36
0000a4a4
00009eb1
0000a464
0000a3df
0000aadf
00009c31
00009d6d
0000a58c
00008e06
00008df2
0000ae99
00009eb4
fffffffc
000008b1
000023c9
00008433
000064bc
00006e4a
0000353b
0000a61b
0000649f
00009842
00005d6e
0000a73d
0000598a
0000dc5c
0000da44
0000c633
00007095
000095b3
0000837f
00006b6a
00008418
00007614
000042d1
0000a379
0000b5e6
0000a44b
0000bbd8
0000e46a
0000f3c7
0000c705
0000e953
0000d54f
0000c048
0000a6bc
0000ce22
0000b680
0000bb77
0000beb7
0000c454
0000c8b3
0000bfcf
00007cb3
00005fbd
00006df1
0000606a
000047aa
00005409
0000665f
0000349c
0000502e
00004ca7
00006b35
00006051
00005dbe
00007d64
00009cf4
000099bf
00004e08
00009e7c
00009dd0
0000ad1b
0000e369
0000c65b
0000cba3
ffffccd2
0000106e
fffffbdd
ffffea8b
fffff863
ffffbf4d
ffffdce2
ffffc3b2
fffff226
fffff798
000005c4
fffff0e0
ffffee4f
fffff944
ffffe81a
ffffc853
ffffdf63
ffff8e76
ffff94ac
ffff8c7c
ffffb2a5
ffff5ae2
ffff52f0
ffff5492
ffff1259
ffff0019
fffef735
fffeb927
fffef8d5
fffedc38
fffeef15
fffeda57
fffed073
ffff225a
ffff3c78
ffff5457
ffff51cb
ffff474c
ffff2204
ffff5947
ffff3f8b
ffffb3ef
ffffcedf
ffffd858
ffffb249
00000fe1
ffffcd4a
ffffe5c6
ffffd344
ffffe5a0
ffffe193
000006a6
00001f6e
00002392
000029f1
00003e4c
0000454a
00002146
00004252
0000475b
00004aad
00002cc0
00005614
00005986
00001512
00002bdc
000013c1
000029e9
00004008
00003dbc
0000409f
000030ef
0000495a
0000674a
00004cd0
000057b9
00004f93
00006aee
00005bca
00007246
000069cf
00007793
000073ef
00007c75
00008bbc
0000a28a
0000e679
0000dc0c
00011ebb
00012930
000125c5
00013def
00012238
0001757b
0001385a
000186ae
0001567b
0001508d
000137ce
00013cef
00014a9c
00014c9b
00015088
00012602
000120cf
0000da80
00008f4d
00009156
000088a6
00005828
000064ea
00002e87
000031a0
00002d32
00002d5a
00001884
0000210c
00002623
fffff8b8
fffffec9
0000037b
00001ef9
fffff56c
000019d0
00002d38
00004669
000025c1
000031b4
fffff694
ffffe479
00004123
00002689
00005221
00006892
00006821
00004604
000049bd
00004451
00005053
00007b6f
00005ea5
00009081
000083c0
0000c483
0000bf42
0000ccaf
00006a1e
00010371
0000c8d1
00012c55
00012e23
0001144c
0000d39e
0001063c
0001026c
000169b2
00016f6a
0001106c
00017ce0
00011294
00015939
0000eb2d
00014480
0000fa4a
000125ce
0001066c
00013614
0000e9fd
0001102f
00009953
0000796e
00008002
000058bf
000037ee
fffff5b7
000047e9
00000253
0000150b
ffffef8d
00000055
fffff944
000025d2
fffffdd6
fffff9f3
ffffedd6
00004788
ffffe2c7
000009a0
0000001c
fffff0b6
ffffbdcd
ffffd44c
ffffca1a
ffffe1e3
ffffde68
ffffb7f2
fffff5b9
ffff8873
fffff485
ffffae27
00001d41
ffffc672
00003dfb
ffffd09e
0000236a
ffffdf2c
00000c26
ffffd68b
fffff445
ffffce9c
000021c1
ffffe352
fffffb1f
000003b1
000029d9
00000828
000025fc
00002ead
0000346d
000022c4
000012fa
00003c49
000024b5
00005808
00003845
00003a9d
00001a25
000035a6
00001d71
00001b30
fffffaa2
000012c4
ffffdcea
ffffcb6f
ffffe2ba
ffffed27
ffffcdfe
00000b90
ffffc2e8
ffffc72c
ffffc80a
ffffdcbe
ffffcd2a
ffffe7bc
ffffefd3
fffff397
ffffeda2
fffff06d
000000a1
00000e51
000007b6
fffffd93
0000447e
00000ec7
00001437
fffffcdc
00006d57
000010c5
00003ecf
0000612e
00007c83
0000de1a
0000948b
0000a3c7
00008844
0000a423
00006021
0000850a
0000a56c
0000830b
0000933c
0000aa1a
00009f3c
0000ca73
00007dd0
0000bfb3
0000c497
0000c606
0001147d
0000d65f
0000f033
0000c59a
0000f05b
0000f002
000133c0
00010387
00016170
0001415f
00014f01
0000fea2
0000fcce
0000dfe4
0000f117
00011b7a
0000ee84
0000c0d3
0000c3f2
0000951f
00004c4b
00004920
00005f25
00002b07
00004eb2
000055f5
00006930
000047b4
000065c3
00006bb6
00008874
000074f2
00004b8c
00004ba1
000060cc
0000b374
000058a5
0000657b
00006c9b
00005f4d
00005f71
00006015
0000005a
ffffe9e0
0000027f
00001573
00005c50
00005830
00006549
00006d79
00008453
0000a52a
00007ee6
00006c3f
00008879
0000b90d
0000c3d7
0000d075
0000a42b
0000def7
0000e9b4
0000ea73
00010f8d
0001575a
0001bbdd
00018000
0001ba6b
00019aa6
0001e86e
0001cd39
00021b1d
0001f398
000252dd
00025658
00027688
0001f306
0001deb6
0001b61f
0001d395
0001dea6
00019f3a
00016ae6
000156a5
0000c0cc
00003ff5
00005e35
00006a27
000031fc
0000231d
000019c5
000003f4
00001b71
000009f7
000013c4
000055fc
000020c4
fffff6e6
0000118f
000036c9
000067c4
0000100e
000035e9
00003c3c
000038f9
fffffc27
fffff6d2
000001a5
00003346
00002f92
00000d3c
00001ae1
00003616
0000479a
ffffff89
00001092
ffffec56
00003143
000010b1
000026aa
ffffff66
ffffee96
fffffe34
fffff787
ffffd077
ffffa374
fffff693
ffffdb8d
ffff80a9
ffff880f
ffff5be1
ffff49db
ffff5bb1
ffff4e34
ffff5b75
ffff4f14
ffff4a29
ffff4a02
ffff3463
ffff5ea4
ffff64a7
ffff99b5
ffff86a1
ffff9b12
ffff8843
ffffaf1d
ffff99f8
ffffa849
ffffebd4
00000586
fffffc90
ffffe792
0000253c
ffffd5bc
00000a0a
00002c7c
00000de6
00002ee5
00004392
000054d8
00007513
00006816
00005ba1
00006c0f
0000a428
00006d9a
00007863
00009b98
000055b6
00006886
00006522
ffffd3b5
ffffd76b
fffff97e
000023e0
00000283
00000507
00000b32
00003d0a
00002916
00001ce0
000024e2
00001db7
00001b62
000010f8
00001479
fffffe42
ffffee3f
ffffdf76
000017df
ffffd0ec
00000028
ffffd26e
ffffdf71
ffffd8e2
00004feb
00004d12
0000431f
00003d29
00005253
00003a6c
0000475e
00003409
00003235
00002e89
00006bfd
000059e1
00008856
00007959
00007296
00005925
00004f7c
000039d4
000001fa
00002bc0
ffffead6
00000d46
00002fbc
fffff082
0000242d
00002d4a
00002a8d
00003d30
000042ab
00000fcd
000021ee
0000338b
00003a4b
00002038
00003dbd
00004916
000025be
000048e4
00000f2b
00001844
00000d84
00001315
000009b0
fffff277
ffffd5a8
ffffea9b
00000c44
ffffe95f
ffffe9ee
ffffad14
0000103b
ffffdbff
00000eca
ffffa0c1
ffffc02d
ffff90a8
ffffa7e4
ffff5ed1
ffff536f
ffff53b5
ffff48bd
fffee962
fffec071
fffedcac
fffea35e
fffec694
fffeaf01
fffec62a
fffec349
fffee62f
fffec2f3
fffec2eb
fffeb470
ffff18c6
ffff3ac6
ffff5750
ffff4b22
ffff56fc
ffff7690
ffff8855
ffff8c51
fffffacd
0000437b
0000282f
ffffd2ef
00002114
00001435
0000182b
00004e87
00002da3
0000650c
00006392
000060e3
0000854e
0000821d
00006c82
0000842b
00008e72
00008e21
000072c7
000082d3
00005145
00008d3e
000075ef
000048e3
00004311
00008654
0000c51a
0000c14a
00010a4a
00011c67
0000e8bf
0000dd77
0000ca68
0000e0f1
0000ebc6
0000fe09
0000c4d8
0000db92
0000ff4f
0000f19e
000107f7
00009f8b
0000f8f3
0000edb0
0000ba5f
0000eb72
0000d1fb
0000da07
0000bada
0000e15c
00010481
00011b45
0000c5c0
00011687
0000ce4b
0000d9f8
00007ad0
0000d680
00005425
0000bd96
00005c09
00006261
00001d75
00006892
00006719
00004018
00005e0b
0000149b
00007721
0000264b
00006a64
000060bc
00007f35
000052e2
00008445
00008e56
00008f24
00006ad1
00008848
0000707c
0000b9ba
000076f5
000096e8
00007e20
0000a118
00003e9c
0000591c
0000194f
fffffb42
fffff5eb
ffffdd37
ffffdb91
000014a7
000002d4
00001904
000004df
ffffced3
fffffe00
ffffec41
0000011a
ffffad00
ffffc914
ffff8d99
ffff685c
ffff6daa
ffffb796
ffff692c
ffff7258
ffff9d35
ffff8eb6
ffffa26d
ffff8c7e
ffff73fc
ffff92c5
ffff9e43
ffff8be3
ffff7134
ffff7409
ffff934a
ffff874c
ffff76be
ffff80f3
ffff792a
ffff6ffc
ffff95b5
ffff8911
ffff8211
ffff9cab
ffffc4d0
ffffec8b
fffff983
ffffa5ec
ffffc539
ffffd797
ffffcdee
0000103f
ffffeb25
00001305
fffffbe2
fffffc13
00001c5a
000014b1
00000568
fffffab9
00000f88
00001551
ffffdd03
00003439
ffffdae1
00000e79
ffffe0f4
00001a29
000030be
00002455
000066cc
00003d8e
000042a8
00004cfc
00003f84
00006d81
00004d09
00007d3e
0000306e
00007320
000062f5
00007dfd
00008265
0000a38e
00008186
0000957d
00007e0a
00009a5b
00006caa
0000848c
00005dfb
000089e3
00008ed7
00007ba9
00008bb7
0000bbc9
00009666
0000b629
0000934e
0000a785
0000a197
0000b67a
00008a31
0000a61e
0000b97b
0000d106
0000ad8c
0000cc54
0000c11b
00008894
00008a3c
0000c155
00009277
00005be0
0000a837
00006338
00006655
00004f2f
00002f27
000041cb
00003b27
0000467e
00003d96
000038be
00003faf
000023e5
000045f6
00002b60
00004bfd
00003ef7
00004ec4
00000be8
00001167
00001360
0000145a
0000302e
000023fd
000015fa
00000179
00002be4
00004cbb
00001cbc
00002178
0000166f
000022a1
00000ae0
000025ad
00002f9f
00003680
fffff816
0000216e
0000209a
00001e29
00002292
00001331
00002282
000022dd
fffffb9a
ffffeae1
00002db5
00002840
0000377a
0000372f
00001505
000060ea
00005a95
00008957
0000779f
00009e16
00009e93
0000a207
000086cf
0000af4c
0000367a
0000331d
000055b1
0000159c
00005ef5
00003555
00002060
000010fd
00002b04
00002412
0000446d
00003f40
00000ec4
00001125
00001daf
00001ea8
fffff379
00001b46
fffff713
000002ff
00002fe0
00001ec8
0000485e
00000d31
000028ca
00004d76
000043fc
00007744
00008287
000076fb
00005466
00004221
000047c7
00004136
0000728f
00003379
00003d7d
00003257
00003440
00002a00
00003027
00001740
00001d8e
ffffc8e0
ffffbc56
ffff9f29
ffff9e21
ffff9634
ffff921e
ffff8ec5
ffffa160
ffff9754
ffff75f4
ffff7dce
ffff75ab
ffffaaf8
ffffc8d7
ffffba83
ffffe716
ffffee23
000029d5
fffffeb6
000033e5
0000767a
000042a7
000020d5
00003446
000020d3
00001cef
00002dab
00003d28
0000224f
00003667
0000271e
00003a68
00005af3
00001781
00001657
000013d7
00005531
0000133c
00002f3a
00002f85
00002a9d
0000238f
00002a93
ffffc403
ffffd2d4
ffffc437
00001c0d
ffffe926
ffffcffa
ffffbe24
ffffec6a
ffffd486
ffffde7d
ffffe0ce
ffffbc9e
ffffb0c7
ffffd85d
ffffca3c
ffffb5d0
ffffcc1e
ffffb572
ffffe63e
ffffc58f
ffffcbd6
ffffe86c
ffffb6e6
ffff9f89
ffffb4ae
ffffef6d
ffffb23b
ffffcc0a
ffffc801
ffffad27
ffffefde
ffffab12
fffff1f0
0000012b
00002b3b
00003bd3
00003f61
0000623d
0000688a
00006b4c
000061b2
ffffd75f
fffff2a8
0000539d
00003d52
00006d14
ffffd483
00005837
ffffdcfe
0000247a
ffffdce6
ffffef53
ffffc905
ffffcb01
0000001d
000004f5
ffffeff2
ffffb8b0
ffffd31c
ffffe379
ffffb07b
ffffb209
ffffb4d6
ffffa675
ffffebb2
00000fb0
00000d09
00002118
00001204
00002a20
0000070c
000020d4
00001448
00000915
00001975
00000e29
000013db
00002928
00002879
00000c42
0000059b
ffffd45d
ffffd7ed
ffffa249
ffffc3a9
ffff683a
ffff53a8
ffff4f2c
ffff43b0
ffff4193
ffff3152
ffff3f18
ffff58ce
ffff3d6d
ffff46b9
ffff24ed
ffff2774
ffff6d56
ffffa57f
ffff8dac
ffffaf7c
ffffab1b
ffffd80e
ffffd395
fffff2bd
00000c3d
0000133b
00001fbd
00001c0f
0000413e
0000198b
00002658
00002316
00003f33
000033c9
00004346
00003ab0
000036bf
00002f3d
00004ba9
0000462e
00003070
00004c02
0000432b
00006bfc
00006ea9
0000610c
00006681
00000bb9
000016ed
00004033
0000577d
00006107
0000507b
0000452b
00005a6f
00006ac0
00004a78
00006a59
0000728a
0000679d
00004c2c
00004dac
0000381d
00000a1f
00002441
00001c11
00001a99
0000232a
00004d51
fffff9a3
00006f2f
0000881d
000092b7
0000b35b
0000e821
00011968
0000e1f8
00013155
0000ff5f
00011e7a
0000c290
0000f945
0000d186
0000d325
0000e81c
0000c2a6
0000ae33
0000ba60
000045a4
0000280b
00005887
000013f4
00001241
00000503
00002a95
000014b2
000045fc
000023dc
000053c7
0000371f
00005652
00006572
000082b0
00007d6a
00006387
00008b6a
00007910
00007ab2
00008702
00005ff7
0000587f
ffffeafb
00001075
00002973
00003733
00002d3c
00001de5
0000267b
00003d8a
0000294d
00002258
00002170
00004e55
0000315a
00003d8a
00002205
00002f53
00000359
fffffd4b
ffffd36d
fffff504
fffffff6
ffffafc3
ffff8f66
ffffb1e3
ffffe1b3
ffffd9aa
ffffc6f0
ffffd759
ffffd3ea
ffffc193
ffffd459
ffffb3a9
ffff97a9
ffffa469
ffffc3e4
ffffb71a
ffffb803
ffffab87
ffffb9aa
ffffc27f
ffffdfec
fffffee8
0000029b
00000111
ffffe446
000005a2
000007b0
0000078c
000001ef
00001f4d
000014e8
00003c88
0000252c
00003c84
00003c25
00005f4b
00004524
00002da6
00005314
00005694
000025e8
000067bb
00003439
00004e57
ffffbf00
ffffd1e6
ffffe335
ffff9e12
ffffebc6
ffff8bfa
ffffe031
ffff91d2
ffffe641
ffff9d98
000012c1
ffffe7ef
000002a9
ffffd3c9
ffffe252
ffffe99e
00000a00
fffff721
ffffee95
000018e0
000005b2
00001151
00000e89
fffffc8e
0000189f
000070f3
0000149d
00003771
ffffdcfa
000030fe
0000048f
000014e1
0000174c
0000229c
00001a16
00003529
000028e8
000003b1
000006da
00000d32
ffffe6c2
ffff8968
ffff8e98
ffffc636
ffff98ed
ffffd44b
ffff8084
ffff9b8b
ffff9bd4
ffffd3f1
ffffafc5
ffffdd3a
ffffd60c
ffffde5f
ffffdb2f
ffffddb5
ffffe339
00001395
ffffed97
ffffeeeb
000020df
0000151d
0000017d
00002132
fffffc90
ffffbdd1
ffffe549
fffffa3b
00003209
00000420
00003a62
00000e0d
000023e6
00001dd6
00003dea
fffff27a
000023ac
ffffcc0f
ffffd059
ffffebcc
ffffe16a
00000ced
000035c0
0000646d
00004216
000058eb
000049b6
00003242
00006a1e
0000aa85
000078c6
00007087
00003fe7
0000b13d
000062be
00008b09
000098d4
0000b880
000082f9
0000c8f9
0000a6bc
0000d43e
0000d669
0000b6ff
00008076
0000053b
ffffdb96
fffff49a
00000952
000007c0
ffffcb00
fffff5b9
ffffd5e3
00002fb4
fffff091
00001074
00002dad
0000249f
0000015a
00000889
0000463b
0000563a
00001c5d
00004011
00003216
00000798
0000333d
000032ae
ffff94ee
ffffab7b
ffffd391
ffffdb70
ffffcb1e
ffffbb30
fffff5ca
fffff2f6
00002b90
ffffd858
0000209a
0000025a
00001d1f
00002709
00004431
00004ca4
0000764b
000054ef
00007cf4
00006c4c
000086cc
000081ab
00008a1b
00006e9d
0000734e
0000894f
000061af
0000a3fa
0000b0f6
00004b60
0000a5de
000050d6
000079e6
000038c6
000070b0
00002c34
0000434b
00004e0c
00005a51
00003c1d
000047de
fffffb51
ffffe2fd
000006d3
fffffb0a
00000172
ffffc372
00000c2e
ffffce3f
fffffd4e
ffffc99e
ffffcbc0
ffffd87a
ffffe372
ffffd9aa
ffffe935
ffffc709
fffff343
ffffcd4a
ffffe232
ffffcc4b
ffffdfba
ffffb4b7
ffffd190
0000019e
000036f9
00004d4c
00007e69
0000685e
00008c6e
00007fa9
000085e8
0000b34a
00009ae3
0000bbf6
0000d4df
00009046
0000f57e
0000e5dc
000109fd
0000d5a8
0000d92d
0000c2da
000115de
0001185f
000154bc
0001559b
000152fe
00014421
00014889
00018335
0001c35e
0002204d
00019e91
00023448
0001d998
000212d7
000170a9
0001b074
0001554c
00018cc4
0001817c
00015441
00011b93
000151d1
0000bf5b
00008f52
0000d7a3
0000a112
00007bf6
00000a13
00006c13
000021ac
00003256
000006fe
00000582
00001d79
00001d37
000021fc
00002f03
00002073
000027c7
00001eaf
00002751
00003ede
00001eab
00000199
fffff959
ffffec94
fffff418
ffffaf8d
ffffa852
ffff7b04
ffff4789
ffff3d29
ffff3b05
ffff3fa8
ffff5f91
ffff3960
ffff3433
ffff3ca6
ffff5b75
ffff47da
ffff5090
ffffacb7
ffff8943
ffff6b67
ffff8840
ffff9205
ffffc4c2
ffffd103
ffffd050
ffffb9ce
ffffdd68
ffff996e
ffff8c64
ffff72e2
ffffbf44
ffff8cce
ffffa426
ffffa812
ffffefa0
ffffce87
00000c13
ffffec53
fffff32b
fffffa9f
00001c52
0000197b
0000083e
00002097
0000010a
00005d94
fffff81e
fffffc14
00000d7f
ffffc476
ffffb732
ffffac58
ffff9674
ffff67f4
ffff6cd6
ffff81cb
ffff7c3b
ffff6325
ffff442d
ffff57c7
ffff5ec3
ffff24d7
ffff5597
ffff669a
ffff730b
ffffe9d2
fffff0a1
0000335c
0000531b
000064be
00006060
00007ba5
000080b9
0000916e
000096f5
00009ea5
0000d486
000098b9
0000ebc9
0000cd00
0000f2ae
0000cb1b
0000cb0d
0000a97a
0000b5dc
0000b1e8
00009f71
000075fa
00008af8
000097fe
0000b7b2
0000a1bc
0000cb7b
0000f7d7
0000e4a0
0000fd66
0000e3d4
0000e2f9
0000ca62
0000f90e
0000ecac
0000f5b8
00011d6e
000112bb
0000f4c5
00010edf
00008d9c
00005807
00006db3
00005461
0000240e
00002e85
000011e3
00000c9f
00002b39
000011a8
00001740
00004343
00004715
0000185a
00003cd5
000034c2
00005894
000024e5
0000590b
00005422
00007471
0000392e
00004f1f
ffffe48e
ffffe3ae
000020e8
00002057
00000a30
00004c8c
0000259c
00001c65
00000652
000002a3
fffffbeb
00001fe7
00001931
000022cd
fffff7ea
00002eaf
00003ea0
00000bec
ffffbb1b
000010ed
00002dc0
ffffa1ca
ffffc883
ffffa0c8
ffffbc83
ffffaa10
ffff7064
ffff8c87
ffffab3d
ffff6852
ffff629a
ffff3649
ffff293e
ffff68a0
ffffd855
ffff8501
ffffed18
ffffb5c6
00001f1f
ffffd894
0000451f
0000843a
0000445c
00002b20
00000e7b
0000025c
0000171c
00000eec
00001201
ffffea39
000006a1
000021cc
00002028
00002de9
00001168
00001ff1
fffff94b
000014da
00000708
00001c75
00000fef
00002ad0
ffffe8d2
00000cd4
0000290c
00002461
000030b5
00006091
00003483
00005ed5
00007aaa
00005f12
00002994
00000ce2
00003d75
0000072b
000043bf
ffffe030
ffffe3cf
00000951
fffff0b6
00000a4d
00003030
00002707
0000214d
ffffe7a0
ffffb5a6
ffffc6e7
ffffcc09
fffff2d0
ffffcff9
00000704
ffffc1ae
ffffe1c8
ffffdca8
ffffcd05
fffffd4e
ffffe00f
ffffdaa9
ffffb772
ffffc924
ffffb9b6
ffffdd3c
ffffb5c1
ffffdc89
000013bc
00002337
ffffea24
000024f2
00004b01
fffff7c8
00003de9
00004111
0000368a
00002e68
000021ca
00003c9b
00002e59
00003b05
0000262d
0000216d
0000646d
000011e8
00004698
ffffb631
ffffeca3
ffffadeb
ffffc74d
00005303
0000312e
00002393
0000546a
000075ba
0000bac9
0000616d
0000a48d
00008685
0000c0f8
000051c8
00005a14
00007fec
0000600c
00006f92
00004cd0
00002505
0000726f
00005c80
00006373
0000764f
0000a501
0000fcf1
0000da6e
00010290
0000b60f
0000e344
0000e9ea
0000cd5f
0000d794
0000e7b3
0001172f
0000cfbf
0000b163
00008fa6
00007ddc
000086ba
0000959f
00007f8b
00006a0e
00007588
00007251
00001db9
00001c64
000037f8
00002bcc
0000413c
0000390a
00002f46
00002aa6
000041af
00005095
00006d3f
00004bbc
0000427b
000057bc
00006d24
00004f30
00005c49
0000563e
000062dc
0000596e
000066c3
00003756
fffff902
00000230
ffffc4f5
ffffa24d
ffff7842
ffff4e75
ffff1b2d
ffff19ea
ffff20e7
ffff3ddd
ffff15ee
ffff146f
ffff1f00
ffff21a5
ffff0c57
ffff0ca5
ffff765d
ffff4c6b
ffff2289
ffff3fed
ffff4573
ffff458b
ffff1892
ffff4992
ffff4605
ffff5e0b
ffff11d7
fffee263
ffff0240
ffff35f5
fffef583
ffff19da
ffff05cf
ffff8d6a
ffff6b3a
ffffa281
ffff8c70
ffffa701
ffffae64
ffffc85b
ffffe019
0000276c
000043dc
000016a9
00008636
000007f6
00001862
0000425f
ffffed98
ffffc71f
ffffd39c
ffffb4da
ffff6f11
ffff9eeb
ffffb4a7
ffff93f0
ffff7a34
ffff5418
ffff6fca
ffff6f08
ffff31a1
ffff3ef9
ffff7e56
ffff896f
000000f2
00000100
ffffe4af
ffffbaa3
ffffff07
ffff9a9e
fffffcce
ffffb9b5
ffffe50d
ffffcf9a
fffff9bf
ffffaffc
ffffea8c
ffffd0c0
ffffc098
ffffccdf
fffff45f
000003de
00001ee9
00003ef5
00004c4e
00003134
00004996
000013eb
000030db
00006341
00001a4b
ffffdd32
ffffc4fa
00003502
00001dc9
0000428d
000033f2
00006d75
00000935
00008152
00004b11
0000750a
00004619
0000625e
00001500
0000143f
ffffbd77
ffffde1c
ffffe929
fffff569
ffff7684
ffffc5b0
ffff8d09
ffffd833
ffff995f
ffffbe58
ffffaa0f
ffffa269
ffffb328
ffffb113
ffffc599
ffffe581
ffffb83b
ffffc69f
ffff9b53
ffffc83f
ffffa6f2
ffffb574
00004e23
00003835
00006573
00006757
00007a38
0000cc7d
0000724e
00009702
00004f55
0000673c
00004e91
00007d14
00008b66
00009250
00007937
000093f8
00006146
00005c77
00001478
00007368
0000643b
00000639
00000a5d
ffffda96
ffffb631
ffffc237
ffffad18
ffffb1b7
ffff8c76
ffff9f79
ffffa86a
ffff95a9
ffff8d63
ffff98fd
ffff89c3
ffffb46e
ffffa4f6
ffffc0f8
ffffce50
ffffd144
ffffd809
ffffeddb
0000050b
fffff2e5
ffffe8a6
000008ca
000011d4
00002ba0
00003b73
00002aba
0000583e
00008b4e
0000b098
0000add2
0000ab13
0000babb
0000c337
0000e026
0000c331
0000d206
0000ab34
00009e6c
0000a556
0000b35a
000013a3
ffffe20d
ffffd580
ffffadde
00001f67
ffffe183
00000843
fffff7f9
0000070b
fffff50a
0000095c
ffff9022
00000851
ffff8e3b
ffffa3ec
ffff89d2
ffff8831
ffffa8ea
ffffd1d0
ffffb1a1
ffffd417
ffffddb4
000021e5
ffffe3d1
000009ef
00001bc8
00002062
ffffff1d
ffffe87d
00002f70
00002614
0000597f
00004502
00006070
00000de5
000048bc
00002b92
000036dc
000021f0
00003b2d
000010bb
000008eb
ffffd83a
ffffde1b
ffffe4a4
ffffecb3
ffffcd03
ffffeeb5
ffffcb63
fffff8c3
ffffe6dd
fffffe87
00000b1f
fffff83a
ffffeeff
ffffefb8
00001877
00001a2a
ffffedca
ffffe7bf
ffffe80b
ffffd261
ffffd901
ffffb97d
00001694
000026f4
00003188
00006996
00007b10
0000f643
00008d51
0000dad2
00008d87
0000d983
000081a0
00009ca9
0000976f
0000b7f9
0000a6de
0000a7b0
0000170d
0000857c
000068f4
0000addb
0000b274
0000d4ad
00012f38
00010c7b
00011610
0000fcc7
00012141
000153d3
000132ca
00011f04
00015112
0001666f
00015507
0000edec
0000ec79
0000cc7e
0000da27
0000d26b
0000bc2c
00009fea
0000b37b
000036b7
ffffe3f6
fffffb3c
fffffd68
fffff773
0000383c
00000011
00003df4
00003ac4
00006968
00007c3e
0000cb51
0000a85b
00009ff4
0000ba8a
0000cc07
0000ad4e
0000c7f1
0000b7e8
0000f5e0
0000da87
0000ce66
00009247
fffff4fe
000043a2
00005710
000011fb
00004cb2
00000e67
00004e9f
00000ef1
00003d2c
0000222f
0000690d
00004ae6
000054dd
00006b18
00005dd0
0000741e
0000679f
00004500
00004569
000085e9
00006d37
00008b8a
0000a170
000084bd
000075c0
0000b0f8
0000ab42
0000c7a3
0000a360
0000b91c
0000df10
0000d2ce
0000d4fb
00008923
0000a078
000087fd
000099fd
00006195
000031fe
00004457
00005470
ffffe89b
000030f1
00002ac1
0000084a
00000774
00001464
fffffa6f
fffff5a7
fffff0b6
0000011c
00002a54
000029ab
00004a70
0000345a
00004955
000041e8
00005f35
0000256f
0000467c
00002cb4
00003532
00000fa8
00002105
fffffb4d
00003891
ffffff63
ffffdf78
ffffbf9a
ffff7dc0
ffff78df
ffff6826
ffff7ec6
ffff8313
ffff871f
ffffb330
ffff82fd
ffffeb20
ffffc915
ffffc6ec
ffffedc2
ffffd614
ffff7d1a
ffffb2c5
ffffa0f1
ffffb187
ffff822e
ffffcb10
ffffa7e6
ffffbf35
ffff92c9
ffff8974
ffff95df
ffffb8b0
ffffab2e
ffffb5dd
ffffb2fe
ffffed3b
ffffd0c3
000011de
ffffe79a
ffffefda
ffffe908
000022f1
00001468
000033e4
00006b9f
00004cd4
00006f71
00002740
0000256e
00003f5f
ffffe275
ffffc8a7
ffffce17
ffffd998
ffff9d47
ffffccb8
fffff4fd
ffffec2b
ffffc95f
ffff96c8
ffffd7b1
ffffcf9b
ffffe1dd
ffffdef9
00000d30
00001a5b
00004e91
000045d3
000068ae
00002bb9
00003a46
00004dfb
000032f6
000028f7
fffff14a
ffffdaa1
fffff96b
ffffd23c
00003adb
00000199
00000836
000009bc
00000d1d
00001545
000000e3
00002da2
00002ad5
00001801
ffffecab
00000dec
ffffe889
fffffb3b
fffff195
0000299a
fffff845
fffff53e
00001319
ffffecae
fffffb15
ffffdbf9
ffffdede
ffffcbef
ffffc5be
ffffbaf2
fffff7ca
ffffe171
fffff7c6
00007520
00006f24
00000de7
000030df
00002554
00000df5
000042ee
0000413a
00001305
000028cc
00004c60
00001d47
00001d09
00003f1a
00003d3a
00003bd0
00005a82
00004480
00005377
00000738
00002a06
fffffc72
00000762
ffffe821
ffffe92d
ffffee1c
fffff6ad
fffff7ba
ffffddbb
ffffc7c2
ffffe78c
ffffe87a
000018a8
ffffe547
ffffe8c5
ffffe853
00003ad7
000020f3
00002ab2
00003750
000034ca
00000d52
00001421
00001cea
fffff83b
ffffeb5a
fffff0b5
ffffcf62
ffffd1c6
ffffb1ba
ffff9d10
ffffc390
ffffb58c
ffffab1d
ffffa02c
ffffa31d
ffffe210
fffff47d
fffff033
0000034a
00000324
00001a7b
00000bb8
00001cc6
00004edc
00003b17
00001b47
0000586a
000004c1
00005112
00002b84
000016f2
ffffea78
00001161
00000586
00000a0d
00000504
00000228
00000170
0000084b
ffffe338
fffff734
00000e8a
fffffe55
000013ac
00002ad3
0000244f
ffffe4cf
00000e05
0000398c
000046e4
000068f4
00007a8f
00007038
000072a8
00008c84
0000825f
00009087
0000a9dd
00009f3c
0000bd77
0000c2db
0000d6b6
00009a14
0000b461
00008c0a
0000c5f5
0000d137
0000fe64
00010315
0001270e
0001333e
000147f0
000153d0
0001b6c8
0001b246
0001809a
0001bfad
0001a310
0001a12a
0001298d
00016be0
00012bf6
00014530
00013146
00012554
0000f63c
000108fa
000093aa
00003274
000050ff
00000f03
0000197d
ffffe87a
0000089a
fffffac4
000031af
000005ff
00002ebf
0000428e
00004343
00003597
00006444
0000537c
00005b86
000063d4
00005fcb
000070bc
00007fc5
00003e88
00003ecd
ffffcd67
ffffd45c
ffffddf7
ffffa085
ffffaaa6
ffff1bb7
ffffa9bd
ffff7994
fffff888
ffff64d3
00001aaa
ffffa9d8
fffff788
ffffbfb0
00001979
ffffa6ec
00001081
ffff8876
fffffbd4
ffff62e5
ffff9311
ffff31d5
ffff24a3
ffff25a7
ffff2287
fffef214
ffff4400
fffefcef
ffff4c74
ffff4193
ffff2a38
ffff4134
ffff0188
ffff40ae
ffff326f
ffff33c5
ffff2c9c
ffff3c48
ffff2092
ffff44ec
ffff2246
ffffa6d6
00000a7b
fffff1a9
ffffb98a
ffffe1d6
000004c2
ffffd71a
fffff6f8
ffffefc8
fffff3a6
ffffec29
ffffd9f1
ffffffcd
ffffebca
ffffe9ff
fffff5aa
ffffedd4
000001e9
ffffeb12
00003ad3
000002aa
000022bd
00002c3a
ffffc047
fffff16e
000003c9
fffff860
0000057e
fffff6e5
00004658
00001588
0000526c
00002f5a
0000803c
00006fdd
000040c2
00007789
000050f6
00006dcc
000041ad
0000192f
00004f74
00004ce8
000055ba
000030b9
00005f39
0000238f
000017c5
00001b42
00003dfd
00003a29
0000470e
00002836
00001dab
00002b78
00001a19
0000016e
00002060
fffff765
00002207
fffffe5e
fffff109
ffffd751
ffffe8a1
ffffce35
00000254
00002cdc
ffffbf5d
000006b4
ffffc6e5
ffffca8d
ffffe4c8
ffffcbe0
fffff009
ffffe8dd
0000195c
00001bbf
00000c3c
000009b1
0000035d
00001f03
000003f8
00000b0d
00007267
000032f5
00001400
0000126c
00001ea6
00001c50
00002fc2
000031d4
000034b6
0000bc98
000060a5
000097a5
000058bc
00008a04
00004139
00008302
00007160
000084ee
00006942
00007c4a
000047f3
00005865
00002697
00009af8
00007cd6
00008de3
0000dcf7
0000841a
000081e2
000077b8
00007205
0000b5a9
00007fb6
0000649c
00009166
00008429
00006e3a
000048ee
00005f20
000060e4
00005b5c
00007082
0000ab50
00009d81
0000a4db
00005cce
00001af1
0000135b
fffffa49
00000264
000042c9
0000119e
00005418
000035f8
000074c7
00006908
00009863
00009c6b
00007b9f
00006f0f
00008b62
00009e0b
00009529
0000827a
0000dd33
00009b7b
0000cda7
00009a1d
ffffb92b
ffffaf39
ffffce56
00000606
fffff982
fffffc66
fffff5b6
00004261
00001258
000015b3
0000011d
00000909
00000198
00002f76
00002c54
00003bf4
000014b2
00001eda
00004343
00000ba2
00003a27
00002286
000035aa
00003798
00006081
000030d9
00004e11
00008227
00009624
00002848
00006dae
00002acc
00004b9c
0000085d
00005671
ffffffbc
000033f7
000017f9
00002ed3
0000082a
00002b23
000027d7
ffffd678
fffff0c1
ffffdb4b
ffffeec5
ffffe55c
ffffe2c2
ffffebe8
0000145a
ffffe8fc
fffff27a
00000127
ffffd42a
ffffe465
00000302
fffff3dd
ffffef94
00000575
00000d0b
fffff582
000022ae
ffffbe15
ffffd9e4
ffffd11d
00000656
00000299
00003fd3
0000270f
000038a4
00008427
00005c53
00007b18
00005d41
0000a7ea
00009afb
000054ab
00005d0c
00005095
00005068
0000067e
0000016d
000015d5
00003db2
00002926
ffffbb2d
ffffc50d
ffffb5b8
ffffb557
000009ea
ffffe747
ffffe5dd
ffffc91a
fffffacf
ffffc824
ffffc9f2
ffffdabe
ffffe5d5
00002109
00000fe6
000041e7
0000110e
ffffff59
ffffeab0
000005aa
ffff83a4
ffffc1a1
00001b87
ffffada3
00003076
ffffbedd
ffffe16e
fffff2bb
000021a3
00001da0
0000648f
000087e5
00008e15
00008a27
0000a9b4
0000bbec
00009a4a
0000c03f
0000a4a3
0000a420
00008e1d
00006cde
00006ef7
fffffe8c
fffff795
ffffd914
ffffd0ba
ffffac86
ffffa30e
ffff9d67
ffff90f7
ffff80a9
ffffb3a8
ffff7d51
ffff996e
ffff7473
ffff97c7
ffff6ec2
ffff93d8
ffffae3a
ffffa51a
ffffa43c
ffffbcb3
ffffa7e6
ffffed6a
ffffc8a1
ffffeb2c
ffffcbe5
ffffdf6b
ffffae08
ffffa404
ffffab0f
ffffae0e
ffff9a15
ffff9275
ffffaa74
ffffce60
ffffcfa6
ffffdd31
ffffd413
fffff222
ffffff0d
fffff491
000012a1
000012a2
00002150
00001516
00005534
00000a08
00000710
000032de
ffffeda6
ffffce35
ffffd9d5
ffffbeb6
ffff8867
ffffb4bd
ffffd3b4
ffffb847
ffff9e6a
ffff7fb5
ffff925f
ffff92f2
ffff5bde
ffff7a0a
ffffa285
ffffa0dc
0000114f
00003bf1
00004716
00003a9b
00004464
00005b6b
00005ce0
000043f3
00003b65
00004042
00004a31
00006eea
00004c8f
0000674f
00004971
0000546f
0000381c
00002cba
ffffe7f9
00004dd1
00002796
00002e95
00001232
00001731
ffffeeb8
00003d96
0000295a
0000616b
00004f26
000053ad
0000a35c
00006b2e
00008cfd
000047ed
00005aa5
00005ded
00004fa9
000034df
00001155
00002fb4
000021c5
ffffdcb1
00001ab5
00002b15
ffffebaf
00001faa
fffff2a1
0000185e
00001407
fffffe5a
00001ba8
000040c8
000040e1
00005b95
00006505
00006688
00005e6b
00007b90
00005535
000062fd
000048f4
0000401c
00003a16
000039e6
ffffd208
ffffc5cf
ffffe410
ffff7c08
ffffba70
ffff5f4d
ffff756a
ffff8e72
ffff8165
ffff7ad6
ffff74db
ffff8288
ffff946b
ffffb5c5
ffff9e79
ffff9ffd
ffffae59
ffffa7e1
ffffd8be
ffffd629
ffffe948
ffffd19e
ffff9f04
ffff92ba
ffff7d72
ffff698a
ffff57ce
ffff12de
ffff0103
ffff024d
fffee2a6
ffff0006
fffed8eb
ffff103b
fffed6e7
ffff21e9
ffff0a92
ffff1582
ffff0f81
ffff3e80
ffff3123
ffffcf2c
ffffaba3
ffff62cb
ffff8d50
ffff8685
ffff96ef
ffff6ab2
ffff6c2f
ffff72c4
ffff5f0d
ffff850a
ffff64ac
ffff4ef6
ffff5f17
ffff627a
ffff5c54
ffff7a5f
ffff53e6
ffff77d8
ffff2034
ffff4917
ffff1990
ffff49c7
ffffca21
ffffd6d3
ffffbd60
ffff8cfd
ffffa283
ffff8418
ffff791a
ffff6f22
ffff8faa
ffff9c3d
ffff81c5
ffff9fcb
ffff8d7d
ffff8739
ffff8329
ffff820b
ffffb4c8
ffffa19d
ffff8814
ffff85fd
ffff8f27
ffff3207
ffff1114
ffff186d
ffff12f5
ffff306f
fffee8d2
fffeb411
fffebe2f
ffff14f8
fffee908
ffff0ed3
fffeff59
ffff75e2
ffff30b4
ffff9820
ffff58a5
ffff95db
ffff7b71
ffffbdfc
ffff8806
ffffd142
ffffcc4c
ffffcb16
000008f5
ffffd458
000007c3
fffff62d
ffffcb61
ffffdbd8
ffffe179
fffff077
fffff07a
fffffc90
ffffef20
ffffe9eb
000004d5
fffff710
fffff779
000005e7
00000366
00000149
000048d1
0000505c
ffffcb75
ffffd731
ffffe4a9
ffffdf7d
00000626
ffffd336
ffffc2c9
fffff43f
fffff12b
ffffdbdc
ffffe0bd
ffffa645
fffff925
ffffcea7
ffffe4be
ffffba79
ffffaa3b
ffffcbc1
fffff15c
ffffc999
fffff809
fffffdad
ffffcbd7
fffff78c
ffffd5cc
00000d2a
fffff62a
00002ac5
00000380
fffff602
0000408b
00000cd5
0000309b
000006f5
00001967
000010d2
00000143
00001307
0000223c
00002359
0000318f
ffffe077
ffffcc35
ffffdb20
fffffeb1
fffff4ec
ffffe261
000020fd
ffffe1e5
0000261b
fffff2e2
000022cc
fffff755
fffff404
00002ab1
00003ca9
00003ee0
00001605
000035ef
00003cbf
00001501
00005925
00001e69
000028af
00000522
ffffdf81
fffffc26
00001c49
00001bf7
000029cd
00004aea
00003bc0
00006681
00002360
00007099
0000686e
00005802
000058e6
00007807
00009162
00006a15
00008dfd
00008b3c
0000a68f
0000991c
0000ab8f
0000ac5c
0000b3f3
00010223
00010281
00011234
00016fae
00016dec
0001561f
00012e73
00013a74
00013282
0000fffe
00012b6b
0000d442
00010904
0000ebd5
0001212b
0000c97c
0000da4b
0000be11
00005788
0000685f
00002bb5
00001dd6
ffffd802
00002168
0000010e
0000184f
000001ae
00000817
00001a3d
00002399
000003e6
00000a7c
000018ee
00002b7f
00001e84
00000fac
00003e8d
000028b2
00003379
00002c1e
00008921
00005e05
00008c63
00009e9e
0000a1ce
00010941
0000b5a1
0000c12e
000092b1
0000c669
00008211
00008c6a
0000c1c6
0000a8be
000098e7
0000b0f2
0000a70d
0000ba8e
00006b34
0000ccf2
0000c78b
00009ca9
0000f682
00009070
0000a1da
0000623b
00009cb1
000083f2
0000a1d1
00009634
0000cf3b
0000d628
0000a67a
0000a015
00007dbf
000076ec
00008354
0000911f
0000992a
00007d4a
00008644
0000a1c9
0000a990
00008057
00008d61
000060bb
00009d7b
0000ae16
00009c0f
0000767c
00009ed3
00009683
0000b6db
0000ad74
000094df
0000821e
0000ad54
0000e1fc
00009e1f
0000c430
0000d388
0000aa38
0000cf2e
0000ca3e
fffffc80
ffffd7a5
000004af
000042aa
00005f71
00007a75
000087b9
000087dd
00007d87
0000c0ac
00008ba4
00008866
000064a7
00007ecd
000055a7
000097a2
00005779
0000927b
0000ab4d
0000bf12
0000b372
0000df44
00010e80
0000fbbb
00014034
0001640a
00015215
000170b0
00016e17
00019018
0001822b
00019005
0001ab2b
000171b0
00017ec8
00015daf
0001873e
00018be4
0001820c
00012fbf
00013e93
000090d0
0000410d
0000671b
0000658a
00003c79
00004ec1
00003352
00002f28
00003959
00003c23
0000382d
00007519
000064f8
000036ae
0000374e
000059b7
0000693f
00002e0d
00006bc2
00004a71
00005d4f
00004487
00003f11
ffffea4a
00003114
00004f55
0000265d
000034cd
00005887
0000363b
00003d3b
0000181c
00004c6c
0000182d
00007110
fffffced
000076fc
000020f7
0000790c
00004471
0000450c
ffffce2f
00007d6a
00007078
000083e0
00008d06
0000883f
00004f00
000054e9
0000954d
0000c00a
000115c0
00009705
00012857
0000c7a6
0000f5f7
0000811f
0000cb79
000079fd
0000a0a6
00006fea
0000616e
00005c7b
0000959b
00005c7b
0000556b
00004f9a
000020a0
0000110c
fffff5d0
00000fe5
ffffe560
ffffe20e
fffff0a6
00001b19
000021df
0000374f
00002ada
00004af9
000036ea
000034ea
00001fad
00003a46
00000799
fffffd72
ffffe56f
ffffeadf
00000633
000012d9
00001f6f
0000196f
000009ea
00000d29
ffffe903
00000b35
ffffed81
ffffda3b
000002fa
ffffd0c5
00001485
ffffef67
fffffc50
ffffe893
ffffd58a
ffffd374
000008a1
fffff6de
00000140
fffffab5
ffffcf1d
000000a5
ffffea82
00001d54
fffff33e
00003657
0000022c
00000773
000023ac
fffff679
0000222f
00000b12
00001b03
00001310
000001df
0000080e
000035a9
00002038
00001b39
00000fb4
00002148
000010f9
0000249a
00003bc3
00001dd0
00004540
00004522
00003eb4
0000492a
00005213
0000370b
00001dda
00005c57
00005174
000057ec
00003c07
00005880
000055e2
0000193b
00005ecf
0000347d
00002c92
ffffaebf
ffffcb80
ffffd4ff
000022f6
ffffeacb
ffffd53d
ffffc0ba
00000f02
fffff0ae
000011f1
fffff9ca
fffff7f2
ffffd1fa
00002b16
00003246
00000792
000001ce
ffffe9d7
00002868
ffffec1f
0000197d
000009a6
ffffe269
fffffb0c
00000c41
00001dc3
fffffcaf
00000d9e
00002006
ffffebe7
00002bdd
000002d1
00000271
00000ccf
00000f60
000008bf
fffff814
00000c7b
000000d5
000022fd
00000e24
ffffddd3
ffffdb63
fffff3e1
00001616
00000df9
ffffe578
00002c76
ffffebd2
0000161f
ffffe7d6
ffffef1e
ffffe274
ffffcf60
00001efe
00001f84
00002543
ffffcd79
00002fcb
00002ba9
00002da5
0000492a
00003efb
00004b45
ffffff41
00002241
000022e7
0000199f
00003242
000018e2
00002c64
000008c6
00003978
0000117d
00004313
00002a5f
00004036
000042a0
00003366
0000301d
0000214b
fffffc2e
fffff478
000013a2
00003aef
ffffc616
fffff9a3
ffffa37a
ffffd456
ffffa5b7
ffff9b05
ffff7694
ffff8f13
ffff888a
ffff6987
ffff7118
ffff3f00
ffff825e
ffffa0d6
ffff90d9
ffffb98d
ffff9fb8
ffff9b68
ffff9af7
ffffbe90
00000fd7
fffffcf6
000018bb
ffffe6c3
00000fe2
ffffcba8
fffff8e5
ffffdf1e
00000186
ffffd883
00000912
00000c27
00001343
00000d5b
00002e44
00001e81
00000fda
000032d7
00002122
0000429f
00002e66
0000269b
0000314d
ffffde34
ffffffaa
fffff8c5
000000ef
ffffe392
ffffd25a
ffffeb56
ffffe176
fffffac4
ffffd02f
0000163b
fffff720
fffff71d
ffffed2c
fffff8b7
ffffdbb5
ffffe152
ffffb2f8
ffffd35b
ffffc8ad
ffffc9b6
ffffc069
ffffb5ee
ffffc325
ffffd80d
0000055e
ffffef99
00000bdd
00000116
00000f4a
00002a10
00000f8c
0000259c
00000e56
0000210d
000021c0
00001ad7
00001b2d
00000bdb
00001eeb
00001188
ffffbd49
fffff66e
000039b8
ffffe740
00001807
fffff27f
00000764
000000e4
00001fbc
00000e8e
000021a3
00001483
00001a51
000027e0
00003851
00002e67
00000fda
00002f74
00001da9
00001fc3
00002213
00001b58
0000174d
ffffe154
ffffcf71
fffff0d6
ffffb388
00001260
ffffc3c2
00001c1f
ffffbe62
0000142f
ffffc9b8
00002696
ffffdb8f
00001711
ffffc6e1
ffffdcad
ffffd982
fffffc04
00000140
fffff30a
00001378
00000c07
fffffe23
fffffa1e
ffffe17c
fffff102
ffffec26
ffffe36a
ffffd9ca
ffffc1f6
00001b74
ffffefe2
00001190
00000ff8
00003b27
00001c3b
0000460e
000025b7
00002ddf
000040d0
00004387
ffffec80
00000a46
fffff08a
ffffe787
ffffda14
00001791
ffffac1c
ffffcfa5
ffffc27c
fffff2f0
ffffd0c9
000005e6
fffff8ff
00000006
ffffe556
ffffe029
00001357
00004e20
0000089e
00001823
00004a9f
00001194
00004158
000049ce
00002663
fffff695
000065c8
000025fb
00003087
00005909
00004fa2
00005283
000016f9
00000913
0000228c
00001dca
00001158
00000c97
0000122e
00000ad3
00000b97
00000dda
000009bc
00000974
fffffdab
ffffff50
ffffe760
00000251
ffffe609
000026e5
00002f7b
000007b3
0000361b
00009d64
0000653c
00005f5c
0000973a
0000a0d6
0000aa7f
0000bd8a
0000ef00
0000c6e3
0000f7fa
0000e7be
0000d5ba
0000c54b
00008487
0000c349
0000c85e
0000a958
00009c13
000076e8
0000bfcc
000063e7
00007442
0000840c
00005de0
00008afa
00005d71
0000bf6a
00004fba
00007126
00006a14
00005d11
00006130
0000413a
00005107
00004cf1
00000093
00001169
00003a42
000038fe
00002208
00002750
000067a1
0000512c
00003b00
00004bf2
0000d0cf
0000bf4c
0000c7dc
0000d3ed
00011e1c
0000e511
0000f8b3
0000f13d
0000dea9
0001024f
0000e1aa
000110d1
0001182f
00014a6b
00010ed9
0000ff44
000151d4
0001408a
00018640
000197bd
000178b0
00010dcb
0001739c
0001a3ed
0001f550
0001b149
0001f506
000186d3
0001d99e
0001b3c3
00017bb1
00015141
0000dcce
00012683
00012ced
0000ee09
0000f098
00008d93
0000b75a
000066b3
00005a3e
000065c9
00002a28
00004304
000018b7
00005449
00002232
0000538c
00000db4
0000113a
000026f4
0000305c
fffffcdc
00002605
ffffff1f
000007cc
00003503
000022e8
00003a89
00001b66
00006657
00003266
00006118
00005266
0000261b
00001d00
00001f33
00002a8e
0000531f
0000327a
00001671
0000143f
000027e5
00000aaf
00001118
000018e4
00000b5e
00000fb0
000007eb
fffff62b
00005dba
00001fb2
00006699
00007c35
00007130
00007078
00008875
0000d6e3
0000b809
0000eecd
0000e31e
0000d51d
0000d87e
0000cb02
0000c19a
000103d1
0000a18c
00011790
0000a6f2
00011189
0000be69
0000ccd8
00006ccc
0000aa52
00003b44
00008a71
0000270c
0000a5fa
00006728
0000857c
00005ffa
00007050
00004c72
00005155
000049f0
00003416
00005326
0000262d
000044e6
000021c6
0000567a
00003091
0000795b
0000567c
00004c76
00004611
000046e6
00004d57
0000b060
0000b8a5
0000b16d
0000c0fc
0000cbc7
0000bb7f
0000bcee
0000f29e
0000c4c6
0000e3aa
0000d21a
0000fc86
00012153
00013518
00012b96
0000f805
00014578
00014159
00015cb8
00013dad
00010f28
0000bb37
0001350d
00015298
0001a966
00015c45
0001a1c7
0001223e
00018f64
00019583
000149fa
0001375e
0000ff96
00014272
00011773
0000d797
0000bb43
000095a8
0000c153
000046ba
000048ea
000065c9
000021c2
00000d5a
fffffa73
000022f2
ffffe221
00001e71
fffff079
ffffeec6
ffffed6b
00001391
ffffee88
000017d6
ffffd917
ffffc817
000029a7
000007af
000014aa
000017f4
00003e34
00001bcc
00002b16
00002b92
00003bc0
000038e6
00003eb1
00002c47
000065fb
00004b13
00004e0a
00003f08
00009b9b
00005db6
000099e7
0000457c
000052ec
000048e3
00005cb7
0000ac23
00006875
000095b2
0000686b
00008b1d
00005f3a
00006ff7
000093e4
00007720
00007a34
0000954c
00009d10
00009302
0000b0cc
0000b561
0000b3fd
00009271
00009f2a
0000be2c
000090c4
0000b731
0000acb7
000089c1
000099ab
0000a375
0000888f
0000aeb6
000072e4
00009276
000076ed
0000af68
000071d0
000079ce
00007ed4
00008972
000092d2
0000586e
00004d40
00008505
fffffbad
ffffded8
00000efc
ffffeea5
00002a5c
0000165d
00003893
00000aeb
00003075
00000f89
00004c70
00004dd4
00003962
0000582f
00006a3d
00004de2
000033c4
00004cc8
000035c5
00002a44
00002f2c
00002583
fffff160
00000bdc
ffffe3e0
ffffde68
ffffd482
ffffb9d3
ffffddf9
ffffc7c0
ffffc5e4
ffffadbf
ffffc6e6
ffffd044
0000046a
ffffdbec
00004b2f
fffff3e4
0000473f
0000759c
00006866
00004007
0000768c
00006e50
00007dba
00005ae3
00005202
000041d3
000042cd
00003977
00000c89
00002bb3
00000a29
00002578
00001119
00002a28
00002610
fffffdc7
000018a0
fffffd6f
00001b97
00000ebd
00000d3f
00001b82
00003332
0000225a
00005681
0000258d
00005335
00002792
00004b3c
00000f69
00006bac
00000e9f
00000f24
fffff8f3
fffffe61
ffffc320
000027b3
ffffee6d
000025bb
ffffcd45
00003c81
0000510f
00003eb9
00001417
00002095
000058d9
0000207a
0000692a
ffffeb97
000000dd
ffffe295
ffffcf6d
ffffa211
fffff15c
ffff7c4f
ffff7637
ffff298a
ffff86de
ffff137c
ffff3ac9
ffff31c6
ffff0cd4
ffff0df9
ffff3d21
ffff713c
ffff5272
ffff3e9a
ffff8c71
ffffb034
ffffc024
ffffbd5f
000004cf
000024ec
00000e90
00004001
00006022
00004e86
00006c90
00006167
00007a3a
0000a703
00007751
0000a0a4
0000955d
00007fe1
0000889a
000020e3
fffffaf4
0000087d
0000304e
00001e06
00003664
00004764
0000212f
00002a93
000029e9
00004402
00003c04
000029cd
00005a39
000065c3
00004608
00003868
00003060
000037ef
0000155d
0000247b
00000dac
ffffeb6f
00000c18
ffffeb77
000039e4
fffff570
0000026d
00000ecb
000097ed
000034ca
00006736
00006da5
00007e2d
0000c2db
00006440
0000ad4e
000078b8
00009e5e
0000d513
00008e2d
000088ff
0000aefe
00006bb8
00008637
0000638f
00004c95
00004558
00007006
00004f7b
0000425d
00004bea
000027d9
00005106
0000416c
00007287
00006311
000003b6
0000396b
00003637
00005c45
00002866
0000129d
00006695
00004e9e
00000b40
000046c1
00002f9e
000057d2
00004977
000061e9
00002c3f
00005f64
00005779
00005c64
00005886
00003911
00006100
0000467f
00004432
00002774
000033d9
00000648
ffffc1b9
ffffd42e
ffffb744
ffffa126
ffffae1c
ffff98a0
ffffaaa9
ffffd761
ffffb593
fffffbec
0000b23e
00007c5e
0000a131
00008096
0000c871
0000e550
0000c6b3
00010bbb
0000ef19
0000dd39
0000a88c
0000af84
0000c138
000064cc
0000740e
0000a051
00006c39
00008925
00003c1e
00005589
000005aa
00003055
ffffedd2
000016d7
00001eb1
00002876
0000342e
fffff540
0000217a
00001cca
00001985
00002362
00001347
000008bb
0000282f
00002408
00003b50
00003b05
00001266
0000347d
00001264
00001bde
000011d3
00001f3b
0000136a
00002d6c
000047c3
00004687
ffffea26
000058d2
00003737
00006902
00004aff
000093b4
0000c7ee
0000afd3
0000b63f
00010bc6
000126c7
0001141e
0000f6fc
00013053
00014bdc
00011719
000061f5
0000729d
00006f42
0000b71e
0000b001
0000be14
0000bfa7
00004363
00003d66
0000284f
00002c10
00001613
00005984
00004add
00007272
000053e8
00002ffd
00004b1d
00006641
0000291f
000006ea
fffffc98
00000db9
ffffdf20
ffffdccb
fffff165
ffffd0c4
ffffcecc
00001724
ffffe1cd
ffffc8a2
ffffc611
0000117c
000002fa
ffffe719
000030a3
00002456
0000166f
000012cb
000010f1
00002da3
ffffff0a
00001b5b
fffffde3
fffff784
00004e38
000031d9
00004492
00003fb8
000072e6
00004d84
000093cb
00006af4
00007011
0000a3c7
0000999b
0000aab4
0000e1fe
000115fa
0000df92
0000eb57
0000c141
0000d7a5
0000bbf3
0000423d
000024b7
00002f67
00005964
00006058
00007e01
0000618a
0000643f
00000afa
00005f26
00009cbd
000053a8
00005dfd
00009fad
00009f43
00005917
00005ff8
0000745b
0000549a
00008d41
00003469
00003d1b
0000596d
00002ca3
0000033f
ffffdf52
00002abf
fffff0d5
ffffff55
fffffe62
fffff0bf
fffff740
00004492
0000011f
00004058
00002055
000017f3
00001eab
0000299b
000039be
000019f9
00004059
0000246f
00001359
000025bb
000033e7
00004596
00003392
000053f3
00004475
000046d6
00003c6d
000045f1
00003c15
0000475a
000034b9
000040a9
00004d88
00006d80
00003bac
00009318
00006d8d
0000ad4b
0000a9de
0001475b
0000e4c3
0000e448
00012bc1
00014147
0001c1d3
00013a31
00018a4d
00012e41
000169ca
00016d2b
00013a0d
000128ea
0000d006
0000e0c0
0000f286
0000b98b
0000be1b
00006f57
00008859
000054c3
00004381
0000630f
00003469
00005491
000036ba
00005998
00003fc9
00003c44
0000096d
00001e08
0000220f
00000d0e
ffffe82d
0000226c
fffffa0c
ffffe7f1
fffff689
ffffec11
00001d8c
ffffee51
000001cd
fffff6a1
000004df
000019b7
00005b69
00003b61
00004876
00006107
00008fb5
00006e70
000082c0
000063f7
00005e0b
000090b8
00007113
00008db7
0000ab9e
0000ff2b
000098c5
00007f50
0000c254
0000ebe3
0000c10d
000077f4
00007590
0000416e
00006c4f
000092c5
0000c2b5
000098fc
0000a062
000066df
0000b8dc
00010a70
0000b240
0000ac4c
000094c6
0000d63b
00009105
0000aabb
00007642
0000634e
000033d9
0000411f
000015c5
00001ed1
fffff4c5
0000132d
fffff81f
fffffd0c
0000100a
fffffd42
000009ba
00000ee5
0000351a
00004f74
00003a72
000063f8
ffffe279
fffff533
ffffec2f
fffffdfa
fffff1fb
ffffe7f0
00001e65
fffffbaa
00003bf2
00002280
00002bda
fffff1ed
fffffe1e
ffffff91
00003a59
00001287
00002caf
00000b1e
0000383b
00002a00
00003928
ffffeed8
00000fb1
00000f81
fffffd78
0000294a
ffffea51
ffffef1b
fffffd90
000025cf
fffffdb9
00005c58
000043ac
00007cad
000044ae
00007ea8
000061c9
00006337
00006cc0
00009500
00006eb8
00008d0a
00007c4a
00009b55
000062a5
00009de0
00009e74
000092b1
0000832d
000083b5
00005e0b
00007ef5
00003d2f
0000728d
00004bf7
00008508
000052a9
00003350
000056d0
00004724
000060cc
00003c53
00002c5c
000037bb
00001afa
00000ded
0000200a
0000115f
ffffc516
00003d7e
000003d2
00002c29
ffffcb45
ffffe766
fffff19f
fffff3ad
ffffec1e
000005db
ffffdae4
fffff162
fffff6f9
00000477
fffffaf0
00001b42
ffffee06
00000793
00000330
000006ba
000016f2
00000560
0000181b
00001d7f
00003495
fffffc18
00001b5b
fffffea2
ffffe34a
ffffb2b3
ffff866a
ffffb9ca
ffff9a54
ffffd7b1
ffffc2ff
ffff923f
ffffcadf
ffffb3c7
ffffc37a
ffffc17f
ffffce89
ffffd62e
fffff46b
ffffdca5
00002df4
00000717
000039d7
00002fbf
00004e80
000031db
00003869
00006d89
00002c2e
00006b07
000048bd
00005a4b
000029da
00002177
00002953
00002386
00002458
00001a6a
00004647
000040dd
000061fa
00002918
00007723
00004054
000081f3
00006ea5
00008df4
00007227
00007374
0000759e
0000af15
00008738
000079a9
00007399
0000b5be
00008af4
0000aa79
00005a21
000064b0
00005f8d
00005709
0000957a
000051a8
00005436
00005ef8
00005b13
00004bb2
00004f14
0000860e
00009cd5
00008dd4
0000a720
0000aec7
0000979c
0000bf6d
0000b632
0000b237
0000ac62
00008569
0000c19d
00007167
00008cec
00008b1d
0000892f
0000568b
0000655c
000011fe
00004aae
ffffed3e
00001ff7
0000154a
00003791
000022d3
000026f2
0000195d
0000127c
00002888
00001744
ffffee91
00001aee
00003ccd
0000350e
00006443
00004574
000040d5
00005661
00007a45
00006b93
0000743d
000078f3
0000a975
0000adfa
0000a19c
0000b453
0000b454
0000a7c3
0000bf18
0000e3f3
0000f17b
0000ab6e
0000d829
000075a9
0000aaf3
00007ddd
0000baab
0000be43
0000767a
0000852f
00009ef8
0001168a
0000fdd7
00012425
0000feab
00010b41
0000edf2
00011eac
000106b9
0001459c
0000eac7
0000c666
0000e868
0000f90e
000084eb
0000bdc9
00009740
00009c74
0000a50a
00009b0e
00005aa3
00006aec
000067fe
0000746a
00003b31
000052e2
000048ae
00008107
ffffffd1
0000903a
00005494
00005b44
00004355
00004324
00000969
000030b3
ffffdf68
ffffcc61
00001a70
fffffee9
000005ea
00000143
000026c9
00001d5f
00003a33
0000394f
00002c44
0000209f
000005d7
000003f2
00001ba2
000005c9
00002659
0000010e
0000464c
0000100a
00003677
ffffd09e
ffffcb82
ffffe4f8
ffffd4ab
00007172
ffff9877
ffffe0a5
ffffb543
fffff7f8
ffff996b
00004bc1
fffffec1
ffffecad
00000602
000014ee
000011e5
ffffebbd
fffff189
00001a5a
000013b4
00002d28
000067e3
00004de4
00000d09
00004e18
000068aa
00004e31
0000764d
00004f22
000055dc
00005bd7
00004406
0000234d
00001f46
00004ad8
00000ddf
00001ba8
00002d19
00004248
00005cad
00002ca0
ffffeabb
000054f5
fffff685
ffffdf0f
000019cb
fffff631
000005d4
0000297c
0000202d
0000141c
0000188b
0000029f
00002d72
00003acb
00006088
0000207e
00006d05
00004d62
00006a71
00005cdf
0000b50e
00007ffd
0000c6f8
00006439
000076d7
00005a94
00006cac
00009e1c
00004bd4
00006205
00005555
00006a63
00004d7c
000063b7
000090aa
00009083
0000a322
0000bf7d
0000f9d2
0000bfee
0000ec99
0000e7c7
00010771
0000f809
0000f34e
000122c9
00010d6b
00010430
00010aa4
0000c948
0000f970
0000b554
0000b594
0000cd4d
00008f4e
00008ac8
000076d0
0000c6de
00005db4
00006c9c
000072eb
000075b6
000064fc
00004f41
00004fac
00007873
00000eeb
000015df
00003d89
00002091
000011b9
00003584
00001a8b
000039f5
fffff5de
00000033
ffffea7f
ffffe47c
ffffdd15
ffffd881
ffffe1c2
ffffdfd9
ffffbce8
ffffcc87
ffffc528
00000150
ffffce06
fffff14c
ffffc9fe
ffffc5af
ffffc1a2
ffffe77f
ffffc5eb
0000096d
ffffc3d9
ffffa4b6
ffff82b4
ffff726d
ffff7764
ffff7833
ffff6206
ffff72c2
ffffa329
ffff836f
ffffc0b1
00000824
ffffbe1f
0000098b
00000e68
00000021
ffffd0a7
00000326
00001149
0000197a
00002483
00003967
00002d94
00007406
00003cc9
00006664
00003496
00007a45
000055f9
00005964
00005210
000047e7
00003be7
000054c5
00005a77
0000629f
00000ca3
00001958
00001c9e
00000f65
00000e10
00002db5
00001d44
00006f95
00000add
0000750e
0000cf81
0000f642
0000c386
000106b5
0000ef4e
0000db5e
0000ac25
00011895
00007e53
0000af67
00007394
0000e8e5
0000e701
0000f35a
0000edf7
0000d568
0000e6f0
0000e1dd
000104cb
0000c8ca
0001012d
000078c6
00008d92
000092dc
0000ce28
0000d5a7
0000e515
0000d672
0000ada6
000034d2
00007fff
0000731b
fffffa02
00005da0
00004337
000030a6
00001fa7
fffff9d5
fffffa42
ffffcbec
ffffcabd
ffffc87d
ffffce07
ffffb4a5
ffff7ad8
ffff9eee
ffff868d
ffffe223
ffff63a3
ffff8d2c
ffff7ac5
ffffecb9
ffffb46a
ffffb45f
00001d96
00001ee0
0000163c
000033f9
00002fe0
00002c2e
000031ae
00003277
0000208b
00004fa6
00006e0c
00006c5e
00007995
000083e8
00009bb3
00008b6e
00009228
0000a1bc
0000b5a7
0000c72d
0000c985
0000fd66
0001296f
00011500
00013978
00011680
00018069
00018f17
00019824
00016396
000147d5
0000f60e
00019a72
0001b62c
0001ca90
0001b764
0001a626
00016b58
00019237
0001a7a4
00014da6
0001591b
00011b64
00015b46
00011d90
00010c17
000102b9
0000d38f
0000d4b1
0000acfa
0000842a
0000c7b0
00005ff8
000072e9
00006752
0000a0d2
00006d5e
00006b58
00004257
000037b3
00003828
000047e6
00002537
00004d92
0000592c
00008b9c
00006578
0000638f
00006efe
00004a01
00005eb9
0000569d
00004f8b
00006d4d
000068fe
00008ba2
00006b60
0000502c
00006e6c
000060e2
00006f7c
00008c98
00008f68
0000b5f4
0000976b
0000ca32
0000f4ca
0000fc18
0000f692
0000d19e
00010473
00010e59
0000e879
000051eb
00007b34
00005855
00009beb
0000b717
0000b82e
0000b7b5
00006767
000077a1
00003f2f
00005f3a
000040fe
000083f4
000068d3
0000a07f
0000a12d
0000785b
0000896a
00008c51
000075a4
00004c22
00004b2e
00005b6d
00002dae
0000365e
00002de0
00002507
00002e8e
00005aa2
fffff570
ffffef13
ffffe4ae
00000f5f
0000162d
ffffd643
ffffe7cb
ffffe664
00000e85
ffffe61a
fffff8c2
00000a59
00000b79
000016fc
ffffe0a1
fffff12d
ffffdb59
ffffdc8b
ffffde7f
ffffe211
ffffeefd
ffffeda8
ffffe710
ffffd6f9
ffffd59f
00000215
ffffcd4e
ffffddf3
ffffb5d4
ffffd1f0
ffffa8dd
ffffc003
ffffa6e0
ffffd9cd
ffffbea6
ffffa19d
ffff88bd
ffff9424
ffff9174
ffff963a
ffffcd7d
ffff9dec
ffffee45
ffff8a2f
ffffe694
000037f0
fffff3b3
000020dc
0000330f
00003e31
0000026d
00004466
000065bc
00004b8e
00003943
00002561
00002f0f
000047db
00003d97
000064a4
00002fd4
00006f39
000028ab
00003a4b
00001cf6
00002c34
0000280d
00002696
00001c96
00003706
ffffb8fa
ffffe266
ffffe0ed
ffffd7b6
ffffe6bc
ffffcb5c
ffffefef
ffffde42
0000081a
0000117b
000013cf
00002a69
000007d1
00000651
000009c8
000005be
ffffca19
000008e2
ffffde9e
ffffb643
ffffc5e4
ffffb124
ffff683d
ffff4ee5
ffff6e26
ffff8ad1
ffff6a21
ffff75ad
ffff71a0
ffff786a
ffff8779
ffff9fee
ffff9961
ffff8cb2
ffff87cc
ffff9797
fffffdad
ffffe751
00000038
00001e9a
00001f20
00004cf9
00003d4d
0000492d
00003152
00004a25
00007876
00007941
00005a98
000039e4
00003447
00005d2e
000008c1
0000128f
fffff239
00002d66
ffffe72a
000020a7
ffffdb6d
ffffe4e1
ffffe387
fffffc77
fffff8f8
ffffea6a
ffffbdb1
ffffb3aa
fffffa5c
000003a6
ffffede7
fffff959
000021b4
00001c69
00001bac
00003f89
00008564
00006024
00006bb0
00008323
0000b4e3
00008fb5
0000acc0
0000a9fb
00008f38
000090a9
000089f3
000089bf
0000ca05
0000e101
0000d7ba
00008843
00011bb1
0000dd57
0001314e
00013f8e
0001369b
00010a07
00012921
00015cd7
00014089
000155ae
00012a6c
000131d3
00014832
0001345b
000110d1
0000df5e
0000bf14
0000fe5c
0000c575
0000e44b
00009d6e
00008e63
000087d7
00009c54
00005f1c
00006af5
000030db
000045ee
00001ee4
0000542e
00001fca
00003fe0
00001f2a
00002349
00004258
0000275e
fffff45b
00002ee9
00000a71
fffff1fe
000015b4
000023b0
00001525
0000257f
00004260
000034b9
00001bf2
00002ce4
0000498a
00005077
000058db
00005e57
00007c3c
00006200
0000615f
000061e9
00007513
00005f22
00006ed5
000056f7
00005960
000050e0
000056ee
0000a98a
00007622
000094f4
0000a63a
0000fc45
0000c321
0000a3d1
0000e32d
0000ddc0
000120b2
0000e2d7
0001185f
0000ea82
00010c51
0001358f
0000ff96
0000ef18
0000f0ef
0000cdf6
0000dd32
0000bf97
0000c17a
00009cea
0000bf88
00008840
00007212
00008a81
0000340f
00006050
00005959
00009e46
00005e44
00004073
000052ff
00004581
0000583f
00003987
0000227d
00006983
00000101
ffffca82
00003aed
00002659
0000324d
000051e6
000066e7
00005458
0000424e
00005686
0000d03f
0000b659
0000c590
0000d84c
0001083c
0000d988
0000f3fc
0000ffee
0000ddca
0000e90b
0000d789
0000fb1a
000112e0
00012ec8
000120f1
0000d958
00017c5d
000141cc
0001a8ee
0001a3d4
000186b2
00010fc4
00019fe0
0001b885
00020902
0001ca07
0001f51b
00019a13
0001fa37
0001e5c1
0001bcef
000144e1
00014e56
00018764
00018724
0001437c
0000f572
0000bef7
0000ed41
0000b358
000068dd
00008041
00002d9c
00002bbe
000011a6
00005869
000021b4
00003012
00000e93
00000223
000019df
fffffe67
ffffdef2
000019b1
00000d61
000039fd
00003aee
0000365f
00002f05
00001c31
00006076
00003a5c
00005361
00005209
00004fec
0000687b
00003bd6
0000593e
00004fb1
00003ead
000000d9
00003c32
00001615
ffffdad2
ffffedd0
ffffcc24
ffff8a78
ffff9688
ffff9c60
ffffccad
ffff8a20
ffff8a0f
ffff95f6
ffffcde3
ffffc346
000016c2
ffffcc88
ffffc46b
ffff94a0
ffffd7c3
ffffe4d4
0000035a
ffffde6e
ffffea44
000001db
00004f9a
0000440b
00006e7e
00002a52
00007b15
000076b9
00008c06
00007adc
00008205
00005f00
000097dd
00004a75
00006d16
00004871
00007bf0
00004642
0000892a
00003862
000036d5
00002530
00003716
00002112
00001856
00001e17
00000f5b
00004eeb
00002ac8
000054d8
00003fa6
00008572
000077fa
00006449
0000889a
000075cd
0000a06f
00005c59
0000a35f
0000919e
00007723
00003da3
00007d7a
00004a0e
00002910
00001999
00002279
0000063a
00000723
ffffe521
ffffd497
ffffa60d
ffffddf5
ffffa7ea
ffffb2ff
ffff9db7
ffff9e0e
ffff634e
ffffbcf4
ffff9334
ffffa1cc
ffffb41d
ffffa3cd
ffffbd62
00000c7e
ffffc484
00002d9c
ffffdb15
0000115e
ffffddb9
00005088
ffffd461
00001b48
ffffc49d
00005305
000005a2
00001b13
0000157a
00008fa5
00005943
000061cc
00007d62
00006d38
00005265
000059c0
000083db
00004723
000074db
00005392
00003a2a
000040f0
0000438f
00002650
00006edc
000029dd
00005a16
00004330
0000597e
00006c77
0000395a
000087a9
000037a4
000052a0
00004558
00003524
00001180
000041be
000044f6
00001471
0000290f
00000c64
ffffef61
ffffea09
ffffd759
00000150
ffff9916
ffffb8ad
ffff986b
ffff9c1e
ffff9779
ffffd07f
ffffb419
ffffda77
ffffcee1
ffffe833
ffffee95
ffffeb42
ffffcca8
fffffe1f
fffffcfb
000048e7
0000398c
00005182
000037d1
000064df
00005a30
00006182
0000569b
0000658a
0000503a
00005ead
00004b88
00006ced
00007386
00005d2a
000082ea
00007596
0000511b
00005b2c
000064de
00004eb5
000066a8
00003609
0000282a
ffffcb44
0000536a
00001817
0000834c
00004f38
000082d4
00004ad1
00006a76
00005be6
0000a72c
0000a60e
0000a418
0000a403
0000d1fd
0000adf1
0000a2a6
0000a329
0000a8d4
0000a4bc
000097da
000096bb
00008c87
00009faa
000096f5
000060df
0000f6b2
0000d704
00012ac1
00016027
00014d02
0000f27e
000154bd
00017e53
0001d48b
0001698f
0001d03a
0001521e
0001bbc6
0001b121
00017287
00013613
0000f3ab
00011eb2
000123ca
0000e6d2
0000d795
000090e7
000091e5
00006ff7
000061fe
00005179
000032c1
00006669
00004ec8
00007029
00002e4e
00003db8
0000337c
00003c81
000049f0
00001371
000010e8
00004513
ffffedf5
ffffee67
000041e2
00001dab
00001c83
00001e58
0000274a
00003244
000039f5
00003b77
00000845
00000c32
fffff705
ffffcd0c
000002e4
fffff161
fffff5d9
ffffd0c9
000014f7
00000ea1
00000f6d
ffffd588
ffffd0e8
ffffe780
ffffce1c
00005b50
ffffbd8c
0000128a
ffffc7c0
ffffd05e
ffff9a7b
00000288
ffffdbf7
ffffbd7e
ffffcc40
ffffdfc4
ffffd737
ffffc660
ffffdef9
00000e67
ffffed3c
000022b6
00004ec8
0000395f
000013c4
000050b2
00004c8b
00004ebf
00006cd0
00005e8b
00005527
00006cbe
0000536e
00004d2c
00003491
00006612
0000268e
000053c4
00003d53
0000488b
0000534e
00004158
00000ff9
00005428
000048e9
00005767
00005dae
00004c23
00007533
000040c9
000062e0
00004ad7
0000547f
00005ca4
00003bad
00006ec9
0000577e
0000389f
0000636b
00004f70
00004a11
00005a31
0000a6a4
000078be
0000a045
000075bc
00007ca8
00006340
00007cf6
000087ce
00007a6c
0000733d
00006dce
000049a8
0000444b
00003a93
00005ba2
000069fc
00004a0c
00007e66
00004e82
00005e32
00004258
00003bf7
00004d44
0000874f
0000792a
0000aa01
000061e5
00008ba0
00008cb0
00008bcf
00007195
00006bf4
00005299
000080d7
00004928
0000673c
00008384
00008a0f
00007642
00008b1a
000064d0
0000740b
00005970
000059c3
00006bcf
00005c7b
00000ac2
000010c2
00000fc9
00001934
fffffd38
fffffda5
fffff753
0000012f
00000a52
ffffeb48
000014cb
00001cb7
00001fc4
ffffe2a2
000045e4
0000109e
00003419
0000055d
0000365d
00006ed2
00004bb0
00004f39
000057e9
00007138
000039fa
0000688b
fffff467
00003f20
ffffeae6
ffff85be
ffffa057
ffffb635
ffff8870
ffff7b66
ffff8de1
ffff8504
ffff7292
ffff589d
ffff5033
ffff4c6d
ffff5d93
ffff8db5
ffff9e53
ffff749e
ffff8b07
ffff8281
ffffcf55
ffffc543
ffffca6a
ffffc50f
ffffdf0e
ffffca95
ffffee9a
ffffdd9f
ffffe915
ffffee1f
fffff323
ffffff63
00000274
fffff769
ffffffc3
00002fac
00001587
000025a4
00007fd5
00004536
000094fa
0000803b
0000b085
0000933b
0000b1c0
00007d4f
000093bb
00009927
0000986a
0000b239
000091fe
0000b223
0000a41d
0000a034
00006d03
0000756a
00004e4c
000021d5
00002576
0000126a
00000420
0000159e
00000198
00003b6a
0000284a
00003f92
0000465b
0000a0bd
00009261
00008b1f
00009a00
0000893b
0000d359
00007546
0000a60c
00009bc3
00008d2f
00008569
0000776c
00007360
00006cbe
000039ff
00006344
00002760
00004f90
00001910
00006a1b
000008bc
00003dd6
00000769
00001fb1
000011e8
00002a44
00004e2c
0000263d
00003ec5
000004bd
fffff387
00000e67
000007bb
ffffc57e
00004c76
fffffae8
00001423
0000339e
00000e0b
ffffffb8
00001036
00000d2c
0000213b
fffff3b0
ffffd2f1
ffffb50f
ffffd048
ffffd38c
ffff9f69
ffff9948
ffffa6f0
ffffc763
ffff90cb
ffffe1fb
ffffd18c
ffffd45f
ffffaf71
ffffb534
ffffb24b
ffffb48b
ffffe8cf
ffffb1e4
ffffd56d
ffffc03a
ffffe924
ffffcc3c
ffffeff9
ffffbe5f
ffff9ae2
ffff86dc
ffffc43d
ffff9dbb
ffffbf83
ffffb0bd
ffffad42
ffffba40
ffffde7e
ffffdbcb
ffffd8df
ffffa51c
fffffceb
000004d0
000010ed
fffff588
00002d1c
00004a18
000065c6
000057f9
000088f9
00008af6
0000a064
00007193
0000a2e8
0000cdc1
0000c3b5
0000ac40
00008a9d
0000b63b
00009599
ffffd2f1
ffffdb59
ffffbd54
ffffd6f2
ffffd47f
ffffc062
ffffe047
ffffb9cf
ffffdfe1
ffffb648
ffffcad0
ffffbfce
ffffb97c
ffffb380
fffff380
ffffc942
fffff7e3
ffffac16
ffffeb1a
fffffa4c
fffff87b
00000d54
00002ae2
00004e9c
000014f0
00001a4e
fffff920
00001895
fffff66b
ffff8706
ffffb925
ffffdcb2
ffffb6d7
ffffdcb7
ffffe98c
fffff176
ffffbb31
ffffb5dd
ffffae5e
ffffc662
ffffd490
000003d3
fffffbfd
00003059
ffffdf43
000026ac
00001fc2
00000c0d
fffffde9
000015aa
fffffd4e
00000a36
00001819
000030a4
000045fc
00003d43
0000705c
00000296
00007248
00008476
00008f1b
000071cc
00009260
00009b9c
fffff68e
ffffe68e
000004fc
fffffe5c
ffffffee
00000cd1
00002d83
000013ab
fffffd9c
00001db0
00005eda
000063ab
0000689d
00006d0e
0000b4b4
00007fc8
0000b011
00009899
0000c731
0000bc88
0000d3d5
0000e0be
00010662
00011c89
0001069a
00013456
00010e77
00013c31
00012d0a
00011205
0000fd4a
0000c071
0000d97f
0000d9ee
0000f84e
000106d3
0000cfc8
0000b482
0000b7fc
0000a525
00009e5b
00008dde
00008ded
0000a77f
000080a9
0000955a
00009ed7
00006215
00008874
00006802
00006e8b
00006e44
000065fc
00007a7e
000074c7
0000aac2
00007e0b
00006b19
00006c81
000087a8
00008608
00007389
00006c59
00009bde
00005fca
00005533
0000988d
000059bd
00004b08
000073d1
00007de8
0000a4a8
00001a54
00003107
00004145
00004680
000033fe
00005a2e
00003fc1
000043ba
0000664c
00006eee
00006fd1
00009e1e
0000604f
00008b81
0000b159
0000c049
0000ac4d
0000abc4
0000ad94
00008a53
0000cc06
0000c94d
0000a9a3
00008f78
0000c562
0000bee8
0000d8de
0000d1fe
00009700
000097f1
0000951e
000038fc
00005943
00003fe1
00002297
00004a37
00001b06
00002954
00003be3
00000d0d
0000576f
00001992
00004f05
00006517
00005ad2
00007e7a
00005e50
0000a7bd
000079be
0000a0da
000076b6
000093c5
00006f4a
00004e5c
00003c87
00005761
000049fe
00002e35
0000af37
00005b7e
00007027
00007f8c
00007d2f
000085e7
00004547
00005916
00002d0c
00004fb0
00002518
00002b9a
0000064a
000021f7
000010de
000021c2
00004b6e
00002c65
0000368f
00001e96
00003592
00004ae4
00004a2e
00007075
00008613
00009a49
000099d5
0000c013
00008839
00008d08
0000b798
00008c28
0000b759
0000c876
0000977f
00009b1e
0000a5dc
00006db6
00008127
00006122
00007ec1
00008dd9
000077fd
000073ba
000087b8
00005145
0000a109
000070bf
00009332
0000a58d
00009a7d
0000a485
00009bc8
0000ccd0
00008cf8
0000d8aa
00009a48
00009ee5
000082aa
000074c2
0000714b
00009ee8
ffffe2f5
ffffe5fe
00001907
fffff95a
000001cd
00000fbe
00001b50
00001a41
00001b47
0000186f
00000b28
00002137
000005a0
fffff552
00000d13
fffffd88
00000370
00000da5
00002f51
00001b59
00002e5c
ffffff2e
0000011d
fffffffe
fffff784
000049b5
ffffd223
ffffee74
ffffcb56
ffffe140
ffffb829
fffff14d
ffffd651
ffffdd06
ffffbe0d
fffffaa4
fffff831
ffffe8c2
fffff3d4
00001495
00000b01
00002a01
00004441
0000527b
00001e05
00005702
00004b34
000053c4
000062a7
00005e88
000045cd
00007288
0000426e
000057c9
00002859
00005f1a
000020f1
00003d7b
000028d0
00002fc6
000029da
00001ab2
00000f1e
00001a5e
00000900
000004ae
00000f0a
00001e4b
000002e2
00000a50
fffffda1
00001c01
00000d0a
00002a5e
00002f67
0000382e
00003855
00000b37
00005233
00003a16
00004b38
000031de
000060d1
0000641b
000074dc
00004f5d
0000c5dc
0000d8d5
0000e11d
000102e5
00014c5d
00015eb0
00015a71
0000ff07
0000e3f7
0000d144
000119c4
0001018d
0000f6a2
0001253a
0000a580
0000c355
0000b555
000080af
00008736
0000815a
00006385
0000a0bd
000055a0
000059bf
00004295
00005981
00003f96
000023e6
ffffee1d
00000fd7
ffffcf67
ffffca36
ffffdb55
ffffcd72
ffffc5b8
ffffdc1e
ffffcadb
ffffbb7c
ffffc0dc
fffffb13
ffffdbca
ffffeb3f
00008393
00009d4b
000083f3
000087dc
00008607
0000728c
00008d81
000087a2
0000862a
000079a9
0000c692
0000ab1c
0000bb5b
0000b82f
00010a95
0000d00d
0000e871
0000d794
0000ee85
0000ef08
0000fe46
0000e0a3
000124e4
00013f4d
00010e54
0000e0fa
000120f6
000102d8
00011ce4
0000f55a
0000dcea
0000cd6e
00011713
00014629
00012102
000143a0
0000ffc2
0000eb91
0000feea
0000f27b
0000d319
0000e8d3
000099a0
00010a51
0000c04e
0000e415
0000a1e3
0000b029
000086fc
0000968a
00005d9f
00009f3a
00005a38
000085e6
0000473e
0000690d
00004a26
0000920c
00004726
00002764
0000331c
0000546e
00003013
000031c4
fffffd0a
fffffc5b
00001bfe
00000c13
00002086
0000112c
0000235c
000006ad
fffff723
00000041
000002c2
00001db0
00001f4c
00000f6f
0000206d
0000201e
000043a1
000035f1
000045df
00007953
000051a0
00008df0
0000b68e
0000ce6c
0000c658
00008beb
0000c8f6
0000bc77
0000ba64
000037f3
000071e6
000054ae
000081af
0000784a
00006c29
00008c30
00002c83
000054be
00003442
00003409
00005380
00004a39
00006a9d
0000a079
00006b88
00006654
00004af3
00004805
00004673
000039ed
0000255d
00005206
00001038
000020fe
000024c0
00002caf
00002ac3
000018fa
000028b1
000020a9
00000a8f
0000146d
00003403
00001eda
00002b04
00000817
00005514
000013b6
000035f5
000038f6
000052a8
000077b9
0000293f
00005a39
00007f84
00009820
00006c0e
00007640
000078b6
0000633e
00007828
0000917d
000058c3
00003d30
000039c3
00003cca
00004b13
000047e8
00004f56
00005b7c
0000383b
000042d6
00005b91
00007480
0000875d
000088c3
00004f10
00005dbb
000075de
000092fd
00007f99
0000893c
00004473
00000543
00003e59
00007906
ffffff0b
00003f32
000004b9
00001b85
00002303
00000f24
fffff4e4
ffffe769
ffffff5c
ffffea0a
fffffc21
00000a5c
ffffeb81
000020a6
ffffd8c3
00002619
fffff3ec
00001cf1
000017f4
000024f9
00001a34
00000353
00002c5d
fffffd9b
00004852
0000106b
00004623
00004161
00002b35
000032b2
0000270e
00002d82
00000406
000044e0
00001f47
ffffeb9b
fffff59c
fffff763
00000f7f
00001a8e
00001739
ffffd24f
0000094d
ffffe7bf
00004cbe
00000ba5
00005ee7
00001a15
000057c4
0000632c
000058aa
00000f7d
00004d1c
000036e3
00001784
0000293c
00000004
000052e7
00000f82
00004d82
ffffed6c
ffffc8f9
00001bd8
000033b3
00000851
000048a4
0000220d
000034ad
00000bde
00001f2c
ffffe110
000019c2
ffffea8a
fffff618
ffffeb28
fffff07d
ffffee0a
ffffe489
ffffcab1
000007f3
ffffe756
ffffee1d
ffffea9b
fffff847
00001253
ffffe1f4
00002cdb
0000682c
00007ece
0000733c
00005b6c
00006328
00009bb7
000087fa
00007e69
0000888b
0000586a
000071c7
000048ed
000040d3
00007c96
00004e85
000031bd
000035e3
0000791b
00002c75
00005be9
00000ce0
0000162e
00000948
00000fad
0000389c
0000124c
0000199a
00001680
000051ee
00000e04
0000345b
ffffff0c
00003949
ffffec13
00004e22
00000bff
00001dd1
0000107d
000035e2
0000243f
00009194
00007fdc
0000bbec
000025a4
0000d595
00005e2f
0000abe8
0000475a
0000e304
00005a5e
0000e951
00006e73
00011769
0000b08c
00010cab
0000d154
0000fe4f
0000c583
0000c248
0000c640
0000c9ad
0000d3c1
0000c606
ffffed1b
ffffd19a
00003a39
00001123
0000227a
000027cc
00005858
0000302e
00005560
0000424f
000038af
0000145c
fffff418
fffff962
0000134f
fffffb52
00002069
ffffe81a
00004121
ffffed75
000028d1
ffffb91a
ffffc9e0
ffffe2a2
ffffdbee
00002c96
ffffe228
000001a8
fffff27c
00004be5
fffff706
000094c9
000046a3
000047e3
000011bc
00005b01
00002adb
00003497
000036f3
000030f2
00002aa3
0000431b
00005541
000066d5
00001f0a
00008608
00005d9e
00004bc2
00007b9a
0000a479
00009b4f
0000a96c
0000b3ac
0000bf63
0000a0a5
0000c93d
0000aca8
0000a1f5
0000bee1
0000c3c4
0000d126
000071db
000067bf
0000988f
0000aa85
00006c07
0000b674
0000a494
0000d9a3
000095b2
0000dab3
0000928f
0000c9bd
00009dfe
0000aa59
00009e9c
00009be1
0000abc9
0000c69b
0000a35e
00009162
00008003
0000b217
00005da0
0000950b
00003827
00002c47
0000351f
00001829
00004328
00000e29
00000968
00002e1c
0000a1e6
00006fbd
0000aaca
0000b38e
0000cb8f
0000ed42
0000d082
00010502
0000d654
0000ef31
0000c5fd
0000e2c5
0000d655
000091a0
0000bfdd
0000cb30
00009eab
0000a037
00007caf
000089f9
00006c85
00004c10
0000539e
00003580
00005b08
0000595c
000082cf
00006621
00007f37
0000557a
00003e70
00004b81
00002fc8
00000dc2
000032fa
0000191d
00004274
00001598
000029dd
000031a6
fffff284
00003c7e
fffff181
00005982
00003ec9
000049fa
00003918
00001a3e
000063cf
00002e7c
00003f6c
fffffd87
000037d3
00000a49
ffffdff2
ffffdecd
ffffd0e7
ffffc691
ffffb34b
ffffb47d
ffff8cf6
ffffa703
ffff9d4c
ffffc1e4
fffffa8b
000000cf
ffffe2f3
ffffabd1
ffffbfcf
ffffad70
ffffb611
ffffb78c
ffffc705
ffffc8a0
ffffc7d2
ffffb4af
fffff58c
ffffc021
ffffbebc
ffff9992
ffffe301
ffffe739
fffff835
ffffa99b
ffffeb86
ffffe87d
ffffdbf9
fffffe77
0000152b
0000231c
00001956
00001238
00007007
0000320e
00001d50
00003992
00005aa0
000041ff
0000447e
00000806
fffff046
00003090
000012ae
00001195
00001e6b
00002043
00003d3a
fffffe5c
000028b2
000036e1
00004204
00002b2e
00001ffb
00003edf
0000289a
00004240
000038fd
000032f6
000055fc
0000339e
00003cac
00007874
0000a60f
00007d6c
000095fb
00009500
0000d865
0000ad33
0000dd53
0000a0aa
0000b606
0000b97a
0000bd7d
0000e539
0000bc3b
0000aecb
0000b444
0000b449
0000b0b3
00008268
00006b0c
00005a71
000026b8
0000539d
00001d7d
00001157
0000030d
0000191b
0000073d
00001048
000002af
fffff792
00000854
fffff22f
ffffe316
ffffdf36
fffffac2
ffffee1b
0000019e
000009f7
000016e4
00000b61
00001a85
ffffb102
ffff9c35
ffffb56b
ffffa3ea
ffff9dd9
ffffca0f
ffffab9a
ffffdca9
ffffae7f
ffffbf8c
ffffbb09
ffffd072
ffffdd06
ffffabfd
ffffb9d4
ffffb501
ffffd708
ffffbd7b
fffff8b8
ffffc8ea
fffffc9a
ffffad01
ffffb175
ffff8640
ffffbd8d
fffff4e2
ffff6288
ffff7c8b
ffff5aac
ffffabb8
ffff98e2
ffffd957
ffffa540
ffffad49
ffffa6e5
ffffd83f
000012de
00002154
fffff5eb
00001cbf
00004062
00003fbf
000049d9
000044ba
000048fb
0000499a
000055c3
00002748
00005945
00002769
00004beb
00004459
00003c9b
000022e3
00002252
00003b92
fffff58f
ffffeb19
00002699
000053b7
00004d97
00002d08
000033f3
00003c4a
ffffe893
ffffde8d
ffffbfa4
ffffb9af
ffff976c
ffffd45c
ffffd7e4
00000f61
ffff9100
ffffbb13
ffff949e
ffff7856
ffff7dbc
ffff9978
ffff56ca
ffff747d
ffffb7a3
ffff7e9c
ffff9c74
ffff892a
ffff8ef2
ffff8704
ffffabe6
ffff9f3a
ffffbc81
ffffbb21
ffffc591
ffffb85f
ffffcf22
000026cd
00000159
00005910
000037f2
00005365
000012d5
0000501e
00002a74
000051a9
0000337c
00001aba
00000b6b
00001b8a
ffffc686
fffff38f
ffffd6ee
0000060d
00000e51
00001815
00001755
0000215a
00005a2c
00004bf3
000065df
000094b3
00007ec0
00008e66
00008896
000054b3
0000858e
0000aac0
00008e72
00002ba5
00005316
00003060
00001650
00000701
fffff853
ffffef15
00002afc
fffff3e7
ffffe098
fffff33d
ffffe8e3
000005e5
0000002e
000001db
ffffee71
ffffe0a7
fffffa55
fffff34a
00001924
000001cf
00000380
00004fd9
00001496
00004c2d
00008541
0000bfc8
00008bbc
00006eda
000093f1
0000cf89
000090ea
00004879
00002d4e
0000394f
00004ac8
00007122
0000b0c3
00006604
00004fe6
00001be4
0000296d
000074ec
000008ed
00004e4b
000028cb
0000357f
00002b46
00002462
00002bfa
00003aa6
00002263
fffffaf9
000009a0
ffffdb1a
ffffec12
ffffd0cd
ffffd554
ffff96ff
ffffbccc
ffffb161
ffffac43
ffffb2ed
ffffddc2
ffffdbcc
ffffcf1d
ffffc369
ffffd076
ffffadba
0000110c
ffffe33d
00001dca
00001a10
00002d81
00001039
00001e64
00002121
00006037
000074e0
000082d3
00006887
0000a1fa
00007f72
000067a9
00008a5c
0000789a
000069c1
00007a1b
00007a6c
000076ba
000088f0
00007c22
00006d78
0000b76f
0000b1dc
0000be83
0000a484
0000957f
00005a0a
0000ab1b
0000c754
0000fcc7
0000e29d
00012bcd
0000eb11
00012fd5
0001640b
00013c06
0000f913
00011f97
00013453
00013b04
0000fdaa
0000e27d
0000b531
0000ad8c
00007dbd
00003906
00007245
fffffdc6
00002a01
0000161c
00005515
00000ac1
00002666
00000609
ffffec8c
fffff9ce
000019e3
00001a37
00002fff
000070bc
00006906
00007070
00005efa
00005867
00005ea2
000047ad
00003ecd
00002ba4
00001331
00001b23
000012a2
00000439
ffffff21
00001645
ffffff1a
0000079b
ffffe1fd
ffffdfd4
00000921
ffffe0b0
00000df2
fffff79c
0000364f
ffffebf7
00001fc7
ffffebe4
00002bbf
fffff94c
ffffae87
ffffb006
ffffb6dc
ffffb6a2
ffff8f60
ffffd10f
ffff8115
ffff8eef
ffff788f
ffff9ce1
ffff9e3a
ffff8d01
ffff9cb7
ffffc664
ffff8236
ffffc992
ffff8f08
fffff342
ffffd9f5
000025fb
ffffcc55
000020cf
fffff452
00001d7b
000013fe
00003b12
000050ce
000058dc
00005590
000054ec
00003d55
00003af7
000047cc
00003f83
00005ca1
00002aed
000028ee
0000305f
00002c47
000035de
0000380b
00004b4f
00002f25
000022eb
000039d1
00003ff2
0000639d
00005531
0000568d
00006be1
00005abc
00003b8e
0000525a
00006d58
000031f1
0000612a
00004caa
000033a1
000023be
000031bd
00002fbb
00005304
000048f6
00004e98
00006aaf
00006dc5
00004f6c
00008395
0000a06a
0000ad16
0000af67
0000da47
0000c9c4
0000bc27
0000c4d4
0000cfc6
0000ddd5
0000b498
0000e806
0000fa52
0000dcfb
0000c832
00009878
00009ff2
00008731
00007982
00008a51
000060df
00007edc
000084fa
00009dbe
00008b44
00007502
000061d0
00006521
000067c3
000050f7
00006f49
00005688
000006ce
000004dd
0000101c
00001816
00001d47
000001c7
0000464c
0000247f
00003b69
0000490b
00005764
00003763
000033db
00005417
00006572
000056ff
000040ac
00003f12
00005bdb
000043c6
00003dcd
00000e95
ffffee52
ffffe796
ffffe4b8
0000224c
fffff5f0
000019c8
00003127
00004c67
00001e03
000025c1
0000336e
00003f5c
000074e0
00002951
00006adf
00002f4b
0000773d
0000b47b
00006201
000070e9
00005942
000061f6
00002842
00006220
000077b2
00006cc3
000035ac
000053b2
00003ca6
0000523a
00004407
000070a4
000058b5
0000785d
00005480
000046c1
0000355d
00003b8c
0000644c
000030e8
000013a3
00004eef
fffff7bd
000011a5
fffff94f
fffff2bc
fffff053
ffffee76
00000187
fffff8c5
ffffee66
ffffdfb7
ffffe89d
ffffdde5
ffffe999
ffffe4a7
ffffff91
ffffea9a
000009a5
ffffec51
000002ae
000023aa
00000618
0000207b
00001b28
00001c78
00001371
00001a6d
ffffd977
fffff5b9
ffffe07f
ffffa74e
ffffb751
ffffa299
ffff68aa
ffff7b3f
ffffa867
ffff8421
ffffa462
ffff785f
ffff80cd
ffffb5d0
ffff93da
ffffceb5
ffffd6d5
ffffc734
ffffaf19
ffffe857
fffffaa1
fffffbff
ffffe20c
ffffeeac
00000c52
000006c1
00002a50
000046e1
00001f10
0000350f
000016ba
000025d6
00001421
000023f1
0000290c
00003483
0000272a
00001b92
00001d20
00001b12
0000811b
00005d03
0000832a
00003b88
0000a865
00006245
000080d4
000054fe
00002868
00003a8b
00002ca6
00002429
0000516b
000042bc
000045b2
00001bdd
0000a4e0
00005366
000093b4
00002644
00002932
00003147
00002f5b
00007d16
00003520
000060ea
00004e1c
00005dd1
00001dc0
0000767f
00006c26
00005af3
000062ac
00008181
00006784
00004b03
00006a2f
00007b28
000079f1
00009d78
00008b6b
0000d3dd
00004582
0000b474
0000aaba
00008af2
0000916a
0000be30
00009234
0000d9ed
00009d79
0000e3ae
0000c789
00010952
0000e25a
0000c7f4
0000de54
0000e8a7
0000efc2
0000a2a2
0000a4c0
0000e283
000004ab
00001bb4
fffff7ba
fffff97d
ffffe223
fffff8b3
ffffdd9a
ffffe824
ffffc795
ffffb842
ffffc8e7
ffffe1fd
ffffcca2
ffffd9c4
ffffad6c
ffffc7fc
ffffc3ad
ffffc523
ffffb767
ffffc627
ffffae5f
ffffc480
ffffc05f
ffffc6d4
ffffc2ff
ffffc4da
ffffd0b3
ffffc728
ffffd7f4
ffffd360
ffffeb47
ffffd759
ffffa9d5
ffff9422
ffff9317
ffff8a03
ffffa05f
ffffba5e
ffffa77f
ffff957e
ffff9838
ffffa3d4
ffff830a
ffff6094
ffff7a62
ffff7bb8
ffffa5d9
ffffa8cb
ffffc4a0
ffffbdc2
00000c21
fffff251
0000122f
00000d07
0000312d
000036aa
0000488c
0000519c
00006d27
000055bc
000049ba
00003b1a
000055b2
00006475
ffffdbc4
ffffc9b6
ffffd4cb
fffff085
ffffe193
ffffe890
ffffff5c
fffffa05
fffff6ed
ffffe665
fffffba3
ffffe1e8
fffff6c8
00001146
00002a9c
00000ed4
00001067
ffffdcd3
000002e1
ffffe67a
00000fde
000000dc
00000154
00001319
00000665
ffffff67
00002a5e
000024a2
00002497
0000403e
00002f53
ffffea9b
fffff7d5
00002018
000011af
ffffff14
00003cca
00002856
00005b8d
0000a70c
00005349
0000422a
000033a0
00003a30
000030bd
0000631c
00001191
00002230
00002498
00005d95
00001237
00003af2
00001a92
00004cd1
000040ac
0000421a
000053cf
00000688
000038ef
0000237d
00004ebd
00001ace
00001bbf
00003f11
00000ea9
00000cc6
0000213c
ffffffca
00002015
00001619
00002610
0000028e
000010a9
fffff120
fffff4e9
ffffe278
ffffd61b
ffffe1a9
ffffe3c5
ffffdae5
00000607
ffffd593
ffffd6ae
000014b7
ffffdeaf
00000abd
00002952
000061df
00001eec
000038c6
00005058
00006f42
00006355
00000e05
00001ebb
00006504
0000726e
00008c60
00008527
0000a6fd
00006523
00006e63
00007786
00009dfb
00009a21
0000ba91
0000ab26
0000fe40
0000950b
0000cec9
0000acf7
00008cd5
000073ec
00007893
00004d5f
00006f93
00003fbc
00003f76
000035f2
000021ad
000040de
0000255c
00005341
00004c11
000044ad
00003f9a
0000559c
00003b54
ffffd7bc
ffffe530
ffffc532
ffffc592
ffffa730
ffffe4d5
ffffd817
ffffd2f1
ffffd6c8
ffffd245
ffffbfd1
ffffc65a
ffffc0f8
ffffaacf
ffffb461
ffffa1a7
fffff92e
ffffc32a
00001e49
ffffcb77
00001081
ffffb9c9
fffff022
ffffe643
fffff6f8
00001f9f
ffffacc6
ffffba6e
ffffad37
000007c9
ffffe858
000062cf
ffffcf4c
00000170
ffffb469
000029ed
ffffce64
0000298c
ffffb2ab
ffff9467
ffffd733
fffffd4d
00000589
00001b7c
ffffde3f
00003518
00002589
00003df1
fffff936
0000482c
00003e0c
00004652
000033b9
00004daa
00005796
00003639
000033b8
00002c10
00008ad5
0000a5dd
000086b9
00004fb1
00007742
00005baa
000009e1
0000003a
00003740
000016e8
00002ab9
00002bc2
00006141
00004162
0000412d
0000531c
000048d1
00007eee
00002f58
000050c8
00007467
00004182
000034d1
000049db
00006514
00002f12
00004f30
0000266d
00003c82
00004719
00003013
00006d9f
000018fb
000050f7
00002069
ffffdd00
ffffc951
00000720
ffffe253
fffffb86
ffffae80
00002180
ffffbbf8
ffffdcc1
ffffd1bc
ffffec2c
ffffe9f9
00004d46
0000314b
000093f5
000009c6
0000988f
00004a2d
00008307
00003db6
0000ae3e
000041f2
00009909
0000521f
0000a65a
00007fe9
00009255
0000a397
00007ffa
00008fd7
00009d11
0000a3ba
0000817a
0000a796
00009997
ffffe6f1
ffffd5fe
0000352c
00000f99
00000910
00004650
00004924
000058b2
0000194e
00002cb0
000057a6
00006ebd
00004645
00005d47
00004d16
00003fea
000048c8
0000702d
000049ec
000031e5
00003b86
000047d9
00006146
0000773b
00007377
000053e7
00009ba0
00004a41
0000aac6
0000aeb3
0000b3e3
0000c524
0000dc92
0000f6ec
0000f642
00011888
0000fd62
00011135
0000f8f6
000087b9
0000da04
000070aa
00007d59
0000a152
0000bd3e
00006c2b
00004d2e
0000124b
00008761
000027a8
00003a2b
00003748
0000158d
0000211e
000008c1
000068b4
0000145e
00002dae
00002536
00003428
00000ff5
0000057b
000015d7
000024b0
fffff0ca
00002224
0000327e
00001346
00001704
00000c02
00002ad6
000028ef
00001335
00000632
ffffef22
fffff8a4
ffffdff4
ffffe03a
ffffd21d
ffffd89a
ffffb871
ffffbdad
ffffb2a8
ffffc93c
ffffa1e6
ffffafdb
ffff99df
ffffa53d
ffffa004
ffffb989
ffffa8dd
ffffd5e8
ffffb848
ffffb748
ffffb4de
ffffb8ba
ffffa34d
ffff910f
ffff94cc
ffffa133
ffffc844
ffffbdbc
ffffda5f
00000cfb
ffffe853
00002978
00002fc8
0000349d
ffffea28
00004592
0000494d
00004c0a
000043ec
000055ff
000057c8
0000875f
00005aa2
000071c3
00004573
0000895e
0000478e
00008ec6
00006475
00005da0
00005168
00006a25
00005e30
00007ba9
0000371b
00003016
00002dc7
00001e5b
00003de9
00001de8
00002932
00001848
000019cc
00002900
000050ca
00007bca
000073f8
00005fd9
00008d44
00007cf3
0000919b
0000a390
0000b8bf
00009e42
0000cbeb
0000d3de
0001050a
00010086
00010626
0000db7f
0000f65f
0000f44c
0000cc14
00002872
00006065
000048af
000081bf
0000988c
00009ac6
0000ad87
00005260
000063a0
000030a0
00003fed
000042d3
00006b66
0000618f
0000adb4
00008ea6
00006e24
00006778
00006980
00002e75
000021b6
00000749
00000772
ffffe3b6
ffffef09
fffffaa0
fffffbf9
fffff2c0
fffff4c3
fffff1f0
ffffe3dd
fffff5bc
000017a8
00001b44
00001f98
000037f6
00002b3c
00004167
0000217b
0000556c
00002d3d
000063f2
00004228
000030d8
00003c06
000051ed
00006c85
00006e91
00006f13
00009484
00007c37
00007578
00008966
0000a55f
00007e15
00009a35
0000a6d0
00007fe3
000076ba
00007c57
000047f4
00008621
00005554
00008782
00005489
0000813a
000034cf
00007466
00009d05
0000c763
0000bd61
0000e32e
0000ac4a
0000b282
0000e0de
0000cc5f
0000f317
0000a6f7
000115d0
0000e9f8
0000ea41
0000da9b
0000b99a
000088e4
000080d0
00005d09
000080db
00004fa1
000098f2
00008aba
0000a864
00008858
000084aa
00006afe
00006a41
00006190
00003713
00005207
000043bc
00006c97
000009ad
000099dd
00003846
00008adb
00007459
0000988e
00006df8
00007a9f
00005f54
00007850
0000738e
00004056
00006870
00005448
00004199
00004621
000051ae
00005e5a
00006155
00003b59
000052c6
00002bc5
0000656a
000026e8
00004a6c
000061bd
00004c2f
00009acf
0000f2a1
0000c970
0000f827
0000fd3c
0001315e
00016100
00015891
00015ffc
000137c5
00014e60
0000f4b5
0001117e
0000ebd3
0000955d
0000eaf9
0000dafb
0000c083
0000dff4
00007e64
0000cb57
000061f0
00008cff
00006d07
000078d3
00008b34
0000a77d
0000c78a
00008a71
0000a853
0000b9a5
0000d5ad
0000bf54
00005374
00006b32
00008473
00002682
000015b6
000039e3
0000551e
00003973
00004ed7
000093c9
0000766b
0000503b
0000786e
0000d39e
0000f0b0
0000ba8c
000135d4
0000ea5d
0000e8b2
0000832f
0000e8ac
000079ae
00006b1b
00003be0
0000641f
ffffee34
fffff85e
ffffda34
ffffe4a7
ffffb3a9
ffffa2ef
ffffdfee
00005764
00004c1c
00001c65
00003a30
000039ef
000073fd
00003e72
0000b500
000093b0
0000a192
00007aad
0000ac67
00007f14
0000466a
00006017
00008fd5
0000465f
00004836
00000f6d
00004de8
00000a36
00000aed
0000029b
ffffeb03
00000bfa
fffff663
00004dc2
00000a90
00002fbe
fffffa62
ffffff5f
ffffee9b
ffffe284
ffffcbe2
00000248
000034e6
00002e40
00001064
00001b1b
fffff43c
000033bc
000003e2
00002d41
ffffe8b6
00001624
0000146f
00001c1d
00001b92
00000b8e
0000159c
ffffff86
00002172
00000c6c
0000028c
000019ca
00000035
000021a5
00001b13
00000f56
00000abb
00001308
ffffac6f
ffffeadd
ffffa888
ffff5f3b
ffffbf52
ffff9717
ffff6191
ffff3570
ffff5e2f
ffff14db
ffff2b58
ffff3e2d
ffff06c6
fffef9fe
ffff4f46
ffff4665
ffff96a6
ffff2e84
ffff9a24
ffff40b5
ffff87d5
ffff798f
ffff9e8d
ffff8ff6
ffffd15f
ffffb526
ffffea8e
ffffd65e
ffffd695
fffff399
ffffd716
ffffdec7
ffffbe3e
ffffd237
ffffcf55
fffffc63
ffffe7ec
0000098a
00003b6b
00003bdf
000016c9
000024ba
00002e32
00000c96
0000318f
00001149
0000288a
000013e2
000022dd
fffff8bc
00002ccb
00004205
000059ce
00004729
0000673f
00004371
000071d6
0000736d
0000797b
00007c50
0000a821
00009946
0000a14b
00008ee3
0000a2b3
0000b885
0000b831
00008e52
0000a06a
00005ae3
00008ebe
0000aab0
0000e313
0000bc21
0000b116
000092e2
0000a7cc
0000e288
0000a114
0000c349
00007552
0000ae1e
00007e6b
00009720
0000ae81
000090f4
000046fe
00003ec9
00003028
000042b1
00002282
00006023
00004e93
00005a53
00003c0a
00003854
000036f0
00003503
00005909
00003f8a
00002e6c
00003e44
ffffdb36
ffffd84c
000032eb
000012e7
000020d2
00003445
000037a0
00001b51
00003766
00002db7
00004846
00006562
000066f9
000034e9
00006f7b
00005c69
00005f44
0000724d
0000a634
00008a61
0000b8d2
0000959f
0000e68f
0000dcb2
0001011f
0000fe50
0001610b
00015ca5
000152fe
000125f6
00010484
0001164c
000190c6
000183e5
000143b7
00019702
00013bdc
0001584f
0001638a
00012f7d
00014701
00013247
000120f4
000176a4
000126b6
00012642
0000f2ec
0000e996
0000e4d1
0000d3cd
0000833d
0000d637
000039e7
00003f03
00003710
000059fb
000022d9
00004af9
0000352b
000014a7
ffffffe5
00000b12
0000236e
00000a6e
ffffeaff
fffff724
ffffccc7
ffffc548
ffffe423
ffffb29c
ffffc643
ffffc111
ffffd4b3
ffffc552
0000155f
fffff477
00002711
00000de9
00005d3e
00003b72
00007407
00003c3f
00004b4e
0000b4da
000079e4
0000c0a2
0000f5c5
00012ff9
0000f3b0
0000b853
0000f55a
0000eddd
0000d4a1
00003a4f
000071dc
000013a8
00004f88
00004674
00007fa3
00005f28
00003694
00001104
00002b73
0000410d
00002509
0000094f
00001f3e
000042ce
000013bd
00000c24
00002fbe
0000106f
ffffe9a1
ffffcbae
ffffd227
ffffc207
ffffb658
ffffade5
ffffa1e9
ffff9f3b
ffffa6d2
ffffabbb
ffffbd49
ffffc547
ffffd2fc
0000161b
fffff12b
0000038e
fffffdad
00000b15
0000355e
00000e78
0000313e
00001749
00005347
000020f0
000050b4
00002f28
00001330
000020bc
00000db7
ffffeceb
00003c2a
00000b6c
00002a95
00001174
00007db0
00004bf5
00007eb0
fffffc35
00001945
000026b6
000005d2
00006dc7
00000222
0000118b
00001127
00007607
fffffe5d
00007f76
000071c9
0000b5d1
0000627d
0000ae74
0000a1d5
000070bd
0000a5a5
0000d0f1
0000ab2f
0000ec12
0000dd7b
000119d3
0000af0b
00011773
0000df2c
0000d1f7
0000e041
0000ed70
0000a435
00010a1f
0000a290
00010246
0000b965
0000fbaa
0000ce93
0000b701
0000ba23
0000c50b
0000c434
00009f7e
0000a330
00009be4
ffffe36f
ffffbe7b
ffffe5d7
ffffc50b
00000079
ffffec46
00000512
ffffecb4
0000187d
000000e1
0000550c
00001d1f
00005d4d
000054e4
0000d10f
00007eb7
0000be49
0000ab8a
0000eb4f
00010952
00011eaf
0001026c
000142cb
00014e02
00013761
00010299
00013596
0000efb6
0001313f
0000bd19
0000cc7d
00007fbb
0000deb2
000125aa
000129ef
00014108
00014104
0000ddaa
00013825
00018587
00013321
00011ee9
00011b4d
00017f2a
000130b8
000149dd
00012c85
0000efcf
0000f545
0000bc0b
00008bc1
0000bcf3
000070d8
0000b22d
000091b9
0000c351
00009a4c
00003188
00007eda
00006f1b
0000962d
000069f1
00006b12
000078a6
00004194
00004bf7
00007005
000050fe
00005823
00004add
00004f1e
00003626
00004cfd
000031d9
0000353c
000058c6
00004794
00000eec
00005054
00003716
00002c30
00001ecd
00003e24
00003ba0
000045b0
00003735
00005f77
000095dd
00005c21
00009611
000087ae
0000c12a
000067c0
000031ef
000026c3
00002049
0000292d
fffff28b
fffff725
00001da0
ffffb163
ffffea40
ffffd3e3
ffffb298
ffffd1a6
fffff078
fffff9d1
00000257
fffffeb8
ffffd9d0
fffff1b5
fffffd43
ffffea19
ffffe633
ffffdbe0
00000471
ffffdbf0
fffff029
00000ac8
00000cd2
000015d4
000044c9
00001937
fffff840
ffffe96a
0000415a
00004153
00004212
00003f5f
00004ae6
00001bfd
000045d2
000034b8
00001ed6
0000484d
00001cfd
00002f2f
000025a3
000058a7
00004bc6
00003422
000061fd
000045e1
000047dc
00002990
00003bf8
00001095
00000365
ffffec4c
ffffeb74
ffffcb78
ffffefaf
ffffbf2e
fffffbbf
ffffe2ef
fffffef6
00001615
0000aa96
000051a2
000085c2
0000782d
00007edf
0000eaf5
00008dd4
0000d363
00008f41
0000ad18
0000af39
00009d9c
0000b7c1
00008875
00008655
00006cb6
000052fc
0000710e
000046fc
00004d3c
00000c5f
00002f85
00001f18
000020f4
00001f29
00000d91
00003717
00001f40
00002349
00000a79
000015e9
00002cde
00003bcf
00000900
0000486d
000021c0
00002295
000027ef
0000193d
0000481d
00000921
00001ca1
fffffc61
00002a33
000033a9
000000f1
000042da
0000034f
ffffed15
00000252
fffff1ae
ffffd7cd
ffffc2a2
ffffd8ca
ffffd1b1
ffffc9a1
ffffb88c
ffffa433
ffffdbdd
ffff897f
ffffed7c
ffff81b4
ffffcce3
ffff7622
ffff3201
ffff4eb6
ffff88a0
ffff564d
ffff44f0
ffff3600
ffff1e39
ffff0362
ffff1f53
ffff135a
ffff14d4
ffff166d
ffff4da2
ffff7971
ffff2b7e
ffff6325
ffff54c2
ffffcd06
ffffc8d0
ffffeb0c
ffffba8b
ffffffc4
ffffd328
00000162
ffffe9fa
00004103
000016d7
000054f6
00004378
00003703
00002331
00002b6b
00003e56
00004768
000041d1
0000ab90
00007400
0001043e
0000bb3c
0000f1c4
0000e802
0000f3a8
0000c458
0000f683
0000c9b0
0000c5ec
0000c0b8
0000a76e
0000a497
0000c007
0000a203
0000a602
0000a06b
0000def5
00008033
0000cd44
00004789
00009551
000094bf
00007b8b
0000bbef
00008d77
0000bcdb
00009ed2
0000e6da
00008494
0000f12c
0000eb0e
000120b9
0000d745
00014ebc
0000fb08
0000fdb0
0000f682
0000c2cb
0000c550
0000f395
0000b273
000100f9
0000c79c
0000f522
0000c97c
0000b62b
0000c56a
0000b6d8
00008fd8
00008cdb
0000a3d2
0000a5d2
00007da4
00008667
0000556f
0000d386
0000783d
00007a2b
00008758
00008ff1
00005f70
00006adb
0000008a
00000ced
00000c11
fffff426
00004fb4
ffffce21
00001562
00000046
00002aa3
00004a48
0000223c
00003a7f
0000136a
00000aad
00002db6
00002568
ffffea16
fffffeba
ffffcb6a
ffffd762
ffffc17b
ffffd27b
ffffb092
ffffd7a2
ffffb3a0
ffff77c6
fffff1c9
ffff9570
ffffcd27
ffff69e6
ffffc0de
ffff870d
ffffb8e3
ffffb9fd
ffff95a6
ffffa8fb
ffff92f0
ffffc057
ffff9f9a
ffffaca5
ffffb2c5
ffffa803
ffffb628
ffffd0b9
ffffde02
ffffe309
ffffdbf4
ffffe86a
ffffe6c1
ffffdf91
ffffad86
ffffcb4f
ffff9291
ffffa35f
ffffcb9c
ffffafb6
fffffd39
ffffe663
ffffaf87
ffff9986
ffffaa65
ffffd58b
ffffdee8
ffffbc6a
00004a3a
00001c4b
00008327
000030b5
00004b51
000071f1
000058e5
000076df
0000344f
00002306
000044a7
000046c2
00003a38
0000364c
00003af7
000029d4
000055b5
00004e6c
00006b1d
00007909
00006136
0000542e
00005478
000057ad
0000528f
000054b9
00002469
000017f3
00003e3a
0000494b
00004442
0000536e
00003d76
00004dcf
000065cf
0000722e
000080dd
0000756e
000070b5
0000535c
000077d1
000053eb
00003fa1
00006a1b
00006135
000046a9
00006dc1
0000332b
00008292
00002ed5
000080bc
00006c5c
00008ac0
000098ec
00008086
0000ccbe
000070af
00009f3c
0000a3cb
0000b4ac
00009c11
00007eb3
000079ec
00009370
ffffe184
ffffe643
ffffbe37
ffffc1ca
ffffa816
ffffd9f8
ffffd2b5
ffffe478
ffffd2aa
ffffc83a
ffffd344
ffffc26b
ffffe24d
ffffbb9c
ffffe858
ffffcb78
00001eca
ffffd3b9
00003ab5
fffffb8b
00003eba
ffffed96
fffffce0
ffffd329
00000443
00002767
ffffa601
ffffad8c
ffff90d1
ffffd994
ffffd131
00002f9c
fffff74f
000003e9
ffffcadd
00000118
fffff522
00002460
ffffddb5
fffff3a8
00001f83
0000380d
00005285
0000511d
00001175
0000439a
00005e24
00005e12
00003efd
00004b65
00005214
00007678
0000460c
00006561
00006521
00009362
00004bf9
000025c3
00008a49
0000ab00
0000991c
0000716a
00006c52
00009af5
00001f60
000020a0
00008d45
00003df1
00006c1c
00003385
00006818
00004675
000060d0
00004945
000019a0
0000265d
000014de
0000035e
0000109a
000015c1
0000101d
ffffffaf
00002e53
00002621
00000f52
ffffe7a6
ffffde78
ffffecd8
ffffd104
0000326a
ffffcaac
000001ef
ffffeb9e
fffff303
ffffdcfc
000004ec
ffffe08b
ffffb48a
fffff24f
ffffeece
ffffe6ef
ffffd0fe
ffffd9cd
ffff9f6d
ffffc9e5
ffffd63a
ffffd869
ffffc77c
ffffa87d
ffffd80a
000009d8
ffffe45b
fffff6ec
ffffe79b
00001545
fffffaf8
000022fe
00003180
00003344
000044d5
00002700
000072a8
00004e05
00005c8e
00005eae
000045ae
00002e1c
00005600
000035a7
00000e1b
00007031
00003dcf
00002968
000079ea
00004eba
00006c68
ffffeee5
00000eb9
000002fa
000010ad
00000043
000010c6
ffffd9fa
fffff53b
ffffd6b0
fffffb6a
ffff9d85
ffffcc51
ffff972d
fffff7c7
ffffd3d2
ffffdb3b
ffffe0df
ffffc6e5
000006c5
ffffe05b
00000ae4
fffff2b4
000005c0
fffffa30
00002bca
fffff1ed
00003c28
00000199
00001cc1
00001c83
00001362
000014e0
000038a6
00001556
00008681
00003e83
00006858
000005d5
00003e6f
00001273
00008ada
00001a2c
00004949
00005ba4
00002189
00001909
ffffeb44
000060dd
fffff5e8
00000a97
fffff06f
ffffe776
ffffc8a7
ffffcd6d
ffffd5b3
fffffd98
00006f41
000065b6
00007a8c
0000807f
0000436b
00007f30
000073c8
00006f9b
00003ecf
00002472
0000489b
00003ba6
00002a02
00004975
00003aa0
00002aaa
00002ab8
00002e4c
00000bf2
00001931
fffff62d
00000a35
fffffcca
00000133
ffffe018
0000170b
ffffa8d5
ffffb8c3
ffffbe4b
ffffc653
ffffdc99
ffffed70
ffffcd68
ffffb31b
ffffea11
ffffbe9d
ffffc4a4
ffffd858
ffffb5dd
ffff68b1
ffffc145
ffffb32c
ffffc5f9
ffff90a4
ffffdf57
ffff9761
ffffd305
ffffc2cc
fffffbc0
ffffcb66
00000207
fffff9eb
000010ae
00002609
00001c0d
00004d0f
00003876
00004776
000032ee
00002217
00001edd
00002e5a
00001b8d
00002701
00002fac
00000ef2
0000341b
000027d1
00006e15
00002be3
0000656c
00002212
000079ff
00005932
00009471
0000a6c1
000087fa
00009bca
0000a90d
00009325
00004c61
0000746e
000052bb
00002354
00002c86
0000058b
ffffaf4c
ffffb535
ffffa5b8
ffffb042
ffffa52a
ffffa14d
ffffc92d
000026f6
000009ef
ffffea3d
00003658
00003578
00008a1b
000029ab
0000c370
00005da8
0000b24a
0000be87
0000a56b
0000794e
000066ee
000057e3
0000b516
000044a1
00006845
00003457
000072ac
fffffb0b
00000196
fffff55c
ffffd31c
ffffd20a
fffff1c4
0000282b
000007b0
00002330
fffff4f6
ffffe046
ffffe5f8
fffff073
ffffe315
0000056e
000022f0
00000958
00001e4f
00001f28
000040c3
00001a81
000054fa
00001f2e
00005cb3
000049c7
00006e44
00008d66
0000631a
00008670
00005cfe
0000614e
00002fe4
00004d64
00002a9a
ffffeed7
fffff682
ffffd59d
ffffc405
ffffd1d5
ffffb696
fffff6a2
ffffa29c
ffffca72
ffffbe0b
000033b7
00000e14
00001a50
fffff703
ffffea5d
00001b9e
fffff7f8
00002547
0000293b
00001122
ffffe4af
000005d7
00000990
ffffd237
ffffc7b5
ffffee42
ffffc435
ffffe77c
ffffd79b
ffffdd4b
ffffc05c
ffffe57a
ffffae33
ffffd3a0
ffffdc53
fffff085
fffffb1b
ffffdd63
00001d3e
fffff323
ffffe654
fffff4b8
0000002f
ffffddc7
000003fd
ffffe59c
ffffe9ba
ffffc9fa
ffffebee
ffffbbd0
ffffe9e1
ffffc396
ffffd619
ffffc08c
ffffc847
fffff6ed
ffffe63e
fffff595
ffffe33c
00001c94
fffffcf9
000020b7
0000006c
00000a63
000028c5
00002b73
00001b39
000087ae
00009ac4
00009172
0000c4ef
0000bd46
0000dcb0
0000bdb0
0000c385
00008171
00007f14
0000b150
0000a7de
0000ab55
0000ae18
00007626
00008135
000080b4
00008fed
000079d9
00004371
00006e12
00003fa4
00005a05
000010bd
00000c73
00000d14
00001797
fffff093
ffffc0b7
ffffd613
ffff892e
ffff81e9
ffff722a
ffff6cec
ffff76f7
ffff7b31
ffff8916
ffff6ae6
ffff84d7
ffffd302
ffff99ca
ffffb224
ffffe17e
ffffd135
0000003d
00000528
ffffea3a
00000d37
00000584
0000125e
fffffa03
fffffb18
ffffdea5
ffffc4ac
ffffc61e
ffffbcef
ffffe5ca
ffffd24b
ffffd70b
ffff85e2
ffffd1ec
ffffd2d0
ffffdb7c
ffffd324
ffffbf20
ffffde90
ffffd694
00003a7c
0000123f
000051a0
000021cb
00004c7b
fffff3c2
00002a09
00002ec1
00001623
00002ddc
000026bb
0000297d
000005d5
00004592
0000903a
00003e63
0000432c
000088bd
00007470
000037e8
00007b04
00006b0c
00005ae2
00007c8b
00008132
00005c27
00008545
00005c00
00005f2c
00003da6
00008459
00005851
00002ab1
000050d5
0000530d
00006850
00004b31
000032b5
00008083
ffffcda7
ffffa5d3
fffff3fc
ffffccde
fffff0bb
fffff830
000001b4
ffffee11
00000343
fffff351
00003977
00003d9e
00003c52
000028a3
0000416f
000039dd
0000757a
0000743f
00006666
000075b7
00006900
00006e00
0000b285
0000dcfc
0000bd9d
00009424
0000ec29
00009fc2
0001003b
0000e801
0000dd76
0000dc42
0000e8e7
00010093
00010f6c
00012e64
0000f341
0000e2d9
0000f013
000087c6
0000bf2b
0000550e
00005bf6
00009b43
000087ce
000053eb
000057a0
000002d6
000075ff
fffff269
0000247d
fffffc5f
fffffdf8
ffffc622
ffffcb8c
0000070f
ffffbb2e
ffffe19a
ffffe18d
ffffe370
ffffccbe
ffffd073
ffffd368
ffffeb91
000050ca
00005b25
00007ea7
00006fdc
00007268
00007a8b
000093c7
00008485
00005322
00004e70
00009a1c
0000b17a
0000c751
00009872
0000e929
0000ba63
0000c6c8
0000d42a
0000e255
0000de64
0000f78e
0000f921
00011225
00010d67
00010e15
0000d6e1
00015063
0000f937
00015981
0001000f
0001229d
0000d9a4
0001661d
00018ded
0001b44b
0001a7c4
0001e0ee
00017c39
0001b560
00019d16
0001a277
000171a2
0001543f
000197fd
0001b157
00014dbc
00012f91
0000f2df
00010e8b
0000b176
0000900e
0000d299
00005bdc
0000a6c5
00006cc8
0000e202
00005bce
000098c8
00005619
00002b02
00001a38
0000101d
000016e2
00001dc3
ffffc52c
ffffc70e
ffff9f3a
ffff9b0d
ffff8f42
ffffb3be
ffff6bc1
ffff9914
ffff7582
ffff832f
ffff3bc6
ffff409d
ffff49ab
ffff3beb
fffeea6b
ffff27b0
ffff44fa
ffff43fc
ffff3b10
ffff3b8d
ffff3ce7
ffff4160
ffff6432
ffff2307
ffff6724
ffff4ae1
ffff5d18
ffff647f
ffff7bbd
ffff6010
ffff8c86
ffffa7ea
ffff8ff4
ffff8102
ffff82fe
ffff7ae6
ffff71e3
ffff8929
ffff6ee1
ffff8130
ffffa3d6
ffff84e5
ffffab3f
ffff8099
ffff875a
ffff83ca
ffffb013
ffffbaf9
ffffa852
ffffa25b
ffffdf89
ffffd30c
ffffe706
ffffd02a
ffffdf83
ffffcc02
ffffa10f
ffffa7c7
ffffd550
ffffe167
ffffcdad
ffff9ab0
ffffc23c
ffffb675
ffffe229
ffffd00a
fffff795
0000031e
0000067c
fffff1e7
00002dad
000010c9
00002001
00002b3b
00008e6e
00007da6
00008ba2
00009b7d
0000bf86
0000a5f9
0000a790
0000bccb
0000cbd3
0000a718
0000c364
0000909b
00007a7f
0000669e
000073ec
00009b88
00003f14
00005896
00005a7e
00007462
00006039
00003ec6
00007205
00006102
0000a6c5
00007fce
0000ca2d
000089d1
0000b426
0000add3
0000ba21
000084d4
00009019
000097ea
00009ed2
00006da1
00009c1f
0000654f
0000774b
00003be2
00003d6a
000041a4
00000dd0
000012b1
000012b2
0000654b
00001053
00001f3e
00001f0f
000017dc
0000262e
00000e7f
ffffde70
00002394
000051fa
00006325
000074ee
000058e9
000046a8
00005a4b
00007395
00007660
00003fc1
00004c1c
000019d5
00002d9f
00002012
00000f85
ffffe6f5
fffffa8a
0000134b
00000aee
000016dd
ffffbb4c
ffffe172
ffff8d0a
ffffd2bd
ffffb998
ffffcf66
000020ff
ffffcab6
ffffeeff
fffff871
000055e0
0000441b
0000952b
000067b0
00004f39
000046c4
00007ac7
00003209
000094a8
000028f2
ffffcd26
000026c7
00005f98
00000a1b
0000035c
00000524
0000018f
00000b5e
00001e76
ffffebc9
fffff40e
000006bc
fffffd6d
ffffef1e
0000103f
fffffeee
00001a77
fffff2f3
00004cfb
000016c8
000027d7
00002abd
000023c7
00001518
00000ecc
00002e61
00000aa8
0000a965
00002f49
00009274
000061ad
0000808b
00004ac7
00007e7b
00004e6f
00003308
00005b01
000022b8
000021c7
00000ce4
00001bab
00000635
000013ef
000032e4
00000c0e
00001a99
ffffdcce
ffffc391
00001464
ffffbe97
00001c4d
ffffd652
00003417
fffff1e4
000004c5
ffffbfc4
ffffeabc
ffffb8b0
ffff87c5
ffffbbb6
ffffae57
ffffbc3c
ffff7cd8
ffffd8d4
ffffd1a9
ffffbf0e
ffffa8ca
ffffdd20
ffffc82d
ffffdd0b
fffff3b2
00000b57
ffffcba9
00002f35
00000c93
00005901
0000217e
00008bc1
000061ad
00007d04
0000815b
0000727f
0000e017
0000938b
00008e77
00008536
000068b6
00005fb0
00009361
000016ed
00001e0f
00001e68
00000422
00003860
000002b4
000064c9
00002bed
00005231
0000419c
00002e20
00002568
00001ad4
00004cec
00005de9
0000379f
00002eae
00001d80
00002d07
0000167d
000018fe
00002f09
000024a1
00003ec2
00001f4c
fffffb32
000034ce
ffffffa7
00001e93
00000881
000023c8
fffff8cc
ffffed22
000035e4
00000fb4
0000346c
00001fd8
00002142
000022d9
0000441c
0000316a
0000627f
00002749
00008e81
00002523
00009541
00005b6b
00007205
fffff812
00005427
000000e4
000040ae
00001892
0000a856
00006d15
0000900b
000078dc
0000699d
00006187
0000674c
00008b3b
000076df
00007ee0
000073a6
ffff8851
ffff8b19
ffff7857
ffff6f18
ffff5bcc
ffff8c30
ffff57ed
ffff8f4a
ffff485e
ffff6789
ffff002e
ffff2263
ffff1eaa
fffefecb
fffea777
fffeeb17
ffff002a
fffef840
fffef1ba
fffedd29
fffedf8e
fffed835
fffebac4
fffe85b4
fffeaefe
fffece45
fffe7c2d
fffe67e4
fffe80ae
fffed2ff
ffff0c2e
ffff2797
fffec346
fffeb511
fffee1c3
fffec006
fffecfc9
ffff131f
fffeb0e5
fffedb54
ffff0ad2
fffef585
ffff303b
fffec474
ffff2cd4
ffff1209
ffff5767
ffff66ed
ffff5f90
ffff5bf0
ffffbce4
ffff89d4
ffffcbc5
ffffd04f
00000432
fffff1fb
ffffc645
ffffc354
fffff460
000013bf
ffffeda0
ffffa436
ffffe5ce
ffffc40e
fffffc82
ffffe357
fffff610
ffffce43
ffffd262
0000086b
ffffddcb
ffffeeaf
ffffa5b6
ffffa7af
ffffbbf7
ffffbe7a
ffffc5f7
ffff9944
ffffcfe9
ffffbdc8
ffffe4cd
ffffb6f3
ffffef6c
00000a91
ffffedb4
ffffd71c
fffff26b
ffffd315
ffffef10
ffffde22
ffff84f3
fffff7e6
ffff93a6
ffff7239
ffff79c6
ffff948d
ffff4056
ffff4f16
ffff73f7
ffff3ae7
ffff930c
ffff614c
ffff6b64
ffffffbf
ffff9f4b
ffffecdf
00002c80
ffffef76
ffffd31a
00000267
00003258
00004225
000018e6
0000121a
0000385f
0000400b
00004cfb
000062fa
0000458a
00006357
00001ae2
000019e9
00002b2a
000053eb
000036fa
000033fe
00002bb2
00004c0c
000022a9
00003d8f
00006911
0000597d
00006d8b
00005341
00008bed
00004f95
00007f8f
00008582
00006405
0000a364
000050c0
000066d4
0000741f
00005178
00001782
000055f9
00005833
00002518
00002f9c
fffffe6c
ffffefb7
fffffe3b
ffffcfa2
00005b60
ffffbd57
00000c36
ffffc929
fffff46c
ffffb930
ffffe34a
ffffaf89
ffffc88e
ffff81ca
ffffc41c
ffff9c1d
ffffafa2
ffffa9a6
ffffcd22
ffffad2b
00001282
00000f34
fffff429
ffffcb9b
00000960
00000e36
00003691
000004b5
0000574a
00001aa7
000064bd
00001972
00007f4c
000060ca
000094fc
000079f5
0000b113
0000700e
00005067
000057e6
00007015
00006d4c
000078f5
ffffd2f9
ffffd03e
ffffdd4e
ffffb8b5
ffffd1bc
ffffdafd
ffffdb14
ffffe9e7
ffffcf78
ffffec96
ffffe4d8
ffffc074
ffffbb7a
ffffc8aa
fffff928
ffffd10e
fffffd2f
ffffd071
ffffdcfa
00000445
fffff19b
00000549
0000171e
00005ad2
000007f1
000006ee
ffffeec0
fffff6df
ffffe693
ffff82f1
ffff9a2e
ffffb02f
ffff80cc
ffffb6dc
ffffbe7c
ffffb562
ffffb99e
ffff9bb7
ffffac57
000018b0
ffffc28d
ffffea64
00000d5e
00001740
fffff634
000036be
00002767
00004170
00001659
0000388f
00001ca8
00002743
00001512
00004843
0000228d
000017f2
0000435e
ffffe58f
0000270b
0000387f
00005311
00002871
00003b0c
00003be7
00004d82
00003f98
00004fdf
00004b03
00007398
0000489d
00009fee
000062e5
00008d11
00007a17
0000af70
0000af9f
00009e60
0000da6d
00010c4a
0000c992
00009e9a
00009fb1
00008f9a
00005bb6
00007f45
00006e74
00006d8e
000082d3
00006456
00006132
0000ad76
000085f9
0000a93d
0000bee6
0000a67c
0000b035
0000e74c
00012a93
0000ef0b
00012638
0000ff63
000103dd
0001202c
00010fb2
00011a51
000137b6
0000cdbf
00018013
0000d933
00013e50
0000c3f0
0000de01
00006e8f
0000d8b6
000031a3
00009bdb
00002426
00008b63
000051bc
0000616d
00008fd7
00004634
00005818
00004ab0
00007d8f
00007941
000083ef
00007733
0000185d
00001b9e
00000c2e
00000552
0000097a
00001204
00001723
000004e8
fffffa35
fffff04f
00003f70
00005308
00005d07
0000465a
00008d1f
0000613f
00007a6b
00007dad
0000a62d
0000aaf3
0000bcc6
0000c20b
0000e93f
0000e41b
0000e276
0000f74b
0000bfbf
0000fcc0
0000ab9e
000042a6
00003d8a
00004821
00007984
00009e59
0000a83a
0000a85b
0000824a
000077ab
00007161
00009ea8
0000847f
00009ea4
00007c5d
0000ac95
00009cb6
00006872
000066b0
00005652
000042e0
0000271f
00000a9a
fffffee1
ffffea15
ffffdadd
ffffdddd
ffffcbef
ffffdd70
ffffcad2
ffffebd8
ffffd90a
fffff8d4
00001b22
00000c88
00001847
fffff180
000008d0
ffffbe57
ffffca76
ffffc303
ffffc1e3
ffffa5d9
ffffd925
ffffa695
ffffd8db
ffffb75c
ffffda30
ffffe1a1
ffffe0f4
ffff9029
ffffc027
ffffa823
ffffdf35
ffffa6f9
ffffb024
ffff9ffc
ffffb9aa
ffff8523
ffff5bb5
ffff7d1e
ffff826a
ffff3f65
ffff6406
ffff334d
ffff48a1
ffff8c27
ffff7b6c
ffff5f40
ffff3697
ffff4eb0
ffff3b0b
ffff545b
ffff8da1
ffff47ca
ffff818e
ffffa2c4
ffffaa35
ffffbe89
ffff841b
ffffc4b7
ffff909d
ffffb85e
ffffd8dc
ffff7f1a
ffff9103
ffffb31a
ffffa80a
ffff8c45
ffff9ed6
ffffc1e6
ffffb7ef
ffff8476
ffffc210
ffffb0af
ffff9d7e
ffff7a77
ffff9eb2
ffffce56
ffff8688
00000a1b
000017c8
00004bef
00000163
000069a9
fffffd19
0000577c
000019d1
00006d4f
000053d7
00002ce5
000065ec
00001cde
00004438
000000a5
000017fc
ffffeaa3
0000332f
00001fe5
ffffff15
fffff417
ffffe3e7
ffffbacf
ffffe3d7
ffffa7d3
00000357
ffff95d7
fffff570
ffffc423
ffffcff4
ffffb550
ffffde04
ffffaa73
ffff9ad5
ffff9d8e
ffffb8b0
ffffb8f3
ffffaba3
ffffde4b
0000098c
ffffd271
0000191b
ffffd253
ffffe282
ffffc41d
00000242
fffffccd
00001822
fffff057
000013de
0000192f
00001910
0000149b
00004dd8
0000636b
000063b3
00005a3c
0000c37a
0000836e
00006d54
000067c6
00006406
00008a7c
00005579
ffffb79f
ffffc1ac
ffff99a2
ffffb21d
ffff8371
ffffbf1e
ffffae23
ffffd175
ffff94eb
ffffbed7
ffffcd00
ffffd1a5
ffffe28b
fffffbc3
ffffd8ee
ffffde41
fffffe11
000001b6
00000347
fffff71a
fffffef6
000009c0
ffffeaae
ffffd333
ffffe6b8
000008e4
ffffa5d6
ffff991b
ffffa45f
ffffe9ad
fffff313
00002afb
fffff2c0
fffff8cc
ffffd7f4
ffffee07
ffffcf40
000006e2
ffffc5c3
ffffc654
ffffec6c
ffffe3ed
fffff1f0
ffffcafc
ffffd434
ffffdab7
ffffdc92
ffffea51
ffffe27a
ffffea4b
00001538
00000e42
00000e27
000025fd
00002324
00002ba9
0000138d
ffffe9ff
00002fa4
000052a0
0000440a
000006b6
000025b7
00002bd4
000011ab
000001e8
0000297e
000035b4
00004d00
0000354b
00007bb1
00003cef
00007f56
00006d83
0000cd0b
0000c453
0000bd25
0000d802
0000fae1
0000d0f3
0000ba42
0000cb8d
0000b460
00008194
0000a118
00007659
0000976e
00009989
000092ff
00008d9b
0000c324
0000aa48
0000e512
00010539
0000f8f8
0000dc83
000144a6
00015491
00015305
0001624e
0001722b
00015ff3
00018571
0001633a
00016c61
00013b0a
0000dacf
000142aa
0001293a
0000fa78
0000cf3a
0000ac2e
0000afd2
00008b64
0000354f
000061cc
ffffef1b
00000f66
ffffef4a
00001e68
fffffb70
00000569
ffffe6fc
ffffd467
ffffe516
ffffe67e
ffffcf05
ffffe6b0
ffffdc1f
00000db7
ffffa38b
ffffd25e
ffffdf57
ffff92b2
ffff9f6f
ffffaf7d
ffffc6d4
ffffc306
00000467
00001049
000014fc
0000002e
00003049
00001f8b
000057c5
00004154
0000322e
0000cadb
0000500d
0000c3ea
0000c3fa
0000de53
0000a30f
000083aa
00002bb6
0000303f
00002950
ffff7e3e
ffffc87f
ffff6e76
ffff6714
ffff66f4
ffffc5b6
ffff5c83
ffff8116
ffff16f1
ffff4e69
ffff4ab1
ffff29e4
ffff37aa
ffff5924
ffff1ba0
ffff53a1
ffff2894
ffff88de
ffff6761
ffff8dd3
ffff4168
ffffa6a1
ffff45e1
ffffa71a
ffff66cb
ffff8000
ffff62f7
ffff8281
ffff8b0e
ffff80c7
ffff874d
ffff9dcd
ffffc526
ffff9da8
ffff9fee
00001c63
00004135
00001628
00001ef3
000003f5
000013a6
00000222
00002242
ffffe157
00002343
000070d6
00005aba
00008d26
0000659c
0000ba6b
0000957f
0000c3c2
0000b64c
0000ba06
0000ff7b
0000e3c7
00012b77
00016fbb
00018e50
00017282
000122db
00018e6d
00017b23
000176d5
0000dbd0
000106af
000079d4
0000dc0f
0000e32a
0000fad3
0000eaf7
0000b144
00008d91
00009d0b
00009bf6
000060fe
0000605f
00005136
00007812
00007e27
00005709
0000428f
00004e3c
00001bb0
00000bfe
ffffecc8
fffffbae
ffffcba5
ffffd75e
ffffb39c
ffffc69e
ffffce0b
ffffe995
ffff9881
ffff917c
ffff9078
ffffd227
ffffac96
ffffad1e
0000218e
00003436
00003adb
00005313
00003f21
00001b59
00006584
000038a4
00004a70
000037d4
00004538
000059a2
00004ef9
0000483b
00007a7b
0000525e
00003e06
00003116
0000561e
0000421b
00004908
00004f01
00006ed8
0000769c
000084cc
00009a6c
0000ce8d
0000cb2e
0000dccb
000087a0
00008ff6
00007ba0
0000bb16
0000aa02
00007cee
0000ccfe
00006ec2
0000a749
0000a0cc
00007236
00009d42
0000d066
00007d06
00010a50
00006ca1
0000cf43
00009a9f
0000a91a
00007917
0000b1f3
0000488e
0000ac68
00003848
000079c7
00005c97
000076b4
000088c1
000067a2
0000795d
000062e9
000067f9
00007536
00009621
0000736e
000014a5
fffff261
00002199
000025a9
00001d97
000032f8
000035fd
0000290e
0000374e
0000461d
00006ad3
0000602f
00004b32
00008d5d
00005e98
00006731
000060ba
00008fd1
00004842
000033e0
00003375
0000358b
00006682
00007fd0
00006865
00003e99
00007ec6
00005150
0000964c
0000df6b
0000b549
0000c221
0000bc72
0000e1fe
0000efc6
000104b7
0000f304
0000e059
0000e1a8
000071b7
0000a871
00006db7
00003b70
00007e9e
0000794a
000057ac
0000438e
000002de
000066a6
00000f6f
00002b91
00000dac
00002fa3
000001a7
ffffe6ed
00001496
fffff1c4
0000152c
ffffe610
ffffee33
fffff03c
fffffe03
ffffdf19
fffff2f6
00009e55
000049b7
0000b1ac
00008a8e
000092d1
0000b60d
00009bae
00008e7b
00006935
0000680b
0000a846
0000c3fe
0000a8b8
00008c38
0000db5f
00009ed6
00007999
000069e5
00004e82
00005cf2
0000422b
00004dc5
00003432
000079e1
000032c1
0000652e
0000859a
0000c34d
00008b63
0000b33f
00007b5e
0000699e
00009c62
00006ccb
0000c38b
00003128
000061aa
00002da5
000057ad
00004148
000030d2
000018fd
00005064
ffffe382
00004e8b
ffffc0e9
00000853
ffffe387
00000b96
ffffdc37
fffff42c
ffffcb18
ffffe8e1
ffffe01d
ffffec8c
ffffdc53
fffffa11
000006af
ffffd670
ffffc433
ffffefb0
00002c1f
fffffa34
00004675
ffff80a1
ffff831f
ffff87d0
ffff7b05
ffff7a83
ffff900b
ffff7f40
ffff9f7f
ffff604a
ffff9061
ffff529c
ffff7991
ffff8514
ffff6b69
ffff3593
ffff6a88
ffff65c6
ffff770a
ffff6e9b
ffff61ca
ffff6399
ffff8557
ffff6555
ffff43d7
ffff6ecc
ffff530f
ffff8baa
ffff7bb0
ffff8003
ffff7e51
ffffb301
ffff74dd
ffff8233
ffff500c
ffff6cab
ffff5348
ffff6f00
ffff83a2
ffff6a7f
ffff5eef
ffff8db6
ffff53f0
ffff7df2
ffff56fb
ffff9180
ffff7103
ffff97d2
ffff8b0f
ffffaf2b
ffff95a7
ffffd0af
ffffc859
ffffd2cd
ffffccd2
fffff122
00000219
ffffdf22
ffffd28b
ffffe47f
00000375
ffffda58
ffffaaaf
ffffe8de
ffffd6f2
000019ea
0000281c
00004112
000033fb
0000398a
000043f0
00003c52
000025f1
00002d77
00004862
00005c42
0000939a
00006fa4
00005e37
00007db4
00006940
00003fac
00007bb1
00006f58
000053c4
000071ae
00005e60
0000563c
00006f36
00004d20
00008433
0000452e
00007feb
00002d9b
00000c09
fffff028
0000336d
0000492f
00004a03
00005560
00004d5c
0000658a
000052b3
00005011
00006e7c
00006e1f
000084f0
00009b1d
00008c48
00009793
00005b44
00006ab1
00005fca
00005fbf
000043b8
00002091
00005298
fffff760
fffffecd
ffffe701
fffffe7e
fffff362
000017ca
ffffdab8
ffffcc0e
ffffbd81
000008cd
00000445
00000c34
ffffbaa3
ffffde2b
ffff7db4
ffff87b5
ffff9917
ffff861d
ffff7a68
ffff74f0
ffff8e7d
ffff99bd
ffff9ea5
ffffa4ee
ffffb6af
ffffa340
ffff90f3
ffffb552
ffffb1bf
ffffc5b1
ffffcf82
fffff4c0
ffffd4ad
ffffe08b
fffff9ef
ffffc7a8
00000198
ffffef8a
ffffc7b5
ffffda66
ffffc572
ffff82d2
ffffbbf7
ffff8363
ffff3a48
ffff3e5b
ffff4541
ffff2cf0
ffff48ec
ffff4351
ffff2dff
ffff2c4e
ffff212d
ffff5564
ffff3691
ffff0d75
ffff199e
ffff431a
ffff60e2
ffff7ae1
ffff2141
ffff5a1e
ffff9992
ffff5d0a
ffffba95
ffffb324
ffffc359
ffffa5f6
ffffa4a3
ffffb720
ffffcfe1
ffffd86c
ffffe45d
fffff78c
fffffd5e
ffffe80e
ffff9801
ffffa14e
ffff5892
ffff891f
ffff43b5
ffff8e1e
ffff77c6
ffff8e4b
ffff731d
ffff7427
ffff7064
ffff705a
ffff7e06
ffff7322
ffff6669
ffff6b11
ffffaba3
ffff704b
ffff9822
ffff835f
ffff9ca0
ffff67a3
ffff6482
ffff6238
ffff5128
ffff9736
fffebf03
fffee4c2
fffeaa7e
fffee11b
fffee486
ffff4560
fffe8cb7
fffea35a
fffe8f3a
fffea46f
fffe9f34
fffed816
fffe8665
fffee04e
fffee309
fffef954
ffff69ab
fffef658
ffff3b41
ffff31df
ffff6ca1
ffff72b4
ffff913d
ffff7c53
ffffc85c
ffff8ea0
ffffd821
ffffd42b
000000d7
00000a9e
fffff6a4
ffffaeaa
00001538
000030c4
00001beb
fffffae4
00000a00
00002adc
ffffedbc
ffffb44b
00001650
ffffe3c1
0000303d
000010a9
00004e18
00000f0c
00002724
fffff3b2
00003da1
000043d5
00002004
000075b1
000031fa
000032f0
000007a8
000029a8
ffffde2d
ffffcf6e
ffffad05
ffffbb6d
ffff5d4d
ffff7bc8
ffff49ff
ffff6161
ffff1a46
ffff2151
ffff4202
ffff79b9
ffff5658
ffff7f19
ffff57c5
ffff5044
ffffa936
ffff6730
fffff482
ffff8bf2
fffff608
fffff53f
fffff748
ffffcd2d
ffffe9f5
ffffd665
fffff955
ffffc87f
ffffdb4f
ffffc831
000002d0
ffffcbc1
ffffeba4
ffffc04b
ffffe87d
ffffe198
ffffe219
00000aab
fffffb0b
ffffed94
fffffe31
ffffe8b7
fffff713
fffff813
00000c28
00001b73
ffffdfe8
fffff1de
00001b67
0000070c
00000226
0000054b
0000287f
00001f07
00000ee0
000012e4
000044be
000038b2
0000510a
00003312
00007b77
00005292
00007502
000051ea
0000612a
000086ae
00007383
00007053
0000ab1b
0000f658
0000c0c7
0000db73
000149bf
00012789
0001651a
0001d5e3
00016518
00017eaa
0001bb90
0001e23d
0001b1e9
0001f260
0001bc58
0001ad03
0001c36a
000197cd
00015a39
000151b3
0000e7ef
0001312f
000125b0
00013323
0000ee89
0000b7ea
0000f2d2
0000c47a
0000a3b0
0000b5a6
00005e16
00006547
00004eca
00004c60
0000595d
000063ab
00004ed3
00004583
000045f4
00001e92
00002a19
fffff7ff
000025c3
00004425
00006691
000051fa
00006674
00004ab5
00008c09
00006bbb
000085a8
00007d95
00003e0f
00005a13
00002ab7
000034aa
000046fa
00001eb9
0000246d
00002c17
00008803
00004ed5
00007346
000028af
00002ae8
00001eb8
00001f0f
00006ac8
ffffdc9e
000005c3
ffffe858
ffffea08
ffffada7
00001e41
ffffd7d2
0000185d
ffffced1
00005405
ffffeffd
ffffffa7
ffffdb1a
00001d96
000008ce
00008877
00005f54
0000bb2b
00003a5b
0000d925
0000957d
0000b84f
00008bec
0000cfcc
0000925f
0000e88f
0000af7a
00011be3
0000ec9f
00011914
0000eb3c
0000f27e
0000df9a
0000e59c
0000e2f3
0000b2b1
0000d002
0000aab9
ffffdd2a
ffffcfb4
ffffef17
fffff533
ffffd9cb
00000619
00000b05
000005b3
ffffdc60
fffff5aa
00001c83
000008c8
00002e28
0000449a
0000693d
000051b0
00005ac3
0000430e
000072f7
00007144
00007e3f
000091de
00008991
0000a1a6
000098c7
0000ba1d
0000b784
0000dc51
0000d0b7
0000f5c2
0000c5f5
0000bcbc
0000f81a
00010642
0001414c
00010047
000123f0
0000e78a
00011b22
000144ba
000106ee
0000e490
0000f224
00010dcf
0000e9f4
0000f9e6
0000d9ee
00009c3f
0000c4fc
00009644
000093dc
0000a977
0000789f
00008fb0
00007efe
0000c090
0000854c
00004644
00007332
00009236
0000a01b
00006454
000051c6
0000bc8b
0000099c
00000572
00002281
00001475
00001b2e
00003459
00001c57
00000810
00002008
0000272d
0000329f
000063a6
000048a2
00001dec
0000498e
00003661
00002b72
000055e7
00005eb0
00001497
00005ab8
00003a8d
00003daa
00001d37
00003d73
00002773
000051f9
00002e17
000045f9
000019de
000039e9
000059d4
00008e8f
0000a8dc
00009b7d
0000c3db
0000da31
0000d66c
0000b8a5
00009bc2
0000c750
0000f671
0000deb7
00010cd5
000124aa
0000fa79
0000f17a
0000d1b3
0000bd81
00009bd4
000080c0
00009b93
00004101
00003d23
00003862
000056f5
00001f40
00002e85
000035b0
00001aad
000018f9
ffffed7e
000010fd
00000969
00002925
0000215b
00003942
00001bec
00005378
000024ab
000056a2
00000dee
000030b4
00000af5
00003f51
00006b59
000032ae
0000704b
000030ea
00003988
000019a7
00004743
00000d3b
00001838
fffff249
00001620
fffff0ca
0000277a
ffffe66c
000008f1
ffffe5a6
fffffd10
fffff999
00001997
00000a15
fffffa4c
fffff22e
ffffe2e9
00000f02
ffffef78
00003024
000010d1
00004e93
00004b0b
00004ad0
00002a05
00004a52
0000289b
00003b03
00001f20
00003290
000005b4
00003c23
00001dd4
000037da
00002e8f
000023be
0000278c
00002d54
000048b2
00005b42
000067c9
000055ea
00004496
000030b3
00003803
00005087
00005826
00001f11
00001a9b
00003f61
00004244
00000534
00006367
000046f0
00008337
fffff2e0
000022de
000047c4
00005921
00003cee
000094bc
000036e0
00004767
00001676
00006198
ffffda92
fffff6df
ffffbf91
00001be5
ffffca66
ffffccfa
ffffccf0
ffffb7c9
ffff9595
ffff7848
ffffb437
ffffcf50
000001f5
ffffd438
ffffbc0d
ffff930d
fffff062
ffffb4c2
00001136
000009ed
ffffe67f
ffffb4df
0000257d
ffffd3c0
fffffe6f
fffff643
00003d1a
ffffe395
ffffe651
ffff9cdf
00004429
ffffd147
000017fb
fffffab0
00002d79
ffffef4d
ffffcad6
0000302b
fffffb42
fffffc05
ffffbcfb
ffffe350
ffffc1ab
ffffc865
ffffb3b8
ffffe2e8
0000514c
000038fd
000065b4
00004318
00003bd4
0000612d
000071d8
000094ba
00002387
000042e6
00004f36
00005944
000042f4
00003f3f
000049a0
00002b56
00003fd4
00003f0c
0000137e
000003ea
fffffaee
ffffebe2
00001c5f
00000e4e
00001040
000039f4
fffff543
00001d2a
00000769
0000445a
00004e6c
00005f41
00002905
00002c8c
0000363c
00002ec4
000022d5
00004df5
fffffb25
ffffd73d
00000c57
000021e0
00001464
ffffe279
00000def
ffffe592
fffffd92
fffff5d1
fffff617
fffffa2a
fffffe3b
fffffdd4
0000025a
00002f8b
fffffb91
00002483
fffff73f
00002b2b
ffffe6d7
fffffb9a
fffffffb
00001af4
fffffcfe
fffff950
00004a1e
00004bdd
000039f9
00004b17
00004ce6
00003bba
000037c4
00003c88
00002cdb
000028cc
000042c2
00004ce0
00003b49
00003d8d
00003c9b
00003573
00002cee
000029b4
00000473
00000fd2
000000b8
00001c26
000016ec
0000258a
000015b3
00000fb0
00001081
00002607
00000a0c
000006a4
fffff956
fffffc5b
000021bb
00001921
00004d5b
00001004
00004b39
00002e17
00003f00
00007528
0000473a
0000621a
00005f1b
0000416c
00005876
00002109
0000216d
000024e8
00003f28
0000129d
00001414
0000123a
ffffec14
ffffdf2f
ffffd535
ffffe990
ffffe715
fffff047
ffffd309
ffffb4a7
ffffc572
ffffe75b
ffffd457
ffffdd63
00000641
00000f3d
00000941
00000a6e
fffff7c5
000003a3
fffff549
ffffef03
000004e5
ffffd679
ffffdf12
ffffb957
ffffd587
ffff9f4e
ffffee9f
ffffc7b4
00000b06
ffffa6e7
00000eac
00004722
00002cd1
00001719
000047db
000077ce
00004619
00009859
0000493e
0000985b
00004bdb
00002be3
fffff2d8
00003418
000030b4
000010ed
00000f87
000023a7
ffffe271
ffffe70d
00000737
00002df8
00000cb1
000018fb
00003a9f
0000227b
00001fb2
00002319
00002f04
00004b8f
000025f4
00004480
000022b4
00004e56
00000e51
00002ca2
fffffc6e
00001a72
fffffbae
00001d13
000031de
0000027b
00001eea
00003190
00001c10
00002fc3
